USE `storemarketing`;
INSERT INTO StoreTypeTbl VALUES (300,    "F70C74k5mU"    );
INSERT INTO StoreTypeTbl VALUES (301,    "t0TvG9HB67"    );
INSERT INTO StoreTypeTbl VALUES (302,    "I93Bu744u9"    );
INSERT INTO StoreTypeTbl VALUES (303,    "GosJka2HyF"    );
INSERT INTO StoreTypeTbl VALUES (304,    "P0p3oFPSu8"    );
INSERT INTO StoreTypeTbl VALUES (305,    "3yNz7gq546"    );
INSERT INTO StoreTypeTbl VALUES (306,    "s68c8LMu36"    );
INSERT INTO StoreTypeTbl VALUES (307,    "1FD8Cj7fLK"    );
INSERT INTO StoreTypeTbl VALUES (308,    "97efwtqpIo"    );
INSERT INTO StoreTypeTbl VALUES (309,    "6eTbLVTlMX"    );
INSERT INTO StoreTypeTbl VALUES (310,    "wH2xN6cxwh"    );
INSERT INTO StoreTypeTbl VALUES (311,    "EFxdX6sA3k"    );
INSERT INTO StoreTypeTbl VALUES (312,    "ayE0j83RH1"    );
INSERT INTO StoreTypeTbl VALUES (313,    "7Toc6xZQLV"    );
INSERT INTO StoreTypeTbl VALUES (314,    "ih5oI6bs9I"    );
INSERT INTO StoreTypeTbl VALUES (315,    "3RK6V9L54A"    );
INSERT INTO StoreTypeTbl VALUES (316,    "j92PfRHsI6"    );
INSERT INTO StoreTypeTbl VALUES (317,    "0ixJ3dm56j"    );
INSERT INTO StoreTypeTbl VALUES (318,    "f94nCwPkbh"    );
INSERT INTO StoreTypeTbl VALUES (319,    "DBhJ92pn1R"    );
INSERT INTO StoreTypeTbl VALUES (320,    "5qiYdLO354"    );
INSERT INTO StoreTypeTbl VALUES (321,    "eNr3Sb0UA5"    );
INSERT INTO StoreTypeTbl VALUES (322,    "F67h9QNLG2"    );
INSERT INTO StoreTypeTbl VALUES (323,    "f92uu0vXDp"    );
INSERT INTO StoreTypeTbl VALUES (324,    "zXlWOV85J5"    );
INSERT INTO StoreTypeTbl VALUES (325,    "VaWy1ZYr8K"    );
INSERT INTO StoreTypeTbl VALUES (326,    "V9031z75j6"    );
INSERT INTO StoreTypeTbl VALUES (327,    "P9ca6124Pj"    );
INSERT INTO StoreTypeTbl VALUES (328,    "EXXY8CMySt"    );
INSERT INTO StoreTypeTbl VALUES (329,    "iUWnKgP713"    );
INSERT INTO StoreTypeTbl VALUES (330,    "I1P31Y1PvP"    );
INSERT INTO StoreTypeTbl VALUES (331,    "Pzvr4c6710"    );
INSERT INTO StoreTypeTbl VALUES (332,    "5aZ1VZ2w2b"    );
INSERT INTO StoreTypeTbl VALUES (333,    "I2w8xHFS4J"    );
INSERT INTO StoreTypeTbl VALUES (334,    "t8PL0MmPqg"    );
INSERT INTO StoreTypeTbl VALUES (335,    "sICcySU4UN"    );
INSERT INTO StoreTypeTbl VALUES (336,    "34yYF53JYf"    );
INSERT INTO StoreTypeTbl VALUES (337,    "wD6DgU81pH"    );
INSERT INTO StoreTypeTbl VALUES (338,    "7N62gv3L7A"    );
INSERT INTO StoreTypeTbl VALUES (339,    "oD7FA46g8C"    );
INSERT INTO MerchandiseTbl VALUES (8000,               QTD Circular Thing Lik0n9dK7s      ,               1328                               ,              $41.36                             ,                7272 http://393i3j34.33oods.urltxt/picthisthat.sandwich.vox.spam.png            );
INSERT INTO MerchandiseTbl VALUES (8001,               Generic Boxy Item zZ9V07N1xO       ,               1302                               ,              $63.76                             ,                7272 http://393i3j34.33oods.urltxt/picthisthat.sandwich.vox.spam.png            );
INSERT INTO MerchandiseTbl VALUES (8002,               QTD Circular Thing 3MH8432GVU      ,               1390                               ,              $32.96                             ,                7272 http://393i3j34.33oods.urltxt/picthisthat.sandwich.vox.spam.png            );
INSERT INTO MerchandiseTbl VALUES (8003,               QTD Circular Thing 3Mv316A5U9      ,               1221                               ,              $24.30                             ,                7272 http://393i3j34.33oods.urltxt/picthisthat.sandwich.vox.spam.png            );
INSERT INTO MerchandiseTbl VALUES (8004,               Generic Boxy Item sLX8V22623       ,               1390                               ,              $66.59                             ,                7272 http://393i3j34.33oods.urltxt/picthisthat.sandwich.vox.spam.png            );
INSERT INTO MerchandiseTbl VALUES (8005,               An Item A 5NP2o6kCpK               ,               1092                               ,              $22.64                             ,                7272 http://393i3j34.33oods.urltxt/picthisthat.sandwich.vox.spam.png            );
INSERT INTO MerchandiseTbl VALUES (8006,               Generic Boxy Item fJGFm7RDNZ       ,               1303                               ,              $7.38                              ,                7272 http://393i3j34.33oods.urltxt/picthisthat.sandwich.vox.spam.png            );
INSERT INTO MerchandiseTbl VALUES (8007,               An Item A BzBUxNM8gn               ,               1088                               ,              $60.82                             ,                7272 http://393i3j34.33oods.urltxt/picthisthat.sandwich.vox.spam.png            );
INSERT INTO MerchandiseTbl VALUES (8008,               An Item A 0Xduw7p585               ,               1098                               ,              $31.75                             ,                7272 http://393i3j34.33oods.urltxt/picthisthat.sandwich.vox.spam.png            );
INSERT INTO MerchandiseTbl VALUES (8009,               An Item A q0XGVp0oN7               ,               1314                               ,              $12.54                             ,                7272 http://393i3j34.33oods.urltxt/picthisthat.sandwich.vox.spam.png            );
INSERT INTO StoreTbl VALUES (12000,              Generic Seller 33sBbejRn0                         ,                 5088 Y2p4r32Qos Way                               ,      1(595)-887-9423                                   ,             1952                                              ,                 312                                               ,                12016                                             ,                9002                                              );
INSERT INTO StoreTbl VALUES (12001,              Generic Seller 102ZhWNK7A                         ,                 786 0I7He1vS40 Avenue                             ,      1(537)-869-2245                                   ,             1997                                              ,                 319                                               ,                12056                                             ,                9096                                              );
INSERT INTO StoreTbl VALUES (12002,              Generic Store vAfk15bU3d                          ,                 6491 8n802fB4Bn Avenue                            ,      1(087)-991-0649                                   ,             1992                                              ,                 307                                               ,                12022                                             ,                9065                                              );
INSERT INTO StoreTbl VALUES (12003,              Generic Warehouse qbqRN9Uj8h                      ,                 6899 0UNylkOFWc Avenue                            ,      1(984)-733-9445                                   ,             1931                                              ,                 307                                               ,                12034                                             ,                9058                                              );
INSERT INTO StoreTbl VALUES (12004,              Generic Seller 785OKg32FB                         ,                 3186 iVH03l92Po Avenue                            ,      1(440)-981-0333                                   ,             1988                                              ,                 302                                               ,                12054                                             ,                9061                                              );
INSERT INTO StoreTbl VALUES (12005,              Generic Seller Tl5Ds5MwsL                         ,                 474 YwbVV3Qnwt Avenue                             ,      1(898)-350-3664                                   ,             1930                                              ,                 311                                               ,                12089                                             ,                9091                                              );
INSERT INTO StoreTbl VALUES (12006,              Generic Seller z0Z1LbUFyg                         ,                 4312 lvFZksES46 Street                            ,      1(588)-181-0794                                   ,             1971                                              ,                 330                                               ,                12048                                             ,                9018                                              );
INSERT INTO StoreTbl VALUES (12007,              Generic Seller Q6eT6cF96o                         ,                 4675 jeFu790D52 Way                               ,      1(846)-626-9017                                   ,             1930                                              ,                 339                                               ,                12091                                             ,                9082                                              );
INSERT INTO StoreTbl VALUES (12008,              Generic Store V85r5coB54                          ,                 8346 98VHGQ5FWR Street                            ,      1(873)-084-4810                                   ,             2013                                              ,                 334                                               ,                12037                                             ,                9045                                              );
INSERT INTO StoreTbl VALUES (12009,              Generic Store K537c5OrWd                          ,                 6652 kz9e9lf5tF Avenue                            ,      1(711)-283-0552                                   ,             1985                                              ,                 301                                               ,                12043                                             ,                9007                                              );
INSERT INTO StoreSellsTbl VALUES (  12000     ,    8009      );
INSERT INTO StoreSellsTbl VALUES (  12000     ,    8001      );
INSERT INTO StoreSellsTbl VALUES (  12001     ,    8000      );
INSERT INTO StoreSellsTbl VALUES (  12001     ,    8005      );
INSERT INTO StoreSellsTbl VALUES (  12002     ,    8009      );
INSERT INTO StoreSellsTbl VALUES (  12002     ,    8001      );
INSERT INTO StoreSellsTbl VALUES (  12003     ,    8000      );
INSERT INTO StoreSellsTbl VALUES (  12003     ,    8006      );
INSERT INTO StoreSellsTbl VALUES (  12004     ,    8006      );
INSERT INTO StoreSellsTbl VALUES (  12004     ,    8002      );
INSERT INTO StoreSellsTbl VALUES (  12005     ,    8002      );
INSERT INTO StoreSellsTbl VALUES (  12005     ,    8005      );
INSERT INTO StoreSellsTbl VALUES (  12006     ,    8008      );
INSERT INTO StoreSellsTbl VALUES (  12006     ,    8003      );
INSERT INTO StoreSellsTbl VALUES (  12007     ,    8005      );
INSERT INTO StoreSellsTbl VALUES (  12007     ,    8000      );
INSERT INTO StoreSellsTbl VALUES (  12008     ,    8005      );
INSERT INTO StoreSellsTbl VALUES (  12008     ,    8007      );
INSERT INTO StoreSellsTbl VALUES (  12009     ,    8000      );
INSERT INTO StoreSellsTbl VALUES (  12009     ,    8005      );
