USE `storemarketing`;

INSERT INTO UsersTbl VALUES ("Alex", "Alex", "Bustelo", "$2a$12$/7soAd89PYtEdXkH5nu2LecLPc4FfX449Fa8fkG8GXq/0EyAgQWai", 0);
INSERT INTO UsersTbl VALUES ("admin", "Administrator", "McAdministratorson", "$2a$12$nWDKDrqsGbjfrMPc9pcDY.wUEl5QKLcSnopZ3.0GHtM9mvLt8DmCq", 1);

INSERT INTO LanguageTbl VALUES (null, "English");
INSERT INTO LanguageTbl VALUES (null, "Spanish");
INSERT INTO LanguageTbl VALUES (null, "Chinese");
INSERT INTO LanguageTbl VALUES (null, "Japanese");

INSERT INTO CreditCardsTbl VALUES('123456789', 'Alex', 'Bustelo', '2011/11/01');
INSERT INTO CreditCardsTbl VALUES('490001', 'James', 'Brown', '2007/09/20');
INSERT INTO CreditCardsTbl VALUES('490002', 'Margaret', 'Black', '2006/05/20');
INSERT INTO CreditCardsTbl VALUES('490003', 'Keith', 'Black', '2006/06/25');
INSERT INTO CreditCardsTbl VALUES('490004', 'Kyle', 'Shaw', '2008/04/21');
INSERT INTO CreditCardsTbl VALUES('490005', 'Keith', 'White', '2006/03/22');
INSERT INTO CreditCardsTbl VALUES('490006', 'Sherry', 'Milton', '2007/01/03');
INSERT INTO CreditCardsTbl VALUES('490007', 'Ana', 'Smith', '2005/09/25');
INSERT INTO CreditCardsTbl VALUES('490008', 'Bill', 'Brady', '2008/08/19');
INSERT INTO CreditCardsTbl VALUES('490009', 'Kate', 'Burman', '2006/10/22');
INSERT INTO CreditCardsTbl VALUES('490010', 'David', 'Rice', '2007/02/14');
INSERT INTO CreditCardsTbl VALUES('490011', 'Joyce', 'Stuart', '2006/11/25');
INSERT INTO CreditCardsTbl VALUES('490012', 'Fay', 'Berry', '2005/11/19');
INSERT INTO CreditCardsTbl VALUES('490013', 'Jane', 'Johnson', '2008/05/20');
INSERT INTO CreditCardsTbl VALUES('490014', 'Robert', 'Douglas', '2006/06/12');
INSERT INTO CreditCardsTbl VALUES('490015', 'Cindy', 'Hall', '2006/07/02');
INSERT INTO CreditCardsTbl VALUES('490016', 'Catherine', 'Lee', '2008/12/01');
INSERT INTO CreditCardsTbl VALUES('490017', 'Jessica', 'Jackson', '2007/02/03');
INSERT INTO CreditCardsTbl VALUES('490018', 'Bonnie', 'Clark', '2005/12/18');
INSERT INTO CreditCardsTbl VALUES('490019', 'Jack', 'Garcia', '2006/10/28');
INSERT INTO CreditCardsTbl VALUES('490020', 'Kathy', 'Smith', '2007/01/05');
INSERT INTO CreditCardsTbl VALUES('490021', 'Jane', 'Harris', '2008/11/05');
INSERT INTO CreditCardsTbl VALUES('490022', 'John', 'Black', '2008/12/16');
INSERT INTO CreditCardsTbl VALUES('490023', 'Mike', 'Davis', '2007/02/19');
INSERT INTO CreditCardsTbl VALUES('755001', 'Amy', 'Adams', '2007/01/01');
INSERT INTO CreditCardsTbl VALUES('755002', 'Ben', 'Bridge', '2007/01/01');
INSERT INTO CreditCardsTbl VALUES('755003', 'Chris', 'Carr', '2007/01/01');
INSERT INTO CreditCardsTbl VALUES('755004', 'David', 'Dolt', '2007/01/01');
INSERT INTO CreditCardsTbl VALUES('755005', 'Dena', 'Doris', '2007/01/01');
INSERT INTO CreditCardsTbl VALUES('755006', 'Evan', 'Elliot', '2007/02/01');
INSERT INTO CreditCardsTbl VALUES('755007', 'Frank', 'Furter', '2007/02/01');
INSERT INTO CreditCardsTbl VALUES('755008', 'Grace', 'Graham', '2008/02/01');
INSERT INTO CreditCardsTbl VALUES('755009', 'Henry', 'Harrison', '2008/02/01');
INSERT INTO CreditCardsTbl VALUES('755010', 'Ingrid', 'Iwashita', '2008/02/01');
INSERT INTO CreditCardsTbl VALUES('755011', 'Jack', 'Johnson', '2008/03/01');
INSERT INTO CreditCardsTbl VALUES('755012', 'Ken', 'Kost', '2008/03/01');
INSERT INTO CreditCardsTbl VALUES('755013', 'Luke', 'Lieberman', '2008/03/01');
INSERT INTO CreditCardsTbl VALUES('755014', 'Mark', 'Madson', '2008/03/01');
INSERT INTO CreditCardsTbl VALUES('755015', 'Nancy', 'Nakamoto', '2008/03/01');
INSERT INTO CreditCardsTbl VALUES('755016', 'Omar', 'Omagato', '2008/03/01');
INSERT INTO CreditCardsTbl VALUES('755017', 'Peter', 'Patamato', '2008/03/01');
INSERT INTO CreditCardsTbl VALUES('755018', 'Rick', 'Rodriguez', '2008/03/01');
INSERT INTO CreditCardsTbl VALUES('755019', 'Steve', 'Stevenson', '2009/07/01');
INSERT INTO CreditCardsTbl VALUES('755020', 'Tim', 'Trainer', '2009/07/01');
INSERT INTO CreditCardsTbl VALUES('755021', 'Vicky', 'Vogo', '2009/07/01');
INSERT INTO CreditCardsTbl VALUES('941', 'a', 'a', '2005/11/01');
INSERT INTO CreditCardsTbl VALUES('942', 'b', 'b', '2005/11/02');
INSERT INTO CreditCardsTbl VALUES('943', 'c', 'c', '2005/11/03');
INSERT INTO CreditCardsTbl VALUES('944', 'd', 'd', '2005/11/04');
INSERT INTO CreditCardsTbl VALUES('945', 'e', 'e', '2005/11/05');
INSERT INTO CreditCardsTbl VALUES('946', 'f', 'f', '2005/11/06');
INSERT INTO CreditCardsTbl VALUES('947', 'g', 'g', '2005/11/07');
INSERT INTO CreditCardsTbl VALUES('948', 'h', 'h', '2005/11/08');
INSERT INTO CreditCardsTbl VALUES('949', 'i', 'i', '2005/11/09');
INSERT INTO CreditCardsTbl VALUES('950', 'j', 'j', '2005/11/10');
INSERT INTO CreditCardsTbl VALUES('951', 'k', 'k', '2005/11/11');
INSERT INTO CreditCardsTbl VALUES('952', 'l', 'l', '2005/11/12');
INSERT INTO CreditCardsTbl VALUES('953', 'm', 'm', '2005/11/13');
INSERT INTO CreditCardsTbl VALUES('954', 'n', 'n', '2005/11/14');
INSERT INTO CreditCardsTbl VALUES('955', 'o', 'o', '2005/11/15');
INSERT INTO CreditCardsTbl VALUES('956', 'p', 'p', '2005/11/16');
INSERT INTO CreditCardsTbl VALUES('957', 'q', 'q', '2005/11/17');
INSERT INTO CreditCardsTbl VALUES('958', 'r', 'r', '2005/11/18');
INSERT INTO CreditCardsTbl VALUES('959', 's', 's', '2005/11/19');
INSERT INTO CreditCardsTbl VALUES('960', 't', 't', '2005/11/20');
INSERT INTO CreditCardsTbl VALUES('1351234512345123451', 'Jackie', 'Brown', '2005/01/28');
INSERT INTO CreditCardsTbl VALUES('1354895485215896548', 'Janet', 'Trink', '2004/03/25');
INSERT INTO CreditCardsTbl VALUES('1351465859655326987', 'Bob', 'Jacobs', '2006/05/20');
INSERT INTO CreditCardsTbl VALUES('1351564897565485455', 'Joe', 'Martinez', '2005/07/15');
INSERT INTO CreditCardsTbl VALUES('1356858558612344868', 'Frank', 'Rizzo', '2006/09/10');
INSERT INTO CreditCardsTbl VALUES('1353579516489567411', 'Billy', 'Bob', '2005/11/05');
INSERT INTO CreditCardsTbl VALUES('1351236966685974785', 'Lloyd', 'Webber', '2005/02/12');
INSERT INTO CreditCardsTbl VALUES('1352245887366458896', 'Wilbur', 'Cox', '2005/04/17');
INSERT INTO CreditCardsTbl VALUES('1356543987465431235', 'Harry', 'Potter', '2005/06/22');
INSERT INTO CreditCardsTbl VALUES('1359845651298453245', 'Bart', 'Simpson', '2004/08/27');
INSERT INTO CreditCardsTbl VALUES('1351594489526154859', 'Lisa', 'Kudrow', '2004/10/11');
INSERT INTO CreditCardsTbl VALUES('1359865326587542154', 'Homer', 'Martin', '2006/12/08');
INSERT INTO CreditCardsTbl VALUES('1357485859641525263', 'Richard', 'Watcher', '2005/03/09');
INSERT INTO CreditCardsTbl VALUES('1356352419685748596', 'Pedro', 'Wilson', '2004/05/10');
INSERT INTO CreditCardsTbl VALUES('1359874563125648987', 'Napolean', 'Carson', '2006/04/12');
INSERT INTO CreditCardsTbl VALUES('1354895123485674896', 'Robert', 'Tange', '2006/08/18');
INSERT INTO CreditCardsTbl VALUES('1351566345587445856', 'Shane', 'Stewart', '2004/04/28');
INSERT INTO CreditCardsTbl VALUES('1359846518947563489', 'Martha', 'Matthews', '2005/09/27');
INSERT INTO CreditCardsTbl VALUES('1351594897535684893', 'Joey', 'Larson', '2005/04/24');
INSERT INTO CreditCardsTbl VALUES('1351597784565853325', 'Fred', 'Terrance', '2005/08/19');
INSERT INTO CreditCardsTbl VALUES('671301', 'Ryan', 'Kholer', '2006/02/28');
INSERT INTO CreditCardsTbl VALUES('671302', 'David', 'James', '2005/06/03');
INSERT INTO CreditCardsTbl VALUES('671303', 'Andy', 'Tsai', '2007/09/11');
INSERT INTO CreditCardsTbl VALUES('671304', 'Liem', 'Tran', '2005/12/12');
INSERT INTO CreditCardsTbl VALUES('671305', 'Abraham', 'Lincoln', '2008/11/30');
INSERT INTO CreditCardsTbl VALUES('671306', 'Pete', 'Rose', '2005/07/04');
INSERT INTO CreditCardsTbl VALUES('671307', 'Stan', 'Marsh', '2009/08/15');
INSERT INTO CreditCardsTbl VALUES('671308', 'George', 'Clinton', '2008/04/01');
INSERT INTO CreditCardsTbl VALUES('671309', 'Al', 'Bundy', '2007/10/10');
INSERT INTO CreditCardsTbl VALUES('671310', 'Peggy', 'Bundy', '2006/08/19');
INSERT INTO CreditCardsTbl VALUES('671311', 'Marcy', 'Darcy', '2007/08/13');
INSERT INTO CreditCardsTbl VALUES('671312', 'Jefferson', 'Darcy', '2006/09/09');
INSERT INTO CreditCardsTbl VALUES('671313', 'Carole', 'Carlson', '2007/01/13');
INSERT INTO CreditCardsTbl VALUES('671314', 'Carl', 'Carlson', '2008/03/24');
INSERT INTO CreditCardsTbl VALUES('671315', 'Kevin', 'Sorbo', '2007/05/21');
INSERT INTO CreditCardsTbl VALUES('671316', 'Richard', 'Gomez', '2008/06/30');
INSERT INTO CreditCardsTbl VALUES('671317', 'Dave', 'Chapelle', '2009/07/27');
INSERT INTO CreditCardsTbl VALUES('671318', 'Crystal', 'Silver', '2006/08/07');
INSERT INTO CreditCardsTbl VALUES('671319', 'Rich', 'Hanchet', '2006/05/28');
INSERT INTO CreditCardsTbl VALUES('671320', 'Pepper', 'Metsger', '2007/09/09');
INSERT INTO CreditCardsTbl VALUES('156001', 'Jason', 'Liu', '2007/01/11');
INSERT INTO CreditCardsTbl VALUES('156002', 'Yin Yee', 'Lai', '2007/04/30');
INSERT INTO CreditCardsTbl VALUES('156003', 'Yoong', 'Chia', '2007/05/31');
INSERT INTO CreditCardsTbl VALUES('156004', 'Ted', 'Wong', '2007/01/31');
INSERT INTO CreditCardsTbl VALUES('156005', 'Susan', 'Liu', '2007/11/30');
INSERT INTO CreditCardsTbl VALUES('156006', 'Connie', 'Hom', '2007/08/31');
INSERT INTO CreditCardsTbl VALUES('156007', 'Steve', 'Ng', '2007/04/30');
INSERT INTO CreditCardsTbl VALUES('156008', 'Wes', 'Chen', '2007/01/31');
INSERT INTO CreditCardsTbl VALUES('156009', 'James', 'Liu', '2007/02/28');
INSERT INTO CreditCardsTbl VALUES('156010', 'Jenny', 'Wu', '2007/01/31');
INSERT INTO CreditCardsTbl VALUES('156011', 'Karen', 'Wu', '2007/03/31');
INSERT INTO CreditCardsTbl VALUES('156012', 'Matt', 'Chou', '2007/01/31');
INSERT INTO CreditCardsTbl VALUES('156013', 'Maurice', 'Chou', '2007/04/30');
INSERT INTO CreditCardsTbl VALUES('156014', 'Gina', 'Nei', '2007/02/28');
INSERT INTO CreditCardsTbl VALUES('156015', 'Jenie', 'Chiu', '2007/12/31');
INSERT INTO CreditCardsTbl VALUES('156016', 'George', 'Chen', '2007/06/30');
INSERT INTO CreditCardsTbl VALUES('156017', 'Wendy', 'Hu', '2007/09/30');
INSERT INTO CreditCardsTbl VALUES('156018', 'Jessie', 'Feng', '2007/02/28');
INSERT INTO CreditCardsTbl VALUES('156019', 'Cathy', 'Zhang', '2007/10/31');
INSERT INTO CreditCardsTbl VALUES('156020', 'Edwin', 'Coo', '2007/07/31');
INSERT INTO CreditCardsTbl VALUES('872001', 'John', 'Smith', '2008/01/19');
INSERT INTO CreditCardsTbl VALUES('872002', 'Ben', 'Stine', '2009/02/18');
INSERT INTO CreditCardsTbl VALUES('872003', 'James', 'Irvine', '2006/03/17');
INSERT INTO CreditCardsTbl VALUES('872004', 'Robert', 'Clinton', '2005/04/16');
INSERT INTO CreditCardsTbl VALUES('872005', 'Bob', 'Poll', '2007/05/15');
INSERT INTO CreditCardsTbl VALUES('872006', 'Wayne', 'Johnson', '2009/06/14');
INSERT INTO CreditCardsTbl VALUES('872007', 'Dick', 'VanDick', '2008/07/13');
INSERT INTO CreditCardsTbl VALUES('872008', 'Steven', 'Mar', '2007/08/12');
INSERT INTO CreditCardsTbl VALUES('872009', 'Joe', 'Schmo', '2009/09/11');
INSERT INTO CreditCardsTbl VALUES('872010', 'Mario', 'Lopizo', '2006/10/10');
INSERT INTO CreditCardsTbl VALUES('872011', 'Brad', 'Pity', '2005/11/09');
INSERT INTO CreditCardsTbl VALUES('872012', 'Mark', 'Anthony', '2007/12/08');
INSERT INTO CreditCardsTbl VALUES('872013', 'Ernest', 'Chan', '2009/01/07');
INSERT INTO CreditCardsTbl VALUES('872014', 'Henry', 'Pho', '2010/02/06');
INSERT INTO CreditCardsTbl VALUES('872015', 'Roger', 'Tee', '2009/03/05');
INSERT INTO CreditCardsTbl VALUES('872016', 'Alan', 'Wong', '2007/04/04');
INSERT INTO CreditCardsTbl VALUES('872017', 'Aaron', 'Carter', '2008/05/03');
INSERT INTO CreditCardsTbl VALUES('872018', 'Clark', 'Kent', '2007/06/02');
INSERT INTO CreditCardsTbl VALUES('872019', 'Jose', 'Cuervo', '2008/07/01');
INSERT INTO CreditCardsTbl VALUES('872020', 'Ken', 'Doll', '2009/08/20');
INSERT INTO CreditCardsTbl VALUES('18558100000018558100', 'Chen', 'Li', '2005/04/01');
INSERT INTO CreditCardsTbl VALUES('15665111111115665111', 'Ken', 'Ge', '2005/07/01');
INSERT INTO CreditCardsTbl VALUES('10440122222210440122', 'Ben', 'Roul', '2009/09/09');
INSERT INTO CreditCardsTbl VALUES('15225133333315225133', 'Weibin', 'Xu', '2006/02/14');
INSERT INTO CreditCardsTbl VALUES('16886144444416886144', 'Yan', 'Ding', '2006/02/14');
INSERT INTO CreditCardsTbl VALUES('07268155555581072655', 'Yanling', 'Lin', '2006/02/14');
INSERT INTO CreditCardsTbl VALUES('07287666666676072866', 'Yan', 'Jin', '2005/07/28');
INSERT INTO CreditCardsTbl VALUES('06217777777777062177', 'Xin', 'Wu', '2005/06/21');
INSERT INTO CreditCardsTbl VALUES('06137888888878061388', 'Tolly', 'Zhang', '2005/06/13');
INSERT INTO CreditCardsTbl VALUES('10287799999977102899', 'S.F.', 'Chen', '2005/10/28');
INSERT INTO CreditCardsTbl VALUES('58118500000058118500', 'Li', 'Chen', '2005/04/01');
INSERT INTO CreditCardsTbl VALUES('65115611111165115611', 'Ge', 'Ken', '2005/07/01');
INSERT INTO CreditCardsTbl VALUES('40110422222240110422', 'Roul', 'Ben', '2009/09/09');
INSERT INTO CreditCardsTbl VALUES('25115233333325115233', 'Michelle', 'Toby', '2006/02/14');
INSERT INTO CreditCardsTbl VALUES('86116844444486116844', 'Falon', 'Fortin', '2006/02/14');
INSERT INTO CreditCardsTbl VALUES('09187955555579091855', 'Lucy', 'Lu', '2006/02/14');
INSERT INTO CreditCardsTbl VALUES('12332166666612332166', 'Some', 'Guy', '2005/07/28');
INSERT INTO CreditCardsTbl VALUES('45665477777745665477', 'Some', 'Girl', '2005/06/21');
INSERT INTO CreditCardsTbl VALUES('78998788888878998788', 'Some', 'Gay', '2005/06/13');
INSERT INTO CreditCardsTbl VALUES('79010999999901097999', 'Some', 'Lesbian', '2005/10/28');
INSERT INTO CreditCardsTbl VALUES('5250100010001001', 'Julius', 'No', '2008/09/30');
INSERT INTO CreditCardsTbl VALUES('5250100010001002', 'Red', 'Grant', '2006/07/31');
INSERT INTO CreditCardsTbl VALUES('5250100010001003', 'Auric', 'Goldfinger', '2007/05/31');
INSERT INTO CreditCardsTbl VALUES('5250100010001004', 'Emilio', 'Largo', '2009/06/30');
INSERT INTO CreditCardsTbl VALUES('5250100010001005', 'Jack', 'Bauer', '2010/12/31');
INSERT INTO CreditCardsTbl VALUES('5250100010001006', 'Ernst', 'Blofeld', '2006/08/31');
INSERT INTO CreditCardsTbl VALUES('5250100010001007', 'Irma', 'Bundt', '2008/09/30');
INSERT INTO CreditCardsTbl VALUES('5250100010001008', 'Francisco', 'Scaramanga', '2006/07/31');
INSERT INTO CreditCardsTbl VALUES('5250100010001009', 'Karl', 'Stromberg', '2007/05/31');
INSERT INTO CreditCardsTbl VALUES('5250100010001010', 'Hugo', 'Drax', '2009/06/30');
INSERT INTO CreditCardsTbl VALUES('5250100010001011', 'Aristotle', 'Kristatos', '2010/12/31');
INSERT INTO CreditCardsTbl VALUES('5250100010001012', 'Kamal', 'Khan', '2006/08/31');
INSERT INTO CreditCardsTbl VALUES('5250100010001013', 'Max', 'Zorin', '2008/09/30');
INSERT INTO CreditCardsTbl VALUES('5250100010001014', 'Brad', 'Whitaker', '2006/07/31');
INSERT INTO CreditCardsTbl VALUES('5250100010001015', 'Franz', 'Sanchez', '2007/05/31');
INSERT INTO CreditCardsTbl VALUES('5250100010001016', 'Alec', 'Trevelyan', '2009/06/30');
INSERT INTO CreditCardsTbl VALUES('5250100010001017', 'Elliot', 'Carver', '2010/12/31');
INSERT INTO CreditCardsTbl VALUES('5250100010001018', 'Elektra', 'King', '2006/08/31');
INSERT INTO CreditCardsTbl VALUES('5250100010001019', 'Gustav', 'Graves', '2008/09/30');
INSERT INTO CreditCardsTbl VALUES('5250100010001020', 'Anatol', 'Gogol', '2006/07/31');
INSERT INTO CreditCardsTbl VALUES('764001', 'Bob', 'Crane', '2007/11/25');
INSERT INTO CreditCardsTbl VALUES('764002', 'Bob', 'Crab', '2009/07/15');
INSERT INTO CreditCardsTbl VALUES('764003', 'John', 'Clover', '2006/08/14');
INSERT INTO CreditCardsTbl VALUES('764004', 'John', 'Doe', '2012/08/18');
INSERT INTO CreditCardsTbl VALUES('764005', 'Jesus', 'Rivera', '2007/08/06');
INSERT INTO CreditCardsTbl VALUES('764006', 'Jane', 'Doe', '2010/06/04');
INSERT INTO CreditCardsTbl VALUES('764007', 'Tina', 'Johnson', '2008/09/27');
INSERT INTO CreditCardsTbl VALUES('764008', 'Richard', 'Jones', '2005/06/25');
INSERT INTO CreditCardsTbl VALUES('764009', 'Bo', 'Crane', '2006/05/30');
INSERT INTO CreditCardsTbl VALUES('764010', 'Joseph', 'Rothchild', '2025/12/31');
INSERT INTO CreditCardsTbl VALUES('764011', 'Ashley', 'Riot', '2013/02/02');
INSERT INTO CreditCardsTbl VALUES('764012', 'Scott', 'Smith', '2017/01/28');
INSERT INTO CreditCardsTbl VALUES('764013', 'Arthur', 'Pendragon', '2017/10/06');
INSERT INTO CreditCardsTbl VALUES('764014', 'Genivere', 'du Lac', '2007/10/13');
INSERT INTO CreditCardsTbl VALUES('764015', 'Chen', 'Li', '2007/11/20');
INSERT INTO CreditCardsTbl VALUES('764016', 'Ken', 'Brown', '2009/12/18');
INSERT INTO CreditCardsTbl VALUES('764017', 'Ryu', 'Lee', '2006/10/20');
INSERT INTO CreditCardsTbl VALUES('764018', 'Jack', 'Johnson', '2006/06/18');
INSERT INTO CreditCardsTbl VALUES('764019', 'Ron', 'Burgundy', '2011/06/15');
INSERT INTO CreditCardsTbl VALUES('764020', 'Elric', 'Moore', '2005/04/01');
INSERT INTO CreditCardsTbl VALUES('855400', 'Joe', 'Slorn', '2008/04/07');
INSERT INTO CreditCardsTbl VALUES('855401', 'Tiffany', 'Ino', '2006/01/01');
INSERT INTO CreditCardsTbl VALUES('855402', 'Sarina', 'Paris', '2010/02/10');
INSERT INTO CreditCardsTbl VALUES('855403', 'Jack', 'Lee', '2007/03/30');
INSERT INTO CreditCardsTbl VALUES('855404', 'Elaine', 'Wong', '2012/04/01');
INSERT INTO CreditCardsTbl VALUES('855405', 'Carolyn', 'Smith', '2006/05/02');
INSERT INTO CreditCardsTbl VALUES('855406', 'Rainbow', 'Tom', '2006/06/03');
INSERT INTO CreditCardsTbl VALUES('855407', 'CoCo', 'Lam', '2007/07/07');
INSERT INTO CreditCardsTbl VALUES('855408', 'Erik', 'Jacinto', '2008/08/25');
INSERT INTO CreditCardsTbl VALUES('855409', 'Sonya', 'Malina', '2009/11/06');
INSERT INTO CreditCardsTbl VALUES('855410', 'Zachary', 'Montana', '2010/10/07');
INSERT INTO CreditCardsTbl VALUES('855411', 'Lanie', 'Lane', '2011/12/08');
INSERT INTO CreditCardsTbl VALUES('855412', 'Jeffrey', 'Alavarez', '2012/01/19');
INSERT INTO CreditCardsTbl VALUES('855413', 'Nina', 'Lee', '2006/02/10');
INSERT INTO CreditCardsTbl VALUES('855414', 'Kristy', 'Tanabe', '2007/04/11');
INSERT INTO CreditCardsTbl VALUES('855415', 'Alex', 'Gupta', '2008/05/12');
INSERT INTO CreditCardsTbl VALUES('855416', 'Kat', 'Islas', '2009/06/13');
INSERT INTO CreditCardsTbl VALUES('855417', 'Tina', 'Roth', '2010/07/14');
INSERT INTO CreditCardsTbl VALUES('855418', 'James', 'Song', '2011/08/15');
INSERT INTO CreditCardsTbl VALUES('855419', 'Tim', 'Doe', '2012/09/16');
INSERT INTO CreditCardsTbl VALUES('6831232434544301', 'Rick', 'Carter', '2006/06/08');
INSERT INTO CreditCardsTbl VALUES('6831232434544302', 'Angela', 'Barnes', '2007/03/07');
INSERT INTO CreditCardsTbl VALUES('6831232434544303', 'Howard', 'Nelson', '2006/08/07');
INSERT INTO CreditCardsTbl VALUES('6831232434544304', 'Dan', 'Collins', '2008/11/01');
INSERT INTO CreditCardsTbl VALUES('6831232434544305', 'Shawn', 'Miller', '2005/08/04');
INSERT INTO CreditCardsTbl VALUES('6831232434544306', 'Matthew', 'Peterson', '2006/04/08');
INSERT INTO CreditCardsTbl VALUES('6831232434544307', 'Barbara', 'Jones', '2007/07/29');
INSERT INTO CreditCardsTbl VALUES('6831232434544308', 'Eric', 'Robinson', '2008/06/23');
INSERT INTO CreditCardsTbl VALUES('6831232434544309', 'Nicolas', 'Sweeney', '2006/01/15');
INSERT INTO CreditCardsTbl VALUES('6831232434544310', 'Holly', 'Thomas', '2008/09/21');
INSERT INTO CreditCardsTbl VALUES('6831232434544311', 'Anne', 'Vaughn', '2006/03/24');
INSERT INTO CreditCardsTbl VALUES('6831232434544312', 'Patrick', 'Watson', '2009/08/01');
INSERT INTO CreditCardsTbl VALUES('6831232434544313', 'Robert', 'Davis', '2007/06/29');
INSERT INTO CreditCardsTbl VALUES('6831232434544314', 'Scott', 'Chandler', '2008/12/15');
INSERT INTO CreditCardsTbl VALUES('6831232434544315', 'Jennifer', 'Flowers', '2008/06/17');
INSERT INTO CreditCardsTbl VALUES('6831232434544316', 'Dawn', 'Griffin', '2006/09/27');
INSERT INTO CreditCardsTbl VALUES('6831232434544317', 'Chris', 'Hanson', '2009/08/25');
INSERT INTO CreditCardsTbl VALUES('6831232434544318', 'Richard', 'Anderson', '2008/10/26');
INSERT INTO CreditCardsTbl VALUES('6831232434544319', 'Lori', 'Evans', '2007/03/16');
INSERT INTO CreditCardsTbl VALUES('6831232434544320', 'Tim', 'Knight', '2006/02/12');
INSERT INTO CreditCardsTbl VALUES('98859312428636453511', 'Frank', 'Parker', '2007/12/23');
INSERT INTO CreditCardsTbl VALUES('75955492888403580018', 'James', 'Smith', '2007/01/23');
INSERT INTO CreditCardsTbl VALUES('79134034621713777496', 'Chrity', 'Long', '2007/01/23');
INSERT INTO CreditCardsTbl VALUES('54433423430577070582', 'Hope', 'Parker', '2007/01/13');
INSERT INTO CreditCardsTbl VALUES('56127113560751143385', 'Faith', 'Smith', '2007/01/23');
INSERT INTO CreditCardsTbl VALUES('86880602255307448236', 'Paul', 'Long', '2007/07/23');
INSERT INTO CreditCardsTbl VALUES('10654757403377724692', 'John', 'Parker', '2009/01/23');
INSERT INTO CreditCardsTbl VALUES('89701377234926549389', 'Isaih', 'Long', '2007/01/23');
INSERT INTO CreditCardsTbl VALUES('52935448955769239642', 'Rick', 'Long', '2007/03/23');
INSERT INTO CreditCardsTbl VALUES('88397316564235061153', 'Dan', 'Parker', '2007/01/23');
INSERT INTO CreditCardsTbl VALUES('42587808062193166877', 'Aidan', 'Smith', '2007/01/13');
INSERT INTO CreditCardsTbl VALUES('41186218181184343532', 'Madison', 'Jones', '2007/01/23');
INSERT INTO CreditCardsTbl VALUES('67556926636653062802', 'Ethan', 'Bell', '2007/01/23');
INSERT INTO CreditCardsTbl VALUES('41978618285892162256', 'Emma', 'Johnson', '2007/04/23');
INSERT INTO CreditCardsTbl VALUES('25376719078008022163', 'Caleb', 'Nickel', '2007/01/23');
INSERT INTO CreditCardsTbl VALUES('97318267815068173939', 'Abigail', 'Gomez', '2007/01/25');
INSERT INTO CreditCardsTbl VALUES('88946922467895958214', 'Dylan', 'Ackerman', '2008/06/23');
INSERT INTO CreditCardsTbl VALUES('93132737649588548169', 'Jacob', 'Ward', '2007/01/23');
INSERT INTO CreditCardsTbl VALUES('34286571044061969997', 'Olivia', 'Lee', '2010/01/23');
INSERT INTO CreditCardsTbl VALUES('13606725479470813100', 'Andrew', 'Cadence', '2011/01/23');
INSERT INTO CreditCardsTbl VALUES('107001', 'Terry', 'Mitchell', '2008/06/12');
INSERT INTO CreditCardsTbl VALUES('107002', 'Jake', 'Daniels', '2009/07/21');
INSERT INTO CreditCardsTbl VALUES('107003', 'Dan', 'Mori', '2005/03/17');
INSERT INTO CreditCardsTbl VALUES('107004', 'Tina', 'Cho', '2006/01/06');
INSERT INTO CreditCardsTbl VALUES('107005', 'Sherry', 'Berry', '2006/12/27');
INSERT INTO CreditCardsTbl VALUES('107006', 'Keri', 'Rowe', '2007/10/24');
INSERT INTO CreditCardsTbl VALUES('107007', 'Mike', 'Franklin', '2010/04/03');
INSERT INTO CreditCardsTbl VALUES('107008', 'Brian', 'Hamilton', '2008/06/15');
INSERT INTO CreditCardsTbl VALUES('107009', 'David', 'Tanaka', '2009/07/18');
INSERT INTO CreditCardsTbl VALUES('107010', 'Justin', 'Patel', '2011/03/10');
INSERT INTO CreditCardsTbl VALUES('107011', 'Derrick', 'Dun', '2006/04/05');
INSERT INTO CreditCardsTbl VALUES('107012', 'Henry', 'Michaels', '2006/05/04');
INSERT INTO CreditCardsTbl VALUES('107013', 'Kristi', 'Apple', '2005/08/02');
INSERT INTO CreditCardsTbl VALUES('107014', 'Greg', 'Stuart', '2007/09/01');
INSERT INTO CreditCardsTbl VALUES('107015', 'John', 'Doe', '2007/10/10');
INSERT INTO CreditCardsTbl VALUES('107016', 'Kim', 'Chee', '2009/03/30');
INSERT INTO CreditCardsTbl VALUES('107017', 'Kristin', 'Choi', '2006/05/31');
INSERT INTO CreditCardsTbl VALUES('107018', 'Anna', 'Lee', '2005/06/25');
INSERT INTO CreditCardsTbl VALUES('107019', 'Robert', 'Little', '2008/08/14');
INSERT INTO CreditCardsTbl VALUES('107020', 'Johnny', 'Chang', '2008/06/17');
INSERT INTO CreditCardsTbl VALUES('326901', 'Sam', 'Lee', '2008/01/01');
INSERT INTO CreditCardsTbl VALUES('326902', 'David', 'Kim', '2008/02/01');
INSERT INTO CreditCardsTbl VALUES('326903', 'Susan', 'Lin', '2008/03/01');
INSERT INTO CreditCardsTbl VALUES('326904', 'Larry', 'Liu', '2008/04/01');
INSERT INTO CreditCardsTbl VALUES('326905', 'Peter', 'Chen', '2008/05/01');
INSERT INTO CreditCardsTbl VALUES('326906', 'Mary', 'Potter', '2008/06/01');
INSERT INTO CreditCardsTbl VALUES('326907', 'Ron', 'Stevens', '2008/07/01');
INSERT INTO CreditCardsTbl VALUES('326908', 'Ted', 'Clinton', '2008/08/01');
INSERT INTO CreditCardsTbl VALUES('326909', 'Zack', 'Thomas', '2008/09/01');
INSERT INTO CreditCardsTbl VALUES('326910', 'Curt', 'Martin', '2008/10/01');
INSERT INTO CreditCardsTbl VALUES('326911', 'Paul', 'Pierce', '2008/11/01');
INSERT INTO CreditCardsTbl VALUES('326912', 'Pat', 'Brady', '2008/12/01');
INSERT INTO CreditCardsTbl VALUES('326913', 'Tom', 'Lang', '2007/01/01');
INSERT INTO CreditCardsTbl VALUES('326914', 'Rick', 'Ruth', '2007/02/01');
INSERT INTO CreditCardsTbl VALUES('326915', 'Michelle', 'Sak', '2007/03/01');
INSERT INTO CreditCardsTbl VALUES('326916', 'Natalie', 'White', '2007/04/01');
INSERT INTO CreditCardsTbl VALUES('326917', 'Megan', 'Murphy', '2007/05/01');
INSERT INTO CreditCardsTbl VALUES('326918', 'Charlie', 'Mann', '2007/06/01');
INSERT INTO CreditCardsTbl VALUES('326919', 'John', 'Smith', '2007/07/01');
INSERT INTO CreditCardsTbl VALUES('326920', 'Gary', 'Lake', '2007/08/01');
INSERT INTO CreditCardsTbl VALUES('5689148956321598', 'Ben', 'Chu', '2006/01/01');
INSERT INTO CreditCardsTbl VALUES('3689232956321598', 'Doan', 'Nguyen', '2006/01/01');
INSERT INTO CreditCardsTbl VALUES('1235548915647818', 'Dan', 'Young', '2007/01/01');
INSERT INTO CreditCardsTbl VALUES('9874628578494014', 'Mike', 'Erickson', '2007/01/01');
INSERT INTO CreditCardsTbl VALUES('2457986315426978', 'Don', 'Pham', '2007/01/01');
INSERT INTO CreditCardsTbl VALUES('7948512436798570', 'Jon', 'Boggs', '2007/01/01');
INSERT INTO CreditCardsTbl VALUES('3829489710250063', 'Kerry', 'Foy', '2006/01/01');
INSERT INTO CreditCardsTbl VALUES('9874025788869586', 'Jimmy', 'Roberts', '2006/01/01');
INSERT INTO CreditCardsTbl VALUES('9848200365597482', 'James', 'Jones', '2006/01/01');
INSERT INTO CreditCardsTbl VALUES('7485213066649874', 'Karen', 'Shin', '2006/01/01');
INSERT INTO CreditCardsTbl VALUES('1203450288461478', 'Jenny', 'Cheung', '2007/01/01');
INSERT INTO CreditCardsTbl VALUES('8887415962540032', 'Cindy', 'Hwang', '2007/06/01');
INSERT INTO CreditCardsTbl VALUES('8748596620134444', 'Michael', 'Jordan', '2007/06/01');
INSERT INTO CreditCardsTbl VALUES('4157777899963025', 'Houston', 'Lin', '2007/06/01');
INSERT INTO CreditCardsTbl VALUES('4851026894785555', 'Jasmine', 'Lee', '2007/06/01');
INSERT INTO CreditCardsTbl VALUES('7414222563089658', 'Jessica', 'Tsao', '2008/01/01');
INSERT INTO CreditCardsTbl VALUES('4152006589740362', 'Anthony', 'Standard', '2008/01/01');
INSERT INTO CreditCardsTbl VALUES('1486200347859987', 'Steve', 'Tran', '2008/01/01');
INSERT INTO CreditCardsTbl VALUES('7418777988852010', 'James', 'Deagan', '2008/01/01');
INSERT INTO CreditCardsTbl VALUES('45169658302161102', 'Michelle', 'Cosley', '2009/01/01');
INSERT INTO CreditCardsTbl VALUES('140123', 'Robin', 'Fields', '2005/12/12');
INSERT INTO CreditCardsTbl VALUES('140124', 'Scott', 'Gold', '2008/01/12');
INSERT INTO CreditCardsTbl VALUES('140125', 'Tyler', 'Marshall', '2010/10/12');
INSERT INTO CreditCardsTbl VALUES('140142', 'James', 'Rainly', '2005/11/11');
INSERT INTO CreditCardsTbl VALUES('140126', 'Evelyn', 'Iritani', '2006/10/19');
INSERT INTO CreditCardsTbl VALUES('140127', 'Marla', 'Dickenson', '2005/10/26');
INSERT INTO CreditCardsTbl VALUES('140128', 'Richard', 'Serano', '2008/07/12');
INSERT INTO CreditCardsTbl VALUES('140129', 'Janet', 'Hook', '2005/03/12');
INSERT INTO CreditCardsTbl VALUES('140130', 'Chris', 'Kraul', '2020/10/11');
INSERT INTO CreditCardsTbl VALUES('140131', 'Mark', 'Barabak', '2007/10/12');
INSERT INTO CreditCardsTbl VALUES('140132', 'Jonathan', 'Peterson', '2005/10/16');
INSERT INTO CreditCardsTbl VALUES('140133', 'Leslie', 'Ernest', '2009/06/05');
INSERT INTO CreditCardsTbl VALUES('140134', 'Don', 'Bartletti', '2005/10/01');
INSERT INTO CreditCardsTbl VALUES('140135', 'James', 'Flanigan', '2007/12/22');
INSERT INTO CreditCardsTbl VALUES('140136', 'Liz', 'Weston', '2005/03/03');
INSERT INTO CreditCardsTbl VALUES('140137', 'Kathy', 'Kristof', '2009/12/25');
INSERT INTO CreditCardsTbl VALUES('140138', 'Ken', 'Hively', '2006/07/19');
INSERT INTO CreditCardsTbl VALUES('140139', 'Martin', 'Paravato', '2005/03/18');
INSERT INTO CreditCardsTbl VALUES('140140', 'John', 'Smith', '2005/11/01');
INSERT INTO CreditCardsTbl VALUES('140141', 'Tom', 'Robertson', '2007/08/12');
INSERT INTO CreditCardsTbl VALUES('492401', 'crazy', 'man', '2005/01/05');
INSERT INTO CreditCardsTbl VALUES('492402', 'cool', 'dude', '2005/02/05');
INSERT INTO CreditCardsTbl VALUES('492403', 'hobo', 'man', '2005/03/05');
INSERT INTO CreditCardsTbl VALUES('492404', 'jack', 'surf', '2005/04/05');
INSERT INTO CreditCardsTbl VALUES('492405', 'sam', 'man', '2005/05/05');
INSERT INTO CreditCardsTbl VALUES('492406', 'joey', 'watch', '2005/06/05');
INSERT INTO CreditCardsTbl VALUES('492407', 'moka', 'doca', '2005/07/05');
INSERT INTO CreditCardsTbl VALUES('492408', 'supa', 'lada', '2005/08/05');
INSERT INTO CreditCardsTbl VALUES('492409', 'gordo', 'hordo', '2005/09/05');
INSERT INTO CreditCardsTbl VALUES('492410', 'yah', 'sumo', '2005/10/05');
INSERT INTO CreditCardsTbl VALUES('492411', 'hay', 'man', '2005/11/05');
INSERT INTO CreditCardsTbl VALUES('492412', 'wilson', 'tong', '2005/12/05');
INSERT INTO CreditCardsTbl VALUES('492413', 'teddio', 'kong', '2006/01/05');
INSERT INTO CreditCardsTbl VALUES('492414', 'spike', 'moon', '2006/02/05');
INSERT INTO CreditCardsTbl VALUES('492415', 'jet', 'lim', '2006/03/05');
INSERT INTO CreditCardsTbl VALUES('492416', 'green', 'mooch', '2006/04/05');
INSERT INTO CreditCardsTbl VALUES('492417', 'red', 'man', '2006/05/05');
INSERT INTO CreditCardsTbl VALUES('492418', 'foo', 'bar', '2006/06/05');
INSERT INTO CreditCardsTbl VALUES('492419', 'moo', 'koo', '2006/07/05');
INSERT INTO CreditCardsTbl VALUES('492420', 'lai', 'bai', '2006/08/05');
INSERT INTO CreditCardsTbl VALUES('259091', 'Sharon', 'Chang', '2006/05/03');
INSERT INTO CreditCardsTbl VALUES('259092', 'Melissa', 'Garcia', '2006/06/04');
INSERT INTO CreditCardsTbl VALUES('259093', 'Muy', 'Sun', '2006/07/05');
INSERT INTO CreditCardsTbl VALUES('259094', 'Robert', 'Cox', '2006/08/06');
INSERT INTO CreditCardsTbl VALUES('259095', 'Robert', 'Bailey', '2006/09/07');
INSERT INTO CreditCardsTbl VALUES('259096', 'Clare', 'Eugenio', '2006/10/08');
INSERT INTO CreditCardsTbl VALUES('259097', 'Philip', 'Tseng', '2006/11/09');
INSERT INTO CreditCardsTbl VALUES('259098', 'Will', 'Hwang', '2006/12/10');
INSERT INTO CreditCardsTbl VALUES('259099', 'Ben', 'Gram', '2006/01/11');
INSERT INTO CreditCardsTbl VALUES('259100', 'Lars', 'Wright', '2006/02/12');
INSERT INTO CreditCardsTbl VALUES('259101', 'Peter', 'Liou', '2006/03/13');
INSERT INTO CreditCardsTbl VALUES('259102', 'Jack', 'Liou', '2006/04/14');
INSERT INTO CreditCardsTbl VALUES('259103', 'Ernest', 'Chu', '2006/05/15');
INSERT INTO CreditCardsTbl VALUES('259104', 'Terrence', 'Shay', '2006/06/16');
INSERT INTO CreditCardsTbl VALUES('259105', 'Grace', 'Chen', '2006/07/17');
INSERT INTO CreditCardsTbl VALUES('259106', 'Michelle', 'Hwang', '2006/08/18');
INSERT INTO CreditCardsTbl VALUES('259107', 'Karl', 'Wang', '2006/09/19');
INSERT INTO CreditCardsTbl VALUES('259108', 'Arman', 'Alimian', '2006/10/20');
INSERT INTO CreditCardsTbl VALUES('259109', 'David', 'Alimian', '2006/11/21');
INSERT INTO CreditCardsTbl VALUES('259110', 'Owais', 'Ahmed', '2006/12/22');
INSERT INTO CreditCardsTbl VALUES('3242-3242-1531-6423', 'Bob', 'Kane', '2006/11/21');
INSERT INTO CreditCardsTbl VALUES('4622-6423-5133-5723', 'Julius', 'Schwartz', '2007/02/11');
INSERT INTO CreditCardsTbl VALUES('5235-2422-4521-3111', 'Dennis', 'Oneil', '2006/12/01');
INSERT INTO CreditCardsTbl VALUES('4444-1425-4262-1622', 'Frank', 'Miller', '2005/11/23');
INSERT INTO CreditCardsTbl VALUES('1243-4522-2532-2544', 'Bill', 'Finger', '2005/10/03');
INSERT INTO CreditCardsTbl VALUES('3224-2342-2352-5353', 'Tim', 'Drake', '2005/11/09');
INSERT INTO CreditCardsTbl VALUES('5454-2452-2564-4362', 'Jason', 'Todd', '2007/02/25');
INSERT INTO CreditCardsTbl VALUES('8234-4221-3523-4363', 'Richard', 'Grayson', '2005/05/20');
INSERT INTO CreditCardsTbl VALUES('3234-2535-2312-6942', 'Stephen', 'Robinson', '2006/03/11');
INSERT INTO CreditCardsTbl VALUES('5232-4634-7322-2511', 'Neil', 'Kope', '2008/12/01');
INSERT INTO CreditCardsTbl VALUES('2353-5231-5231-1332', 'Brian', 'Jones', '2010/12/22');
INSERT INTO CreditCardsTbl VALUES('5322-1121-5574-3222', 'Karl', 'Karlson', '2006/11/11');
INSERT INTO CreditCardsTbl VALUES('3222-9900-1103-3111', 'Lenny', 'Lenard', '2009/02/11');
INSERT INTO CreditCardsTbl VALUES('6222-1242-5322-4561', 'Al', 'Geene', '2020/11/04');
INSERT INTO CreditCardsTbl VALUES('3923-2352-2822-1249', 'Sam', 'Simon', '2005/07/21');
INSERT INTO CreditCardsTbl VALUES('6436-5723-2353-2522', 'Matt', 'Groening', '2043/11/24');
INSERT INTO CreditCardsTbl VALUES('7532-3256-2521-3574', 'Herb', 'Powell', '2005/01/30');
INSERT INTO CreditCardsTbl VALUES('3523-6334-6211-9230', 'Nelson', 'Muntz', '2006/02/03');
INSERT INTO CreditCardsTbl VALUES('4622-2511-6242-3423', 'Jimbo', 'Jones', '2007/12/05');
INSERT INTO CreditCardsTbl VALUES('6422-6232-6432-1242', 'Ralph', 'Wiggum', '2010/12/05');
INSERT INTO CreditCardsTbl VALUES('1704998', 'Smith', 'Johson', '2007/08/17');
INSERT INTO CreditCardsTbl VALUES('5389564', 'Williams', 'Jones', '2008/05/31');
INSERT INTO CreditCardsTbl VALUES('8001071', 'Brown', 'Davis', '2006/06/04');
INSERT INTO CreditCardsTbl VALUES('1822724', 'Miller', 'Wilson', '2007/01/30');
INSERT INTO CreditCardsTbl VALUES('1579305', 'Taylor', 'Anderson', '2008/09/25');
INSERT INTO CreditCardsTbl VALUES('7269811', 'Thomas', 'Jackson', '2006/08/17');
INSERT INTO CreditCardsTbl VALUES('5548909', 'White', 'Harris', '2009/11/13');
INSERT INTO CreditCardsTbl VALUES('5119888', 'Martin', 'Thompson', '2009/08/08');
INSERT INTO CreditCardsTbl VALUES('9912051', 'Garcia', 'Martinez', '2008/12/05');
INSERT INTO CreditCardsTbl VALUES('4408914', 'Robinson', 'Clark', '2008/04/25');
INSERT INTO CreditCardsTbl VALUES('1541673', 'Rodriguez', 'Lewis', '2010/04/07');
INSERT INTO CreditCardsTbl VALUES('1749986', 'Lee', 'Walker', '2010/09/28');
INSERT INTO CreditCardsTbl VALUES('6844041', 'Hall', 'Allen', '2009/03/31');
INSERT INTO CreditCardsTbl VALUES('8909037', 'Young', 'Hernandez', '2008/05/25');
INSERT INTO CreditCardsTbl VALUES('4559377', 'King', 'Wright', '2008/01/13');
INSERT INTO CreditCardsTbl VALUES('7005311', 'Lopez', 'Hill', '2009/10/08');
INSERT INTO CreditCardsTbl VALUES('7209315', 'Scott', 'Green', '2009/07/26');
INSERT INTO CreditCardsTbl VALUES('2726459', 'Adams', 'Baker', '2009/07/06');
INSERT INTO CreditCardsTbl VALUES('2212883', 'Gonzalez', 'Nelson', '2007/04/26');
INSERT INTO CreditCardsTbl VALUES('3616774', 'Carter', 'Mitchell', '2008/06/27');
INSERT INTO CreditCardsTbl VALUES('6310 0000 0000 0001', 'Steve', 'gomez', '2005/04/10');
INSERT INTO CreditCardsTbl VALUES('6310 0000 0000 0002', 'Wendy', 'Nguyen', '2008/07/09');
INSERT INTO CreditCardsTbl VALUES('6310 0000 0000 0003', 'Jennifer', 'Nguyen', '2005/12/15');
INSERT INTO CreditCardsTbl VALUES('6310 0000 0000 0004', 'Hoa', 'Le', '2007/02/10');
INSERT INTO CreditCardsTbl VALUES('6310 0000 0000 0005', 'Michael', 'Tran', '2006/03/11');
INSERT INTO CreditCardsTbl VALUES('6310 0000 0000 0006', 'Huy', 'Vu', '2004/04/30');
INSERT INTO CreditCardsTbl VALUES('6310 0000 0000 0007', 'Ricky', 'Tan', '2003/08/17');
INSERT INTO CreditCardsTbl VALUES('6310 0000 0000 0008', 'Mai', 'Le', '2007/06/10');
INSERT INTO CreditCardsTbl VALUES('6310 0000 0000 0009', 'Andy', 'To', '2006/11/05');
INSERT INTO CreditCardsTbl VALUES('6310 0000 0000 0010', 'Susan', 'Nguyen', '2009/08/16');
INSERT INTO CreditCardsTbl VALUES('6310 0000 0000 0011', 'Vicky', 'Hoang', '2003/06/25');
INSERT INTO CreditCardsTbl VALUES('6310 0000 0000 0012', 'Tina', 'Vo', '2001/12/18');
INSERT INTO CreditCardsTbl VALUES('6310 0000 0000 0013', 'Mary', 'Nguyen', '2006/04/24');
INSERT INTO CreditCardsTbl VALUES('6310 0000 0000 0014', 'Chi', 'Ngo', '2003/03/19');
INSERT INTO CreditCardsTbl VALUES('6310 0000 0000 0015', 'Julie', 'Le', '2001/11/10');
INSERT INTO CreditCardsTbl VALUES('6310 0000 0000 0016', 'Mindy', 'Pham', '2002/08/26');
INSERT INTO CreditCardsTbl VALUES('6310 0000 0000 0017', 'Nancy', 'Nguyen', '2010/01/09');
INSERT INTO CreditCardsTbl VALUES('6310 0000 0000 0018', 'Tuyet', 'Tran', '2006/07/12');
INSERT INTO CreditCardsTbl VALUES('6310 0000 0000 0019', 'Thuy', 'Nguyen', '2001/04/23');
INSERT INTO CreditCardsTbl VALUES('6310 0000 0000 0020', 'Huyen', 'Lam', '2002/12/14');
INSERT INTO CreditCardsTbl VALUES('693500', 'Bob', 'Jones', '2008/12/03');
INSERT INTO CreditCardsTbl VALUES('693501', 'Casey', 'Le', '2007/04/21');
INSERT INTO CreditCardsTbl VALUES('693502', 'Jack', 'Johnson', '2006/08/11');
INSERT INTO CreditCardsTbl VALUES('693503', 'Jim', 'McDonald', '2005/04/07');
INSERT INTO CreditCardsTbl VALUES('693504', 'Samantha', 'Peters', '2006/09/20');
INSERT INTO CreditCardsTbl VALUES('693505', 'Krystal', 'Nguyen', '2005/02/22');
INSERT INTO CreditCardsTbl VALUES('693506', 'David', 'Kim', '2006/09/30');
INSERT INTO CreditCardsTbl VALUES('693507', 'Janet', 'Jackson', '2006/04/28');
INSERT INTO CreditCardsTbl VALUES('693508', 'Justin', 'Oakley', '2005/10/10');
INSERT INTO CreditCardsTbl VALUES('693509', 'Paul', 'Jacobson', '2005/07/02');
INSERT INTO CreditCardsTbl VALUES('693510', 'Jack', 'Johnson', '2006/01/02');
INSERT INTO CreditCardsTbl VALUES('693511', 'Sugar', 'Ray', '2005/06/15');
INSERT INTO CreditCardsTbl VALUES('693512', 'Charles', 'Barkley', '2007/11/15');
INSERT INTO CreditCardsTbl VALUES('693513', 'Jenny', 'Jones', '2008/06/28');
INSERT INTO CreditCardsTbl VALUES('693514', 'Tim', 'Tong', '2005/04/04');
INSERT INTO CreditCardsTbl VALUES('693515', 'Steve', 'Harvey', '2007/12/12');
INSERT INTO CreditCardsTbl VALUES('693516', 'Ahmad', 'Khan', '2005/04/26');
INSERT INTO CreditCardsTbl VALUES('693517', 'Tom', 'Brady', '2008/10/05');
INSERT INTO CreditCardsTbl VALUES('693518', 'Dats', 'It', '2006/09/17');
INSERT INTO CreditCardsTbl VALUES('693519', 'Martin', 'Lawrence', '2005/01/01');
INSERT INTO CreditCardsTbl VALUES('4800141987432489', 'Tom', 'Park', '2008/01/01');
INSERT INTO CreditCardsTbl VALUES('4800212473284793', 'Andy', 'Lee', '2009/03/01');
INSERT INTO CreditCardsTbl VALUES('4800373214947932', 'Brandon', 'Lee', '2008/09/01');
INSERT INTO CreditCardsTbl VALUES('4800498756431234', 'Edward', 'Kim', '2006/10/01');
INSERT INTO CreditCardsTbl VALUES('4800598756782958', 'Cynthia', 'Kim', '2007/06/01');
INSERT INTO CreditCardsTbl VALUES('4800620934570987', 'Vicky', 'Park', '2010/05/01');
INSERT INTO CreditCardsTbl VALUES('4800702343096754', 'Paul', 'Stiller', '2008/01/01');
INSERT INTO CreditCardsTbl VALUES('4800808712349087', 'Jina', 'Park', '2008/01/01');
INSERT INTO CreditCardsTbl VALUES('4800923490877865', 'Jenny', 'Parnell', '2007/07/01');
INSERT INTO CreditCardsTbl VALUES('4801023499871231', 'Shark', 'Quigly', '2008/01/01');
INSERT INTO CreditCardsTbl VALUES('4801190709885432', 'John', 'Brown', '2006/02/01');
INSERT INTO CreditCardsTbl VALUES('4801212187509232', 'Alex', 'Kim', '2006/12/01');
INSERT INTO CreditCardsTbl VALUES('4801312145679808', 'Donald', 'Dipman', '2009/05/01');
INSERT INTO CreditCardsTbl VALUES('4801409876554534', 'Brian', 'Hagar', '2011/03/01');
INSERT INTO CreditCardsTbl VALUES('4801512089876753', 'Orange', 'Hallett', '2012/12/01');
INSERT INTO CreditCardsTbl VALUES('4801690909761232', 'Mathew', 'Ham', '2005/11/01');
INSERT INTO CreditCardsTbl VALUES('4801789706541124', 'Austin', 'Parker', '2009/08/01');
INSERT INTO CreditCardsTbl VALUES('4801889706548129', 'Kate', 'Halse', '2004/01/01');
INSERT INTO CreditCardsTbl VALUES('4801945872908763', 'Jay', 'Schenck', '2009/12/01');
INSERT INTO CreditCardsTbl VALUES('4802009462749848', 'Nick', 'Sandford', '2005/11/01');
INSERT INTO CreditCardsTbl VALUES('4802187498768349', 'Henderson', 'Irvine', '2008/08/01');
INSERT INTO CreditCardsTbl VALUES('4802279874387189', 'George', 'Saxton', '2006/04/01');
INSERT INTO CreditCardsTbl VALUES('4802398174032113', 'Ryan', 'Chen', '2011/01/01');
INSERT INTO CreditCardsTbl VALUES('422901', 'Tilda', 'Swinton', '2006/01/01');
INSERT INTO CreditCardsTbl VALUES('422902', 'Quentin', 'Crisp', '2006/02/01');
INSERT INTO CreditCardsTbl VALUES('422903', 'Jimmy', 'Somerville', '2006/03/01');
INSERT INTO CreditCardsTbl VALUES('422904', 'John', 'Bott', '2006/04/01');
INSERT INTO CreditCardsTbl VALUES('422905', 'Elaine', 'Banham', '2006/05/01');
INSERT INTO CreditCardsTbl VALUES('422906', 'Anna', 'Farnworth', '2006/06/01');
INSERT INTO CreditCardsTbl VALUES('422907', 'Toby', 'Stephens', '2006/07/01');
INSERT INTO CreditCardsTbl VALUES('422908', 'Dudley', 'Beale', '2006/08/01');
INSERT INTO CreditCardsTbl VALUES('422909', 'Simon', 'Willis', '2006/09/01');
INSERT INTO CreditCardsTbl VALUES('422910', 'Matthew', 'Stepanov', '2006/11/01');
INSERT INTO CreditCardsTbl VALUES('1234 5678 9876 5432', 'Julia', 'Teng', '2007/01/01');
INSERT INTO CreditCardsTbl VALUES('2345 6789 8765 4321', 'Jasmine', 'Teng', '2009/05/09');
INSERT INTO CreditCardsTbl VALUES('3456 7898 7654 3212', 'Kimi', 'Teng', '2006/01/07');
INSERT INTO CreditCardsTbl VALUES('4567 8987 6543 2123', 'Kat', 'Lee', '2006/09/09');
INSERT INTO CreditCardsTbl VALUES('5678 9876 5432 1234', 'Jess', 'Smith', '2008/05/12');
INSERT INTO CreditCardsTbl VALUES('6789 8765 4321 1234', 'Cindy', 'Vo', '2008/08/08');
INSERT INTO CreditCardsTbl VALUES('7898 7654 3212 3456', 'Ron', 'Lim', '2007/04/21');
INSERT INTO CreditCardsTbl VALUES('8987 6543 2123 4567', 'Daniel', 'Im', '2008/03/06');
INSERT INTO CreditCardsTbl VALUES('9876 5432 1234 5678', 'John', 'Kim', '2006/11/11');
INSERT INTO CreditCardsTbl VALUES('0123 4567 8987 6543', 'Richard', 'Kang', '2006/07/03');
INSERT INTO CreditCardsTbl VALUES('1122 3344 5566 7788', 'Diana', 'Nguyen', '2009/08/06');
INSERT INTO CreditCardsTbl VALUES('2233 4455 6677 8899', 'Jo', 'Cho', '2009/05/15');
INSERT INTO CreditCardsTbl VALUES('3344 5566 7788 9988', 'Julie', 'Chang', '2007/07/14');
INSERT INTO CreditCardsTbl VALUES('4455 6677 8899 8877', 'Ricky', 'Kim', '2005/08/22');
INSERT INTO CreditCardsTbl VALUES('5566 7788 9988 7766', 'Jeff', 'Hunter', '2008/12/12');
INSERT INTO CreditCardsTbl VALUES('6677 8899 8877 6655', 'Jim', 'Ruiz', '2007/12/05');
INSERT INTO CreditCardsTbl VALUES('7788 9988 7766 5544', 'Amanda', 'Smith', '2007/06/16');
INSERT INTO CreditCardsTbl VALUES('8899 8877 6655 4433', 'Lindsey', 'Hunter', '2005/07/04');
INSERT INTO CreditCardsTbl VALUES('9988 7766 5544 3322', 'Mike', 'Lee', '2006/01/01');
INSERT INTO CreditCardsTbl VALUES('0011 2233 4455 6677', 'Bill', 'Wang', '2009/09/07');





INSERT INTO OwnerTbl VALUES (001, "Isabella   Johnson   ", "1 (452) 229-2052", 1, 3);   INSERT INTO OwnerTbl VALUES (401, "Mason        Johnson   ", "1 (864) 592-2972", 1, 4);
INSERT INTO OwnerTbl VALUES (002, "Emma       Williams  ", "1 (381) 887-5865", 1, 2);   INSERT INTO OwnerTbl VALUES (402, "William      Williams  ", "1 (512) 436-0430", 1, 4);
INSERT INTO OwnerTbl VALUES (003, "Olivia     Jones     ", "1 (567) 895-9639", 1, 2);   INSERT INTO OwnerTbl VALUES (403, "Jayden       Jones     ", "1 (586) 007-4834", 1, 3);
INSERT INTO OwnerTbl VALUES (004, "Ava        Brown     ", "1 (622) 598-5715", 1, 4);   INSERT INTO OwnerTbl VALUES (404, "Noah         Brown     ", "1 (003) 750-9249", 1, 2);
INSERT INTO OwnerTbl VALUES (005, "Emily      Davis     ", "1 (220) 632-9679", 1, 4);   INSERT INTO OwnerTbl VALUES (405, "Michael      Davis     ", "1 (349) 179-1211", 1, 2);
INSERT INTO OwnerTbl VALUES (006, "Abigail    Miller    ", "1 (437) 241-3643", 1, 3);   INSERT INTO OwnerTbl VALUES (406, "Ethan        Miller    ", "1 (620) 076-3043", 1, 3);
INSERT INTO OwnerTbl VALUES (007, "Madison    Wilson    ", "1 (246) 641-3883", 1, 4);   INSERT INTO OwnerTbl VALUES (407, "Alexander    Wilson    ", "1 (513) 924-9889", 1, 4);
INSERT INTO OwnerTbl VALUES (008, "Mia        Moore     ", "1 (220) 093-7137", 1, 2);   INSERT INTO OwnerTbl VALUES (408, "Aiden        Moore     ", "1 (275) 232-3603", 1, 4);
INSERT INTO OwnerTbl VALUES (009, "Chloe      Taylor    ", "1 (758) 741-3473", 1, 2);   INSERT INTO OwnerTbl VALUES (409, "Daniel       Taylor    ", "1 (521) 551-9679", 1, 4);
INSERT INTO OwnerTbl VALUES (010, "Elizabeth  Anderson  ", "1 (280) 545-0720", 1, 2);   INSERT INTO OwnerTbl VALUES (410, "Anthony      Anderson  ", "1 (979) 350-2482", 1, 4);
INSERT INTO OwnerTbl VALUES (011, "Ella       Thomas    ", "1 (732) 776-9829", 1, 2);   INSERT INTO OwnerTbl VALUES (411, "Matthew      Thomas    ", "1 (000) 590-6846", 1, 2);
INSERT INTO OwnerTbl VALUES (012, "Addison    Jackson   ", "1 (232) 789-2952", 1, 3);   INSERT INTO OwnerTbl VALUES (412, "Elijah       Jackson   ", "1 (134) 240-6636", 1, 2);
INSERT INTO OwnerTbl VALUES (013, "Natalie    White     ", "1 (843) 942-6356", 1, 3);   INSERT INTO OwnerTbl VALUES (413, "Joshua       White     ", "1 (244) 997-7827", 1, 2);
INSERT INTO OwnerTbl VALUES (014, "Lily       Harris    ", "1 (902) 011-0230", 1, 3);   INSERT INTO OwnerTbl VALUES (414, "Liam         Harris    ", "1 (408) 100-0330", 1, 2);
INSERT INTO OwnerTbl VALUES (015, "Grace      Martin    ", "1 (039) 670-3173", 1, 2);   INSERT INTO OwnerTbl VALUES (415, "Andrew       Martin    ", "1 (870) 252-6886", 1, 3);
INSERT INTO OwnerTbl VALUES (016, "Samantha   Thompson  ", "1 (029) 994-3253", 1, 2);   INSERT INTO OwnerTbl VALUES (416, "James        Thompson  ", "1 (980) 548-7337", 1, 2);
INSERT INTO OwnerTbl VALUES (017, "Avery      Garcia    ", "1 (488) 543-9369", 1, 2);   INSERT INTO OwnerTbl VALUES (417, "David        Garcia    ", "1 (251) 012-2782", 1, 2);
INSERT INTO OwnerTbl VALUES (018, "Sofia      Martinez  ", "1 (973) 067-1611", 1, 2);   INSERT INTO OwnerTbl VALUES (418, "Benjamin     Martinez  ", "1 (384) 403-7807", 1, 3);
INSERT INTO OwnerTbl VALUES (019, "Aubrey     Robinson  ", "1 (241) 036-3763", 1, 2);   INSERT INTO OwnerTbl VALUES (419, "Logan        Robinson  ", "1 (765) 786-8288", 1, 4);
INSERT INTO OwnerTbl VALUES (020, "Brooklyn   Clark     ", "1 (030) 330-9459", 1, 4);   INSERT INTO OwnerTbl VALUES (420, "Christopher  Clark     ", "1 (906) 385-3333", 1, 4);
INSERT INTO OwnerTbl VALUES (021, "Lillian    Rodriguez ", "1 (873) 448-8288", 1, 2);   INSERT INTO OwnerTbl VALUES (421, "Joseph       Rodriguez ", "1 (317) 328-4704", 1, 3);
INSERT INTO OwnerTbl VALUES (022, "Victoria   Lewis     ", "1 (721) 183-2962", 1, 3);   INSERT INTO OwnerTbl VALUES (422, "Jackson      Lewis     ", "1 (113) 549-8778", 1, 3);
INSERT INTO OwnerTbl VALUES (023, "Evelyn     Lee       ", "1 (546) 762-0030", 1, 3);   INSERT INTO OwnerTbl VALUES (423, "Gabriel      Lee       ", "1 (570) 139-1421", 1, 3);
INSERT INTO OwnerTbl VALUES (024, "Hannah     Walker    ", "1 (277) 159-1081", 1, 3);   INSERT INTO OwnerTbl VALUES (424, "Ryan         Walker    ", "1 (462) 534-6086", 1, 3);
INSERT INTO OwnerTbl VALUES (025, "Alexis     Hall      ", "1 (941) 459-4624", 1, 3);   INSERT INTO OwnerTbl VALUES (425, "Samuel       Hall      ", "1 (474) 975-4814", 1, 2);
INSERT INTO OwnerTbl VALUES (026, "Charlotte  Allen     ", "1 (002) 597-9609", 1, 4);   INSERT INTO OwnerTbl VALUES (426, "John         Allen     ", "1 (895) 288-8698", 1, 4);
INSERT INTO OwnerTbl VALUES (027, "Zoey       Young     ", "1 (945) 071-3753", 1, 3);   INSERT INTO OwnerTbl VALUES (427, "Nathan       Young     ", "1 (850) 341-1371", 1, 2);
INSERT INTO OwnerTbl VALUES (028, "Leah       Hernandez ", "1 (636) 150-3853", 1, 3);   INSERT INTO OwnerTbl VALUES (428, "Lucas        Hernandez ", "1 (119) 709-1761", 1, 3);
INSERT INTO OwnerTbl VALUES (029, "Amelia     King      ", "1 (461) 658-0740", 1, 4);   INSERT INTO OwnerTbl VALUES (429, "Christian    King      ", "1 (989) 046-7557", 1, 4);
INSERT INTO OwnerTbl VALUES (030, "Zoe        Wright    ", "1 (834) 837-9949", 1, 4);   INSERT INTO OwnerTbl VALUES (430, "Jonathan     Wright    ", "1 (023) 772-1091", 1, 4);
INSERT INTO OwnerTbl VALUES (031, "Hailey     Lopez     ", "1 (649) 354-2532", 1, 3);   INSERT INTO OwnerTbl VALUES (431, "Caleb        Lopez     ", "1 (505) 131-0990", 1, 2);
INSERT INTO OwnerTbl VALUES (032, "Layla      Hill      ", "1 (661) 140-1051", 1, 3);   INSERT INTO OwnerTbl VALUES (432, "Dylan        Hill      ", "1 (290) 053-3493", 1, 4);
INSERT INTO OwnerTbl VALUES (033, "Gabriella  Scott     ", "1 (771) 556-8928", 1, 4);   INSERT INTO OwnerTbl VALUES (433, "Landon       Scott     ", "1 (572) 354-4234", 1, 4);
INSERT INTO OwnerTbl VALUES (034, "Nevaeh     Green     ", "1 (834) 267-2622", 1, 2);   INSERT INTO OwnerTbl VALUES (434, "Isaac        Green     ", "1 (780) 184-2102", 1, 3);
INSERT INTO OwnerTbl VALUES (035, "Kaylee     Adams     ", "1 (530) 688-1511", 1, 3);   INSERT INTO OwnerTbl VALUES (435, "Gavin        Adams     ", "1 (624) 602-6066", 1, 2);
INSERT INTO OwnerTbl VALUES (036, "Alyssa     Baker     ", "1 (785) 090-3993", 1, 3);   INSERT INTO OwnerTbl VALUES (436, "Brayden      Baker     ", "1 (751) 508-3673", 1, 2);
INSERT INTO OwnerTbl VALUES (037, "Anna       Gonzalez  ", "1 (608) 842-6516", 1, 4);   INSERT INTO OwnerTbl VALUES (437, "Tyler        Gonzalez  ", "1 (113) 673-5515", 1, 2);
INSERT INTO OwnerTbl VALUES (038, "Sarah      Nelson    ", "1 (441) 691-1551", 1, 4);   INSERT INTO OwnerTbl VALUES (438, "Luke         Nelson    ", "1 (699) 845-1871", 1, 3);
INSERT INTO OwnerTbl VALUES (039, "Allison    Carter    ", "1 (347) 863-2252", 1, 3);   INSERT INTO OwnerTbl VALUES (439, "Evan         Carter    ", "1 (644) 532-7017", 1, 3);
INSERT INTO OwnerTbl VALUES (040, "Savannah   Mitchell  ", "1 (056) 706-9729", 1, 2);   INSERT INTO OwnerTbl VALUES (440, "Carter       Mitchell  ", "1 (149) 181-6576", 1, 2);
INSERT INTO OwnerTbl VALUES (041, "Ashley     Perez     ", "1 (570) 325-9139", 1, 2);   INSERT INTO OwnerTbl VALUES (441, "Nicholas     Perez     ", "1 (830) 823-7237", 1, 4);
INSERT INTO OwnerTbl VALUES (042, "Audrey     Roberts   ", "1 (834) 950-1461", 1, 2);   INSERT INTO OwnerTbl VALUES (442, "Isaiah       Roberts   ", "1 (065) 534-1551", 1, 4);
INSERT INTO OwnerTbl VALUES (043, "Taylor     Turner    ", "1 (028) 845-6896", 1, 2);   INSERT INTO OwnerTbl VALUES (443, "Owen         Turner    ", "1 (446) 788-5875", 1, 4);
INSERT INTO OwnerTbl VALUES (044, "Brianna    Phillips  ", "1 (124) 199-2062", 1, 3);   INSERT INTO OwnerTbl VALUES (444, "Jack         Phillips  ", "1 (672) 665-9789", 1, 2);
INSERT INTO OwnerTbl VALUES (045, "Aaliyah    Campbell  ", "1 (569) 147-8198", 1, 2);   INSERT INTO OwnerTbl VALUES (445, "Jordan       Campbell  ", "1 (251) 537-3593", 1, 3);
INSERT INTO OwnerTbl VALUES (046, "Riley      Parker    ", "1 (066) 153-8408", 1, 2);   INSERT INTO OwnerTbl VALUES (446, "Brandon      Parker    ", "1 (662) 101-7507", 1, 3);
INSERT INTO OwnerTbl VALUES (047, "Camila     Evans     ", "1 (295) 483-9999", 1, 3);   INSERT INTO OwnerTbl VALUES (447, "Wyatt        Evans     ", "1 (342) 822-7147", 1, 2);
INSERT INTO OwnerTbl VALUES (048, "Khloe      Edwards   ", "1 (592) 309-1031", 1, 3);   INSERT INTO OwnerTbl VALUES (448, "Julian       Edwards   ", "1 (617) 917-4164", 1, 3);
INSERT INTO OwnerTbl VALUES (049, "Claire     Collins   ", "1 (511) 053-2942", 1, 3);   INSERT INTO OwnerTbl VALUES (626, "Aaron        Zhong     ", "1 (626) 608-8958", 1, 3);
INSERT INTO OwnerTbl VALUES (050, "Sophie     Stewart   ", "1 (879) 847-1591", 1, 2);   INSERT INTO OwnerTbl VALUES (450, "Jeremiah     Stewart   ", "1 (861) 440-2852", 1, 4);
INSERT INTO OwnerTbl VALUES (051, "Arianna    Sanchez   ", "1 (556) 795-9889", 1, 2);   INSERT INTO OwnerTbl VALUES (451, "Angel        Sanchez   ", "1 (898) 709-0630", 1, 3);
INSERT INTO OwnerTbl VALUES (052, "Peyton     Morris    ", "1 (988) 153-5265", 1, 3);   INSERT INTO OwnerTbl VALUES (452, "Cameron      Morris    ", "1 (915) 293-8518", 1, 3);
INSERT INTO OwnerTbl VALUES (053, "Harper     Rogers    ", "1 (398) 265-3553", 1, 3);   INSERT INTO OwnerTbl VALUES (453, "Connor       Rogers    ", "1 (195) 766-8958", 1, 2);
INSERT INTO OwnerTbl VALUES (054, "Alexa      Reed      ", "1 (184) 614-0100", 1, 4);   INSERT INTO OwnerTbl VALUES (454, "Hunter       Reed      ", "1 (713) 154-8098", 1, 4);
INSERT INTO OwnerTbl VALUES (055, "Makayla    Cook      ", "1 (052) 329-6286", 1, 3);   INSERT INTO OwnerTbl VALUES (455, "Adrian       Cook      ", "1 (785) 086-0040", 1, 4);
INSERT INTO OwnerTbl VALUES (056, "Julia      Morgan    ", "1 (463) 796-2962", 1, 3);   INSERT INTO OwnerTbl VALUES (456, "Henry        Morgan    ", "1 (061) 029-3073", 1, 2);
INSERT INTO OwnerTbl VALUES (057, "Kylie      Bell      ", "1 (690) 393-5725", 1, 2);   INSERT INTO OwnerTbl VALUES (457, "Eli          Bell      ", "1 (948) 249-4854", 1, 4);
INSERT INTO OwnerTbl VALUES (058, "Kayla      Murphy    ", "1 (123) 337-6586", 1, 2);   INSERT INTO OwnerTbl VALUES (458, "Justin       Murphy    ", "1 (980) 849-6326", 1, 4);
INSERT INTO OwnerTbl VALUES (059, "Bella      Bailey    ", "1 (184) 671-9229", 1, 4);   INSERT INTO OwnerTbl VALUES (459, "Austin       Bailey    ", "1 (610) 493-3043", 1, 3);
INSERT INTO OwnerTbl VALUES (060, "Katherine  Rivera    ", "1 (172) 301-9039", 1, 3);   INSERT INTO OwnerTbl VALUES (460, "Robert       Rivera    ", "1 (196) 836-4274", 1, 4);
INSERT INTO OwnerTbl VALUES (061, "Lauren     Cooper    ", "1 (304) 639-3913", 1, 3);   INSERT INTO OwnerTbl VALUES (461, "Charles      Cooper    ", "1 (474) 800-4994", 1, 2);
INSERT INTO OwnerTbl VALUES (062, "Gianna     Richardson", "1 (850) 878-9259", 1, 4);   INSERT INTO OwnerTbl VALUES (462, "Thomas       RichardsoN", "1 (293) 309-1921", 1, 4);
INSERT INTO OwnerTbl VALUES (063, "Maya       Cox       ", "1 (169) 765-6626", 1, 2);   INSERT INTO OwnerTbl VALUES (463, "Zachary      Cox       ", "1 (219) 893-8738", 1, 3);
INSERT INTO OwnerTbl VALUES (064, "Sydney     Howard    ", "1 (987) 481-0810", 1, 3);   INSERT INTO OwnerTbl VALUES (464, "Jose         Howard    ", "1 (734) 779-7277", 1, 3);
INSERT INTO OwnerTbl VALUES (065, "Serenity   Ward      ", "1 (562) 468-3573", 1, 2);   INSERT INTO OwnerTbl VALUES (465, "Levi         Ward      ", "1 (611) 735-1641", 1, 2);
INSERT INTO OwnerTbl VALUES (066, "Kimberly   Torres    ", "1 (895) 671-2212", 1, 2);   INSERT INTO OwnerTbl VALUES (466, "Kevin        Torres    ", "1 (829) 052-4114", 1, 4);
INSERT INTO OwnerTbl VALUES (067, "Mackenzie  Peterson  ", "1 (686) 956-6186", 1, 3);   INSERT INTO OwnerTbl VALUES (467, "Sebastian    Peterson  ", "1 (603) 003-1211", 1, 3);
INSERT INTO OwnerTbl VALUES (068, "Autumn     Gray      ", "1 (443) 699-2202", 1, 3);   INSERT INTO OwnerTbl VALUES (468, "Chase        Gray      ", "1 (922) 190-0470", 1, 4);
INSERT INTO OwnerTbl VALUES (069, "Jocelyn    Ramirez   ", "1 (138) 467-1621", 1, 2);   INSERT INTO OwnerTbl VALUES (469, "Ayden        Ramirez   ", "1 (650) 508-1841", 1, 2);
INSERT INTO OwnerTbl VALUES (070, "Faith      James     ", "1 (868) 777-4244", 1, 2);   INSERT INTO OwnerTbl VALUES (470, "Jason        James     ", "1 (468) 362-8038", 1, 4);
INSERT INTO OwnerTbl VALUES (071, "Lucy       Watson    ", "1 (460) 799-9939", 1, 4);   INSERT INTO OwnerTbl VALUES (471, "Ian          Watson    ", "1 (843) 411-0250", 1, 2);
INSERT INTO OwnerTbl VALUES (072, "Stella     Brooks    ", "1 (046) 099-0320", 1, 3);   INSERT INTO OwnerTbl VALUES (472, "Blake        Brooks    ", "1 (327) 363-8158", 1, 3);
INSERT INTO OwnerTbl VALUES (073, "Jasmine    Kelly     ", "1 (869) 126-4994", 1, 2);   INSERT INTO OwnerTbl VALUES (473, "Colton       Kelly     ", "1 (084) 864-6756", 1, 4);
INSERT INTO OwnerTbl VALUES (074, "Morgan     Sanders   ", "1 (376) 785-4274", 1, 2);   INSERT INTO OwnerTbl VALUES (474, "Bentley      Sanders   ", "1 (453) 659-4314", 1, 3);
INSERT INTO OwnerTbl VALUES (075, "Alexandra  Price     ", "1 (509) 583-5945", 1, 4);   INSERT INTO OwnerTbl VALUES (475, "Dominic      Price     ", "1 (463) 472-8048", 1, 4);
INSERT INTO OwnerTbl VALUES (076, "Trinity    Bennett   ", "1 (406) 697-5785", 1, 4);   INSERT INTO OwnerTbl VALUES (476, "Xavier       Bennett   ", "1 (328) 822-7507", 1, 3);
INSERT INTO OwnerTbl VALUES (077, "Molly      Wood      ", "1 (441) 588-9669", 1, 3);   INSERT INTO OwnerTbl VALUES (477, "Oliver       Wood      ", "1 (685) 544-0290", 1, 2);
INSERT INTO OwnerTbl VALUES (078, "Madelyn    Barnes    ", "1 (841) 771-0070", 1, 2);   INSERT INTO OwnerTbl VALUES (478, "Parker       Barnes    ", "1 (244) 814-4434", 1, 2);
INSERT INTO OwnerTbl VALUES (079, "Scarlett   Ross      ", "1 (680) 637-6816", 1, 3);   INSERT INTO OwnerTbl VALUES (479, "Josiah       Ross      ", "1 (260) 529-6216", 1, 2);
INSERT INTO OwnerTbl VALUES (080, "Andrea     Henderson ", "1 (882) 195-1251", 1, 2);   INSERT INTO OwnerTbl VALUES (480, "Adam         Henderson ", "1 (968) 575-0570", 1, 2);
INSERT INTO OwnerTbl VALUES (081, "Genesis    Coleman   ", "1 (637) 809-3493", 1, 3);   INSERT INTO OwnerTbl VALUES (481, "Cooper       Coleman   ", "1 (120) 996-0890", 1, 2);
INSERT INTO OwnerTbl VALUES (082, "Eva        Jenkins   ", "1 (314) 690-5255", 1, 2);   INSERT INTO OwnerTbl VALUES (482, "Brody        Jenkins   ", "1 (908) 888-1431", 1, 4);
INSERT INTO OwnerTbl VALUES (083, "Ariana     Perry     ", "1 (743) 802-5185", 1, 4);   INSERT INTO OwnerTbl VALUES (483, "Nathaniel    Perry     ", "1 (435) 893-0470", 1, 4);
INSERT INTO OwnerTbl VALUES (084, "Madeline   Powell    ", "1 (931) 287-2702", 1, 2);   INSERT INTO OwnerTbl VALUES (484, "Carson       Powell    ", "1 (323) 766-9999", 1, 3);
INSERT INTO OwnerTbl VALUES (085, "Brooke     Long      ", "1 (536) 539-6566", 1, 3);   INSERT INTO OwnerTbl VALUES (485, "Jaxon        Long      ", "1 (631) 778-3503", 1, 4);
INSERT INTO OwnerTbl VALUES (086, "Caroline   Patterson ", "1 (344) 636-6576", 1, 2);   INSERT INTO OwnerTbl VALUES (486, "Tristan      Patterson ", "1 (746) 414-0860", 1, 3);
INSERT INTO OwnerTbl VALUES (087, "Bailey     Hughes    ", "1 (903) 936-7647", 1, 3);   INSERT INTO OwnerTbl VALUES (487, "Luis         Hughes    ", "1 (261) 331-4834", 1, 3);
INSERT INTO OwnerTbl VALUES (088, "Melanie    Flores    ", "1 (065) 830-9809", 1, 4);   INSERT INTO OwnerTbl VALUES (488, "Juan         Flores    ", "1 (875) 920-8138", 1, 3);
INSERT INTO OwnerTbl VALUES (089, "Kennedy    Washington", "1 (955) 853-0840", 1, 2);   INSERT INTO OwnerTbl VALUES (489, "Hayden       WashingtoN", "1 (265) 888-3243", 1, 3);
INSERT INTO OwnerTbl VALUES (090, "Destiny    Butler    ", "1 (348) 523-8488", 1, 4);   INSERT INTO OwnerTbl VALUES (490, "Carlos       Butler    ", "1 (534) 220-9169", 1, 4);
INSERT INTO OwnerTbl VALUES (091, "Maria      Simmons   ", "1 (401) 498-6676", 1, 4);   INSERT INTO OwnerTbl VALUES (491, "Jesus        Simmons   ", "1 (848) 558-3613", 1, 4);
INSERT INTO OwnerTbl VALUES (092, "Naomi      Foster    ", "1 (062) 727-9729", 1, 3);   INSERT INTO OwnerTbl VALUES (492, "Nolan        Foster    ", "1 (873) 656-8608", 1, 2);
INSERT INTO OwnerTbl VALUES (093, "London     Gonzales  ", "1 (745) 216-8078", 1, 3);   INSERT INTO OwnerTbl VALUES (493, "Cole         Gonzales  ", "1 (657) 952-1781", 1, 4);
INSERT INTO OwnerTbl VALUES (094, "Payton     Bryant    ", "1 (207) 323-3483", 1, 4);   INSERT INTO OwnerTbl VALUES (494, "Alex         Bryant    ", "1 (566) 523-4074", 1, 4);
INSERT INTO OwnerTbl VALUES (095, "Lydia      Alexander ", "1 (233) 149-1421", 1, 4);   INSERT INTO OwnerTbl VALUES (495, "Max          Alexander ", "1 (011) 733-3543", 1, 4);
INSERT INTO OwnerTbl VALUES (096, "Ellie      Russell   ", "1 (163) 511-7677", 1, 3);   INSERT INTO OwnerTbl VALUES (496, "Grayson      Russell   ", "1 (212) 408-7287", 1, 3);
INSERT INTO OwnerTbl VALUES (097, "Mariah     Griffin   ", "1 (602) 290-5665", 1, 2);   INSERT INTO OwnerTbl VALUES (497, "Bryson       Griffin   ", "1 (663) 441-2012", 1, 4);
INSERT INTO OwnerTbl VALUES (098, "Aubree     Diaz      ", "1 (063) 528-0210", 1, 2);   INSERT INTO OwnerTbl VALUES (498, "Diego        Diaz      ", "1 (044) 822-1381", 1, 3);
INSERT INTO OwnerTbl VALUES (099, "Kaitlyn    Hayes     ", "1 (752) 128-5125", 1, 3);   INSERT INTO OwnerTbl VALUES (499, "Jaden        Hayes     ", "1 (499) 208-7727", 1, 3);
INSERT INTO OwnerTbl VALUES (100, "Violet     Myers     ", "1 (418) 100-7487", 1, 3);   INSERT INTO OwnerTbl VALUES (500, "Vincent      Myers     ", "1 (392) 935-6366", 1, 4);
INSERT INTO OwnerTbl VALUES (101, "Rylee      Ford      ", "1 (899) 180-0510", 1, 2);   INSERT INTO OwnerTbl VALUES (501, "Easton       Ford      ", "1 (710) 212-9279", 1, 4);
INSERT INTO OwnerTbl VALUES (102, "Lilly      Hamilton  ", "1 (168) 419-9749", 1, 2);   INSERT INTO OwnerTbl VALUES (502, "Eric         Hamilton  ", "1 (071) 558-9859", 1, 2);
INSERT INTO OwnerTbl VALUES (103, "Angelina   Graham    ", "1 (745) 501-1261", 1, 2);   INSERT INTO OwnerTbl VALUES (503, "Micah        Graham    ", "1 (430) 377-5805", 1, 2);
INSERT INTO OwnerTbl VALUES (104, "Katelyn    Sullivan  ", "1 (475) 997-5565", 1, 4);   INSERT INTO OwnerTbl VALUES (504, "Kayden       Sullivan  ", "1 (156) 645-6916", 1, 3);
INSERT INTO OwnerTbl VALUES (105, "Mya        Wallace   ", "1 (023) 518-9059", 1, 2);   INSERT INTO OwnerTbl VALUES (505, "Jace         Wallace   ", "1 (740) 336-5735", 1, 4);
INSERT INTO OwnerTbl VALUES (106, "Paige      Woods     ", "1 (086) 890-4914", 1, 4);   INSERT INTO OwnerTbl VALUES (506, "Aidan        Woods     ", "1 (299) 206-4694", 1, 3);
INSERT INTO OwnerTbl VALUES (107, "Natalia    Cole      ", "1 (106) 102-9779", 1, 3);   INSERT INTO OwnerTbl VALUES (507, "Ryder        Cole      ", "1 (089) 567-9699", 1, 2);
INSERT INTO OwnerTbl VALUES (108, "Ruby       West      ", "1 (005) 153-4304", 1, 4);   INSERT INTO OwnerTbl VALUES (508, "Ashton       West      ", "1 (343) 966-3393", 1, 4);
INSERT INTO OwnerTbl VALUES (109, "Piper      Jordan    ", "1 (288) 287-7157", 1, 3);   INSERT INTO OwnerTbl VALUES (509, "Bryan        Jordan    ", "1 (891) 475-5505", 1, 3);
INSERT INTO OwnerTbl VALUES (110, "Annabelle  Owens     ", "1 (373) 677-4834", 1, 3);   INSERT INTO OwnerTbl VALUES (510, "Riley        Owens     ", "1 (974) 263-9269", 1, 3);
INSERT INTO OwnerTbl VALUES (111, "Mary       Reynolds  ", "1 (237) 182-1191", 1, 4);   INSERT INTO OwnerTbl VALUES (511, "Hudson       Reynolds  ", "1 (210) 442-3283", 1, 4);
INSERT INTO OwnerTbl VALUES (112, "Jade       Fisher    ", "1 (571) 589-4774", 1, 2);   INSERT INTO OwnerTbl VALUES (512, "Asher        Fisher    ", "1 (773) 020-7127", 1, 3);
INSERT INTO OwnerTbl VALUES (113, "Isabelle   Ellis     ", "1 (443) 083-2122", 1, 4);   INSERT INTO OwnerTbl VALUES (513, "Bryce        Ellis     ", "1 (747) 403-9029", 1, 4);
INSERT INTO OwnerTbl VALUES (114, "Liliana    Harrison  ", "1 (879) 615-6486", 1, 2);   INSERT INTO OwnerTbl VALUES (514, "Miles        Harrison  ", "1 (899) 165-3143", 1, 3);
INSERT INTO OwnerTbl VALUES (115, "Nicole     Gibson    ", "1 (898) 667-4974", 1, 4);   INSERT INTO OwnerTbl VALUES (515, "Kaleb        Gibson    ", "1 (451) 660-9459", 1, 3);
INSERT INTO OwnerTbl VALUES (116, "Rachel     Mcdonald  ", "1 (695) 834-6426", 1, 3);   INSERT INTO OwnerTbl VALUES (516, "Giovanni     Mcdonald  ", "1 (486) 197-9879", 1, 4);
INSERT INTO OwnerTbl VALUES (117, "Vanessa    Cruz      ", "1 (459) 895-5935", 1, 2);   INSERT INTO OwnerTbl VALUES (517, "Antonio      Cruz      ", "1 (016) 162-2442", 1, 2);
INSERT INTO OwnerTbl VALUES (118, "Gabrielle  Marshall  ", "1 (495) 983-8268", 1, 2);   INSERT INTO OwnerTbl VALUES (518, "Kaden        Marshall  ", "1 (837) 316-3003", 1, 4);
INSERT INTO OwnerTbl VALUES (119, "Jessica    Ortiz     ", "1 (440) 491-2442", 1, 4);   INSERT INTO OwnerTbl VALUES (519, "Colin        Ortiz     ", "1 (552) 112-0000", 1, 2);
INSERT INTO OwnerTbl VALUES (120, "Jordyn     Gomez     ", "1 (776) 951-5115", 1, 2);   INSERT INTO OwnerTbl VALUES (520, "Kyle         Gomez     ", "1 (210) 340-0040", 1, 4);
INSERT INTO OwnerTbl VALUES (121, "Reagan     Murray    ", "1 (592) 809-1931", 1, 2);   INSERT INTO OwnerTbl VALUES (521, "Brian        Murray    ", "1 (081) 532-4504", 1, 4);
INSERT INTO OwnerTbl VALUES (122, "Kendall    Freeman   ", "1 (005) 858-5485", 1, 4);   INSERT INTO OwnerTbl VALUES (522, "Timothy      Freeman   ", "1 (624) 544-2242", 1, 3);
INSERT INTO OwnerTbl VALUES (123, "Sadie      Wells     ", "1 (209) 679-5985", 1, 3);   INSERT INTO OwnerTbl VALUES (523, "Steven       Wells     ", "1 (081) 444-1101", 1, 4);
INSERT INTO OwnerTbl VALUES (124, "Valeria    Webb      ", "1 (692) 145-3683", 1, 4);   INSERT INTO OwnerTbl VALUES (524, "Sean         Webb      ", "1 (232) 197-4384", 1, 2);
INSERT INTO OwnerTbl VALUES (125, "Brielle    Simpson   ", "1 (846) 982-6316", 1, 3);   INSERT INTO OwnerTbl VALUES (525, "Miguel       Simpson   ", "1 (093) 570-2172", 1, 4);
INSERT INTO OwnerTbl VALUES (126, "Lyla       Stevens   ", "1 (269) 258-7707", 1, 2);   INSERT INTO OwnerTbl VALUES (526, "Richard      Stevens   ", "1 (055) 403-4554", 1, 3);
INSERT INTO OwnerTbl VALUES (127, "Isabel     Tucker    ", "1 (868) 253-6906", 1, 2);   INSERT INTO OwnerTbl VALUES (527, "Ivan         Tucker    ", "1 (247) 700-1131", 1, 4);
INSERT INTO OwnerTbl VALUES (128, "Brooklynn  Porter    ", "1 (718) 256-5855", 1, 3);   INSERT INTO OwnerTbl VALUES (528, "Jake         Porter    ", "1 (042) 804-8988", 1, 2);
INSERT INTO OwnerTbl VALUES (129, "Reese      Hunter    ", "1 (770) 471-7937", 1, 3);   INSERT INTO OwnerTbl VALUES (529, "Alejandro    Hunter    ", "1 (298) 651-6966", 1, 4);
INSERT INTO OwnerTbl VALUES (130, "Sara       Hicks     ", "1 (901) 168-4064", 1, 2);   INSERT INTO OwnerTbl VALUES (530, "Santiago     Hicks     ", "1 (083) 784-7357", 1, 2);
INSERT INTO OwnerTbl VALUES (131, "Adriana    Crawford  ", "1 (802) 756-8908", 1, 4);   INSERT INTO OwnerTbl VALUES (531, "Axel         Crawford  ", "1 (884) 084-3923", 1, 3);
INSERT INTO OwnerTbl VALUES (132, "Aliyah     Henry     ", "1 (600) 160-8308", 1, 4);   INSERT INTO OwnerTbl VALUES (532, "Joel         Henry     ", "1 (196) 248-6896", 1, 2);
INSERT INTO OwnerTbl VALUES (133, "Jennifer   Boyd      ", "1 (823) 046-6876", 1, 3);   INSERT INTO OwnerTbl VALUES (533, "Maxwell      Boyd      ", "1 (691) 450-9719", 1, 2);
INSERT INTO OwnerTbl VALUES (134, "Mckenzie   Mason     ", "1 (573) 872-0650", 1, 4);   INSERT INTO OwnerTbl VALUES (534, "Brady        Mason     ", "1 (387) 704-1441", 1, 3);
INSERT INTO OwnerTbl VALUES (135, "Gracie     Morales   ", "1 (652) 019-1661", 1, 2);   INSERT INTO OwnerTbl VALUES (535, "Caden        Morales   ", "1 (840) 332-1581", 1, 3);
INSERT INTO OwnerTbl VALUES (136, "Nora       Kennedy   ", "1 (746) 506-4444", 1, 2);   INSERT INTO OwnerTbl VALUES (536, "Preston      Kennedy   ", "1 (653) 400-6266", 1, 3);
INSERT INTO OwnerTbl VALUES (137, "Kylee      Warren    ", "1 (508) 067-0380", 1, 4);   INSERT INTO OwnerTbl VALUES (537, "Damian       Warren    ", "1 (698) 901-3063", 1, 3);
INSERT INTO OwnerTbl VALUES (138, "Makenzie   Dixon     ", "1 (401) 848-5395", 1, 2);   INSERT INTO OwnerTbl VALUES (538, "Elias        Dixon     ", "1 (947) 734-8028", 1, 3);
INSERT INTO OwnerTbl VALUES (139, "Izabella   Ramos     ", "1 (465) 008-1061", 1, 2);   INSERT INTO OwnerTbl VALUES (539, "Jaxson       Ramos     ", "1 (335) 334-9809", 1, 4);
INSERT INTO OwnerTbl VALUES (140, "Laila      Reyes     ", "1 (381) 921-6876", 1, 2);   INSERT INTO OwnerTbl VALUES (540, "Jesse        Reyes     ", "1 (095) 671-7937", 1, 2);
INSERT INTO OwnerTbl VALUES (141, "Alice      Burns     ", "1 (903) 291-6676", 1, 4);   INSERT INTO OwnerTbl VALUES (541, "Victor       Burns     ", "1 (054) 865-3783", 1, 3);
INSERT INTO OwnerTbl VALUES (142, "Amy        Gordon    ", "1 (274) 904-2892", 1, 2);   INSERT INTO OwnerTbl VALUES (542, "Patrick      Gordon    ", "1 (374) 523-6916", 1, 3);
INSERT INTO OwnerTbl VALUES (143, "Michelle   Shaw      ", "1 (473) 805-1251", 1, 2);   INSERT INTO OwnerTbl VALUES (543, "Jonah        Shaw      ", "1 (193) 715-6796", 1, 4);
INSERT INTO OwnerTbl VALUES (144, "Skylar     Holmes    ", "1 (526) 653-2162", 1, 3);   INSERT INTO OwnerTbl VALUES (544, "Marcus       Holmes    ", "1 (257) 034-5295", 1, 2);
INSERT INTO OwnerTbl VALUES (145, "Stephanie  Rice      ", "1 (311) 992-9249", 1, 4);   INSERT INTO OwnerTbl VALUES (545, "Rylan        Rice      ", "1 (980) 779-9869", 1, 3);
INSERT INTO OwnerTbl VALUES (146, "Juliana    Robertson ", "1 (213) 815-4074", 1, 2);   INSERT INTO OwnerTbl VALUES (546, "Emmanuel     Robertson ", "1 (931) 749-6156", 1, 3);
INSERT INTO OwnerTbl VALUES (147, "Rebecca    Hunt      ", "1 (122) 972-9789", 1, 4);   INSERT INTO OwnerTbl VALUES (547, "Edward       Hunt      ", "1 (656) 500-7587", 1, 2);
INSERT INTO OwnerTbl VALUES (148, "Jayla      Black     ", "1 (421) 695-5195", 1, 2);   INSERT INTO OwnerTbl VALUES (548, "Leonardo     Black     ", "1 (837) 702-2192", 1, 4);
INSERT INTO OwnerTbl VALUES (149, "Eleanor    Daniels   ", "1 (227) 529-7097", 1, 4);   INSERT INTO OwnerTbl VALUES (549, "Cayden       Daniels   ", "1 (393) 936-4574", 1, 2);
INSERT INTO OwnerTbl VALUES (150, "Clara      Palmer    ", "1 (153) 045-7517", 1, 2);   INSERT INTO OwnerTbl VALUES (550, "Grant        Palmer    ", "1 (157) 458-2442", 1, 3);
INSERT INTO OwnerTbl VALUES (151, "Giselle    Mills     ", "1 (159) 862-3983", 1, 3);   INSERT INTO OwnerTbl VALUES (551, "Jeremy       Mills     ", "1 (922) 256-6276", 1, 2);
INSERT INTO OwnerTbl VALUES (152, "Valentina  Nichols   ", "1 (772) 680-6366", 1, 2);   INSERT INTO OwnerTbl VALUES (552, "Braxton      Nichols   ", "1 (511) 763-9349", 1, 2);
INSERT INTO OwnerTbl VALUES (153, "Vivian     Grant     ", "1 (412) 237-2402", 1, 2);   INSERT INTO OwnerTbl VALUES (553, "Gage         Grant     ", "1 (247) 249-8168", 1, 3);
INSERT INTO OwnerTbl VALUES (154, "Alaina     Knight    ", "1 (548) 746-8908", 1, 3);   INSERT INTO OwnerTbl VALUES (554, "Jude         Knight    ", "1 (143) 834-7387", 1, 2);
INSERT INTO OwnerTbl VALUES (155, "Eliana     Ferguson  ", "1 (546) 483-2812", 1, 4);   INSERT INTO OwnerTbl VALUES (555, "Wesley       Ferguson  ", "1 (357) 627-9349", 1, 3);
INSERT INTO OwnerTbl VALUES (156, "Aria       Rose      ", "1 (674) 076-5225", 1, 3);   INSERT INTO OwnerTbl VALUES (556, "Devin        Rose      ", "1 (371) 154-3373", 1, 4);
INSERT INTO OwnerTbl VALUES (157, "Valerie    Stone     ", "1 (712) 036-7067", 1, 3);   INSERT INTO OwnerTbl VALUES (557, "Roman        Stone     ", "1 (941) 748-6536", 1, 4);
INSERT INTO OwnerTbl VALUES (158, "Haley      Hawkins   ", "1 (202) 181-3193", 1, 2);   INSERT INTO OwnerTbl VALUES (558, "Mark         Hawkins   ", "1 (658) 647-0450", 1, 2);
INSERT INTO OwnerTbl VALUES (159, "Elena      Dunn      ", "1 (577) 877-3733", 1, 3);   INSERT INTO OwnerTbl VALUES (559, "Camden       Dunn      ", "1 (265) 740-3323", 1, 2);
INSERT INTO OwnerTbl VALUES (160, "Catherine  Perkins   ", "1 (608) 756-7627", 1, 3);   INSERT INTO OwnerTbl VALUES (560, "Kaiden       Perkins   ", "1 (454) 375-2802", 1, 2);
INSERT INTO OwnerTbl VALUES (161, "Elise      Hudson    ", "1 (466) 615-6786", 1, 4);   INSERT INTO OwnerTbl VALUES (561, "Oscar        Hudson    ", "1 (918) 865-0350", 1, 4);
INSERT INTO OwnerTbl VALUES (162, "Lila       Spencer   ", "1 (476) 298-8918", 1, 4);   INSERT INTO OwnerTbl VALUES (562, "Alan         Spencer   ", "1 (271) 750-7107", 1, 2);
INSERT INTO OwnerTbl VALUES (163, "Megan      Gardner   ", "1 (407) 082-8198", 1, 4);   INSERT INTO OwnerTbl VALUES (563, "Malachi      Gardner   ", "1 (231) 717-6066", 1, 2);
INSERT INTO OwnerTbl VALUES (164, "Gabriela   Stephens  ", "1 (759) 759-5465", 1, 3);   INSERT INTO OwnerTbl VALUES (564, "George       Stephens  ", "1 (686) 276-3103", 1, 3);
INSERT INTO OwnerTbl VALUES (165, "Daisy      Payne     ", "1 (710) 445-4274", 1, 3);   INSERT INTO OwnerTbl VALUES (565, "Peyton       Payne     ", "1 (315) 002-2322", 1, 4);
INSERT INTO OwnerTbl VALUES (166, "Jada       Pierce    ", "1 (452) 612-8868", 1, 2);   INSERT INTO OwnerTbl VALUES (566, "Leo          Pierce    ", "1 (134) 911-2162", 1, 4);
INSERT INTO OwnerTbl VALUES (167, "Daniela    Berry     ", "1 (972) 766-7567", 1, 4);   INSERT INTO OwnerTbl VALUES (567, "Nicolas      Berry     ", "1 (634) 479-0660", 1, 4);
INSERT INTO OwnerTbl VALUES (168, "Penelope   Matthews  ", "1 (211) 214-5025", 1, 2);   INSERT INTO OwnerTbl VALUES (568, "Maddox       Matthews  ", "1 (798) 249-8188", 1, 2);
INSERT INTO OwnerTbl VALUES (169, "Jenna      Arnold    ", "1 (003) 570-9989", 1, 2);   INSERT INTO OwnerTbl VALUES (569, "Kenneth      Arnold    ", "1 (330) 355-9029", 1, 2);
INSERT INTO OwnerTbl VALUES (170, "Ashlyn     Wagner    ", "1 (350) 271-6076", 1, 2);   INSERT INTO OwnerTbl VALUES (570, "Mateo        Wagner    ", "1 (352) 839-5335", 1, 3);
INSERT INTO OwnerTbl VALUES (171, "Delilah    Willis    ", "1 (191) 255-3543", 1, 4);   INSERT INTO OwnerTbl VALUES (571, "Sawyer       Willis    ", "1 (676) 892-9389", 1, 4);
INSERT INTO OwnerTbl VALUES (172, "Summer     Ray       ", "1 (364) 251-2252", 1, 2);   INSERT INTO OwnerTbl VALUES (572, "Collin       Ray       ", "1 (954) 764-5355", 1, 4);
INSERT INTO OwnerTbl VALUES (173, "Mila       Watkins   ", "1 (267) 888-7677", 1, 2);   INSERT INTO OwnerTbl VALUES (573, "Conner       Watkins   ", "1 (650) 334-2052", 1, 2);
INSERT INTO OwnerTbl VALUES (174, "Kate       Olson     ", "1 (994) 158-9989", 1, 3);   INSERT INTO OwnerTbl VALUES (574, "Cody         Olson     ", "1 (040) 839-3573", 1, 3);
INSERT INTO OwnerTbl VALUES (175, "Keira      Carroll   ", "1 (588) 640-9739", 1, 3);   INSERT INTO OwnerTbl VALUES (575, "Andres       Carroll   ", "1 (897) 413-3023", 1, 2);
INSERT INTO OwnerTbl VALUES (176, "Adrianna   Duncan    ", "1 (615) 760-8868", 1, 4);   INSERT INTO OwnerTbl VALUES (576, "Declan       Duncan    ", "1 (349) 612-7067", 1, 4);
INSERT INTO OwnerTbl VALUES (177, "Hadley     Snyder    ", "1 (759) 402-1941", 1, 2);   INSERT INTO OwnerTbl VALUES (577, "Lincoln      Snyder    ", "1 (892) 271-7227", 1, 3);
INSERT INTO OwnerTbl VALUES (178, "Julianna   Hart      ", "1 (936) 183-1701", 1, 2);   INSERT INTO OwnerTbl VALUES (578, "Bradley      Hart      ", "1 (194) 421-7437", 1, 2);
INSERT INTO OwnerTbl VALUES (179, "Maci       Cunningham", "1 (960) 072-2902", 1, 4);   INSERT INTO OwnerTbl VALUES (579, "Trevor       CunninghaM", "1 (925) 699-4694", 1, 4);
INSERT INTO OwnerTbl VALUES (180, "Eden       Bradley   ", "1 (488) 294-8558", 1, 4);   INSERT INTO OwnerTbl VALUES (580, "Derek        Bradley   ", "1 (435) 841-6956", 1, 2);
INSERT INTO OwnerTbl VALUES (181, "Josephine  Lane      ", "1 (225) 294-3573", 1, 4);   INSERT INTO OwnerTbl VALUES (581, "Tanner       Lane      ", "1 (498) 491-8618", 1, 4);
INSERT INTO OwnerTbl VALUES (182, "Aurora     Andrews   ", "1 (710) 351-4594", 1, 2);   INSERT INTO OwnerTbl VALUES (582, "Silas        Andrews   ", "1 (838) 700-3273", 1, 3);
INSERT INTO OwnerTbl VALUES (183, "Melissa    Ruiz      ", "1 (664) 369-3073", 1, 2);   INSERT INTO OwnerTbl VALUES (583, "Eduardo      Ruiz      ", "1 (225) 069-2442", 1, 3);
INSERT INTO OwnerTbl VALUES (184, "Hayden     Harper    ", "1 (708) 178-2202", 1, 2);   INSERT INTO OwnerTbl VALUES (584, "Seth         Harper    ", "1 (902) 730-0720", 1, 4);
INSERT INTO OwnerTbl VALUES (185, "Alana      Fox       ", "1 (189) 138-9729", 1, 2);   INSERT INTO OwnerTbl VALUES (585, "Jaiden       Fox       ", "1 (629) 131-1951", 1, 3);
INSERT INTO OwnerTbl VALUES (186, "Margaret   Riley     ", "1 (458) 175-4794", 1, 4);   INSERT INTO OwnerTbl VALUES (586, "Paul         Riley     ", "1 (218) 529-2242", 1, 3);
INSERT INTO OwnerTbl VALUES (187, "Quinn      Armstrong ", "1 (075) 306-4064", 1, 3);   INSERT INTO OwnerTbl VALUES (587, "Jorge        Armstrong ", "1 (328) 053-0000", 1, 4);
INSERT INTO OwnerTbl VALUES (188, "Angela     Carpenter ", "1 (230) 702-5845", 1, 2);   INSERT INTO OwnerTbl VALUES (588, "Cristian     Carpenter ", "1 (015) 585-7597", 1, 3);
INSERT INTO OwnerTbl VALUES (189, "Brynn      Weaver    ", "1 (978) 754-2282", 1, 4);   INSERT INTO OwnerTbl VALUES (589, "Garrett      Weaver    ", "1 (006) 875-4724", 1, 4);
INSERT INTO OwnerTbl VALUES (190, "Alivia     Greene    ", "1 (292) 502-9489", 1, 3);   INSERT INTO OwnerTbl VALUES (590, "Travis       Greene    ", "1 (060) 683-8328", 1, 2);
INSERT INTO OwnerTbl VALUES (191, "Katie      Lawrence  ", "1 (083) 174-5805", 1, 2);   INSERT INTO OwnerTbl VALUES (591, "Abraham      Lawrence  ", "1 (897) 221-3013", 1, 4);
INSERT INTO OwnerTbl VALUES (192, "Ryleigh    Elliott   ", "1 (460) 253-5385", 1, 2);   INSERT INTO OwnerTbl VALUES (592, "Omar         Elliott   ", "1 (037) 195-8398", 1, 4);
INSERT INTO OwnerTbl VALUES (193, "Kinley     Chavez    ", "1 (449) 751-9069", 1, 2);   INSERT INTO OwnerTbl VALUES (593, "Javier       Chavez    ", "1 (072) 457-8408", 1, 2);
INSERT INTO OwnerTbl VALUES (194, "Paisley    Sims      ", "1 (098) 634-7267", 1, 4);   INSERT INTO OwnerTbl VALUES (594, "Ezekiel      Sims      ", "1 (019) 223-9979", 1, 3);
INSERT INTO OwnerTbl VALUES (195, "Jordan     Austin    ", "1 (444) 983-8138", 1, 4);   INSERT INTO OwnerTbl VALUES (595, "Tucker       Austin    ", "1 (513) 535-2742", 1, 2);
INSERT INTO OwnerTbl VALUES (196, "Aniyah     Peters    ", "1 (345) 982-2202", 1, 3);   INSERT INTO OwnerTbl VALUES (596, "Harrison     Peters    ", "1 (253) 377-9139", 1, 3);
INSERT INTO OwnerTbl VALUES (197, "Allie      Kelley    ", "1 (437) 054-4634", 1, 3);   INSERT INTO OwnerTbl VALUES (597, "Peter        Kelley    ", "1 (599) 351-9609", 1, 3);
INSERT INTO OwnerTbl VALUES (198, "Miranda    Franklin  ", "1 (822) 903-1871", 1, 4);   INSERT INTO OwnerTbl VALUES (598, "Damien       Franklin  ", "1 (110) 788-7217", 1, 3);
INSERT INTO OwnerTbl VALUES (199, "Jacqueline Lawson    ", "1 (744) 500-2462", 1, 4);   INSERT INTO OwnerTbl VALUES (599, "Greyson      Lawson    ", "1 (860) 926-7357", 1, 3);
INSERT INTO OwnerTbl VALUES (200, "Melody     Fields    ", "1 (416) 218-9479", 1, 4);   INSERT INTO OwnerTbl VALUES (600, "Avery        Fields    ", "1 (768) 464-2232", 1, 3);
INSERT INTO OwnerTbl VALUES (201, "Willow     Gutierrez ", "1 (940) 016-4504", 1, 4);   INSERT INTO OwnerTbl VALUES (601, "Kai          Gutierrez ", "1 (072) 545-4684", 1, 4);
INSERT INTO OwnerTbl VALUES (202, "Diana      Ryan      ", "1 (409) 980-7857", 1, 4);   INSERT INTO OwnerTbl VALUES (602, "Weston       Ryan      ", "1 (108) 882-3153", 1, 2);
INSERT INTO OwnerTbl VALUES (203, "Cora       Schmidt   ", "1 (155) 324-5235", 1, 4);   INSERT INTO OwnerTbl VALUES (603, "Ezra         Schmidt   ", "1 (260) 451-9849", 1, 3);
INSERT INTO OwnerTbl VALUES (204, "Alexandria Carr      ", "1 (377) 682-7767", 1, 2);   INSERT INTO OwnerTbl VALUES (604, "Xander       Carr      ", "1 (690) 336-1891", 1, 3);
INSERT INTO OwnerTbl VALUES (205, "Mikayla    Vasquez   ", "1 (896) 582-4214", 1, 4);   INSERT INTO OwnerTbl VALUES (605, "Jaylen       Vasquez   ", "1 (555) 479-2922", 1, 3);
INSERT INTO OwnerTbl VALUES (206, "Danielle   Castillo  ", "1 (564) 963-1701", 1, 2);   INSERT INTO OwnerTbl VALUES (606, "Corbin       Castillo  ", "1 (655) 296-2952", 1, 2);
INSERT INTO OwnerTbl VALUES (207, "Londyn     Wheeler   ", "1 (567) 275-3383", 1, 4);   INSERT INTO OwnerTbl VALUES (607, "Fernando     Wheeler   ", "1 (739) 840-2222", 1, 2);
INSERT INTO OwnerTbl VALUES (208, "Addyson    Chapman   ", "1 (905) 120-0070", 1, 3);   INSERT INTO OwnerTbl VALUES (608, "Calvin       Chapman   ", "1 (363) 994-7527", 1, 2);
INSERT INTO OwnerTbl VALUES (209, "Amaya      Oliver    ", "1 (465) 906-0950", 1, 3);   INSERT INTO OwnerTbl VALUES (609, "Jameson      Oliver    ", "1 (771) 992-6826", 1, 2);
INSERT INTO OwnerTbl VALUES (210, "Hazel      Montgomery", "1 (011) 205-3733", 1, 3);   INSERT INTO OwnerTbl VALUES (610, "Francisco    MontgomerY", "1 (178) 414-9269", 1, 3);
INSERT INTO OwnerTbl VALUES (211, "Callie     Richards  ", "1 (190) 948-5245", 1, 3);   INSERT INTO OwnerTbl VALUES (611, "Maximus      Richards  ", "1 (429) 362-3513", 1, 4);
INSERT INTO OwnerTbl VALUES (212, "Teagan     Williamson", "1 (154) 505-6936", 1, 4);   INSERT INTO OwnerTbl VALUES (612, "Josue        WilliamsoN", "1 (677) 796-0580", 1, 3);
INSERT INTO OwnerTbl VALUES (213, "Adalyn     Johnston  ", "1 (702) 705-8488", 1, 4);   INSERT INTO OwnerTbl VALUES (613, "Ricardo      Johnston  ", "1 (776) 826-8018", 1, 2);
INSERT INTO OwnerTbl VALUES (214, "Ximena     Banks     ", "1 (234) 254-7367", 1, 3);   INSERT INTO OwnerTbl VALUES (614, "Shane        Banks     ", "1 (509) 832-1031", 1, 3);
INSERT INTO OwnerTbl VALUES (215, "Angel      Meyer     ", "1 (513) 665-7227", 1, 3);   INSERT INTO OwnerTbl VALUES (615, "Trenton      Meyer     ", "1 (891) 398-2882", 1, 2);
INSERT INTO OwnerTbl VALUES (216, "Kinsley    Bishop    ", "1 (748) 148-9339", 1, 2);   INSERT INTO OwnerTbl VALUES (616, "Cesar        Bishop    ", "1 (904) 948-0620", 1, 4);
INSERT INTO OwnerTbl VALUES (217, "Shelby     Mccoy     ", "1 (912) 592-9369", 1, 3);   INSERT INTO OwnerTbl VALUES (617, "Chance       Mccoy     ", "1 (208) 814-8648", 1, 4);
INSERT INTO OwnerTbl VALUES (218, "Makenna    Howell    ", "1 (141) 000-0890", 1, 3);   INSERT INTO OwnerTbl VALUES (618, "Drake        Howell    ", "1 (053) 284-7117", 1, 4);
INSERT INTO OwnerTbl VALUES (219, "Ariel      Alvarez   ", "1 (615) 993-3393", 1, 2);   INSERT INTO OwnerTbl VALUES (619, "Zane         Alvarez   ", "1 (935) 716-0330", 1, 4);
INSERT INTO OwnerTbl VALUES (220, "Jillian    Morrison  ", "1 (423) 979-1511", 1, 2);   INSERT INTO OwnerTbl VALUES (620, "Israel       Morrison  ", "1 (077) 119-9599", 1, 2);
INSERT INTO OwnerTbl VALUES (221, "Chelsea    Hansen    ", "1 (275) 713-1511", 1, 2);   INSERT INTO OwnerTbl VALUES (621, "Emmett       Hansen    ", "1 (311) 063-3533", 1, 3);
INSERT INTO OwnerTbl VALUES (222, "Alayna     Fernandez ", "1 (018) 679-3783", 1, 3);   INSERT INTO OwnerTbl VALUES (622, "Jayce        Fernandez ", "1 (903) 126-3993", 1, 3);
INSERT INTO OwnerTbl VALUES (223, "Harmony    Garza     ", "1 (888) 410-4854", 1, 4);   INSERT INTO OwnerTbl VALUES (623, "Mario        Garza     ", "1 (970) 501-6956", 1, 2);
INSERT INTO OwnerTbl VALUES (224, "Sienna     Harvey    ", "1 (597) 501-7537", 1, 3);   INSERT INTO OwnerTbl VALUES (624, "Landen       Harvey    ", "1 (637) 339-9719", 1, 3);
INSERT INTO OwnerTbl VALUES (225, "Amanda     Little    ", "1 (203) 058-1111", 1, 3);   INSERT INTO OwnerTbl VALUES (625, "Kingston     Little    ", "1 (389) 806-2822", 1, 4);
INSERT INTO OwnerTbl VALUES (226, "Presley    Burton    ", "1 (803) 035-9689", 1, 3);   INSERT INTO OwnerTbl VALUES (449, "Spencer      Burton    ", "1 (530) 143-4804", 1, 4);
INSERT INTO OwnerTbl VALUES (227, "Maggie     Stanley   ", "1 (306) 679-8048", 1, 2);   INSERT INTO OwnerTbl VALUES (627, "Griffin      Stanley   ", "1 (012) 679-3613", 1, 3);
INSERT INTO OwnerTbl VALUES (228, "Tessa      Nguyen    ", "1 (418) 699-9759", 1, 3);   INSERT INTO OwnerTbl VALUES (628, "Stephen      Nguyen    ", "1 (669) 103-7267", 1, 4);
INSERT INTO OwnerTbl VALUES (229, "Leila      George    ", "1 (918) 982-0480", 1, 3);   INSERT INTO OwnerTbl VALUES (629, "Manuel       George    ", "1 (680) 282-5995", 1, 2);
INSERT INTO OwnerTbl VALUES (230, "Hope       Jacobs    ", "1 (104) 337-6636", 1, 4);   INSERT INTO OwnerTbl VALUES (630, "Theodore     Jacobs    ", "1 (327) 561-4954", 1, 3);
INSERT INTO OwnerTbl VALUES (231, "Genevieve  Reid      ", "1 (811) 860-9019", 1, 4);   INSERT INTO OwnerTbl VALUES (631, "Erick        Reid      ", "1 (651) 568-3963", 1, 4);
INSERT INTO OwnerTbl VALUES (232, "Erin       Kim       ", "1 (957) 317-5025", 1, 3);   INSERT INTO OwnerTbl VALUES (632, "Braylon      Kim       ", "1 (525) 776-1211", 1, 3);
INSERT INTO OwnerTbl VALUES (233, "Briana     Fuller    ", "1 (115) 605-4844", 1, 2);   INSERT INTO OwnerTbl VALUES (633, "Raymond      Fuller    ", "1 (215) 919-6726", 1, 4);
INSERT INTO OwnerTbl VALUES (234, "Delaney    Lynch     ", "1 (790) 144-5085", 1, 2);   INSERT INTO OwnerTbl VALUES (634, "Edwin        Lynch     ", "1 (064) 151-6946", 1, 2);
INSERT INTO OwnerTbl VALUES (235, "Esther     Dean      ", "1 (609) 997-4604", 1, 3);   INSERT INTO OwnerTbl VALUES (635, "Charlie      Dean      ", "1 (951) 729-8268", 1, 4);
INSERT INTO OwnerTbl VALUES (236, "Kathryn    Gilbert   ", "1 (726) 076-5785", 1, 3);   INSERT INTO OwnerTbl VALUES (636, "Abel         Gilbert   ", "1 (732) 384-3693", 1, 3);
INSERT INTO OwnerTbl VALUES (237, "Ana        Garrett   ", "1 (651) 275-0310", 1, 2);   INSERT INTO OwnerTbl VALUES (637, "Myles        Garrett   ", "1 (605) 170-3973", 1, 4);
INSERT INTO OwnerTbl VALUES (238, "Mckenna    Romero    ", "1 (234) 423-7387", 1, 4);   INSERT INTO OwnerTbl VALUES (638, "Bennett      Romero    ", "1 (830) 283-8488", 1, 3);
INSERT INTO OwnerTbl VALUES (239, "Camille    Welch     ", "1 (571) 092-2642", 1, 4);   INSERT INTO OwnerTbl VALUES (639, "Johnathan    Welch     ", "1 (306) 235-5705", 1, 3);
INSERT INTO OwnerTbl VALUES (240, "Cecilia    Larson    ", "1 (656) 650-4314", 1, 4);   INSERT INTO OwnerTbl VALUES (640, "Andre        Larson    ", "1 (887) 974-7957", 1, 4);
INSERT INTO OwnerTbl VALUES (241, "Lucia      Frazier   ", "1 (588) 246-2242", 1, 3);   INSERT INTO OwnerTbl VALUES (641, "Alexis       Frazier   ", "1 (361) 974-6786", 1, 3);
INSERT INTO OwnerTbl VALUES (242, "Lola       Burke     ", "1 (336) 280-9989", 1, 2);   INSERT INTO OwnerTbl VALUES (642, "Edgar        Burke     ", "1 (841) 522-3443", 1, 2);
INSERT INTO OwnerTbl VALUES (243, "Leilani    Hanson    ", "1 (822) 939-3563", 1, 3);   INSERT INTO OwnerTbl VALUES (643, "Troy         Hanson    ", "1 (990) 284-1271", 1, 2);
INSERT INTO OwnerTbl VALUES (244, "Leslie     Day       ", "1 (632) 217-4014", 1, 2);   INSERT INTO OwnerTbl VALUES (644, "Zion         Day       ", "1 (640) 799-3433", 1, 3);
INSERT INTO OwnerTbl VALUES (245, "Ashlynn    Mendoza   ", "1 (772) 395-7537", 1, 3);   INSERT INTO OwnerTbl VALUES (645, "Jeffrey      Mendoza   ", "1 (738) 832-9199", 1, 3);
INSERT INTO OwnerTbl VALUES (246, "Kayleigh   Moreno    ", "1 (725) 603-9369", 1, 3);   INSERT INTO OwnerTbl VALUES (646, "Hector       Moreno    ", "1 (869) 411-3873", 1, 2);
INSERT INTO OwnerTbl VALUES (247, "Alondra    Bowman    ", "1 (027) 902-2182", 1, 4);   INSERT INTO OwnerTbl VALUES (647, "Shawn        Bowman    ", "1 (164) 272-8568", 1, 2);
INSERT INTO OwnerTbl VALUES (248, "Alison     Medina    ", "1 (458) 342-6396", 1, 3);   INSERT INTO OwnerTbl VALUES (648, "Lukas        Medina    ", "1 (744) 465-6486", 1, 4);
INSERT INTO OwnerTbl VALUES (249, "Haylee     Fowler    ", "1 (525) 085-7037", 1, 3);   INSERT INTO OwnerTbl VALUES (649, "Amir         Fowler    ", "1 (744) 448-4334", 1, 4);
INSERT INTO OwnerTbl VALUES (250, "Carly      Brewer    ", "1 (644) 499-1991", 1, 3);   INSERT INTO OwnerTbl VALUES (650, "Tyson        Brewer    ", "1 (868) 594-2282", 1, 2);
INSERT INTO OwnerTbl VALUES (251, "Juliet     Hoffman   ", "1 (768) 577-4824", 1, 3);   INSERT INTO OwnerTbl VALUES (651, "Keegan       Hoffman   ", "1 (349) 311-8298", 1, 4);
INSERT INTO OwnerTbl VALUES (252, "Lexi       Carlson   ", "1 (447) 157-3153", 1, 2);   INSERT INTO OwnerTbl VALUES (652, "Kyler        Carlson   ", "1 (051) 344-3953", 1, 2);
INSERT INTO OwnerTbl VALUES (253, "Kelsey     Silva     ", "1 (607) 140-0820", 1, 4);   INSERT INTO OwnerTbl VALUES (653, "Donovan      Silva     ", "1 (300) 948-2712", 1, 4);
INSERT INTO OwnerTbl VALUES (254, "Eliza      Pearson   ", "1 (233) 746-4874", 1, 3);   INSERT INTO OwnerTbl VALUES (654, "Graham       Pearson   ", "1 (860) 251-8708", 1, 4);
INSERT INTO OwnerTbl VALUES (255, "Josie      Holland   ", "1 (509) 979-1551", 1, 2);   INSERT INTO OwnerTbl VALUES (655, "Simon        Holland   ", "1 (008) 365-9259", 1, 4);
INSERT INTO OwnerTbl VALUES (256, "Marissa    Douglas   ", "1 (655) 480-7527", 1, 2);   INSERT INTO OwnerTbl VALUES (656, "Everett      Douglas   ", "1 (959) 699-0590", 1, 2);
INSERT INTO OwnerTbl VALUES (257, "Marley     Fleming   ", "1 (778) 743-3783", 1, 2);   INSERT INTO OwnerTbl VALUES (657, "Clayton      Fleming   ", "1 (500) 459-7697", 1, 4);
INSERT INTO OwnerTbl VALUES (258, "Alicia     Jensen    ", "1 (896) 418-0530", 1, 4);   INSERT INTO OwnerTbl VALUES (658, "Braden       Jensen    ", "1 (146) 333-7617", 1, 3);
INSERT INTO OwnerTbl VALUES (259, "Amber      Vargas    ", "1 (098) 256-9529", 1, 2);   INSERT INTO OwnerTbl VALUES (659, "Luca         Vargas    ", "1 (737) 464-5345", 1, 3);
INSERT INTO OwnerTbl VALUES (260, "Sabrina    Byrd      ", "1 (029) 844-3493", 1, 3);   INSERT INTO OwnerTbl VALUES (660, "Emanuel      Byrd      ", "1 (068) 076-1441", 1, 3);
INSERT INTO OwnerTbl VALUES (261, "Kaydence   Davidson  ", "1 (837) 591-1491", 1, 4);   INSERT INTO OwnerTbl VALUES (661, "Martin       Davidson  ", "1 (309) 905-8708", 1, 2);
INSERT INTO OwnerTbl VALUES (262, "Norah      Hopkins   ", "1 (661) 491-9649", 1, 3);   INSERT INTO OwnerTbl VALUES (662, "Brendan      Hopkins   ", "1 (486) 979-8648", 1, 3);
INSERT INTO OwnerTbl VALUES (263, "Allyson    May       ", "1 (148) 221-0330", 1, 3);   INSERT INTO OwnerTbl VALUES (663, "Cash         May       ", "1 (502) 667-6146", 1, 3);
INSERT INTO OwnerTbl VALUES (264, "Alina      Terry     ", "1 (192) 936-9409", 1, 4);   INSERT INTO OwnerTbl VALUES (664, "Zander       Terry     ", "1 (062) 493-5685", 1, 3);
INSERT INTO OwnerTbl VALUES (265, "Ivy        Herrera   ", "1 (973) 900-1831", 1, 3);   INSERT INTO OwnerTbl VALUES (665, "Jared        Herrera   ", "1 (715) 410-0360", 1, 4);
INSERT INTO OwnerTbl VALUES (266, "Fiona      Wade      ", "1 (951) 854-6696", 1, 2);   INSERT INTO OwnerTbl VALUES (666, "Ryker        Wade      ", "1 (080) 595-9639", 1, 3);
INSERT INTO OwnerTbl VALUES (267, "Isla       Soto      ", "1 (564) 624-3473", 1, 4);   INSERT INTO OwnerTbl VALUES (667, "Dante        Soto      ", "1 (968) 770-0590", 1, 4);
INSERT INTO OwnerTbl VALUES (268, "Nadia      Walters   ", "1 (972) 494-5785", 1, 4);   INSERT INTO OwnerTbl VALUES (668, "Dominick     Walters   ", "1 (710) 410-1731", 1, 2);
INSERT INTO OwnerTbl VALUES (269, "Kyleigh    Curtis    ", "1 (702) 550-7927", 1, 3);   INSERT INTO OwnerTbl VALUES (669, "Lane         Curtis    ", "1 (637) 762-4664", 1, 3);
INSERT INTO OwnerTbl VALUES (270, "Christina  Neal      ", "1 (137) 960-1801", 1, 3);   INSERT INTO OwnerTbl VALUES (670, "Kameron      Neal      ", "1 (396) 088-7587", 1, 2);
INSERT INTO OwnerTbl VALUES (271, "Emery      Caldwell  ", "1 (573) 088-4334", 1, 3);   INSERT INTO OwnerTbl VALUES (671, "Elliot       Caldwell  ", "1 (175) 197-6356", 1, 4);
INSERT INTO OwnerTbl VALUES (272, "Laura      Lowe      ", "1 (870) 174-4334", 1, 4);   INSERT INTO OwnerTbl VALUES (672, "Paxton       Lowe      ", "1 (445) 057-5265", 1, 4);
INSERT INTO OwnerTbl VALUES (273, "Cheyenne   Jennings  ", "1 (050) 777-5625", 1, 4);   INSERT INTO OwnerTbl VALUES (673, "Rafael       Jennings  ", "1 (882) 228-5525", 1, 2);
INSERT INTO OwnerTbl VALUES (274, "Alexia     Barnett   ", "1 (954) 990-2212", 1, 2);   INSERT INTO OwnerTbl VALUES (674, "Andy         Barnett   ", "1 (789) 372-1421", 1, 2);
INSERT INTO OwnerTbl VALUES (275, "Emerson    Graves    ", "1 (148) 629-6936", 1, 4);   INSERT INTO OwnerTbl VALUES (675, "Dalton       Graves    ", "1 (689) 639-5295", 1, 4);
INSERT INTO OwnerTbl VALUES (276, "Sierra     Jimenez   ", "1 (667) 469-8908", 1, 2);   INSERT INTO OwnerTbl VALUES (676, "Erik         Jimenez   ", "1 (616) 914-5365", 1, 2);
INSERT INTO OwnerTbl VALUES (277, "Luna       Horton    ", "1 (361) 983-6176", 1, 3);   INSERT INTO OwnerTbl VALUES (677, "Sergio       Horton    ", "1 (360) 772-7547", 1, 4);
INSERT INTO OwnerTbl VALUES (278, "Cadence    Shelton   ", "1 (377) 378-5535", 1, 3);   INSERT INTO OwnerTbl VALUES (678, "Gregory      Shelton   ", "1 (961) 879-7797", 1, 3);
INSERT INTO OwnerTbl VALUES (279, "Daniella   Barrett   ", "1 (497) 609-3503", 1, 3);   INSERT INTO OwnerTbl VALUES (679, "Marco        Barrett   ", "1 (940) 187-9199", 1, 3);
INSERT INTO OwnerTbl VALUES (280, "Fatima     Obrien    ", "1 (293) 760-8958", 1, 4);   INSERT INTO OwnerTbl VALUES (680, "Emiliano     Obrien    ", "1 (029) 483-7317", 1, 3);
INSERT INTO OwnerTbl VALUES (281, "Bianca     Castro    ", "1 (830) 471-5655", 1, 2);   INSERT INTO OwnerTbl VALUES (681, "Jasper       Castro    ", "1 (053) 305-2502", 1, 3);
INSERT INTO OwnerTbl VALUES (282, "Cassidy    Sutton    ", "1 (092) 409-5835", 1, 4);   INSERT INTO OwnerTbl VALUES (682, "Johnny       Sutton    ", "1 (433) 782-8418", 1, 4);
INSERT INTO OwnerTbl VALUES (283, "Veronica   Gregory   ", "1 (716) 424-0390", 1, 4);   INSERT INTO OwnerTbl VALUES (683, "Dean         Gregory   ", "1 (886) 703-6836", 1, 2);
INSERT INTO OwnerTbl VALUES (284, "Kyla       Mckinney  ", "1 (350) 367-9879", 1, 4);   INSERT INTO OwnerTbl VALUES (684, "Drew         Mckinney  ", "1 (586) 506-5665", 1, 2);
INSERT INTO OwnerTbl VALUES (285, "Evangeline Lucas     ", "1 (318) 169-1171", 1, 3);   INSERT INTO OwnerTbl VALUES (685, "Caiden       Lucas     ", "1 (058) 995-4584", 1, 4);
INSERT INTO OwnerTbl VALUES (286, "Karen      Miles     ", "1 (092) 642-4204", 1, 4);   INSERT INTO OwnerTbl VALUES (686, "Skyler       Miles     ", "1 (067) 578-7937", 1, 2);
INSERT INTO OwnerTbl VALUES (287, "Adeline    Craig     ", "1 (262) 199-6926", 1, 2);   INSERT INTO OwnerTbl VALUES (687, "Judah        Craig     ", "1 (602) 712-0880", 1, 3);
INSERT INTO OwnerTbl VALUES (288, "Jazmine    Rodriquez ", "1 (536) 953-0300", 1, 2);   INSERT INTO OwnerTbl VALUES (688, "Maximiliano  Rodriquez ", "1 (860) 077-2462", 1, 3);
INSERT INTO OwnerTbl VALUES (289, "Mallory    Chambers  ", "1 (829) 153-5985", 1, 2);   INSERT INTO OwnerTbl VALUES (689, "Aden         Chambers  ", "1 (488) 360-8448", 1, 4);
INSERT INTO OwnerTbl VALUES (290, "Rose       Holt      ", "1 (439) 531-0470", 1, 2);   INSERT INTO OwnerTbl VALUES (690, "Fabian       Holt      ", "1 (341) 986-8618", 1, 3);
INSERT INTO OwnerTbl VALUES (291, "Jayden     Lambert   ", "1 (855) 598-7837", 1, 2);   INSERT INTO OwnerTbl VALUES (691, "Zayden       Lambert   ", "1 (829) 990-8528", 1, 4);
INSERT INTO OwnerTbl VALUES (292, "Kendra     Fletcher  ", "1 (394) 331-0880", 1, 4);   INSERT INTO OwnerTbl VALUES (692, "Brennan      Fletcher  ", "1 (214) 704-5235", 1, 3);
INSERT INTO OwnerTbl VALUES (293, "Camryn     Watts     ", "1 (010) 291-2032", 1, 2);   INSERT INTO OwnerTbl VALUES (693, "Anderson     Watts     ", "1 (130) 339-5095", 1, 2);
INSERT INTO OwnerTbl VALUES (294, "Macy       Bates     ", "1 (991) 721-7517", 1, 4);   INSERT INTO OwnerTbl VALUES (694, "Roberto      Bates     ", "1 (426) 470-5425", 1, 2);
INSERT INTO OwnerTbl VALUES (295, "Abby       Hale      ", "1 (314) 772-3703", 1, 3);   INSERT INTO OwnerTbl VALUES (695, "Reid         Hale      ", "1 (328) 622-2862", 1, 3);
INSERT INTO OwnerTbl VALUES (296, "Dakota     Rhodes    ", "1 (275) 144-0840", 1, 2);   INSERT INTO OwnerTbl VALUES (696, "Quinn        Rhodes    ", "1 (162) 087-1331", 1, 3);
INSERT INTO OwnerTbl VALUES (297, "Mariana    Pena      ", "1 (101) 787-1001", 1, 2);   INSERT INTO OwnerTbl VALUES (697, "Angelo       Pena      ", "1 (926) 906-5115", 1, 2);
INSERT INTO OwnerTbl VALUES (298, "Gia        Beck      ", "1 (283) 116-1021", 1, 2);   INSERT INTO OwnerTbl VALUES (698, "Holden       Beck      ", "1 (953) 248-4644", 1, 4);
INSERT INTO OwnerTbl VALUES (299, "Adelyn     Newman    ", "1 (682) 278-7817", 1, 4);   INSERT INTO OwnerTbl VALUES (699, "Cruz         Newman    ", "1 (728) 652-4074", 1, 3);
INSERT INTO OwnerTbl VALUES (300, "Madilyn    Haynes    ", "1 (066) 731-8918", 1, 4);   INSERT INTO OwnerTbl VALUES (700, "Derrick      Haynes    ", "1 (303) 116-2252", 1, 3);
INSERT INTO OwnerTbl VALUES (301, "Jazmin     Mcdaniel  ", "1 (763) 616-0250", 1, 3);   INSERT INTO OwnerTbl VALUES (701, "Grady        Mcdaniel  ", "1 (820) 811-0190", 1, 3);
INSERT INTO OwnerTbl VALUES (302, "Iris       Mendez    ", "1 (361) 972-5815", 1, 3);   INSERT INTO OwnerTbl VALUES (702, "Emilio       Mendez    ", "1 (534) 291-1451", 1, 4);
INSERT INTO OwnerTbl VALUES (303, "Nina       Bush      ", "1 (398) 098-6356", 1, 3);   INSERT INTO OwnerTbl VALUES (703, "Finn         Bush      ", "1 (349) 151-8448", 1, 3);
INSERT INTO OwnerTbl VALUES (304, "Georgia    Vaughn    ", "1 (299) 225-1221", 1, 2);   INSERT INTO OwnerTbl VALUES (704, "Elliott      Vaughn    ", "1 (339) 725-0330", 1, 3);
INSERT INTO OwnerTbl VALUES (305, "Lilah      Parks     ", "1 (520) 547-9239", 1, 2);   INSERT INTO OwnerTbl VALUES (705, "Pedro        Parks     ", "1 (012) 193-4284", 1, 3);
INSERT INTO OwnerTbl VALUES (306, "Breanna    Dawson    ", "1 (591) 375-7187", 1, 3);   INSERT INTO OwnerTbl VALUES (706, "Amari        Dawson    ", "1 (958) 615-9959", 1, 2);
INSERT INTO OwnerTbl VALUES (307, "Kenzie     Santiago  ", "1 (547) 577-2412", 1, 2);   INSERT INTO OwnerTbl VALUES (707, "Frank        Santiago  ", "1 (585) 550-8118", 1, 3);
INSERT INTO OwnerTbl VALUES (308, "Jayda      Norris    ", "1 (650) 408-6366", 1, 4);   INSERT INTO OwnerTbl VALUES (708, "Rowan        Norris    ", "1 (981) 259-8818", 1, 4);
INSERT INTO OwnerTbl VALUES (309, "Phoebe     Hardy     ", "1 (707) 296-0130", 1, 4);   INSERT INTO OwnerTbl VALUES (709, "Lorenzo      Hardy     ", "1 (648) 241-9539", 1, 2);
INSERT INTO OwnerTbl VALUES (310, "Lilliana   Love      ", "1 (004) 472-5045", 1, 3);   INSERT INTO OwnerTbl VALUES (710, "Felix        Love      ", "1 (989) 369-5835", 1, 4);
INSERT INTO OwnerTbl VALUES (311, "Kamryn     Steele    ", "1 (708) 591-3853", 1, 4);   INSERT INTO OwnerTbl VALUES (711, "Corey        Steele    ", "1 (645) 028-2252", 1, 2);
INSERT INTO OwnerTbl VALUES (312, "Athena     Curry     ", "1 (816) 121-2072", 1, 3);   INSERT INTO OwnerTbl VALUES (712, "Dakota       Curry     ", "1 (572) 300-4394", 1, 4);
INSERT INTO OwnerTbl VALUES (313, "Malia      Powers    ", "1 (068) 883-0260", 1, 4);   INSERT INTO OwnerTbl VALUES (713, "Colby        Powers    ", "1 (848) 506-9849", 1, 4);
INSERT INTO OwnerTbl VALUES (314, "Nyla       Schultz   ", "1 (260) 588-1721", 1, 2);   INSERT INTO OwnerTbl VALUES (714, "Braylen      Schultz   ", "1 (535) 287-4514", 1, 3);
INSERT INTO OwnerTbl VALUES (315, "Miley      Barker    ", "1 (885) 900-2992", 1, 4);   INSERT INTO OwnerTbl VALUES (715, "Dawson       Barker    ", "1 (903) 738-7357", 1, 2);
INSERT INTO OwnerTbl VALUES (316, "Heaven     Guzman    ", "1 (113) 689-7977", 1, 2);   INSERT INTO OwnerTbl VALUES (716, "Brycen       Guzman    ", "1 (185) 408-5925", 1, 2);
INSERT INTO OwnerTbl VALUES (317, "Audrina    Page      ", "1 (749) 043-1631", 1, 4);   INSERT INTO OwnerTbl VALUES (717, "Allen        Page      ", "1 (228) 845-0770", 1, 2);
INSERT INTO OwnerTbl VALUES (318, "Madeleine  Munoz     ", "1 (698) 523-9159", 1, 4);   INSERT INTO OwnerTbl VALUES (718, "Jax          Munoz     ", "1 (723) 345-0210", 1, 2);
INSERT INTO OwnerTbl VALUES (319, "Kiara      Ball      ", "1 (047) 554-8778", 1, 2);   INSERT INTO OwnerTbl VALUES (719, "Brantley     Ball      ", "1 (730) 712-9269", 1, 4);
INSERT INTO OwnerTbl VALUES (320, "Selena     Keller    ", "1 (435) 192-2202", 1, 4);   INSERT INTO OwnerTbl VALUES (720, "Ty           Keller    ", "1 (105) 701-8058", 1, 2);
INSERT INTO OwnerTbl VALUES (321, "Maddison   Chandler  ", "1 (805) 576-2942", 1, 3);   INSERT INTO OwnerTbl VALUES (721, "Malik        Chandler  ", "1 (406) 719-6296", 1, 4);
INSERT INTO OwnerTbl VALUES (322, "Giuliana   Weber     ", "1 (649) 135-1171", 1, 4);   INSERT INTO OwnerTbl VALUES (722, "Ruben        Weber     ", "1 (796) 692-6296", 1, 3);
INSERT INTO OwnerTbl VALUES (323, "Emilia     Leonard   ", "1 (739) 050-4754", 1, 4);   INSERT INTO OwnerTbl VALUES (723, "Trey         Leonard   ", "1 (777) 663-6416", 1, 4);
INSERT INTO OwnerTbl VALUES (324, "Lyric      Walsh     ", "1 (352) 282-7227", 1, 4);   INSERT INTO OwnerTbl VALUES (724, "Brock        Walsh     ", "1 (387) 109-5725", 1, 2);
INSERT INTO OwnerTbl VALUES (325, "Joanna     Lyons     ", "1 (432) 025-4584", 1, 3);   INSERT INTO OwnerTbl VALUES (725, "Colt         Lyons     ", "1 (125) 802-3263", 1, 2);
INSERT INTO OwnerTbl VALUES (326, "Adalynn    Ramsey    ", "1 (084) 189-3623", 1, 4);   INSERT INTO OwnerTbl VALUES (726, "Dallas       Ramsey    ", "1 (904) 384-7197", 1, 3);
INSERT INTO OwnerTbl VALUES (327, "Annabella  Wolfe     ", "1 (890) 165-4524", 1, 4);   INSERT INTO OwnerTbl VALUES (727, "Joaquin      Wolfe     ", "1 (802) 553-6156", 1, 4);
INSERT INTO OwnerTbl VALUES (328, "Fernanda   Schneider ", "1 (244) 441-0370", 1, 3);   INSERT INTO OwnerTbl VALUES (728, "Leland       Schneider ", "1 (438) 899-8818", 1, 3);
INSERT INTO OwnerTbl VALUES (329, "Aubrie     Mullins   ", "1 (402) 080-3113", 1, 2);   INSERT INTO OwnerTbl VALUES (729, "Beckett      Mullins   ", "1 (273) 269-2442", 1, 3);
INSERT INTO OwnerTbl VALUES (330, "Heidi      Benson    ", "1 (393) 396-8858", 1, 4);   INSERT INTO OwnerTbl VALUES (730, "Jett         Benson    ", "1 (279) 617-3163", 1, 3);
INSERT INTO OwnerTbl VALUES (331, "Esmeralda  Sharp     ", "1 (592) 950-6126", 1, 2);   INSERT INTO OwnerTbl VALUES (731, "Louis        Sharp     ", "1 (048) 187-5575", 1, 4);
INSERT INTO OwnerTbl VALUES (332, "Kira       Bowen     ", "1 (656) 387-1951", 1, 4);   INSERT INTO OwnerTbl VALUES (732, "Gunner       Bowen     ", "1 (609) 496-9929", 1, 4);
INSERT INTO OwnerTbl VALUES (333, "Elliana    Daniel    ", "1 (934) 986-9019", 1, 4);   INSERT INTO OwnerTbl VALUES (733, "Adan         Daniel    ", "1 (808) 967-2582", 1, 2);
INSERT INTO OwnerTbl VALUES (334, "Arabella   Barber    ", "1 (074) 108-3413", 1, 3);   INSERT INTO OwnerTbl VALUES (734, "Jakob        Barber    ", "1 (550) 462-9499", 1, 4);
INSERT INTO OwnerTbl VALUES (335, "Kelly      Cummings  ", "1 (897) 492-8348", 1, 4);   INSERT INTO OwnerTbl VALUES (735, "Cohen        Cummings  ", "1 (190) 319-4664", 1, 3);
INSERT INTO OwnerTbl VALUES (336, "Karina     Hines     ", "1 (707) 381-8628", 1, 2);   INSERT INTO OwnerTbl VALUES (736, "Taylor       Hines     ", "1 (281) 546-1351", 1, 3);
INSERT INTO OwnerTbl VALUES (337, "Paris      Baldwin   ", "1 (549) 945-2692", 1, 2);   INSERT INTO OwnerTbl VALUES (737, "Arthur       Baldwin   ", "1 (224) 375-0600", 1, 4);
INSERT INTO OwnerTbl VALUES (338, "Caitlyn    Griffith  ", "1 (693) 492-2112", 1, 2);   INSERT INTO OwnerTbl VALUES (738, "Marcos       Griffith  ", "1 (601) 451-3543", 1, 3);
INSERT INTO OwnerTbl VALUES (339, "Kara       Valdez    ", "1 (928) 664-2632", 1, 4);   INSERT INTO OwnerTbl VALUES (739, "Marshall     Valdez    ", "1 (395) 294-3253", 1, 4);
INSERT INTO OwnerTbl VALUES (340, "Raegan     Hubbard   ", "1 (937) 310-9749", 1, 2);   INSERT INTO OwnerTbl VALUES (740, "Ronald       Hubbard   ", "1 (213) 700-8248", 1, 4);
INSERT INTO OwnerTbl VALUES (341, "Miriam     Salazar   ", "1 (375) 049-3403", 1, 4);   INSERT INTO OwnerTbl VALUES (741, "Julius       Salazar   ", "1 (673) 908-4424", 1, 4);
INSERT INTO OwnerTbl VALUES (342, "Crystal    Reeves    ", "1 (336) 408-0680", 1, 4);   INSERT INTO OwnerTbl VALUES (742, "Armando      Reeves    ", "1 (142) 029-4424", 1, 2);
INSERT INTO OwnerTbl VALUES (343, "Alejandra  Warner    ", "1 (270) 816-5535", 1, 3);   INSERT INTO OwnerTbl VALUES (743, "Kellen       Warner    ", "1 (100) 032-7667", 1, 2);
INSERT INTO OwnerTbl VALUES (344, "Tatum      Stevenson ", "1 (010) 210-7607", 1, 2);   INSERT INTO OwnerTbl VALUES (744, "Dillon       Stevenson ", "1 (653) 546-5895", 1, 2);
INSERT INTO OwnerTbl VALUES (345, "Savanna    Burgess   ", "1 (301) 542-2802", 1, 2);   INSERT INTO OwnerTbl VALUES (745, "Brooks       Burgess   ", "1 (551) 016-6756", 1, 4);
INSERT INTO OwnerTbl VALUES (346, "Tiffany    Santos    ", "1 (586) 742-3023", 1, 3);   INSERT INTO OwnerTbl VALUES (746, "Cade         Santos    ", "1 (177) 347-4854", 1, 4);
INSERT INTO OwnerTbl VALUES (347, "Ayla       Tate      ", "1 (140) 751-1911", 1, 2);   INSERT INTO OwnerTbl VALUES (747, "Danny        Tate      ", "1 (255) 501-8198", 1, 4);
INSERT INTO OwnerTbl VALUES (348, "Carmen     Cross     ", "1 (395) 988-5335", 1, 2);   INSERT INTO OwnerTbl VALUES (748, "Nehemiah     Cross     ", "1 (231) 158-3713", 1, 3);
INSERT INTO OwnerTbl VALUES (349, "Maliyah    Garner    ", "1 (424) 221-1011", 1, 4);   INSERT INTO OwnerTbl VALUES (749, "Beau         Garner    ", "1 (070) 153-8308", 1, 4);
INSERT INTO OwnerTbl VALUES (350, "Karla      Mann      ", "1 (665) 492-2382", 1, 3);   INSERT INTO OwnerTbl VALUES (750, "Jayson       Mann      ", "1 (641) 897-0140", 1, 3);
INSERT INTO OwnerTbl VALUES (351, "Bethany    Mack      ", "1 (320) 536-1751", 1, 2);   INSERT INTO OwnerTbl VALUES (751, "Devon        Mack      ", "1 (862) 408-3733", 1, 2);
INSERT INTO OwnerTbl VALUES (352, "Tina       Li        ", "1 (519) 490-6986", 1, 3);   INSERT INTO OwnerTbl VALUES (752, "Tristen      Moss      ", "1 (009) 709-9959", 1, 3);
INSERT INTO OwnerTbl VALUES (353, "Kailey     Thornton  ", "1 (588) 564-8108", 1, 3);   INSERT INTO OwnerTbl VALUES (753, "Enrique      Thornton  ", "1 (471) 107-7287", 1, 2);
INSERT INTO OwnerTbl VALUES (354, "Macie      Dennis    ", "1 (651) 920-7377", 1, 2);   INSERT INTO OwnerTbl VALUES (754, "Randy        Dennis    ", "1 (318) 711-6156", 1, 2);
INSERT INTO OwnerTbl VALUES (355, "Gemma      Mcgee     ", "1 (739) 393-3913", 1, 4);   INSERT INTO OwnerTbl VALUES (755, "Gerardo      Mcgee     ", "1 (503) 005-5665", 1, 3);
INSERT INTO OwnerTbl VALUES (356, "Noelle     Farmer    ", "1 (141) 678-8878", 1, 3);   INSERT INTO OwnerTbl VALUES (756, "Pablo        Farmer    ", "1 (402) 372-4264", 1, 3);
INSERT INTO OwnerTbl VALUES (357, "Rylie      Delgado   ", "1 (689) 130-8278", 1, 2);   INSERT INTO OwnerTbl VALUES (757, "Desmond      Delgado   ", "1 (719) 257-5865", 1, 2);
INSERT INTO OwnerTbl VALUES (358, "Elaina     Aguilar   ", "1 (731) 947-2432", 1, 2);   INSERT INTO OwnerTbl VALUES (758, "Raul         Aguilar   ", "1 (500) 582-2322", 1, 3);
INSERT INTO OwnerTbl VALUES (359, "Lena       Vega      ", "1 (151) 905-9809", 1, 3);   INSERT INTO OwnerTbl VALUES (759, "Romeo        Vega      ", "1 (357) 903-1081", 1, 4);
INSERT INTO OwnerTbl VALUES (360, "Amiyah     Glover    ", "1 (724) 876-1861", 1, 3);   INSERT INTO OwnerTbl VALUES (760, "Milo         Glover    ", "1 (432) 124-6156", 1, 2);
INSERT INTO OwnerTbl VALUES (361, "Ruth       Manning   ", "1 (833) 061-7387", 1, 3);   INSERT INTO OwnerTbl VALUES (761, "Julio        Manning   ", "1 (706) 539-4754", 1, 2);
INSERT INTO OwnerTbl VALUES (362, "Ainsley    Cohen     ", "1 (484) 890-8888", 1, 3);   INSERT INTO OwnerTbl VALUES (762, "Kellan       Cohen     ", "1 (803) 335-4814", 1, 4);
INSERT INTO OwnerTbl VALUES (363, "Finley     Harmon    ", "1 (954) 647-3413", 1, 3);   INSERT INTO OwnerTbl VALUES (763, "Karson       Harmon    ", "1 (271) 455-2782", 1, 4);
INSERT INTO OwnerTbl VALUES (364, "Danna      Rodgers   ", "1 (952) 918-7097", 1, 3);   INSERT INTO OwnerTbl VALUES (764, "Titus        Rodgers   ", "1 (003) 873-1181", 1, 4);
INSERT INTO OwnerTbl VALUES (365, "Parker     Robbins   ", "1 (861) 282-0440", 1, 2);   INSERT INTO OwnerTbl VALUES (765, "Keaton       Robbins   ", "1 (380) 684-1181", 1, 3);
INSERT INTO OwnerTbl VALUES (366, "Emely      Newton    ", "1 (334) 715-4134", 1, 4);   INSERT INTO OwnerTbl VALUES (766, "Keith        Newton    ", "1 (960) 581-4254", 1, 4);
INSERT INTO OwnerTbl VALUES (367, "Jane       Todd      ", "1 (060) 429-4754", 1, 4);   INSERT INTO OwnerTbl VALUES (767, "Reed         Todd      ", "1 (615) 703-1921", 1, 2);
INSERT INTO OwnerTbl VALUES (368, "Joselyn    Blair     ", "1 (453) 796-9189", 1, 3);   INSERT INTO OwnerTbl VALUES (768, "Ali          Blair     ", "1 (112) 400-9669", 1, 2);
INSERT INTO OwnerTbl VALUES (369, "Scarlet    Higgins   ", "1 (395) 334-9039", 1, 4);   INSERT INTO OwnerTbl VALUES (769, "Braydon      Higgins   ", "1 (365) 485-1221", 1, 3);
INSERT INTO OwnerTbl VALUES (370, "Anastasia  Ingram    ", "1 (646) 893-2712", 1, 2);   INSERT INTO OwnerTbl VALUES (770, "Dustin       Ingram    ", "1 (499) 204-0900", 1, 4);
INSERT INTO OwnerTbl VALUES (371, "Journey    Reese     ", "1 (870) 130-3693", 1, 2);   INSERT INTO OwnerTbl VALUES (771, "Scott        Reese     ", "1 (247) 684-5755", 1, 2);
INSERT INTO OwnerTbl VALUES (372, "Angelica   Cannon    ", "1 (774) 307-7817", 1, 2);   INSERT INTO OwnerTbl VALUES (772, "Trent        Cannon    ", "1 (943) 613-5395", 1, 3);
INSERT INTO OwnerTbl VALUES (373, "Sasha      Strickland", "1 (727) 942-1341", 1, 3);   INSERT INTO OwnerTbl VALUES (773, "Waylon       StricklanD", "1 (240) 482-7617", 1, 4);
INSERT INTO OwnerTbl VALUES (374, "Yaretzi    Townsend  ", "1 (657) 493-5745", 1, 3);   INSERT INTO OwnerTbl VALUES (774, "Walter       Townsend  ", "1 (200) 559-9819", 1, 3);
INSERT INTO OwnerTbl VALUES (375, "Charlie    Potter    ", "1 (222) 478-4644", 1, 4);   INSERT INTO OwnerTbl VALUES (775, "Donald       Potter    ", "1 (797) 090-7037", 1, 2);
INSERT INTO OwnerTbl VALUES (376, "Juliette   Goodwin   ", "1 (809) 737-7777", 1, 4);   INSERT INTO OwnerTbl VALUES (776, "Ismael       Goodwin   ", "1 (397) 587-6506", 1, 4);
INSERT INTO OwnerTbl VALUES (377, "Lia        Walton    ", "1 (265) 326-3433", 1, 4);   INSERT INTO OwnerTbl VALUES (777, "Phillip      Walton    ", "1 (442) 146-4794", 1, 4);
INSERT INTO OwnerTbl VALUES (378, "Brynlee    Rowe      ", "1 (357) 695-5825", 1, 3);   INSERT INTO OwnerTbl VALUES (778, "Iker         Rowe      ", "1 (629) 594-5075", 1, 3);
INSERT INTO OwnerTbl VALUES (379, "Angelique  Hampton   ", "1 (069) 344-7937", 1, 2);   INSERT INTO OwnerTbl VALUES (779, "Esteban      Hampton   ", "1 (372) 636-3263", 1, 4);
INSERT INTO OwnerTbl VALUES (380, "Katelynn   Ortega    ", "1 (106) 727-0600", 1, 3);   INSERT INTO OwnerTbl VALUES (780, "Jaime        Ortega    ", "1 (873) 922-9029", 1, 2);
INSERT INTO OwnerTbl VALUES (381, "Nayeli     Patton    ", "1 (773) 741-4994", 1, 3);   INSERT INTO OwnerTbl VALUES (781, "Landyn       Patton    ", "1 (881) 048-3763", 1, 2);
INSERT INTO OwnerTbl VALUES (382, "Vivienne   Swanson   ", "1 (880) 258-5195", 1, 2);   INSERT INTO OwnerTbl VALUES (782, "Darius       Swanson   ", "1 (261) 045-8068", 1, 2);
INSERT INTO OwnerTbl VALUES (383, "Addisyn    Joseph    ", "1 (021) 395-4484", 1, 2);   INSERT INTO OwnerTbl VALUES (783, "Dexter       Joseph    ", "1 (951) 000-5255", 1, 3);
INSERT INTO OwnerTbl VALUES (384, "Kaelyn     Francis   ", "1 (710) 069-9359", 1, 2);   INSERT INTO OwnerTbl VALUES (784, "Matteo       Francis   ", "1 (876) 521-0360", 1, 4);
INSERT INTO OwnerTbl VALUES (385, "Annie      Goodman   ", "1 (803) 686-1991", 1, 4);   INSERT INTO OwnerTbl VALUES (785, "Colten       Goodman   ", "1 (078) 445-6816", 1, 3);
INSERT INTO OwnerTbl VALUES (386, "Tiana      Maldonado ", "1 (553) 582-8658", 1, 4);   INSERT INTO OwnerTbl VALUES (786, "Emerson      Maldonado ", "1 (924) 019-2452", 1, 4);
INSERT INTO OwnerTbl VALUES (387, "Kyra       Yates     ", "1 (874) 471-0060", 1, 2);   INSERT INTO OwnerTbl VALUES (787, "Phoenix      Yates     ", "1 (054) 433-0190", 1, 4);
INSERT INTO OwnerTbl VALUES (388, "Janelle    Becker    ", "1 (066) 388-7567", 1, 4);   INSERT INTO OwnerTbl VALUES (788, "King         Becker    ", "1 (652) 330-0150", 1, 4);
INSERT INTO OwnerTbl VALUES (389, "Cali       Erickson  ", "1 (663) 020-5775", 1, 4);   INSERT INTO OwnerTbl VALUES (789, "Izaiah       Erickson  ", "1 (184) 447-6396", 1, 3);
INSERT INTO OwnerTbl VALUES (390, "Aleah      Hodges    ", "1 (652) 527-3593", 1, 3);   INSERT INTO OwnerTbl VALUES (790, "Karter       Hodges    ", "1 (138) 440-3153", 1, 3);
INSERT INTO OwnerTbl VALUES (391, "Caitlin    Rios      ", "1 (056) 263-4024", 1, 3);   INSERT INTO OwnerTbl VALUES (791, "Albert       Rios      ", "1 (324) 923-4064", 1, 3);
INSERT INTO OwnerTbl VALUES (392, "Imani      Conner    ", "1 (517) 248-6986", 1, 3);   INSERT INTO OwnerTbl VALUES (792, "Jerry        Conner    ", "1 (650) 563-0910", 1, 2);
INSERT INTO OwnerTbl VALUES (393, "Jayleen    Adkins    ", "1 (300) 894-8198", 1, 2);   INSERT INTO OwnerTbl VALUES (793, "Tate         Adkins    ", "1 (896) 224-8398", 1, 2);
INSERT INTO OwnerTbl VALUES (394, "April      Webster   ", "1 (925) 314-6056", 1, 3);   INSERT INTO OwnerTbl VALUES (794, "Larry        Webster   ", "1 (166) 581-3183", 1, 3);
INSERT INTO OwnerTbl VALUES (395, "Julie      Norman    ", "1 (847) 568-3813", 1, 2);   INSERT INTO OwnerTbl VALUES (795, "Saul         Norman    ", "1 (326) 306-5425", 1, 4);
INSERT INTO OwnerTbl VALUES (396, "Alessandra Malone    ", "1 (451) 268-7537", 1, 3);   INSERT INTO OwnerTbl VALUES (796, "Payton       Malone    ", "1 (019) 016-1151", 1, 4);
INSERT INTO OwnerTbl VALUES (397, "Julissa    Hammond   ", "1 (765) 940-4984", 1, 2);   INSERT INTO OwnerTbl VALUES (797, "August       Hammond   ", "1 (217) 754-1751", 1, 3);
INSERT INTO OwnerTbl VALUES (398, "Kailyn     Flowers   ", "1 (828) 475-7167", 1, 3);   INSERT INTO OwnerTbl VALUES (798, "Jalen        Flowers   ", "1 (685) 745-3653", 1, 3);
INSERT INTO OwnerTbl VALUES (399, "Jazlyn     Cobb      ", "1 (456) 507-3023", 1, 3);   INSERT INTO OwnerTbl VALUES (799, "Enzo         Cobb      ", "1 (215) 876-3113", 1, 4);
INSERT INTO OwnerTbl VALUES (400, "Leianne    Copernicus", "1 (456) 507-3023", 1, 3);   INSERT INTO OwnerTbl VALUES (800, "Alex         Bustelo   ", "1 (215) 876-3113", 2, 4);


INSERT INTO StoreTypeTbl VALUES (01, "Bakery");
INSERT INTO StoreTypeTbl VALUES (02, "Bar");
INSERT INTO StoreTypeTbl VALUES (03, "Barber");
INSERT INTO StoreTypeTbl VALUES (04, "Bridal");
INSERT INTO StoreTypeTbl VALUES (05, "Cafe");
INSERT INTO StoreTypeTbl VALUES (06, "Cleaners,");
INSERT INTO StoreTypeTbl VALUES (07, "Clothing");
INSERT INTO StoreTypeTbl VALUES (08, "Cosmetic");
INSERT INTO StoreTypeTbl VALUES (09, "Education");
INSERT INTO StoreTypeTbl VALUES (10, "Groceries");
INSERT INTO StoreTypeTbl VALUES (11, "Gym");
INSERT INTO StoreTypeTbl VALUES (12, "Home improve");
INSERT INTO StoreTypeTbl VALUES (13, "Jewlry");
INSERT INTO StoreTypeTbl VALUES (14, "Medical,");
INSERT INTO StoreTypeTbl VALUES (15, "Office supplies");
INSERT INTO StoreTypeTbl VALUES (16, "Printing");
INSERT INTO StoreTypeTbl VALUES (17, "Pet supplies");
INSERT INTO StoreTypeTbl VALUES (18, "Restaurant");
INSERT INTO StoreTypeTbl VALUES (19, "Shoes");
INSERT INTO StoreTypeTbl VALUES (20, "Snacks and sweets");
INSERT INTO StoreTypeTbl VALUES (21, "Storage");
INSERT INTO StoreTypeTbl VALUES (22, "Tailoring");
INSERT INTO StoreTypeTbl VALUES (23, "Toys");
INSERT INTO StoreTypeTbl VALUES (24, "Trucking");
INSERT INTO StoreTypeTbl VALUES (25, "Vet");
INSERT INTO StoreTypeTbl VALUES (26, "Zpecialz"); -- this honestly could be called "Others" but that's basically what it is
INSERT INTO StoreTypeTbl VALUES (27, "Karoke");
INSERT INTO StoreTypeTbl VALUES (28, "Juice and Smoothie Bars");
INSERT INTO StoreTypeTbl VALUES (29, "Franchises");
INSERT INTO StoreTypeTbl VALUES (30, "Crafts");
INSERT INTO StoreTypeTbl VALUES (31, "Flowers");
INSERT INTO StoreTypeTbl VALUES (32, "Mail");
INSERT INTO StoreTypeTbl VALUES (33, "Photography");
INSERT INTO StoreTypeTbl VALUES (34, "Donuts");

INSERT INTO MerchandiseTbl VALUES (72001, "[1] Quantum Leap        ",   null,  "0.99");
INSERT INTO MerchandiseTbl VALUES (72002, "!@#$% Time Portal       ",   null,  "1.50");
INSERT INTO MerchandiseTbl VALUES (72003, "32 GB Flash Drive       ",   null,  "7.99");
INSERT INTO MerchandiseTbl VALUES (72005, "Antiaircraft Artillery  ",   null, "99.99");
INSERT INTO MerchandiseTbl VALUES (72006, "Antibiotic              ",   null, "99.99");
INSERT INTO MerchandiseTbl VALUES (72007, "Apple Pie               ",   null, "99.99");
INSERT INTO MerchandiseTbl VALUES (72008, "Bannana Sundae          ",   null, "99.99");
INSERT INTO MerchandiseTbl VALUES (72009, "Bikini                  ",   null, "99.99");
INSERT INTO MerchandiseTbl VALUES (72010, "Bra                     ",   null, "99.99");
INSERT INTO MerchandiseTbl VALUES (72011, "Brazillian Wax          ",   null, "99.99");
INSERT INTO MerchandiseTbl VALUES (72012, "Bugolgi                 ",   null, "99.99");
INSERT INTO MerchandiseTbl VALUES (72013, "Candy                   ",   null, "99.99");
INSERT INTO MerchandiseTbl VALUES (72014, "Cardigan                ",   null, "99.99");
INSERT INTO MerchandiseTbl VALUES (72015, "Chocolate Chip Cookie   ",   null, "99.99");
INSERT INTO MerchandiseTbl VALUES (72016, "Chocolates              ",   null, "99.99");
INSERT INTO MerchandiseTbl VALUES (72017, "Cupcake                 ",   null, "99.99");
INSERT INTO MerchandiseTbl VALUES (72018, "Dominos                 ",   null, "99.99");
INSERT INTO MerchandiseTbl VALUES (72019, "Donut Holes             ",   null, "99.99");
INSERT INTO MerchandiseTbl VALUES (72020, "Eclair                  ",   null, "99.99");
INSERT INTO MerchandiseTbl VALUES (72021, "Flashlight              ",   null, "99.99");
INSERT INTO MerchandiseTbl VALUES (72022, "Flour                   ",   null, "99.99");
INSERT INTO MerchandiseTbl VALUES (72023, "FroYo                   ",   null, "99.99");
INSERT INTO MerchandiseTbl VALUES (72024, "Gingerbread             ",   null, "99.99");
INSERT INTO MerchandiseTbl VALUES (72025, "Gum                     ",   null, "99.99");
INSERT INTO MerchandiseTbl VALUES (72026, "Hand Mirror             ",   null, "99.99");
INSERT INTO MerchandiseTbl VALUES (72027, "Hand Sanitizer          ",   null, "99.99");
INSERT INTO MerchandiseTbl VALUES (72028, "Happy Ending            ",   null, "99.99");
INSERT INTO MerchandiseTbl VALUES (72029, "Hat                     ",   null, "99.99");
INSERT INTO MerchandiseTbl VALUES (72030, "Hot Dog                 ",   null, "99.99");
INSERT INTO MerchandiseTbl VALUES (72031, "Ice Cream Sandwich      ",   null, "99.99");
INSERT INTO MerchandiseTbl VALUES (72032, "Jelly Bean              ",   null, "99.99");
INSERT INTO MerchandiseTbl VALUES (72033, "Kimchi                  ",   null, "99.99");
INSERT INTO MerchandiseTbl VALUES (72034, "KitKat                  ",   null, "99.99");
INSERT INTO MerchandiseTbl VALUES (72035, "Lingerie                ",   null, "99.99");
INSERT INTO MerchandiseTbl VALUES (72036, "Lipstick                ",   null, "99.99");
INSERT INTO MerchandiseTbl VALUES (72037, "Lollipop                ",   null, "99.99");
INSERT INTO MerchandiseTbl VALUES (72038, "Manicure                ",   null, "99.99");
INSERT INTO MerchandiseTbl VALUES (72039, "Marshmallows            ",   null, "99.99");
INSERT INTO MerchandiseTbl VALUES (72040, "Massage                 ",   null, "99.99");
INSERT INTO MerchandiseTbl VALUES (72041, "Nicotine Gum            ",   null, "99.99");
INSERT INTO MerchandiseTbl VALUES (72042, "Oompa Loompa Dolls      ",   null, "99.99");
INSERT INTO MerchandiseTbl VALUES (72043, "Oranges                 ",   null, "99.99");
INSERT INTO MerchandiseTbl VALUES (72044, "Oreos                   ",   null, "99.99");
INSERT INTO MerchandiseTbl VALUES (72045, "Pen                     ",   null, "99.99");
INSERT INTO MerchandiseTbl VALUES (72046, "Paprica                 ",   null, "99.99");
INSERT INTO MerchandiseTbl VALUES (72047, "Perfume                 ",   null, "99.99");
INSERT INTO MerchandiseTbl VALUES (72048, "Poke                    ",   null, "99.99");
INSERT INTO MerchandiseTbl VALUES (72049, "Quiches                 ",   null, "99.99");
INSERT INTO MerchandiseTbl VALUES (72050, "Ramen                   ",   null, "99.99");
INSERT INTO MerchandiseTbl VALUES (72051, "Raspery Pies            ",   null, "99.99");
INSERT INTO MerchandiseTbl VALUES (72052, "Sunglasses              ",   null, "99.99");
INSERT INTO MerchandiseTbl VALUES (72053, "Tacos                   ",   null, "99.99");
INSERT INTO MerchandiseTbl VALUES (72054, "Tampon                  ",   null, "99.99");
INSERT INTO MerchandiseTbl VALUES (72055, "Tiamat Idol             ",   null, "99.99");
INSERT INTO MerchandiseTbl VALUES (72056, "Toy Tiger               ",   null, "99.99");
INSERT INTO MerchandiseTbl VALUES (72057, "USB Male to Female Cable",   null, "99.99");
INSERT INTO MerchandiseTbl VALUES (72058, "Umbrella                ",   null, "99.99");
INSERT INTO MerchandiseTbl VALUES (72059, "Underwear               ",   null, "99.99");
INSERT INTO MerchandiseTbl VALUES (72060, "VCR                     ",   null, "99.99");
INSERT INTO MerchandiseTbl VALUES (72061, "Vibrator                ",   null, "99.99");
INSERT INTO MerchandiseTbl VALUES (72063, "Violin                  ",   null, "99.99");
INSERT INTO MerchandiseTbl VALUES (72064, "Voltmeter               ",   null, "99.99");
INSERT INTO MerchandiseTbl VALUES (72065, "Wastebin                ",   null, "99.99");
INSERT INTO MerchandiseTbl VALUES (72066, "Water Boarding Package  ",   null, "99.99");
INSERT INTO MerchandiseTbl VALUES (72067, "Waterbottles            ",   null, "99.99");
INSERT INTO MerchandiseTbl VALUES (72068, "Xylophone               ",   null, "99.99");
INSERT INTO MerchandiseTbl VALUES (72069, "Yarn                    ",   null, "99.99");
INSERT INTO MerchandiseTbl VALUES (72070, "Yoyo                    ",   null, "99.99");
INSERT INTO MerchandiseTbl VALUES (72071, "Zepplin Toy             ",   null, "99.99");
INSERT INTO MerchandiseTbl VALUES (72072, "Zuccini                 ",   null, "99.99");



INSERT INTO CityTbl VALUES (6260001 , "Artesia");
INSERT INTO CityTbl VALUES (6260002 , "Brea");
INSERT INTO CityTbl VALUES (6260003 , "Buena Park");
INSERT INTO CityTbl VALUES (6260004 , "Cerritos");
INSERT INTO CityTbl VALUES (6260005 , "Chino Hills");
INSERT INTO CityTbl VALUES (6260006 , "Claremont");
INSERT INTO CityTbl VALUES (6260007 , "Corona");
INSERT INTO CityTbl VALUES (6260008 , "Fullerton");
INSERT INTO CityTbl VALUES (6260009 , "Huntington Beach");
INSERT INTO CityTbl VALUES (6260010, "Irvine");
INSERT INTO CityTbl VALUES (6260011, "La Miranda");
INSERT INTO CityTbl VALUES (6260012, "Lake Forest");
INSERT INTO CityTbl VALUES (6260013, "Long Beach");
INSERT INTO CityTbl VALUES (6260014, "Los Angeles");
INSERT INTO CityTbl VALUES (6260015, "Mission Viejo");
INSERT INTO CityTbl VALUES (6260016, "Newport Beach + Costa Mesa");
INSERT INTO CityTbl VALUES (6260017, "Newport Beach");
INSERT INTO CityTbl VALUES (6260018, "Northridge");
INSERT INTO CityTbl VALUES (6260019, "Ontario");
INSERT INTO CityTbl VALUES (6260020, "Orange");
INSERT INTO CityTbl VALUES (6260021, "Pasadena");
INSERT INTO CityTbl VALUES (6260022, "Riverside");
INSERT INTO CityTbl VALUES (6260023, "Riverside");
INSERT INTO CityTbl VALUES (6260024, "Rowland Heights");
INSERT INTO CityTbl VALUES (6260025, "Santa Ana");
INSERT INTO CityTbl VALUES (6260026, "Santa Monica");
INSERT INTO CityTbl VALUES (6260027, "Tustin");
INSERT INTO CityTbl VALUES (6260028, "West Covina");

-- Irvine
INSERT INTO PlazaTbl VALUES (6260010001, "Alton Retail Center",                6260010);
INSERT INTO PlazaTbl VALUES (6260010002, "Alton Square",                       6260010);
INSERT INTO PlazaTbl VALUES (6260010003, "Arbor Village Shopping Center",      6260010);
INSERT INTO PlazaTbl VALUES (6260010004, "Crossroads",                         6260010);
INSERT INTO PlazaTbl VALUES (6260010005, "Culver Plaza",                       6260010);
INSERT INTO PlazaTbl VALUES (6260010006, "Cypress Village Shopping Center",    6260010);
INSERT INTO PlazaTbl VALUES (6260010007, "Diamond Jamboree",                   6260010);
INSERT INTO PlazaTbl VALUES (6260010008, "Executive Park",                     6260010);
INSERT INTO PlazaTbl VALUES (6260010009, "Harvard Place Shopping Center",      6260010);
INSERT INTO PlazaTbl VALUES (6260010010, "Los Olivos Marketplace",             6260010);
INSERT INTO PlazaTbl VALUES (6260010011, "Northpark Plaza",                    6260010);
INSERT INTO PlazaTbl VALUES (6260010012, "Orange Tree Square Shopping Center", 6260010);
INSERT INTO PlazaTbl VALUES (6260010013, "Orchard Hills Shopping Center",      6260010);
INSERT INTO PlazaTbl VALUES (6260010014, "Others",                             6260010);
INSERT INTO PlazaTbl VALUES (6260010015, "Parkview Center",                    6260010);
INSERT INTO PlazaTbl VALUES (6260010016, "Quail Hill Shopping Center",        6260010);
INSERT INTO PlazaTbl VALUES (6260010017, "Sand Canyon Plaza",                  6260010);
INSERT INTO PlazaTbl VALUES (6260010018, "Woodbridge Village Center",          6260010);
INSERT INTO PlazaTbl VALUES (6260010019, "Woodbury Town Center",               6260010);

INSERT INTO StoreTbl VALUES (6260010001001,     "Chi Acupuncture",                                          "15370 Alton Pkwy",                                         "(949) 500-0433",       null, 0014,     6260010001, 001) ;  -- med, apu
INSERT INTO StoreTbl VALUES (6260010001002,     "DentAll By Dr Z",                                          "15362 Alton Pkw",                                          "(949) 447-5050",       null, 0014,     6260010001, 002) ;  -- med, den
INSERT INTO StoreTbl VALUES (6260010001003,     "Metro for Men",                                            "15382 Alton Pkwy",                                         "(949) 450-0150",       null, 0007,     6260010001, 003) ;  -- clothing
INSERT INTO StoreTbl VALUES (6260010001004,     "Pacifico Fish Company",                                    "15354 Alton Pkwy",                                         "(949) 788-0944",       null, 0018,     6260010001, 004) ;  -- rst, seafood
INSERT INTO StoreTbl VALUES (6260010002001,     "Crazy Rock'N Sushi",                                       "5365 Alton Pkwy Ste B-1",                                  "(949) 551-3599",       null, 0018,     6260010002, 005) ;  -- rst, suhi  -- sushi
INSERT INTO StoreTbl VALUES (6260010002002,     "Relax Lounge Reflexology",                                 "5405 Alton Pkwy Suite B",                                  "(949) 262-1348",       null, 0008,     6260010002, 006) ;  -- cosm
INSERT INTO StoreTbl VALUES (6260010003001,     "Arbor Animal Hospital",                                    "14775 Jeffrey Rd Ste F",                                   "(949) 551-2727",       null, 0025,     6260010003, 007) ;  -- vetenarian
INSERT INTO StoreTbl VALUES (6260010003002,     "Champion Food",                                            "14775 Jeffrey Rd Ste L",                                   "(949) 857-6686",       null, 0010,     6260010003, 008) ;  -- grocery store
INSERT INTO StoreTbl VALUES (6260010003003,     "Evergreen Herbs & Health",                                 "14805 Jeffrey Rd Ste G",                                   "(949) 786-9284",       null, 0014,     6260010003, 009) ;  -- med, acupuncture
INSERT INTO StoreTbl VALUES (6260010003004,     "I-Tea Cafe",                                               "15435 Jeffrey Rd Ste 110",                                 "(949) 551-4832",       null, 0005,     6260010003, 010) ;  -- cafe
INSERT INTO StoreTbl VALUES (6260010003005,     "Irvine China Garden",                                      "14825 Jeffrey Rd",                                         "(949) 653-9988",       null, 0018,     6260010003, 011) ;  -- rst, chinese --- x
INSERT INTO StoreTbl VALUES (6260010003006,     "Sea Wave Beauty Salon",                                    "14805 Jeffrey Rd Ste 3b",                                  "(949) 857-1698",       null, 0008,     6260010003, 012) ;  -- cosm
INSERT INTO StoreTbl VALUES (6260010003007,     "Shik Do Rak",                                              "14805 Jeffrey Rd Ste H",                                   "(949) 653-7668",       null, 0018,     6260010003, 013) ;  -- rst, kbbq --- x
INSERT INTO StoreTbl VALUES (6260010003008,     "Sunmerry Bakery",                                          "14805 Jeffrey Rd Ste E",                                   "(949) 431-6174",       null, 0001,     6260010003, 014) ;  -- bakery ---- x
INSERT INTO StoreTbl VALUES (6260010003009,     "Taiko",                                                    "14775 Jeffrey Rd Ste K",                                   "(949) 559-7190",       null, 0018,     6260010003, 015) ;  -- rst, sushi - jap ---- x
INSERT INTO StoreTbl VALUES (6260010003010,     "Thai Cafe",                                                "14715 Jeffrey Rd",                                        "(949) 559-5382",       null, 0005,     6260010003, 016) ;  -- cafe, thai ---- x
INSERT INTO StoreTbl VALUES (6260010003011,     "Valley Cafe",                                              "14805 Jeffrey Rd Ste A",                                   "(949) 559-9436",       null, 0005,     6260010003, 017) ;  -- cafe --- x
INSERT INTO StoreTbl VALUES (6260010003012,     "Zentech Massage Chairs",                                   "14775 Jeffrey Rd Unit I",                                  "(949) 654-3936",       null, 0008,     6260010003, 018) ;  -- cosm
INSERT INTO StoreTbl VALUES (6260010004001,     "Capital Noodle Bar",                                       "3850 Barranca Pkwy Ste E",                                 "(949) 651-8088",       null, 0018,     6260010004, 019) ;  -- rst, chinese
INSERT INTO StoreTbl VALUES (6260010004002,     "Competitive Aquatic Supply",                               "3972 Barranca Parkway",                                    "(949) 653-7665",       null, 0026,     6260010004, 020) ;  -- zpecial goods
INSERT INTO StoreTbl VALUES (6260010004003,     "DonerG Turkish & Mediterranean Grill",                     "3800 Barranca Pkwy",                                       "(949) 861-2626",       null, 0018,     6260010004, 021) ;  -- rst, med
INSERT INTO StoreTbl VALUES (6260010004004,     "Ha Long Vietnamese Cuisine",                               "3850 D Barranca Pkwy",                                     "(949) 654-3736",       null, 0018,     6260010004, 022) ;  -- rst, viet
INSERT INTO StoreTbl VALUES (6260010004005,     "Ibiya Family",                                             "3850 Barranca Pkwy",                                       "(949) 559-5152",       null, 0026,     6260010004, 023) ;  -- zpecial
INSERT INTO StoreTbl VALUES (6260010004006,     "La Petite Chenille",                                       "3800 Barranca Pkwy ",                                      "(949) 347-5204",       null, 0023,     6260010004, 024) ;  -- toys
INSERT INTO StoreTbl VALUES (6260010004007,     "Love and Lace Bridal Boutique and Tailor",                 "3800 Barranca Parkway, Suite F",                           "(949) 861-8455",       null, 0007,     6260010004, 025) ;  -- clothing, lux bout ------ x
INSERT INTO StoreTbl VALUES (6260010004008,     "Paradise Bowls",                                           "3972 Barranca Pkwy Ste L",                                 "(949) 502-5257",       null, 0028,     6260010004, 026) ;  -- juice bar
INSERT INTO StoreTbl VALUES (6260010004009,     "Russian School of Mathematics",                            "3996 Barranca Pkwy #110",                                  "(949) 551-1777",       null, 0009,     6260010004, 027) ;  -- education, tutor
INSERT INTO StoreTbl VALUES (6260010004010,     "Sagami",                                                   "3850 Barranca Pkwy Ste B",                                 "(949) 857-8030",       null, 0018,     6260010004, 028) ;  -- rst, jap
INSERT INTO StoreTbl VALUES (6260010004011,     "Stonefire Grill",                                          "3966 Barranca Pkwy",                                       "(949) 777-1177",       null, 0018,     6260010004, 029) ;  -- rst, american -------- no
INSERT INTO StoreTbl VALUES (6260010004012,     "Talium",                                                   "3850 Barranca Parkway. Unit G",                            "(949) 654-4411",       null, 0009,     6260010004, 030) ;  -- edu, martial arts
INSERT INTO StoreTbl VALUES (6260010005001,     "All That Barbecue",                                        "15333 Culver Dr Ste 100",                                  "(949) 336-8965",       null, 0018,     6260010005, 031) ;  -- rst, kbbq --- mb
INSERT INTO StoreTbl VALUES (6260010005002,     "Golden Vision Optometry",                                  "15333 Culver Dr Ste 690",                                  "(949) 552-4271",       null, 0014,     6260010005, 032) ;  -- med, opt
INSERT INTO StoreTbl VALUES (6260010005003,     "Irvine Art & Music",                                       "15315 Culver Dr Ste 150",                                  "(949) 559-3069",       null, 0009,     6260010005, 033) ;  -- education, art
INSERT INTO StoreTbl VALUES (6260010005004,     "Meizhou Dongpo",                                           "15363 Culver Dr",                                          "(949) 433-5686",       null, 0018,     6260010005, 034) ;  -- rst, chinese
INSERT INTO StoreTbl VALUES (6260010006001,     "Da Luau Hawaiian Grill",                                   "14151 Jeffrey Rd",                                         "(949) 748-8855",       null, 0018,     6260010006, 035) ;  -- rst, hawaiian
INSERT INTO StoreTbl VALUES (6260010006002,     "Honey Pig BBQ",                                            "14171 Jeffrey Rd",                                         "(949) 651-9005",       null, 0018,     6260010006, 036) ;  -- rst, kbbq
INSERT INTO StoreTbl VALUES (6260010006003,     "Mokkoji Shabu Shabu Bar",                                  "14041 Jeffrey Rd",                                         "(949) 451-0011",       null, 0018,     6260010006, 037) ;  -- rst, jap
INSERT INTO StoreTbl VALUES (6260010006004,     "Olive Oil Mediterranean Grill",                            "14141 Jeffrey Rd",                                         "(949) 988-7554",       null, 0018,     6260010006, 038) ;  -- rst, medit
INSERT INTO StoreTbl VALUES (6260010006005,     "People Optical",                                           "14251 Jeffrey Rd",                                         "(949) 559-1234",       null, 0014,     6260010006, 039) ;  -- med, opt
INSERT INTO StoreTbl VALUES (6260010006006,     "Pho Ha Noi",                                               "14021 Jeffrey Rd",                                         "(949) 733-3320",       null, 0018,     6260010006, 040) ;  -- rst, pho, yup, am-viet
INSERT INTO StoreTbl VALUES (6260010006007,     "Tang 190",                                                 "14121 Jeffrey Rd",                                         "(949) 651-1901",       null, 0018,     6260010006, 041) ;  -- rst, pho, viet
INSERT INTO StoreTbl VALUES (6260010006008,     "Tomikawa Japanese Restaurant",                             "14191 Jeffrey Rd",                                         "(949) 786-9888",       null, 0018,     6260010006, 042) ;  -- rst, jap
INSERT INTO StoreTbl VALUES (6260010007001,     "Bon pi Ptisserie Caf",                                  "2750 Alton Pkwy Ste 101",                                  "(949) 251-0070",       null, 0005,     6260010007, 043) ;  -- cafe
INSERT INTO StoreTbl VALUES (6260010007002,     "Chef Hung Taiwanese Beef Noodle",                          "2710 Alton Pkwy Ste 117",                                  "(949) 756-0088",       null, 0018,     6260010007, 044) ;  -- rst, taiwanese
INSERT INTO StoreTbl VALUES (6260010007003,     "Coffeebar Byul",                                           "2750 Alton Pkwy Ste 141",                                  "(949) 247-2491",       null, 0005,     6260010007, 045) ;  -- cafe
INSERT INTO StoreTbl VALUES (6260010007004,     "Crystal Chalet",                                           "2710 Alton Pkwy Ste 111",                                  "(949) 756-9818",       null, 0013,     6260010007, 046) ;  -- jews --- x
INSERT INTO StoreTbl VALUES (6260010007005,     "Five Star Spa",                                            "2700 Alton Pkwy Ste 235",                                  "(949) 656-9898",       null, 0008,     6260010007, 047) ;  -- cosm
INSERT INTO StoreTbl VALUES (6260010007006,     "Meet Fresh",                                               "2710 Alton Pkwy Ste 105",                                  "(949) 955-9236",       null, 0018,     6260010007, 048) ;  -- rst, dessert --- no
INSERT INTO StoreTbl VALUES (6260010007007,     "Oak Creek Cleaners",                                       "5685 Alton Pkwy",                                          "(949) 786-0985",       null, 0006,     6260010007, 049) ;  -- cleaners
INSERT INTO StoreTbl VALUES (6260010007008,     "Palace Beauty",                                            "2700 Alton Pkwy Ste 143",                                  "(949) 261-2454",       null, 0008,     6260010007, 050) ;  -- cosm
INSERT INTO StoreTbl VALUES (6260010007009,     "Plush Karaoke Lounge",                                     "2710 Alton Pkwy Ste 203",                                  "(949) 222-9986",       null, 0027,     6260010007, 051) ;  -- karoke
INSERT INTO StoreTbl VALUES (6260010007010,     "SWSH Shabu Shabu",                                         "2710 Alton Pkwy Ste 213",                                  "(949) 474-0888",       null, 0018,     6260010007, 052) ;  -- rst, jap
INSERT INTO StoreTbl VALUES (6260010007011,     "Salon Loxy",                                               "2700 Alton Pkwy Ste 227",                                  "(949) 553-1999",       null, 0008,     6260010007, 053) ;  -- cosm
INSERT INTO StoreTbl VALUES (6260010007012,     "Spice Bar",                                               "2700 Alton Pkwy Ste 125",                                  "(949) 752-7799",       null, 0002,     6260010007, 054) ;  -- bar
INSERT INTO StoreTbl VALUES (6260010007013,     "Square One Pizza Cafe",                                    "5789 Alton Pkwy",                                          "(949) 451-1750",       null, 0018,     6260010007, 055) ;  -- rst, pizza
INSERT INTO StoreTbl VALUES (6260010007014,     "Square Room Escape",                                       "2710 Alton Pkwy Ste 209",                                  "(949) 491-8336",       null, 0026,     6260010007, 056) ;  -- zpecial   --- no
INSERT INTO StoreTbl VALUES (6260010007015,     "Urban Seoul",                                              "2750 Alton Pkwy Ste 131",                                  "(949) 553-0188",       null, 0018,     6260010007, 057) ;  -- rst, fusion asian ------- no
INSERT INTO StoreTbl VALUES (6260010007016,     "Yigah Restaurant",                                         "2750 Alton Pkwy Ste 105",                                  "(949) 475-0011",       null, 0018,     6260010007, 058) ;  -- rst
INSERT INTO StoreTbl VALUES (6260010008001,     "Agora Churrascaria",                                       "1830 Main St",                                             "(949) 222-9910",       null, 0018,     6260010008, 059) ;  -- rst, steakhouse, american ---- x fb
INSERT INTO StoreTbl VALUES (6260010009001,     "Harvard Place Dental",                                     "17655 Harvard Ave f",                                      "(949) 531-8889",       null, 0014,     6260010009, 060) ;  -- med, dental
INSERT INTO StoreTbl VALUES (6260010009002,     "James Shoe Repair",                                        "17655 Harvard Ave Ste C",                                  "(949) 833-9946",       null, 0019,     6260010009, 061) ;  -- shoes -- repair
INSERT INTO StoreTbl VALUES (6260010009003,     "Paradise Cleaners",                                        "17595 Harvard Ave Ste H",                                  "(949) 833-9443",       null, 0006,     6260010009, 062) ;  -- cleaners
INSERT INTO StoreTbl VALUES (6260010009004,     "Poqet Donuts",                                             "17655 Harvard Ave Ste B",                                  "(949) 932-0800",       null, 0020,     6260010009, 063) ;  -- snacks and sweets
INSERT INTO StoreTbl VALUES (6260010009005,     "SeaFit Irvine",                                            "17655 Harvard Avenue, Suite A",                            "(949) 833-1003",       null, 0011,     6260010009, 064) ;  -- gym
INSERT INTO StoreTbl VALUES (6260010010001,     "Burnt Crumbs",                                             "8549 Irvine Ctr Dr",                                       "(949) 502-5998",       null, 0018,     6260010010, 065) ;  -- rst, sandwiches
INSERT INTO StoreTbl VALUES (6260010010002,     "Fukada",                                                   "8683 Irvine Center Dr",                                    "(949) 341-0111",       null, 0018,     6260010010, 066) ;  -- rst, jap ------- no
INSERT INTO StoreTbl VALUES (6260010010003,     "Han Taiwanese Restaurant",                                 "8691 Irvine Center Dr",                                    "(949) 407-4996",       null, 0018,     6260010010, 067) ;  -- rst, taiwanese
INSERT INTO StoreTbl VALUES (6260010010004,     "Phans55",                                                  "8557 Irvine Center Dr",                                    "(949) 825-5117",       null, 0018,     6260010010, 068) ;  -- rst, viet
INSERT INTO StoreTbl VALUES (6260010010005,     "Puesto",                                                   "8577 Irvine Center Dr",                                    "(949) 608-9990",       null, 0018,     6260010010, 069) ;  -- rst, mexican
INSERT INTO StoreTbl VALUES (6260010010006,     "Radiant Hot Yoga",                                         "8501 Irvine Center Drive",                                 "(949) 679-4442",       null, 0008,     6260010010, 070) ;  -- cosm
INSERT INTO StoreTbl VALUES (6260010010007,     "Revival Spa",                                              "8689 Irvine Center Dr",                                    "(949) 932-0189",       null, 0008,     6260010010, 071) ;  -- cosm
INSERT INTO StoreTbl VALUES (6260010010008,     "Spectrum Montessori",                                      "8673 Irvine Ctr Dr",                                       "(949) 783-5331",       null, 0009,     6260010010, 072) ;  -- education
INSERT INTO StoreTbl VALUES (6260010010009,     "Sugar Rush Sweet Shoppe",                                  "8585 Irvine Center Dr",                                    "(949) 502-5610",       null, 0020,     6260010010, 073) ;  -- dessert shot
INSERT INTO StoreTbl VALUES (6260010011001,     "Gen Sushi",                                                "3957 Irvine Blvd",                                         "(714) 508-1668",       null, 0018,     6260010011, 074) ;  -- rst, jap, suhsi
INSERT INTO StoreTbl VALUES (6260010011002,     "Irvine Veterinary Services",                               "3961 Irvine Blvd",                                         "(949) 786-0990",       null, 0025,     6260010011, 075) ;  -- vetenarian
INSERT INTO StoreTbl VALUES (6260010011003,     "Northpark Dental Associates",                              "3969 Irvine Blvd",                                         "(714) 368-3319",       null, 0014,     6260010011, 076) ;  -- med, dental
INSERT INTO StoreTbl VALUES (6260010011004,     "Northpark Optometry",                                      "3971 Irvine Blvd #110",                                    "(714) 505-0555",       null, 0014,     6260010011, 077) ;  -- med, opt ------ x
INSERT INTO StoreTbl VALUES (6260010012001,     "Camino Pet Hospital",                                      "5408 Walnut Ave",                                          "(949) 559-1404",       null, 0025,     6260010012, 078) ;  -- vetenarian
INSERT INTO StoreTbl VALUES (6260010012002,     "Chong Qing Mei Wei Szechuan",                             "5406 Walnut Ave Ste C",                                    "(949) 651-8886",       null, 0018,     6260010012, 079) ;  -- rst, chinese ---- x
INSERT INTO StoreTbl VALUES (6260010012003,     "DanceLova Dance Academy",                                  "5404 Walnut Ave Ste F",                                    "(949) 682-5682",       null, 0009,     6260010012, 080) ;  -- education, dancing
INSERT INTO StoreTbl VALUES (6260010012004,     "Hometown Restaurant",                                      "5394 Walnut Ave, Ste C",                                   "(949) 651-6128",       null, 0018,     6260010012, 081) ;  -- rst, buffet, american ---- no
INSERT INTO StoreTbl VALUES (6260010012005,     "House of Shabu Shabu",                                     "5394 Walnut Ave Ste A",                                    "(949) 654-9400",       null, 0018,     6260010012, 082) ;  -- rst, jap, hotpot
INSERT INTO StoreTbl VALUES (6260010012006,     "Irvine Tennis",                                            "5394 Walnut Avenue, Suite D",                              "(949)-559-0300",       null, 0026,     6260010012, 083) ;  -- zpecial
INSERT INTO StoreTbl VALUES (6260010012007,     "Kaju Soft Tofu",                                           "5408 Walnut Ave Ste E & F",                                "(949) 653-2849",       null, 0018,     6260010012, 084) ;  -- rst, jap --- x
INSERT INTO StoreTbl VALUES (6260010012008,     "MKs Union 76",                                            "5410 Walnut Ave",                                          "(949) 552-7686",       null, 0026,     6260010012, 085) ;  -- zpecial
INSERT INTO StoreTbl VALUES (6260010012009,     "S W Seafood & B B Q Restaurant",                           "5406 Walnut Ave",                                          "(949) 262-0128",       null, 0018,     6260010012, 086) ;  -- rst, seafood
INSERT INTO StoreTbl VALUES (6260010012010,     "Sons & Daughters Orthodontics",                            "5394-H Walnut Ave",                                        "(949) 262-9567",       null, 0014,     6260010012, 087) ;  -- med, ortho
INSERT INTO StoreTbl VALUES (6260010012011,     "Tofu King",                                                "5394 Walnut Ave Ste L",                                    "(949) 654-0486",       null, 0018,     6260010012, 088) ;  -- rst, asian
INSERT INTO StoreTbl VALUES (6260010012012,     "Vua Kho Bo",                                               "5408 Walnut Ave",                                          null,                   null, 0020,     6260010012, 089) ;  -- snacks, viet
INSERT INTO StoreTbl VALUES (6260010012013,     "Yus Garden",                                              "5408 Walnut Ave Ste H",                                    "(949) 654-2366",       null, 0018,     6260010012, 090) ;  -- rst, asian
INSERT INTO StoreTbl VALUES (6260010013001,     "Amore Dentistry",                                          "3869 Portola Pkwy",                                        "(714) 709-4890",       null, 0014,     6260010013, 091) ;  -- med, dental
INSERT INTO StoreTbl VALUES (6260010013002,     "Be the Change Yoga & Wellness",                            "3943 Portola Parkway",                                     "(714) 417-9834",       null, 0008,     6260010013, 092) ;  -- cosm
INSERT INTO StoreTbl VALUES (6260010013003,     "Bellagio Spa & Salon",                                     "3992 Portola Pkwy",                                        "(714) 730-7767",       null, 0008,     6260010013, 093) ;  -- cosm
INSERT INTO StoreTbl VALUES (6260010013004,     "Esprit Nails Spa",                                         "3861 Portola Pkwy",                                        "(714) 665-2311",       null, 0008,     6260010013, 094) ;  -- cosm
INSERT INTO StoreTbl VALUES (6260010013005,     "Jinbei",                                                   "3923 Portola Pkwy",                                        "(714) 544-2800",       null, 0018,     6260010013, 095) ;  -- rst, jap
INSERT INTO StoreTbl VALUES (6260010013006,     "KB HOME STUDIO",                                           "3911 Portola Pkwy",                                        "(949) 379-3927",       null, 0026,     6260010013, 096) ;  -- home --- no
INSERT INTO StoreTbl VALUES (6260010013007,     "LA Sirena grill",                                          "3931 Portola Pkwy",                                        "(714) 508-8226",       null, 0018,     6260010013, 097) ;  -- rst, american grill
INSERT INTO StoreTbl VALUES (6260010013008,     "LePort Montessori",                                        "3983 Portola Pkwy",                                        "(949) 336-1346",       null, 0009,     6260010013, 098) ;  -- education ----- x
INSERT INTO StoreTbl VALUES (6260010013009,     "Ren Asian Bistro",                                         "3935 Portola Pkwy",                                        "(714) 832-1688",       null, 0018,     6260010013, 099) ;  -- rst, asian bistro
INSERT INTO StoreTbl VALUES (6260010013010,     "Zov's Neighborhood Cafe & Bar",                            "3915 Portola Pkwy",                                        "(949) 760-9687",       null, 0005,     6260010013, 100) ;  -- cafe
INSERT INTO StoreTbl VALUES (6260010014001,     "3D fitness",                                               "3941 Irvine Blvd",                                         "(714) 389-9337",       null, 0011,     6260010014, 101) ;  -- gym
INSERT INTO StoreTbl VALUES (6260010014002,     "ART & FRAME EXPO",                                         "6286 Irvine Blvd",                                         "(949) 737-1124",       null, 0030,     6260010014, 102) ;  -- crafts
INSERT INTO StoreTbl VALUES (6260010014003,     "Gen Sushi",                                                "3957 Irvine Blvd",                                         "(714) 508-1668",       null, 0018,     6260010014, 103) ;  -- rst, jap, suhsi ---- no

INSERT INTO StoreTbl VALUES (6260010014004,     "Inkas Restaurant",                                        "16277 Laguna Canyon Rd Ste A",                             "(949) 753-1276",       null, 0018,     6260010014, 104) ;  -- rst, peruvian ------------- x
INSERT INTO StoreTbl VALUES (6260010014005,     "Jing's Kitchen",                                           "196 technology dr Ste K",                                  "(949) 387-0871",       null, 0018,     6260010014, 105) ;  -- rst, chinese
INSERT INTO StoreTbl VALUES (6260010014006,     "Maizuru",                                                  "Oak Creek Village Center 5623 Alton Pkwy",                 "(949) 551-6802",       null, 0018,     6260010014, 106) ;  -- rst, sushi bar
INSERT INTO StoreTbl VALUES (6260010014007,     "Sandwich Plus",                                            "216 Technology Dr Ste B",                                  "(949) 453-9675",       null, 0018,     6260010014, 107) ;  -- rst
INSERT INTO StoreTbl VALUES (6260010014008,     "Yasai Japanese Grill",                                     "16277 Laguna Canyon Rd Ste C",                             "(949) 753-8870",       null, 0018,     6260010014, 108) ;  -- rst, jap
INSERT INTO StoreTbl VALUES (6260010015001,     "Cielo Coffee",                                             "5317 University Dr",                                       "(949) 857-0183",       null, 0005,     6260010015, 109) ;  -- cafe
INSERT INTO StoreTbl VALUES (6260010015002,     "Dr. Bryant Vo Optometry",                                  "5327 University Dr",                                       "(949) 786-7888",       null, 0014,     6260010015, 110) ;  -- medical, optom
INSERT INTO StoreTbl VALUES (6260010015003,     "Dr. Ronald Jawor",                                         "Orthodontist, 5321 University Dr B",                       "(949) 786-0777",       null, 0014,     6260010015, 111) ;  -- medical
INSERT INTO StoreTbl VALUES (6260010015004,     "Korea House",                                              "5305 University Dr",                                       "(949) 552-9998",       null, 0018,     6260010015, 112) ;  -- rst, korean
INSERT INTO StoreTbl VALUES (6260010015005,     "Maxwell's Salon of London",                                "5315 University Dr",                                       "(949) 559-0504",       null, 0008,     6260010015, 113) ;  -- cosm, salon
INSERT INTO StoreTbl VALUES (6260010015006,     "Oh My Nails",                                              "5321 University Dr d",                                     "(949) 786-2457",       null, 0008,     6260010015, 114) ;  -- cosm
INSERT INTO StoreTbl VALUES (6260010015007,     "Pho Tasia",                                                "5329 University Dr",                                       "(949) 857-0856",       null, 0018,     6260010015, 115) ;  -- rst, pho, yup, am-viet
INSERT INTO StoreTbl VALUES (6260010015008,     "View Cleaners",                                            "5321 University Dr",                                       "(949) 786-1322",       null, 0006,     6260010015, 116) ;  -- cleaners
INSERT INTO StoreTbl VALUES (6260010016001,     "Aspire Art Studio",                                        "6829 Quail Hill",                                          "(949) 857-1688",       null, 0009,     6260010016, 117) ;  -- education, art
INSERT INTO StoreTbl VALUES (6260010016002,     "Bacchus Bar & Bistro",                                     "6735 Quail Hill Pkwy",                                     "(949) 502-4600",       null, 0018,     6260010016, 118) ;  -- rst, american
INSERT INTO StoreTbl VALUES (6260010016003,     "Chill Pistachio's Frozen Treats",                          "6785 Quail Hill Pkwy",                                     "(949) 333-3180",       null, 0020,     6260010016, 119) ;  -- snacks and sweets, ice cream
INSERT INTO StoreTbl VALUES (6260010016004,     "Dogma",                                                    "6755 Quail Hill Pkwy",                                     "(949) 737-5950",       null, 0017,     6260010016, 120) ;  -- pet
INSERT INTO StoreTbl VALUES (6260010016005,     "Images, A Luxury Nail Lounge",                             "6705 Quail Hill Pkwy",                                     "(949) 783-5388",       null, 0008,     6260010016, 121) ;  -- cosmetics
INSERT INTO StoreTbl VALUES (6260010016006,     "Inspire Chiropractic Health & Wellness",                   "6787 Quail Hill Pkwy",                                     "(949) 347-6938",       null, 0014,     6260010016, 122) ;  -- med ciro
INSERT INTO StoreTbl VALUES (6260010016007,     "Johnny's Real New York Pizza",                             "6721 Quail Hill Pkwy",                                     "(949) 823-1900",       null, 0018,     6260010016, 123) ;  -- rst, pizza, american
INSERT INTO StoreTbl VALUES (6260010016008,     "LA Pho",                                                   "6781 Quail Hill Pkwy",                                     "(949) 509-6630",       null, 0018,     6260010016, 124) ;  -- rst, pho, viet
INSERT INTO StoreTbl VALUES (6260010016009,     "Nalu's Hawaiian Fish Grill",                               "6741 Quail Hill Pkwy",                                     "(949) 854-8900",       null, 0018,     6260010016, 125) ;  -- rst, hawaiian ---- x
INSERT INTO StoreTbl VALUES (6260010016010,     "Natraj's Tandoori",                                        "6751 Quail Hill Pkwy",                                     "(949) 509-1800",       null, 0018,     6260010016, 126) ;  -- rst, jap --- x
INSERT INTO StoreTbl VALUES (6260010016011,     "New Look Skin Center",                                     "6701 Quail Hill Pkwy",                                     "(877) 628-5005",       null, 0008,     6260010016, 127) ;  -- cosm
INSERT INTO StoreTbl VALUES (6260010016012,     "O Fine Japanese Cuisine",                                  "6731 Quail Hill",                                          "(949) 748-1896",       null, 0018,     6260010016, 128) ;  -- rst, jap --- x
INSERT INTO StoreTbl VALUES (6260010016013,     "Thai Bamboo Bistro",                                       "6715 Quail Hill Pkwy",                                     "(949) 509-4771",       null, 0018,     6260010016, 129) ;  -- rst, thai bistro ------ x fb
INSERT INTO StoreTbl VALUES (6260010016014,     "The FIT Club",                                             "6871 Quail Hill Pkwy",                                     "(949) 701-4449",       null, 0011,     6260010016, 130) ;  -- gym ------- x
INSERT INTO StoreTbl VALUES (6260010016015,     "William C Jaques",                                         "DDS, 6805 Quail Hill Pkwy",                                "(949) 823-0006",       null, 0014,     6260010016, 131) ;  -- med dental ----- x
INSERT INTO StoreTbl VALUES (6260010017001,     "Brow Mantra",                                              "6614 Irvine Center Drive",                                 "(949) 585-9877",       null, 0008,     6260010017, 132) ;  -- cosm --------- x
INSERT INTO StoreTbl VALUES (6260010017002,     "Chef Yen's Chinese & Thai Fusion",                         "6628 Irvine Center Drive",                                 "(949) 679-7700",       null, 0018,     6260010017, 133) ;  -- rst, asian fusion ---- x
INSERT INTO StoreTbl VALUES (6260010017003,     "Dantian Therapy Acupuncture",                              "6 Irvine Center Drive",                                    "(949) 382-5128",       null, 0014,     6260010017, 134) ;  -- med, acupunture
INSERT INTO StoreTbl VALUES (6260010017004,     "Dental Care",                                              "6 Irvine Center Drive",                                    "(949) 786-1188",       null, 0014,     6260010017, 135) ;  -- med, dental
INSERT INTO StoreTbl VALUES (6260010017005,     "Hot Pot Legend",                                           "6 Irvine Center Drive",                                    "(949) 453-0886",       null, 0018,     6260010017, 136) ;  -- rst, chinese, hotpot
INSERT INTO StoreTbl VALUES (6260010017006,     "Irvine Bicycles",                                          "6604 Irvine Center Drive",                                 "(949) 453-9999",       null, 0026,     6260010017, 137) ;  -- zpecials, bicyles
INSERT INTO StoreTbl VALUES (6260010017007,     "Lovely Nails & Spa",                                       "6646 Irvine Center Drive",                                 "(626) 915-0647",       null, 0008,     6260010017, 138) ;  -- cosm
INSERT INTO StoreTbl VALUES (6260010017008,     "MedLife Pharmacy & Compounding",                           "6644 Irvine Center Drive",                                 "(949) 502-7272",       null, 0014,     6260010017, 139) ;  -- medical, pharm
INSERT INTO StoreTbl VALUES (6260010017009,     "Oak Creek Pet Hospital",                                   "6612 Irvine Center Drive",                                 "(949) 535-1611",       null, 0025,     6260010017, 140) ;  -- vetenarian
INSERT INTO StoreTbl VALUES (6260010017010,     "Pho Kobe",                                                 "6636 Irvine Center Drive",                                 "(949) 387-6608",       null, 0018,     6260010017, 141) ;  -- rst, pho, yup, am-viet
INSERT INTO StoreTbl VALUES (6260010017011,     "Salon Victoria",                                           "6640 Irvine Center Drive",                                 "(949) 727-3360",       null, 0008,     6260010017, 142) ;  -- cosm
INSERT INTO StoreTbl VALUES (6260010017012,     "Sanaya Indian Cuisine",                                    "6626 Irvine Center Drive",                                 "(949) 387-3700",       null, 0018,     6260010017, 143) ;  -- rst, india
INSERT INTO StoreTbl VALUES (6260010017013,     "Sand Canyon Barber",                                       "6642 Irvine Center Drive",                                 "(949) 727-3000",       null, 0002,     6260010017, 144) ;  -- barber
INSERT INTO StoreTbl VALUES (6260010017014,     "Sushi Boy",                                                "6634 Irvine Center Drive",                                 "(949) 788-0828",       null, 0018,     6260010017, 145) ;  -- rst, sushi, jap
INSERT INTO StoreTbl VALUES (6260010018001,     "Aloha Mind Math",                                          "4678 Barranca Pkwy",                                       "(949) 484-9383",       null, 0009,     6260010018, 146) ;  -- education
INSERT INTO StoreTbl VALUES (6260010018002,     "Champagne French Bakery Cafe",                             "4628 Barranca Pkwy",                                       "(714) 573-4667",       null, 0001,     6260010018, 147) ;  -- bakery
INSERT INTO StoreTbl VALUES (6260010018003,     "CorePower Yoga",                                           "4734 Barranca Pkwy",                                       "(949) 551-9642",       null, 0011,     6260010018, 148) ;  -- gym
INSERT INTO StoreTbl VALUES (6260010018004,     "Dancing Keys Music Studio",                                "4672 Barranca Pkwy",                                       "(949) 734-3567",       null, 0009,     6260010018, 149) ;  -- education ,music
INSERT INTO StoreTbl VALUES (6260010018005,     "Dr. Linda Alimadadian , D.O",                              "4708 Barranca Pkwy",                                       "(949) 654-0010",       null, 0014,     6260010018, 150) ;  -- medical
INSERT INTO StoreTbl VALUES (6260010018006,     "Irvine Periodontics and Dental Implant Center",            "4760 Barranca Pkwy",                                       "(949) 262-0300",       null, 0014,     6260010018, 151) ;  -- med, dental
INSERT INTO StoreTbl VALUES (6260010018007,     "Irvine Yamaha Music Center",                               "4620 Barranca Pkwy",                                       "(949) 559-5440",       null, 0009,     6260010018, 152) ;  -- education, music
INSERT INTO StoreTbl VALUES (6260010018008,     "Lake Dental Center",                                       "4660 Barranca Pkwy",                                       "(949) 857-2828",       null, 0014,     6260010018, 153) ;  -- med, dental
INSERT INTO StoreTbl VALUES (6260010018009,     "Loomis Dentistry, Robert R. DDS",                          "4668 Barranca Pkwy",                                       "(949) 559-5110",       null, 0014,     6260010018, 154) ;  -- med, dental
INSERT INTO StoreTbl VALUES (6260010018010,     "Mission: Renaissance Fine Art Classes",                    "4606 Barranca Pkwy",                                       "(800) 430-4278",       null, 0009,     6260010018, 155) ;  -- education, art classes
INSERT INTO StoreTbl VALUES (6260010018011,     "Pedego Electric Bikes",                                    "4632 Barranca Pkwy",                                       "(949) 274-7944",       null, 0026,     6260010018, 156) ;  -- zpecial, bike shop
INSERT INTO StoreTbl VALUES (6260010018012,     "Rainbow Kids Hairstyling",                                 "4616 Barranca Pkwy",                                       "(949) 551-6691",       null, 0002,     6260010018, 157) ;  -- barber
INSERT INTO StoreTbl VALUES (6260010018013,     "Tiny Teeth",                                               "4670 Barranca Pkwy",                                       "(949) 653-8469",       null, 0014,     6260010018, 158) ;  -- medical, pediatrician
INSERT INTO StoreTbl VALUES (6260010018014,     "Treuhaft's Fine Jewelry",                                  "4630 Barranca Pkwy",                                       "(949) 552-1955",       null, 0013,     6260010018, 159) ;  -- jews
INSERT INTO StoreTbl VALUES (6260010018015,     "Woodbridge Movies 5",                                      "4626 Barranca Pkwy",                                       "(949) 733-0980",       null, 0026,     6260010018, 160) ;  -- zpecial, cinema
INSERT INTO StoreTbl VALUES (6260010019001,     "Alkalign Studios",                                         "6286 Irvine Blvd",                                         "(949) 379-3060",       null, 0011,     6260010019, 161) ;  -- gym ---- x
INSERT INTO StoreTbl VALUES (6260010019002,     "Asian Tapas",                                             "6380 Irvine Blvd",                                         "(949) 651-8999",       null, 0018,     6260010019, 162) ;  -- rst, chinese - x
INSERT INTO StoreTbl VALUES (6260010019003,     "Dentistry Bliss",                                          "6332 Irvine Blvd",                                         "(949) 654-1668",       null, 0014,     6260010019, 163) ;  -- med, dentist
INSERT INTO StoreTbl VALUES (6260010019004,     "Elite Fitness Taekwondo",                                  "6254 Irvine Blvd",                                         "(949) 387-7225",       null, 0009,     6260010019, 164) ;  -- education, martial arts ----- x
INSERT INTO StoreTbl VALUES (6260010019005,     "Fish District",                                            "6278 Irvine Blvd",                                         "(949) 451-6801",       null, 0018,     6260010019, 165) ;  -- rst, seafood ------ x
INSERT INTO StoreTbl VALUES (6260010019006,     "Irvine Great Park Animal Hospital",                        "6336 Irvine Blvd",                                         "(949) 552-7878",       null, 0025,     6260010019, 166) ;  -- vetenar
INSERT INTO StoreTbl VALUES (6260010019007,     "MK Hairdressing Studio",                                   "6250 Irvine Blvd",                                         "(949) 559-6001",       null, 0008,     6260010019, 167) ;  -- cosm
INSERT INTO StoreTbl VALUES (6260010019008,     "Mon Beau Bebe Boutique",                                   "6226 Irvine Blvd",                                         "(949) 748-8043",       null, 0007,     6260010019, 168) ;  -- clothing, boutqiue
INSERT INTO StoreTbl VALUES (6260010019009,     "Pialago Cleaners",                                         "6290 Irvine Blvd",                                         "(949) 451-0057",       null, 0006,     6260010019, 169) ;  -- cleaners
INSERT INTO StoreTbl VALUES (6260010019010,     "Simply Orthodontics",                                      "6246 Irvine Blvd",                                         "(949) 264-3314",       null, 0014,     6260010019, 170) ;  -- med, ortho
INSERT INTO StoreTbl VALUES (6260010019011,     "WePlay Music Academy",                                     "6460 Irvine Blvd",                                         "(949) 396-6907",       null, 0009,     6260010019, 171) ;  -- education, music

-- Northridge

INSERT INTO PlazaTbl VALUES (6260018001, "Lindley Ave Strip",    6260018);
INSERT INTO PlazaTbl VALUES (6260018002, "Parthenia St Strip",   6260018);
INSERT INTO PlazaTbl VALUES (6260018003, "Raseda Blvd",          6260018);
INSERT INTO PlazaTbl VALUES (6260018004, "Others",               6260018);

INSERT INTO StoreTbl VALUES ( 626001800101, "College Inn",                                                  "8640 Lindley Ave",                                         "(818) 885-1125",       null, null,     6260018001, null) ;
INSERT INTO StoreTbl VALUES ( 626001800102, "Filmasa ",                                                     "Same Plaza",                                               "(818) 677-1200",       null, null,     6260018001, null) ;
INSERT INTO StoreTbl VALUES ( 626001800103, "Guido's Pizza & Pasta",                                        "8650 Lindley Ave",                                         "(626) 859-6622",       null, null,     6260018001, null) ;
INSERT INTO StoreTbl VALUES ( 626001800104, "Hair Starz",                                                   "8666 Lindley Ave",                                         "(818) 993-4247",       null, null,     6260018001, null) ;
INSERT INTO StoreTbl VALUES ( 626001800105, "Halal Gyro & Pizza House",                                     "18112 Parthenia St # B",                                   "(818) 886-6106",       null, null,     6260018001, null) ;
INSERT INTO StoreTbl VALUES ( 626001800106, "High Octane Automotive",                                       "8637 Lindley Ave",                                         "(818) 349-4335",       null, null,     6260018001, null) ;
INSERT INTO StoreTbl VALUES ( 626001800107, "India Sweets & Spices",                                        "18110 Parthenia St",                                       "(909) 860-3968",       null, null,     6260018001, null) ;
INSERT INTO StoreTbl VALUES ( 626001800108, "Khun Moo Thai Kitchen",                                        "8674 Lindley Ave",                                         "(818) 709-3966",       null, null,     6260018001, null) ;
INSERT INTO StoreTbl VALUES ( 626001800109, "Lindley Car Wash",                                             "8657 Lindley Ave",                                         "(818) 886-4437",       null, null,     6260018001, null) ;
INSERT INTO StoreTbl VALUES ( 626001800110, "Peter Nail",                                                   "Same Plaza",                                               "(818) 772-5769",       null, 0008,     6260018001, null) ;  -- cosm
INSERT INTO StoreTbl VALUES ( 626001800111, "Red Chili Halal Restaurant",                                   "18108 Parthenia St",                                       "(818) 775-0733",       null, 0018,     6260018001, null) ;  -- rst
INSERT INTO StoreTbl VALUES ( 626001800112, "Rio's Barber Shop",                                            "8644 Lindley Ave",                                         "(818) 701-1096",       null, 0002,     6260018001, null) ;  -- barber
INSERT INTO StoreTbl VALUES ( 626001800113, "Tortilla Inn Bar & Grill",                                     "18114 Parthenia St",                                       "(818) 993-9711",       null, null,     6260018001, null) ;
INSERT INTO StoreTbl VALUES ( 626001800114, "Village Liquor",                                               "Same Plaza",                                               "(818) 886-4565",       null, null,     6260018001, null) ;

INSERT INTO StoreTbl VALUES ( 626001800201, "A-Class Cleaners",                                             "8707 Lindley Ave",                                         "(818) 773-0486",       null, 0006,     6260018002, null) ;  -- cleaners
INSERT INTO StoreTbl VALUES ( 626001800202, "Balboa Sub Shop",                                              "8634 Balboa Blvd",                                         "(818) 893-0394",       null, null,     6260018002, null) ;
INSERT INTO StoreTbl VALUES ( 626001800203, "Brents Delicatessen & Restaurant",                            "19565 Parthenia St",                                       "(818) 886-5679",       null, 0018,     6260018002, null) ;  -- rst
INSERT INTO StoreTbl VALUES ( 626001800204, "Bun Me!",                                                      "9420 Reseda Blvd",                                         "(818) 993-0438",       null, null,     6260018002, null) ;
INSERT INTO StoreTbl VALUES ( 626001800205, "California Chicken Cafe",                                      "18445 Nordhoff St",                                        "(818) 700-9977",       null, null,     6260018002, null) ;
INSERT INTO StoreTbl VALUES ( 626001800206, "Cha Cha Chicken",                                              "16912 Parthenia St",                                       "(818) 672-2130",       null, null,     6260018002, null) ;
INSERT INTO StoreTbl VALUES ( 626001800207, "Chutamas Thai Cuisine",                                        "8333 Tampa Ave",                                           "(818) 678-9326",       null, null,     6260018002, null) ;
INSERT INTO StoreTbl VALUES ( 626001800208, "Dreamy Creations",                                             "19441 Business Center Dr",                                 "(818) 882-0120",       null, null,     6260018002, null) ;
INSERT INTO StoreTbl VALUES ( 626001800209, "Fast Fix Jewelry and Watch Repairs",                           "9301 Tampa Ave",                                           "(818) 700-1303",       null, 0013,     6260018002, null) ;  -- jewels -- repair
INSERT INTO StoreTbl VALUES ( 626001800210, "Freshii",                                                      "19500 Plummer St",                                         "(818) 678-9635",       null, null,     6260018002, null) ;
INSERT INTO StoreTbl VALUES ( 626001800211, "Futaba Japanese Restaurant",                                   "18429 Nordhoff St",                                        "(818) 886-2285",       null, 0018,     6260018002, null) ;  -- rst
INSERT INTO StoreTbl VALUES ( 626001800212, "Gayles Perks",                                                "9028 Balboa Blvd",                                         "(818) 893-6507",       null, null,     6260018002, null) ;
INSERT INTO StoreTbl VALUES ( 626001800213, "Larry & Joes Plumbing Supplies",                              "8916 Corbin Ave",                                          "(818) 349-2540",       null, null,     6260018002, null) ;
INSERT INTO StoreTbl VALUES ( 626001800214, "Northridge Farmers Market",                                    "9301 Tampa Ave",                                           "(805) 643-6458",       null, null,     6260018002, null) ;
INSERT INTO StoreTbl VALUES ( 626001800215, "Ocean Cafe & Restaurant",                                      "17068 Devonshire St",                                      "(818) 366-7573",       null, 0018,     6260018002, null) ;  -- rst
INSERT INTO StoreTbl VALUES ( 626001800216, "Paragon Bar & Grill",                                          "8319 Louise Ave",                                          "(818) 996-3353",       null, null,     6260018002, null) ;
INSERT INTO StoreTbl VALUES ( 626001800217, "Pizzasaurus Rex",                                              "17646 Lassen St",                                          "(818) 772-7739",       null, null,     6260018002, null) ;
INSERT INTO StoreTbl VALUES ( 626001800218, "Poke Rainbow",                                                 "15355 Sherman Way",                                        "(818) 453-3603",       null, 0018,     6260018002, null) ;  -- rst, seafood, jap
INSERT INTO StoreTbl VALUES ( 626001800219, "Q&Q Hawaiian BBQ",                                             "8850 Tampa Ave",                                           "(818) 882-6789",       null, null,     6260018002, null) ;  -- bbq
INSERT INTO StoreTbl VALUES ( 626001800220, "Red Chili",                                                    "18108 Parthenia St",                                       "(818) 775-0733",       null, null,     6260018002, null) ;
INSERT INTO StoreTbl VALUES ( 626001800221, "Rosies BBQ & Grillery",                                       "8930 Corbin Ave",                                          "(818) 349-3055",       null, null,     6260018002, null) ;  -- wbq
INSERT INTO StoreTbl VALUES ( 626001800222, "Shamshiri Restaurant",                                         "19249 Roscoe Blvd",                                        "(818) 885-7846",       null, 0018,     6260018002, null) ;  -- rst
INSERT INTO StoreTbl VALUES ( 626001800223, "Sharkys Woodfired Mexican Grill",                             "18426 Nordhoff St",                                        "(818) 772-2800",       null, null,     6260018002, null) ;
INSERT INTO StoreTbl VALUES ( 626001800224, "Szechuan Place",                                               "9250 N.Reseda Blvd,#8",                                    "(747) 202-2754",       null, null,     6260018002, null) ;
INSERT INTO StoreTbl VALUES ( 626001800225, "Tacos Michoacan",                                              "17020 Devonshire St",                                      "(818) 366-9700",       null, null,     6260018002, null) ;
INSERT INTO StoreTbl VALUES ( 626001800226, "Thai Chili House",                                             "18110 Nordhoff St",                                        "(818) 993-8529",       null, null,     6260018002, null) ;
INSERT INTO StoreTbl VALUES ( 626001800227, "The Stand",                                                    "19600 Plummer Street",                                     "(818) 709-3820",       null, null,     6260018002, null) ;
INSERT INTO StoreTbl VALUES ( 626001800228, "Village Tandoor",                                              "18530 Devonshire St",                                      "(818) 366-2820",       null, null,     6260018002, null) ;
INSERT INTO StoreTbl VALUES ( 626001800229, "Waadt Appliance",                                              "16919 Sherman Way",                                        "(818) 987-2560",       null, null,     6260018002, null) ;
INSERT INTO StoreTbl VALUES ( 626001800230, "Watt TV Repair Service",                                       "18219 Parthenia St",                                       "(818) 343-9288",       null, null,     6260018002, null) ;  -- repair
INSERT INTO StoreTbl VALUES ( 626001800231, "Wood Ranch BBQ & Grill",                                       "9301 Tampa Ave",                                           "(818) 886-6464",       null, null,     6260018002, null) ;  -- wbq
INSERT INTO StoreTbl VALUES ( 626001800232, "Yanagi Sushi",                                                 "8966 Corbin Ave",                                          "(818) 701-1651",       null, null,     6260018002, null) ;  -- sushi

INSERT INTO StoreTbl VALUES ( 626001800301, "Angels Glass Co.",                                             "18279 Parthenia St",                                       "(818) 885-5705",       null, null,     6260018003, null) ;
INSERT INTO StoreTbl VALUES ( 626001800302, "Athena's Tile and Stone",                                      "18273 Parthenia St",                                       "(818) 701-1212",       null, null,     6260018003, null) ;
INSERT INTO StoreTbl VALUES ( 626001800303, "Cathy Nails",                                                  "8707 Lindley Ave # C",                                     "(818) 772-2374",       null, 0008,     6260018003, null) ;  -- cosm
INSERT INTO StoreTbl VALUES ( 626001800304, "Chano Auto Repair",                                            "18225 Parthenia St # 3",                                   "(818) 701-7172",       null, null,     6260018003, null) ;  -- repair
INSERT INTO StoreTbl VALUES ( 626001800305, "Furniture Corner",                                             "8660 Reseda Blvd",                                         "(818) 998-3018",       null, null,     6260018003, null) ;
INSERT INTO StoreTbl VALUES ( 626001800306, "Kathouse Inc. Tattoo",                                         "8707 Lindley Ave",                                         "(818) 341-8766",       null, null,     6260018003, null) ;
INSERT INTO StoreTbl VALUES ( 626001800307, "Magic Custom Auto",                                            "18225 Parthenia St",                                       "(818) 882-5555",       null, null,     6260018003, null) ;
INSERT INTO StoreTbl VALUES ( 626001800308, "Parthenia Auto Body",                                          "18303 Parthenia St b",                                     "(818) 470-7013",       null, null,     6260018003, null) ;
INSERT INTO StoreTbl VALUES ( 626001800309, "Rigo's Tacos #9",                                              "8783 Lindley Ave",                                         "(818) 717-8506",       null, null,     6260018003, null) ;
INSERT INTO StoreTbl VALUES ( 626001800310, "River Kware",                                                  "18157 Parthenia St",                                       "(818) 701-1617",       null, null,     6260018003, null) ;
INSERT INTO StoreTbl VALUES ( 626001800311, "Thai Original BBQ Restaurant",                                 "8650 Reseda Blvd",                                         "(818) 701-5712",       null, 0018,     6260018003, null) ;  -- rst -- wbq
INSERT INTO StoreTbl VALUES ( 626001800312, "To Werks Auto Body",                                           "18225 Parthenia St # 1",                                   "(818) 349-0000",       null, null,     6260018003, null) ;

INSERT INTO StoreTbl VALUES ( 626001800401, "88 Grill",                                                     "9725 Reseda Blvd",                                         "(747) 237-2323",       null, null,     6260018004, null) ;
INSERT INTO StoreTbl VALUES ( 626001800402, "Arkham Prints",                                                "9017 Reseda Blvd",                                         "(818) 886-8013",       null, null,     6260018004, null) ;
INSERT INTO StoreTbl VALUES ( 626001800403, "Aromagica Sol & Luna",                                         "8916 Reseda Blvd",                                         "(818) 383-2410",       null, null,     6260018004, null) ;
INSERT INTO StoreTbl VALUES ( 626001800404, "Bounce Boba Loft",                                             "9545 Reseda Blvd",                                         "(818) 576-9310",       null, null,     6260018004, null) ;
INSERT INTO StoreTbl VALUES ( 626001800405, "California Bowl Sushi & Teriyaki",                             "9250 Reseda Blvd",                                         "(818) 341-0901",       null, null,     6260018004, null) ;  -- sushi
INSERT INTO StoreTbl VALUES ( 626001800406, "Chis Chinese Cuisine",                                        "9635 Reseda Blvd",                                         "(818) 886-6928",       null, null,     6260018004, null) ;
INSERT INTO StoreTbl VALUES ( 626001800407, "Collective Lifestyle",                                         "8906 Reseda Blvd",                                         "(818) 280-6930",       null, null,     6260018004, null) ;
INSERT INTO StoreTbl VALUES ( 626001800408, "Dog Haus Biergarten",                                          "8931 Reseda Blvd",                                         "(747) 202-3349",       null, null,     6260018004, null) ;
INSERT INTO StoreTbl VALUES ( 626001800409, "Domestique Cycles",                                            "8819 Reseda Blvd",                                         "(818) 709-8330",       null, null,     6260018004, null) ;
INSERT INTO StoreTbl VALUES ( 626001800410, "Emles",                                                       "9250 Reseda Blvd",                                         "(818) 772-2203",       null, null,     6260018004, null) ;
INSERT INTO StoreTbl VALUES ( 626001800411, "Falafel Palace",                                               "9255 Reseda Blvd",                                         "(818) 993-0734",       null, null,     6260018004, null) ;
INSERT INTO StoreTbl VALUES ( 626001800412, "Flower World",                                                 "8323 Reseda Blvd",                                         "(818) 772-7610",       null, null,     6260018004, null) ;
INSERT INTO StoreTbl VALUES ( 626001800413, "Fresh Potato Factory",                                         "9420 Reseda Blvd",                                         "(818) 886-8156",       null, null,     6260018004, null) ;
INSERT INTO StoreTbl VALUES ( 626001800414, "Got Sushi & Kings burgers",                                   "9345 Reseda Blvd",                                         "(818) 885-6456",       null, null,     6260018004, null) ;  -- sushi
INSERT INTO StoreTbl VALUES ( 626001800415, "Hot Wok Cafe",                                                 "9135 Reseda Blvd",                                         "(818) 886-1168",       null, null,     6260018004, null) ;
INSERT INTO StoreTbl VALUES ( 626001800416, "Johnnys Shoe Service",                                        "8831 Reseda Blvd",                                         "(818) 349-5868",       null, null,     6260018004, null) ;
INSERT INTO StoreTbl VALUES ( 626001800417, "Joyces Coffee Shop and Restaurant",                           "8826 Reseda Blvd",                                         "(818) 885-8818",       null, 0018,     6260018004, null) ;  -- rst
INSERT INTO StoreTbl VALUES ( 626001800418, "Kickin KAsian",                                                "9545 Reseda Blvd",                                         "(818) 280-5563",       null, null,     6260018004, null) ;
INSERT INTO StoreTbl VALUES ( 626001800419, "Lum-Ka-Naad Thai Restaurant",                                  "8910 Reseda Blvd",                                         "(818) 882-3028",       null, 0018,     6260018004, null) ;  -- rst
INSERT INTO StoreTbl VALUES ( 626001800420, "M & M Tools",                                                  "18275 Parthenia St",                                       "(818) 989-7514",       null, null,     6260018004, null) ;
INSERT INTO StoreTbl VALUES ( 626001800421, "Mandarin Deli",                                                "9305 Reseda Blvd",                                         "(818) 993-0122",       null, null,     6260018004, null) ;
INSERT INTO StoreTbl VALUES ( 626001800422, "My Hero Submarine Sandwich Shoppe",                            "9514 Reseda Blvd",                                         "(818) 349-4255",       null, null,     6260018004, null) ;
INSERT INTO StoreTbl VALUES ( 626001800423, "Northridge Cleaners & Laundry",                                "9250 Reseda Blvd",                                         "(818) 886-1002",       null, 0006,     6260018004, null) ;  -- cleaners
INSERT INTO StoreTbl VALUES ( 626001800424, "Pho 22",                                                       "9651 Reseda Blvd",                                         "(818) 341-4022",       null, 0018,     6260018004, null) ;  -- rst, pho, yup, am-viet
INSERT INTO StoreTbl VALUES ( 626001800425, "Pine Tree Korean Bbq Restaurant",                              "8322 Reseda Blvd",                                         "(818) 886-1512",       null, 0018,     6260018004, null) ;  -- rst
INSERT INTO StoreTbl VALUES ( 626001800426, "Pita Pockets",                                                 "9127 Reseda Blvd",                                         "(818) 709-4444",       null, null,     6260018004, null) ;
INSERT INTO StoreTbl VALUES ( 626001800427, "Poke Hana",                                                    "10201 Reseda Blvd",                                        "(818) 960-2007",       null, 0018,     6260018004, null) ;  -- rst, seafood, jap
INSERT INTO StoreTbl VALUES ( 626001800428, "Rubber Stamps Today",                                          "17938 Raymer St",                                          "(818) 700-0010",       null, null,     6260018004, null) ;
INSERT INTO StoreTbl VALUES ( 626001800429, "Serious Cycling",                                              "19600 Plummer Ave",                                        "(818) 597-8330",       null, null,     6260018004, null) ;
INSERT INTO StoreTbl VALUES ( 626001800430, "Seor Sol",                                                    "9233 Reseda Blvd",                                         "(818) 341-3024",       null, null,     6260018004, null) ;
INSERT INTO StoreTbl VALUES ( 626001800431, "Small Island",                                                 "9545 Reseda Blvd",                                         "(818) 341-1884",       null, null,     6260018004, null) ;
INSERT INTO StoreTbl VALUES ( 626001800432, "Sun Sushi Bar & Japanese Cuisine",                             "8920 Reseda Blvd",                                         "(818) 882-1465",       null, null,     6260018004, null) ;  -- sushi
INSERT INTO StoreTbl VALUES ( 626001800433, "Valley Skate & Surf",                                          "16914 Parthenia St",                                       "(818) 894-3310",       null, null,     6260018004, null) ;

-- Claremont

INSERT INTO PlazaTbl VALUES ( 6260006001, "Claremont Promenade Shopping Center",    6260006 );
INSERT INTO PlazaTbl VALUES ( 6260006002, "Claremont Village Square",               6260006 );
INSERT INTO PlazaTbl VALUES ( 6260006003, "Harvard and Bonito Area",                6260006 );
INSERT INTO PlazaTbl VALUES ( 6260006004, "2nd and 4th Street Area",                6260006 );
INSERT INTO PlazaTbl VALUES ( 6260006005, "Along E Arrow Hwy Area",                 6260006 );

INSERT INTO StoreTbl VALUES ( 6260006001001,   "Mr You Express",                                            "402 Auto Center Dr",                                       "(909) 626-8000",       null, null,     6260006001, null) ;  --     Food
INSERT INTO StoreTbl VALUES ( 6260006001002,   "Aloe Loan Services",                                        "412 Auto Center Dr",                                       "(909) 447-1100",       null, null,     6260006001, null) ;  --     Loans
INSERT INTO StoreTbl VALUES ( 6260006001003,   "Bebawy Optometry Inc",                                      "418 Auto Center Dr",                                       "(909) 621-5400",       null, null,     6260006001, null) ;  --     Optometry
INSERT INTO StoreTbl VALUES ( 6260006001004,   "AlAmir Bakery",                                             "426 Auto Center Dr",                                       "(909) 625-0500",       null, null,     6260006001, null) ;  --     Food
INSERT INTO StoreTbl VALUES ( 6260006001005,   "Brows Threading",                                           "430 Auto Center Dr",                                       "(909) 626-3355",       null, null,     6260006001, null) ;  --     Beauty Salon
INSERT INTO StoreTbl VALUES ( 6260006001006,   "Super King Market",                                         "436 Auto Center Dr",                                       "(909) 267-7252",       null, null,     6260006001, null) ;  --     Supermarket
INSERT INTO StoreTbl VALUES ( 6260006001007,   "MW Smoke Shop",                                             "444 Auto Center Dr",                                       "(909) 399-9399",       null, null,     6260006001, null) ;  --     Smoke Shop
INSERT INTO StoreTbl VALUES ( 6260006001008,   "Luscious Nails & Spa",                                      "446 Auto Center Dr",                                       "(909) 621-1516",       null, 0008,     6260006001, null) ;  -- cosm           --     Beauty Salon
INSERT INTO StoreTbl VALUES ( 6260006001009,   "Kicks",                                                     "448 Auto Center Dr",                                       "(909) 398-1297",       null, null,     6260006001, null) ;  --     Shoes
INSERT INTO StoreTbl VALUES ( 6260006001010,   "Rounds Premium Burgers",                                    "885 S Indian Hill Blvd",                                   "(909) 626-2626",       null, null,     6260006001, null) ;  --     Food

INSERT INTO StoreTbl VALUES ( 6260006002001,   "Casa Moreno",                                               "N Indian Hill Blvd",                                       "(909) 447-5000",       null, null,     6260006002, null) ;  --     Food
INSERT INTO StoreTbl VALUES ( 6260006002002,   "The Back Abbey",                                            "128 N Oberlin Ave",                                        "(909) 625-2642",       null, null,     6260006002, null) ;  --     Food
INSERT INTO StoreTbl VALUES ( 6260006002003,   "Le Pain Quotidien",                                         "175 N Indian Hill Blvd #130a",                             "(909) 480-4771",       null, null,     6260006002, null) ;  --     Food
INSERT INTO StoreTbl VALUES ( 6260006002004,   "Il Mattone Trattoria Italiana",                             "201 N Indian Hill Blvd",                                   "(909) 624-1516",       null, null,     6260006002, null) ;  --     Food
INSERT INTO StoreTbl VALUES ( 6260006002005,   "Heroes & Legends Bar & Grill",                              "131 Yale Ave",                                             "(909) 621-6712",       null, 0018,     6260006002, null) ;  -- rst                --     Food
INSERT INTO StoreTbl VALUES ( 6260006002006,   "The Junction",                                              "1 N Indian Hill Blvd",                                     "(909) 626-5100",       null, null,     6260006002, null) ;  --     Food
INSERT INTO StoreTbl VALUES ( 6260006002007,   "Aruffo's Italian Cuisine",                                  "126 Yale Ave",                                             "(909) 624-9624",       null, null,     6260006002, null) ;  --     Food
INSERT INTO StoreTbl VALUES ( 6260006002008,   "Pizza 'n Such",                                             "273 W 2nd St",                                             "(909) 624-7214",       null, null,     6260006002, null) ;  --     Food
INSERT INTO StoreTbl VALUES ( 6260006002009,   "Village Grill",                                             "148 Yale Ave",                                             "(909) 626-8813",       null, 0018,     6260006002, null) ;  -- rst                --     Food
INSERT INTO StoreTbl VALUES ( 6260006002010,   "Rhino Records",                                             "235 Yale Ave",                                             "(909) 626-7774",       null, null,     6260006002, null) ;  --     Record Store
INSERT INTO StoreTbl VALUES ( 6260006002011,   "Hendricks Pharmacy",                                        "137 Harvard Ave N",                                        "(909) 624-1611",       null, null,     6260006002, null) ;  --     Pharmacy
INSERT INTO StoreTbl VALUES ( 6260006002012,   "Last Drop Cafe",                                            "119 Harvard Ave N",                                        "(909) 482-1870",       null, null,     6260006002, null) ;  --     Cafe
INSERT INTO StoreTbl VALUES ( 6260006002013,   "Tutti Mangia Italian Grill",                                "102 Harvard Ave N",                                        "(909) 625-4669",       null, 0018,     6260006002, null) ;  -- rst                --     Food
INSERT INTO StoreTbl VALUES ( 6260006002014,   "Bardot",                                                    "206 W Bonita Ave",                                         "(909) 621-2255",       null, null,     6260006002, null) ;  --     Food
INSERT INTO StoreTbl VALUES ( 6260006002015,   "Walter's Restaurant",                                       "310 Yale Ave",                                             "(909) 624-2779",       null, 0018,     6260006002, null) ;  -- rst            --     Food
INSERT INTO StoreTbl VALUES ( 6260006002016,   "Dr Grubb's",                                                "373 W Bonita Ave",                                         "(909) 621-6200",       null, null,     6260006002, null) ;  --     Food
INSERT INTO StoreTbl VALUES ( 6260006002017,   "The Circus Studio",                                         "548 W 1st St",                                             "(909) 625-3333",       null, null,     6260006002, null) ;  --     Pilates

INSERT INTO StoreTbl VALUES ( 6260006003001,   "American Clock",                                            "111 Harvard Ave",                                          "(909) 621-4200",       null, null,     6260006003, null) ;  --     Watches
INSERT INTO StoreTbl VALUES ( 6260006003002,   "Jax Bicycle Center",                                        "217 W 1st St",                                             "(909) 621-5827",       null, null,     6260006003, null) ;  --     Bikes
INSERT INTO StoreTbl VALUES ( 6260006003003,   "Boon Companion",                                            "145 Harvard Ave",                                          "(909) 625-1993",       null, null,     6260006003, null) ;  --     Toy Stores
INSERT INTO StoreTbl VALUES ( 6260006003004,   "Sherwood Florist",                                          "404 W Foothill Blvd",                                      "(909) 625-3309",       null, null,     6260006003, null) ;  --     Florists
INSERT INTO StoreTbl VALUES ( 6260006003005,   "The Velo",                                                  "242-B Foothill Blvd",                                      "(909) 450-3059",       null, null,     6260006003, null) ;  --     Bike Repair/Maintenance
INSERT INTO StoreTbl VALUES ( 6260006003006,   "Video Paradiso",                                            "330 W Bonita Ave",                                         "(909) 626-1171",       null, null,     6260006003, null) ;  --     Books, Mags, Music & Video
INSERT INTO StoreTbl VALUES ( 6260006003007,   "Claremont Photo and Video",                                 "241 Harvard Ave",                                          "(909) 625-4342",       null, null,     6260006003, null) ;  --     Photography Stores & Services

INSERT INTO StoreTbl VALUES ( 6260006004001,   "Birkenstock Footprints of Claremont",                       "301 Yale Ave",                                             "(909) 626-7026",       null, null,     6260006004, null) ;  --     Shoe Stores
INSERT INTO StoreTbl VALUES ( 6260006004002,   "Rio de Ojas",                                               "250 Harvard Ave",                                          "(909) 624-4141",       null, null,     6260006004, null) ;  --     Jewelry, Home Decor, Flowers & Gifts
INSERT INTO StoreTbl VALUES ( 6260006004003,   "Absolutely PC",                                             "335 E Arrow Hwy",                                          "(909) 625-0141",       null, null,     6260006004, null) ;  --     IT Services & Computer Repair
INSERT INTO StoreTbl VALUES ( 6260006004004,   "Claremont Carpet Cleaning",                                 "800 W Foothill Blvd",                                      "(626) 841-2701",       null, 0006,     6260006004, null) ;  -- cleaning          --     Carpet Cleaning
INSERT INTO StoreTbl VALUES ( 6260006004005,   "Wisteria Grove",                                            "339 E Arrow Hwy",                                          "(909) 625-9840",       null, null,     6260006004, null) ;  --     Florists
INSERT INTO StoreTbl VALUES ( 6260006004006,   "Andersons Carpet Service",                                 "241 W 4th St",                                             "(909) 621-1182",       null, null,     6260006004, null) ;  --     Carpet Cleaning
INSERT INTO StoreTbl VALUES ( 6260006004007,   "Academy of Pest Control",                                   "310 N Indian Hill Blvd",                                   "(877) 398-4072",       null, null,     6260006004, null) ;  --     Pest Control
INSERT INTO StoreTbl VALUES ( 6260006004008,   "The Diamond Center",                                        "147 Yale Ave",                                             "(909) 399-9133",       null, null,     6260006004, null) ;  --     Jewelry, Jewelry Repair, Watches
INSERT INTO StoreTbl VALUES ( 6260006004009,   "Jasmine",                                                   "271 W 2nd St",                                             "(909) 625-1259",       null, null,     6260006004, null) ;  --     Jewelry, Women's Clothing
INSERT INTO StoreTbl VALUES ( 6260006004010,   "A Shop Called Quest",                                       "101 N Indian Hill Blvd",                                   "(909) 624-1829",       null, null,     6260006004, null) ;  --     Comic Books, Art Galleries
INSERT INTO StoreTbl VALUES ( 6260006004011,   "Bags & Bobbins",                                            "855 W Foothill Blvd",                                      "(909) 624-8552",       null, null,     6260006004, null) ;  --     Appliances & Repair, Art Classes
INSERT INTO StoreTbl VALUES ( 6260006004012,   "Jer Repair",                                                "2232 D St",                                                "(909) 767-0999",       null, null,     6260006004, null) ;  -- repair            --     Electronics Repair
INSERT INTO StoreTbl VALUES ( 6260006004013,   "Pajans Repairs",                                           "Claremont, CA 91711",                                      "(909) 542-8319",       null, null,     6260006004, null) ;  -- repair            --     IT Services & Computer Repair
INSERT INTO StoreTbl VALUES ( 6260006004014,   "The Computer Shoppe",                                       "1011 W Foothill Blvd",                                     "(909) 447-5200",       null, null,     6260006004, null) ;  --     IT Services & Computer Repair
INSERT INTO StoreTbl VALUES ( 6260006004015,   "Bunny Gunner",                                              "230 W Bonita Ave",                                         "(909) 624-7238",       null, null,     6260006004, null) ;  --     Framing, Art Galleries, Graphic Design
INSERT INTO StoreTbl VALUES ( 6260006004016,   "C Repair Inc",                                              "219 W 1st St",                                             "(909) 293-8151",       null, null,     6260006004, null) ;  -- repair            --     IT Services & Computer Repair
INSERT INTO StoreTbl VALUES ( 6260006004017,   "Amelie",                                                    "132 Yale Ave",                                             "(909) 624-5651",       null, null,     6260006004, null) ;  --     Women's Clothing
INSERT INTO StoreTbl VALUES ( 6260006004018,   "Blue Leaf Studio Florist",                                  "9760 Baseline Rd",                                         "(909) 476-1144",       null, null,     6260006004, null) ;  --     Florists
INSERT INTO StoreTbl VALUES ( 6260006004019,   "Mickys Jewelry Studio",                                    "2210 Foothill Blvd",                                       "(909) 593-0748",       null, 0013,     6260006004, null) ;  -- jewels         --     Jewelry, Watch Repair
INSERT INTO StoreTbl VALUES ( 6260006004020,   "Davids Appliance Repair",                                  "1252 Monte Vista Ave",                                     "(909) 980-0500",       null, null,     6260006004, null) ;  -- repair            --     Appliances & Repair
INSERT INTO StoreTbl VALUES ( 6260006004021,   "Gems A Plenty",                                             "575 N Central Ave",                                        "(909) 985-1999",       null, null,     6260006004, null) ;  --     Jewelry, Hobby Shops, Antiques
INSERT INTO StoreTbl VALUES ( 6260006004022,   "Upland Goldsmiths Jewelers",                                "1623 N Mountain Ave",                                      "(909) 985-8383",       null, 0013,     6260006004, null) ;  -- jewels         --     Watches, Jewelry, Jewelry Repair
INSERT INTO StoreTbl VALUES ( 6260006004023,   "Ink and Toner Outlet",                                      "323 N Mountain Ave",                                       "(909) 758-5399",       null, null,     6260006004, null) ;  --     Printing Services
INSERT INTO StoreTbl VALUES ( 6260006004024,   "Upland Jewelry Mart",                                       "1655 North Mountain Ave",                                  "(909) 985-0002",       null, 0013,     6260006004, null) ;  -- jewels         --     Jewelry, Jewelry Repair, Watch Repair

INSERT INTO StoreTbl VALUES ( 6260006005001,   "Urban Florist",                                             "710 N Mountain Ave",                                       "(909) 395-5533",       null, null,     6260006005, null) ;  --     Florists
INSERT INTO StoreTbl VALUES ( 6260006005002,   "All Electronics Repair",                                    "560 N Mountain Ave",                                       "(909) 527-5848",       null, null,     6260006005, null) ;  -- repair            --     Electronics Repair, Mobile Phone Repair
INSERT INTO StoreTbl VALUES ( 6260006005003,   "La Verne Towne Center Cleaners",                            "2445 Foothill Blvd",                                       "(909) 593-6584",       null, 0006,     6260006005, null) ;  -- cleaners           --     Dry Cleaning & Laundry, Sewing & Alterations
INSERT INTO StoreTbl VALUES ( 6260006005004,   "Blooming View",                                             "2047 Foothill Blvd",                                       "(909) 392-8803",       null, null,     6260006005, null) ;  --     Florists
INSERT INTO StoreTbl VALUES ( 6260006005005,   "Replay Vintage",                                            "516 W 1st St",                                             "(909) 626-7372",       null, null,     6260006005, null) ;  --     Used, Vintage & Consignment
INSERT INTO StoreTbl VALUES ( 6260006005006,   "Aarons Cleaning & Restoration Service",                    "915 W Foothill Blvd",                                      "(909) 626-9620",       null, 0006,     6260006005, null) ;  -- cleaning          --     Carpet Cleaning
INSERT INTO StoreTbl VALUES ( 6260006005007,   "California Gold & Silver Exchange",                         "130 S Mountain Ave",                                       "(909) 985-4653",       null, null,     6260006005, null) ;  --     Gold Buyers
INSERT INTO StoreTbl VALUES ( 6260006005008,   "Bumsteads Bicycles",                                       "1038 W 4th St",                                            "(909) 984-9067",       null, null,     6260006005, null) ;  --     Bikes
INSERT INTO StoreTbl VALUES ( 6260006005009,   "Sprint Store",                                              "442 Auto Ctr Dr",                                          "(909) 625-0940",       null, null,     6260006005, null) ;  --     Mobile Phones, Mobile Phone Repair, Mobile Phone Accessories
INSERT INTO StoreTbl VALUES ( 6260006005010,   "Zilas",                                                     "2077 E Montclair Plaza Ln",                                "(909) 482-4550",       null, null,     6260006005, null) ;  --     Men's Clothing, Formal Wear, Sewing & Alterations
INSERT INTO StoreTbl VALUES ( 6260006005011,   "Duds & Doodads",                                            "2144 Bonita Ave",                                          "(909) 587-7551",       null, null,     6260006005, null) ;  --     Used, Vintage & Consignment, Accessories, Women's Clothing
INSERT INTO StoreTbl VALUES ( 6260006005012,   "Mt Fuji Garden Center",                                     "1555 W Foothill Blvd",                                     "(909) 985-2219",       null, null,     6260006005, null) ;  --     Nurseries & Gardening
INSERT INTO StoreTbl VALUES ( 6260006005013,   "Sticker World",                                             "5060 E Montclair Plz Ln",                                  "(909) 625-2795",       null, null,     6260006005, null) ;  --     Printing Services, Screen Printing/T-Shirt Printing, Customized Merchandise
INSERT INTO StoreTbl VALUES ( 6260006005014,   "VM Tech",                                                   "14122 Central Ave",                                        "(909) 902-5550",       null, null,     6260006005, null) ;  --     IT Services & Computer Repair
INSERT INTO StoreTbl VALUES ( 6260006005015,   "Allens Boots",                                             "10360 Central Ave",                                        "(909) 624-9514",       null, null,     6260006005, null) ;  --     Shoe Stores

-- Cerritos
INSERT INTO PlazaTbl VALUES ( 6260004001, "Los Cerritos Center",       6260004 );
INSERT INTO PlazaTbl VALUES ( 6260004002, "Plaza 183",                 6260004 );
INSERT INTO PlazaTbl VALUES ( 6260004003, "South Street Strip",        6260004 );
INSERT INTO PlazaTbl VALUES ( 6260004004, "Others",                    6260004 );
INSERT INTO PlazaTbl VALUES ( 6260004005, "Norwalk + Artesia Area",    6260004 );

INSERT INTO StoreTbl VALUES ( 6260004001001,   "Aerie",                                                     "160 Los Cerritos Center",                                  "(562) 924-7541",       null, null,     6260004001, null) ;  --          Clothing
INSERT INTO StoreTbl VALUES ( 6260004001002,   "Wireless Evolution",                                        "239 Los Cerritos Center",                                  "(562) 402-6363",       null, null,     6260004001, null) ;  --          Phone Store
INSERT INTO StoreTbl VALUES ( 6260004001003,   "Lamb & Flag",                                               "239 Los Cerritos Center",                                  "(562) 565-8846",       null, null,     6260004001, null) ;  --          Clothing
INSERT INTO StoreTbl VALUES ( 6260004001004,   "Ruby Thai Kitchen",                                         "139 Los Cerritos Center",                                  "(562) 809-9200",       null, null,     6260004001, null) ;  --          Food
INSERT INTO StoreTbl VALUES ( 6260004001005,   "SPENCER GIFTS",                                             "112 Los Cerritos Center",                                  "(562) 860-1502",       null, null,     6260004001, null) ;  --          Gift Shop
INSERT INTO StoreTbl VALUES ( 6260004001006,   "Teavana",                                                   "422 Los Cerritos Center",                                  "(562) 865-6420",       null, null,     6260004001, null) ;  --          Tea
INSERT INTO StoreTbl VALUES ( 6260004001007,   "Things Remembered",                                         "455 Los Cerritos Center",                                  "(562) 402-1773",       null, null,     6260004001, null) ;  --          Gift Shop
INSERT INTO StoreTbl VALUES ( 6260004001008,   "Cathy Jean Inc",                                            "445 Los Cerritos Center",                                  "(562) 809-7258",       null, null,     6260004001, null) ;  --          Shoes
INSERT INTO StoreTbl VALUES ( 6260004001009,   "Regis Salon",                                               "412 Los Cerritos Center",                                  "(562) 860-6555",       null, null,     6260004001, null) ;  --          Hair Salon

INSERT INTO StoreTbl VALUES ( 6260004002001,   "Saks Fifth Avenue OFF 5TH",                                 "11113 183rd Street",                                       "(562) 263-5365",       null, null,     6260004002, null) ;  --          Department Store
INSERT INTO StoreTbl VALUES ( 6260004002002,   "Guitar Center",                                             "11155 183rd St",                                           "(562) 402-4106",       null, null,     6260004002, null) ;  --          Music
INSERT INTO StoreTbl VALUES ( 6260004002003,   "Peking Wok",                                                "11203 183rd St",                                           "(562) 860-6068",       null, null,     6260004002, null) ;  --          Food
INSERT INTO StoreTbl VALUES ( 6260004002004,   "Josephine's Cerritos",                                      "11305 183rd St",                                           "(562) 865-0300",       null, null,     6260004002, null) ;  --          Food
INSERT INTO StoreTbl VALUES ( 6260004002005,   "Vegi Wokery",                                               "11329 183rd St",                                           "(562) 809-3928",       null, null,     6260004002, null) ;  --          Food
INSERT INTO StoreTbl VALUES ( 6260004002006,   "Thai Original BBQ Restaurant",                              "11323 183rd St",                                           "(562) 924-0042",       null, 0018,     6260004002, null) ;  -- rst -- wbq            --          Food
INSERT INTO StoreTbl VALUES ( 6260004002007,   "Xl Dynamics Inc",                                           "18303 Gridley Rd",                                         "(562) 916-1402",       null, null,     6260004002, null) ;  --          Software
INSERT INTO StoreTbl VALUES ( 6260004002008,   "Queen's Nails",                                             "18300 Gridley Rd E",                                       "(562) 860-4949",       null, 0008,     6260004002, null) ;  -- cosm                     --          Nail Salon
INSERT INTO StoreTbl VALUES ( 6260004002009,   "Salo-Salo Grill",                                           "18300 Gridley Rd a",                                       "(562) 809-6277",       null, 0018,     6260004002, null) ;  -- rst                      --          Food
INSERT INTO StoreTbl VALUES ( 6260004002010,   "STACKED",                                                   "18425 Gridley Rd",                                         "(562) 376-4300",       null, null,     6260004002, null) ;  --          Food
INSERT INTO StoreTbl VALUES ( 6260004002011,   "Surawon Korean BBQ Restaurant",                             "16448 Norwalk Blvd",                                       "(562) 802-5959",       null, 0018,     6260004002, null) ;  -- rst -- wbq            --          Food
INSERT INTO StoreTbl VALUES ( 6260004002012,   "Teriyaki House",                                            "16430 Norwalk Blvd",                                       "(562) 926-5164",       null, null,     6260004002, null) ;  --          Food
INSERT INTO StoreTbl VALUES ( 6260004002013,   "Fantastic Cafe",                                            "16480 Norwalk Blvd",                                       "(562) 921-0080",       null, null,     6260004002, null) ;  --          Food
INSERT INTO StoreTbl VALUES ( 6260004002014,   "Romano's Macaroni Grill",                                   "12875 Towne Center Drive",                                 "(562) 916-7722",       null, 0018,     6260004002, null) ;  -- rst                      --          Food

INSERT INTO StoreTbl VALUES ( 6260004003001,   "Manila Sunset Restaurant",                                  "13347 South St",                                           "(562) 809-5800",       null, 0018,     6260004003, null) ;  -- rst                  --          Food
INSERT INTO StoreTbl VALUES ( 6260004003002,   "Amor Y Tacos",                                              "13333 South St",                                           "(562) 860-2667",       null, null,     6260004003, null) ;  --          Food
INSERT INTO StoreTbl VALUES ( 6260004003003,   "Pita Pit",                                                  "13293 South St",                                           "(562) 261-5050",       null, null,     6260004003, null) ;  --          Food
INSERT INTO StoreTbl VALUES ( 6260004003004,   "Cerritos Yamaha Music School",                              "13201 South St",                                           "(562) 809-3886",       null, null,     6260004003, null) ;  --          Music School
INSERT INTO StoreTbl VALUES ( 6260004003005,   "Kaya Sushi & Grill",                                        "13357 South St",                                           "(909) 622-2689",       null, null,     6260004003, null) ;  -- sushi-- rst             --          Food
INSERT INTO StoreTbl VALUES ( 6260004003006,   "AMF Cerritos Lanes",                                        "18811 Carmenita Rd",                                       "(562) 924-9363",       null, null,     6260004003, null) ;  --          Bowling Alley

INSERT INTO StoreTbl VALUES ( 6260004004001,   "North Shore Poke",                                          "11488 S St",                                               "(562) 584-4130",       null, 0018,     6260004004, null) ;  -- rst, seafood, jap    --          Hawaiian, Poke
INSERT INTO StoreTbl VALUES ( 6260004004002,   "Blaze Fast-Fired Pizza",                                   "11269 183rd St",                                           "(562) 924-1484",       null, null,     6260004004, null) ;  --          Fast Food, Pizza, Salad
INSERT INTO StoreTbl VALUES ( 6260004004003,   "Pier 76 Fish Grill",                                        "11265 183rd St",                                           "(562) 402-1776",       null, 0018,     6260004004, null) ;  -- rst                      --          Seafood, Salad
INSERT INTO StoreTbl VALUES ( 6260004004004,   "Off Street Cafe",                                           "11020 Artesia Blvd",                                       "(562) 402-9665",       null, null,     6260004004, null) ;  --          American (Traditional), Breakfast & Brunch, Cafes
INSERT INTO StoreTbl VALUES ( 6260004004005,   "Thai Mayom",                                                "11900 South St",                                           "(562) 809-8787",       null, null,     6260004004, null) ;  --          Thai
INSERT INTO StoreTbl VALUES ( 6260004004006,   "Pinoy-Pinay Filipino Fast Food",                            "11900 South St",                                           "(562) 402-6682",       null, null,     6260004004, null) ;  --          Filipino
INSERT INTO StoreTbl VALUES ( 6260004004007,   "Cho Dang Tofu House",                                       "12245 E Artesia Blvd",                                     "(562) 924-6099",       null, null,     6260004004, null) ;  --          Korean
INSERT INTO StoreTbl VALUES ( 6260004004008,   "Maki Sushi",                                                "13309 Artesia Blvd",                                       "(562) 407-2474",       null, null,     6260004004, null) ;  -- sushi                   --          Japanese, Sushi Bars
INSERT INTO StoreTbl VALUES ( 6260004004009,   "Jang Dok Dae",                                              "16440 Norwalk Blvd",                                       "(562) 404-8886",       null, null,     6260004004, null) ;  --          Korean
INSERT INTO StoreTbl VALUES ( 6260004004010,   "New Peking Restaurant",                                     "19131 Bloomfield Ave",                                     "(562) 865-8139",       null, 0018,     6260004004, null) ;  -- rst                  --          Chinese
INSERT INTO StoreTbl VALUES ( 6260004004011,   "Somunnan Korean Restaurant",                                "13303 Artesia Blvd",                                       "(562) 926-4909",       null, 0018,     6260004004, null) ;  -- rst                  --          Korean
INSERT INTO StoreTbl VALUES ( 6260004004012,   "Brooklynz Pizza",                                           "11809 Artesia Blvd",                                       "(562) 924-3600",       null, null,     6260004004, null) ;  --          Pizza, Fast Food
INSERT INTO StoreTbl VALUES ( 6260004004013,   "PokeMom",                                                   "11011 New St",                                             "(562) 622-0145",       null, 0018,     6260004004, null) ;  -- rst, seafood, jap    --          Seafood, Hawaiian, Poke
INSERT INTO StoreTbl VALUES ( 6260004004014,   "Geko Tei",                                                  "11410 South St",                                           "(562) 924-2623",       null, null,     6260004004, null) ;  --          Japanese
INSERT INTO StoreTbl VALUES ( 6260004004015,   "Woori Korean Restaurant",                                   "19143 Bloomfield Ave",                                     "(562) 403-8889",       null, 0018,     6260004004, null) ;  -- rst                  --          Korean
INSERT INTO StoreTbl VALUES ( 6260004004016,   "Caribbean Juice & Mexican Food",                            "11893 Del Amo Blvd",                                       "(562) 860-5601",       null, null,     6260004004, null) ;  --          Juice Bars & Smoothies, Mexican
INSERT INTO StoreTbl VALUES ( 6260004004017,   "Monora Thai Cuisine",                                       "11448 South St",                                           "(562) 860-8588",       null, null,     6260004004, null) ;  --          Thai
INSERT INTO StoreTbl VALUES ( 6260004004018,   "Wood Ranch BBQ & Grill",                                    "12801 Towne Center Dr",                                    "(562) 865-0202",       null, null,     6260004004, null) ;  -- wbq-- rst                --          Barbeque
INSERT INTO StoreTbl VALUES ( 6260004004019,   "El Rocoto",                                                 "11433 S St",                                               "(562) 924-1919",       null, null,     6260004004, null) ;  --          Peruvian
INSERT INTO StoreTbl VALUES ( 6260004004020,   "Nine Seafood Restaurant",                                   "11818 South St",                                           "(562) 865-8990",       null, 0018,     6260004004, null) ;  -- rst                  --          Cajun/Creole, Seafood, Thai
INSERT INTO StoreTbl VALUES ( 6260004004021,   "Sushi Gallery",                                             "16436 Norwalk Blvd",                                       "(562) 926-6556",       null, null,     6260004004, null) ;  -- sushi                   --          Sushi Bars, Japanese

INSERT INTO StoreTbl VALUES ( 6260004005001,   "Poke Bar",                                                  "11336 1/2 S St",                                           "(562) 865-2300",       null, 0018,     6260004005, null) ;  -- rst, seafood, jap    --          Seafood, Hawaiian, Poke
INSERT INTO StoreTbl VALUES ( 6260004005002,   "Red Palace",                                                "19105 Bloomfield Ave",                                     "(562) 860-8867",       null, null,     6260004005, null) ;  --          Korean, Barbeque
INSERT INTO StoreTbl VALUES ( 6260004005003,   "No Toro Cafe",                                              "11818 Artesia Blvd",                                       "(714) 499-7969",       null, null,     6260004005, null) ;  --          Breakfast & Brunch, Burgers, Coffee & Tea
INSERT INTO StoreTbl VALUES ( 6260004005004,   "Blooming",                                                  "11900 South St",                                           "(562) 924-9998",       null, null,     6260004005, null) ;  --          Soup, Vietnamese, Noodles
INSERT INTO StoreTbl VALUES ( 6260004005005,   "LA Brisket",                                                "18189 Pioneer Boulevard",                                  "(562) 356-8277",       null, null,     6260004005, null) ;  --          Barbeque
INSERT INTO StoreTbl VALUES ( 6260004005006,   "Yuzu Shabu",                                                "11466 South St",                                           "(562) 991-5199",       null, null,     6260004005, null) ;  --          Japanese, Asian Fusion, Hot Pot
INSERT INTO StoreTbl VALUES ( 6260004005007,   "Kape Republik",                                             "17206 Norwalk Blvd",                                       "(562) 865-5000",       null, null,     6260004005, null) ;  --          Desserts, Cafes, Coffee & Tea
INSERT INTO StoreTbl VALUES ( 6260004005008,   "Belly Bombz Kitchen",                                       "11824 Artesia Blvd",                                       "(562) 402-5400",       null, null,     6260004005, null) ;  --          Chicken Wings, Korean, Bars
INSERT INTO StoreTbl VALUES ( 6260004005009,   "Taste Tea Cafe",                                            "18858 Norwalk Blvd",                                       "(562) 865-0654",       null, null,     6260004005, null) ;  --          Cafes, Noodles, Desserts
INSERT INTO StoreTbl VALUES ( 6260004005010,   "King Shabu Shabu",                                          "11328 South St",                                           "(562) 865-5016",       null, null,     6260004005, null) ;  --          Japanese

-- West Covina

INSERT INTO PlazaTbl VALUES ( 6260028001, "Claremont Promenade Shopping Center",    6260028 );
INSERT INTO PlazaTbl VALUES ( 6260028002, "Others",    6260028 );

INSERT INTO StoreTbl VALUES ( 6260028001001,   "Katie Jakes Bar & Grill",                                   "750 Terrado Plz #10",                                      "(626) 967-2765",       null, 0018,     6260028001, null) ;  -- rst                     --     Food
INSERT INTO StoreTbl VALUES ( 6260028001002,   "Dalia's",                                                   "2506 E Workman Ave",                                       "(626) 966-6499",       null, null,     6260028001, null) ;  --     Food
INSERT INTO StoreTbl VALUES ( 6260028001003,   "Stinkin Crawfish",                                          "2518 E Workman Ave",                                       "(626) 339-9873",       null, null,     6260028001, null) ;  --     Food
INSERT INTO StoreTbl VALUES ( 6260028001004,   "Friday Nails Spa & Beauty",                                 "2648 E Workman Ave # 3003",                                "(626) 966-8888",       null, 0008,     6260028001, null) ;  -- cosm                --     Nails and Spa
INSERT INTO StoreTbl VALUES ( 6260028001005,   "Restaurant Hayakawa",                                       "750 Terrado Plz #33",                                      "(626) 332-8288",       null, 0018,     6260028001, null) ;  -- rst                 --     Food
INSERT INTO StoreTbl VALUES ( 6260028001006,   "Old World Delicatessens",                                   "126 Shoppers Ln",                                          "(626) 967-6307",       null, null,     6260028001, null) ;  --     Food
INSERT INTO StoreTbl VALUES ( 6260028001007,   "Yum Yum Donuts",                                            "623 S. Citrus Ave",                                        "(626) 331-5137",       null, 0034,     6260028001, null) ;  --     Food
INSERT INTO StoreTbl VALUES ( 6260028001008,   "Pizza Chalet",                                              "461 S Citrus Ave",                                         "(626) 915-5879",       null, null,     6260028001, null) ;  --     Food
INSERT INTO StoreTbl VALUES ( 6260028001009,   "Baja Ranch Market",                                         "425 S Citrus Ave",                                         "(626) 373-0350",       null, null,     6260028001, null) ;  --     Market
INSERT INTO StoreTbl VALUES ( 6260028001010,   "Le Sun Club Tanning",                                       "443 S Citrus Ave",                                         "(626) 915-5867",       null, null,     6260028001, null) ;  --     Tanning
INSERT INTO StoreTbl VALUES ( 6260028001011,   "Fine Jewelry & Watches",                                    "411 S Citrus Ave",                                         "(626) 814-2680",       null, 0013,     6260028001, null) ;  -- jewels              --     Jewelry
INSERT INTO StoreTbl VALUES ( 6260028001012,   "Millie's Restaurant & Bakery",                              "403 S Citrus Ave",                                         "(626) 859-3360",       null, 0018,     6260028001, null) ;  -- rst                 --     Food
INSERT INTO StoreTbl VALUES ( 6260028001013,   "Accounting & Tax Solutions",                                "426 S Citrus Ave",                                         "(626) 858-6950",       null, null,     6260028001, null) ;  --     Accounting
INSERT INTO StoreTbl VALUES ( 6260028001014,   "Boba Tea Lounge",                                           "453 S Citrus Ave",                                         "(626) 339-9639",       null, null,     6260028001, null) ;  --     Cafe
INSERT INTO StoreTbl VALUES ( 6260028001015,   "Alpha Omega",                                               "107 S Citrus Ave",                                         "(626) 966-9696",       null, null,     6260028001, null) ;  --     Food
INSERT INTO StoreTbl VALUES ( 6260028001016,   "The Artist Pizzeria",                                       "113 N Citrus Ave",                                         "(626) 671-4331",       null, null,     6260028001, null) ;  --     Food
INSERT INTO StoreTbl VALUES ( 6260028001017,   "Bishamon Japanese Restaurant",                              "139 N Citrus Ave",                                         "(626) 967-5900",       null, null,     6260028001, null) ;  -- rst                 --     Food
INSERT INTO StoreTbl VALUES ( 6260028001018,   "Red Devil Pizza",                                           "116 W Badillo St",                                         "(626) 966-4484",       null, null,     6260028001, null) ;  --     Food
INSERT INTO StoreTbl VALUES ( 6260028001019,   "Powell Camera Shop",                                        "160 W Badillo St",                                         "(626) 332-1253",       null, null,     6260028001, null) ;  --     Camera Store
INSERT INTO StoreTbl VALUES ( 6260028001020,   "Bread & Barley",                                            "130 N Citrus Ave",                                         "(626) 339-3310",       null, null,     6260028001, null) ;  --     Food
INSERT INTO StoreTbl VALUES ( 6260028001021,   "Covina Jewelry & Loan",                                     "218 N Citrus Ave",                                         "(626) 332-1045",       null, 0013,     6260028001, null) ;  -- jewels              --     Jewelry
INSERT INTO StoreTbl VALUES ( 6260028001022,   "Alicia's Costumes",                                         "112 E College",                                            "(626) 974-8880",       null, null,     6260028001, null) ;  --     Costume Rental
INSERT INTO StoreTbl VALUES ( 6260028001023,   "Covina Hobby Shop",                                         "140 N Citrus Ave",                                         "(626) 331-1910",       null, null,     6260028001, null) ;  --     Hobby Shop
INSERT INTO StoreTbl VALUES ( 6260028001024,   "El Pavo Bakery",                                            "230 N Citrus Ave",                                         "(626) 339-4548",       null, null,     6260028001, null) ;  --     Food
INSERT INTO StoreTbl VALUES ( 6260028001025,   "El Bukanas Restaurant",                                     "100 N Citrus Ave",                                         "(626) 918-3536",       null, null,     6260028001, null) ;  -- rst                 --     Food
INSERT INTO StoreTbl VALUES ( 6260028001026,   "Rude Dog Bar & Grill",                                      "114 N Citrus Ave",                                         "(626) 332-8922",       null, null,     6260028001, null) ;  -- rst                     --     Food
INSERT INTO StoreTbl VALUES ( 6260028001027,   "Kut Haus Salon",                                            "116 E Badillo St",                                         "(626) 938-9116",       null, null,     6260028001, null) ;  --     Salon
INSERT INTO StoreTbl VALUES ( 6260028001028,   "Salon Lavish",                                              "147 S Citrus Ave",                                         "(626) 732-5813",       null, null,     6260028001, null) ;  --     Salon
INSERT INTO StoreTbl VALUES ( 6260028001029,   "Claros Italian Market",                                     "159 E College St,",                                        "(626) 339-3333",       null, null,     6260028001, null) ;  --     Market
INSERT INTO StoreTbl VALUES ( 6260028001030,   "Yours & Mine Cafe and Bakery",                              "132 E College St",                                         "(626) 915-7885",       null, null,     6260028001, null) ;  --     Food
                                                                                                                                                                                                                                                                  --
INSERT INTO StoreTbl VALUES ( 6260028002001,   "Presleys Snack Bar",                                       "15845 Main St",                                            "(626) 330-8060",       null, null,     6260028002, null) ;  --     Juice Bars & Smoothies, Shaved Ice, Fast Food
INSERT INTO StoreTbl VALUES ( 6260028002002,   "Ezze Sushi",                                                "650 S Grand Ave",                                          "(626) 335-8884",       null, null,     6260028002, null) ;  -- sushi                  --     Sushi Bars
INSERT INTO StoreTbl VALUES ( 6260028002003,   "Cafe Valer",                                                "112 Plaza Dr",                                             "(626) 337-6622",       null, null,     6260028002, null) ;  --     Coffee & Tea, Sandwiches, Desserts
INSERT INTO StoreTbl VALUES ( 6260028002004,   "One Veg World",                                             "178 S Glendora Ave",                                       "(626) 917-2727",       null, null,     6260028002, null) ;  --     Vegan, Burgers, Sandwiches
INSERT INTO StoreTbl VALUES ( 6260028002005,   "Cozy Thai Cuisine",                                         "2550 E Amar Rd",                                           "(626) 581-2481",       null, null,     6260028002, null) ;  --     Thai
INSERT INTO StoreTbl VALUES ( 6260028002006,   "Bun Street",                                                "180 S Glendora Ave",                                       "(626) 699-1188",       null, null,     6260028002, null) ;  --     Burgers, Fast Food, American (New)
INSERT INTO StoreTbl VALUES ( 6260028002007,   "Vincenzos Terrazza",                                       "232 S Citrus St",                                          "(626) 332-2969",       null, null,     6260028002, null) ;  --     Italian
INSERT INTO StoreTbl VALUES ( 6260028002008,   "Elements Natural Foods",                                    "2522 E Workman Ave",                                       "(626) 339-9179",       null, null,     6260028002, null) ;  --     Juice Bars & Smoothies, Health Markets
INSERT INTO StoreTbl VALUES ( 6260028002009,   "The Golden Owl",                                            "16423 Maplegrove St",                                      "(626) 917-1135",       null, null,     6260028002, null) ;  --     Burmese, Bubble Tea, Vegetarian
INSERT INTO StoreTbl VALUES ( 6260028002010,   "Mr. Pollo",                                                 "500 N Azusa Ave",                                          "(626) 331-8090",       null, null,     6260028002, null) ;  --     Peruvian
INSERT INTO StoreTbl VALUES ( 6260028002011,   "M.Y.O Sushi",                                               "3648 S Nogales St",                                        "(626) 810-5788",       null, null,     6260028002, null) ;  -- sushi                  --     Japanese, Sushi Bars, Poke
INSERT INTO StoreTbl VALUES ( 6260028002012,   "Merrys House of Chicken",                                  "2550 E Amar Rd",                                           "(626) 965-0123",       null, null,     6260028002, null) ;  --     Indonesian
INSERT INTO StoreTbl VALUES ( 6260028002013,   "Gogo Poke",                                                 "920 E Alosta Ave",                                         "(626) 334-6055",       null, null,     6260028002, null) ;  -- rst, seafood, jap   --     Poke, Asian Fusion
INSERT INTO StoreTbl VALUES ( 6260028002014,   "Pondahan Restaurant",                                       "535 W California Ave",                                     "(626) 856-0416",       null, null,     6260028002, null) ;  -- rst                 --     Filipino
INSERT INTO StoreTbl VALUES ( 6260028002015,   "Misky Misky Cocina Peruana",                                "125 N Fairway Ln",                                         "(626) 966-0600",       null, null,     6260028002, null) ;  --     Peruvian, Seafood
INSERT INTO StoreTbl VALUES ( 6260028002016,   "Caf Gourmand",                                             "933 S Sunset Ave",                                         "(626) 430-6994",       null, null,     6260028002, null) ;  --     Coffee & Tea, Breakfast & Brunch, Juice Bars & Smoothies
INSERT INTO StoreTbl VALUES ( 6260028002017,   "Ajumma",                                                    "360 S Glendora Ave",                                       "(626) 678-0360",       null, null,     6260028002, null) ;  --     Bars, Korean, Cafes
INSERT INTO StoreTbl VALUES ( 6260028002018,   "Dog Haus",                                                  "2678 E Garvey Ave So",                                     "(626) 331-4287",       null, null,     6260028002, null) ;  --     Hot Dogs, Burgers, Ice Cream & Frozen Yogurt
INSERT INTO StoreTbl VALUES ( 6260028002019,   "AhiPoki",                                                   "245 N Barranca St",                                        "(626) 331-9000",       null, null,     6260028002, null) ;  --     Poke, Seafood, Hawaiian
INSERT INTO StoreTbl VALUES ( 6260028002020,   "The Corner Tavern",                                         "3660 S Nogales St",                                        "(626) 581-0953",       null, null,     6260028002, null) ;  --     Gastropubs, Burgers, Sports Bars
INSERT INTO StoreTbl VALUES ( 6260028002021,   "Sushi Damu",                                                "1230 Lakes Dr",                                            "(626) 699-1046",       null, null,     6260028002, null) ;  -- sushi                  --     Japanese, Sushi Bars
INSERT INTO StoreTbl VALUES ( 6260028002022,   "Ten Shabu",                                                 "1015 S Glendora Ave",                                      "(626) 814-3248",       null, null,     6260028002, null) ;  --     Japanese, Asian Fusion, Hot Pot
INSERT INTO StoreTbl VALUES ( 6260028002023,   "The Food Hub",                                              "2200 S Azusa Ave",                                         "(626) 500-0850",       null, null,     6260028002, null) ;  --     Pasta Shops, Bakeries, Burgers
INSERT INTO StoreTbl VALUES ( 6260028002024,   "Villa Tepeyac",                                             "2200 E Garvey Ave S",                                      "(626) 339-5058",       null, null,     6260028002, null) ;  --     Mexican
INSERT INTO StoreTbl VALUES ( 6260028002025,   "Lobster & Steak Express",                                   "947 S Glendora Ave",                                       "(626) 387-2788",       null, null,     6260028002, null) ;  --     Chinese
INSERT INTO StoreTbl VALUES ( 6260028002026,   "Krua Thai Cuisine",                                         "935 S Glendora Ave",                                       "(626) 480-0116",       null, null,     6260028002, null) ;  --     Thai
INSERT INTO StoreTbl VALUES ( 6260028002027,   "Canaan Chinese Cuisine",                                    "2668 E Garvey Ave S",                                      "(626) 332-7771",       null, null,     6260028002, null) ;  --     Chinese
INSERT INTO StoreTbl VALUES ( 6260028002028,   "Stinkin Crawfish - West Covina",                            "2518 E Workman Ave",                                       "(626) 339-9873",       null, null,     6260028002, null) ;  --     Cajun/Creole, Seafood
INSERT INTO StoreTbl VALUES ( 6260028002029,   "Fujin Ramen",                                               "1017 S Glendora Ave",                                      "(626) 814-2020",       null, null,     6260028002, null) ;  --     Ramen
INSERT INTO StoreTbl VALUES ( 6260028002030,   "Young Hawaiian BBQ",                                        "450 S Glendora Ave",                                       "(626) 699-1662",       null, null,     6260028002, null) ;  -- wbq                     --     Hawaiian, Breakfast & Brunch, Barbeque
INSERT INTO StoreTbl VALUES ( 6260028002031,   "Biznameclick",                                              "Secondary 1",                                              "Phonenumber",          null, null,     6260028002, null) ;  -- rst, viet --- x         --     Categorylisttext
INSERT INTO StoreTbl VALUES ( 6260028002032,   "Pho Vietnam Kitchen",                                       "2351 S Azusa Ave",                                         "(626) 965-3339",       null, null,     6260028002, null) ;  -- rst, pho, yup, am-viet  --     Vietnamese
INSERT INTO StoreTbl VALUES ( 6260028002033,   "Broncos Mexican Grill and Sports Bar",                      "969 S Glendora Ave",                                       "(626) 939-4444",       null, null,     6260028002, null) ;  -- rst                     --     Mexican, Sports Bars, Seafood
INSERT INTO StoreTbl VALUES ( 6260028002034,   "Jasmin Garden",                                             "987 S Glendora Ave",                                       "(626) 813-0659",       null, null,     6260028002, null) ;  --     Chinese, Noodles
INSERT INTO StoreTbl VALUES ( 6260028002035,   "The Crawfish Spot",                                         "1011 S Glendora Ave",                                      "(626) 338-8717",       null, null,     6260028002, null) ;  --     Cajun/Creole, Sports Bars, Seafood
INSERT INTO StoreTbl VALUES ( 6260028002036,   "El Pilon Market and Restarurant",                           "322 S Glendora Ave",                                       "(626) 918-1729",       null, null,     6260028002, null) ;  --     Mexican, Butcher, Grocery
INSERT INTO StoreTbl VALUES ( 6260028002037,   "Mariscos El Guero",                                         "202 S Glendora Ave",                                       "(626) 918-4646",       null, null,     6260028002, null) ;  --     Seafood
INSERT INTO StoreTbl VALUES ( 6260028002038,   "Golden Noodle and Grill Vietnamese Restaurant",             "965 S Glendora Ave",                                       "(626) 337-1888",       null, null,     6260028002, null) ;  -- rst-- rst           --     Vietnamese, Noodles
INSERT INTO StoreTbl VALUES ( 6260028002039,   "Craft Hill West Covina",                                    "128 North Grand Ave",                                      "(626) 331-0555",       null, null,     6260028002, null) ;  --     American (New), Cocktail Bars, Pizza
INSERT INTO StoreTbl VALUES ( 6260028002040,   "New Yorks Finest Bakery And Cafe",                         "648 S Sunset Ave",                                         "(626) 814-9900",       null, null,     6260028002, null) ;  --     Bakeries, Coffee & Tea, Cafes
INSERT INTO StoreTbl VALUES ( 6260028002041,   "Dia De Los Puercos",                                        "222 S Citrus St",                                          "(626) 331-3357",       null, null,     6260028002, null) ;  --     Mexican
INSERT INTO StoreTbl VALUES ( 6260028002042,   "3.99 Pizza Co",                                             "2435 S Azusa Ave",                                         "(626) 854-8484",       null, null,     6260028002, null) ;  --     Pizza, Italian
INSERT INTO StoreTbl VALUES ( 6260028002043,   "Lucilles Smokehouse Bar-B-Que",                            "1445 Plaza Dr",                                            "(626) 338-1227",       null, null,     6260028002, null) ;  --     Barbeque, Smokehouse
INSERT INTO StoreTbl VALUES ( 6260028002044,   "Tasty Goody",                                               "349 N Azusa Ave",                                          "(626) 938-0377",       null, null,     6260028002, null) ;  --     Chinese, Fast Food
INSERT INTO StoreTbl VALUES ( 6260028002045,   "Myung Dong Tofu House",                                     "1025 S Glendora Ave",                                      "(626) 338-0414",       null, null,     6260028002, null) ;  --     Korean
INSERT INTO StoreTbl VALUES ( 6260028002046,   "Jin Teahouse",                                              "3648 Nogales St",                                          "(626) 251-6978",       null, null,     6260028002, null) ;  --     Coffee & Tea, Desserts, Japanese
INSERT INTO StoreTbl VALUES ( 6260028002047,   "Johnnys Shrimp Boat",                                      "803 S Glendora Ave",                                       "(626) 813-3818",       null, null,     6260028002, null) ;  --     Seafood, Fish & Chips, Fast Food
INSERT INTO StoreTbl VALUES ( 6260028002048,   "Pho Ha Linh",                                               "450 N Azusa Ave",                                          "(626) 967-7967",       null, null,     6260028002, null) ;  -- rst, pho, yup, am-viet  --     Vietnamese
INSERT INTO StoreTbl VALUES ( 6260028002049,   "Peppes Pollo",                                             "1209 S Glendora Ave",                                      "(626) 918-0604",       null, null,     6260028002, null) ;  --     Latin American
INSERT INTO StoreTbl VALUES ( 6260028002050,   "Rambos Tacos",                                              "2122 W Francisquito Ave",                                  "(626) 813-6828",       null, null,     6260028002, null) ;  --     Mexican
INSERT INTO StoreTbl VALUES ( 6260028002051,   "Victors Villa III",                                        "2201 W Francisquito Ave",                                  "(626) 338-1129",       null, null,     6260028002, null) ;  --     Burgers
INSERT INTO StoreTbl VALUES ( 6260028002052,   "Sakura of Tokyo",                                           "533 S Glendora Ave",                                       "(626) 960-7155",       null, null,     6260028002, null) ;  --     Japanese
INSERT INTO StoreTbl VALUES ( 6260028002053,   "El Bukanas",                                                "1347 S Azusa Ave",                                         "(626) 918-3536",       null, null,     6260028002, null) ;  --     Mexican
INSERT INTO StoreTbl VALUES ( 6260028002054,   "Aces Jewelry & Loan",                                       "1071 E Amar Rd",                                           "(626) 968-5900",       null, 0013,     6260028002, null) ;  -- jewels              --     Pawn Shops, Jewelry
INSERT INTO StoreTbl VALUES ( 6260028002055,   "Jewelry Sales & Design",                                    "111 N Azusa Ave",                                          "(818) 253-5698",       null, 0013,     6260028002, null) ;  -- jewels              --     Jewelry
INSERT INTO StoreTbl VALUES ( 6260028002056,   "Davids Appliance Repair",                                  "1252 Monte Vista Ave",                                     "(909) 980-0500",       null, null,     6260028002, null) ;  -- repair                 --     Appliances & Repair
INSERT INTO StoreTbl VALUES ( 6260028002057,   "Covina Garden Center",                                      "509 S 2nd Ave",                                            "(626) 966-9666",       null, null,     6260028002, null) ;  --     Nurseries & Gardening
INSERT INTO StoreTbl VALUES ( 6260028002058,   "The Kodi King Doctor",                                      "West Covina, CA 91791",                                    "(213) 318-1094",       null, 0014,     6260028002, null) ;  -- med                 --     Electronics Repair
INSERT INTO StoreTbl VALUES ( 6260028002059,   "Lemon Creek Cleaners",                                      "360 N Lemon Ave",                                          "(909) 594-7504",       null, 0006,     6260028002, null) ;  -- cleaners                --     Dry Cleaning & Laundry, Sewing & Alterations
INSERT INTO StoreTbl VALUES ( 6260028002060,   "ExaTactical Firearms",                                      "151 S 9th Ave",                                            "(626) 217-7080",       null, null,     6260028002, null) ;  --     Guns & Ammo
INSERT INTO StoreTbl VALUES ( 6260028002061,   "Flower Fresh One Hour Cleaners",                            "3652 S Nogales St",                                        "(626) 964-2794",       null, 0006,     6260028002, null) ;  -- cleaners                --     Dry Cleaning & Laundry
INSERT INTO StoreTbl VALUES ( 6260028002062,   "Obsessed",                                                  "1120 S Glendora Ave",                                      "(626) 224-5668",       null, null,     6260028002, null) ;  --     Cosmetics & Beauty Supply, Women's Clothing, Makeup Artists
INSERT INTO StoreTbl VALUES ( 6260028002063,   "Cellphone Solutions",                                       "1557 E Amar Rd",                                           "(626) 283-8659",       null, null,     6260028002, null) ;  --     Mobile Phone Repair
INSERT INTO StoreTbl VALUES ( 6260028002064,   "Covina Hills Flowers",                                      "602 N Grand Ave",                                          "(626) 966-4422",       null, null,     6260028002, null) ;  --     Florists
INSERT INTO StoreTbl VALUES ( 6260028002065,   "Rancho Tax Services",                                       "8316 Red Oak St",                                          "(909) 538-8880",       null, null,     6260028002, null) ;  --     Bookkeepers, Tax Services, Business Consulting
INSERT INTO StoreTbl VALUES ( 6260028002066,   "Stitchmania The Shop",                                      "120 E Badillo St",                                         "(626) 332-8795",       null, null,     6260028002, null) ;  --     Graphic Design, Screen Printing/T-Shirt Printing
INSERT INTO StoreTbl VALUES ( 6260028002067,   "Republic of Succulents",                                    "Long Beach, CA 90803",                                     "(323) 379-3210",       null, null,     6260028002, null) ;  --     Florists
INSERT INTO StoreTbl VALUES ( 6260028002068,   "Tic Time of West Covina",                                   "1478 Plaza Dr",                                            "(626) 962-4540",       null, null,     6260028002, null) ;  --     Watches, Watch Repair, Jewelry
INSERT INTO StoreTbl VALUES ( 6260028002069,   "Alamo Jewelry & Loan",                                      "544 N Azusa Ave",                                          "(626) 967-5367",       null, 0013,     6260028002, null) ;  -- jewels              --     Pawn Shops, Guns & Ammo
INSERT INTO StoreTbl VALUES ( 6260028002070,   "Sunset Cleaners",                                           "1321 Plaza Dr",                                            "(626) 337-6416",       null, 0006,     6260028002, null) ;  -- cleaners                --     Dry Cleaning & Laundry
INSERT INTO StoreTbl VALUES ( 6260028002071,   "Kmart",                                                     "730 S Orange Ave",                                         "(626) 960-3756",       null, null,     6260028002, null) ;  -- franchise               --     Department Stores
INSERT INTO StoreTbl VALUES ( 6260028002072,   "Rays Electronics",                                         "1393 E Washington Blvd",                                   "(626) 798-4811",       null, null,     6260028002, null) ;  --     Electronics Repair, IT Services & Computer Repair
INSERT INTO StoreTbl VALUES ( 6260028002073,   "Memory Foam & More",                                        "17823 Valley Blvd",                                        "(626) 607-6821",       null, null,     6260028002, null) ;  --     Mattresses, Home Decor, Furniture Stores
INSERT INTO StoreTbl VALUES ( 6260028002074,   "JM Carpet Care",                                            "West Covina, CA 91790",                                    "(626) 388-0067",       null, null,     6260028002, null) ;  --     Office Cleaning, Carpet Cleaning
INSERT INTO StoreTbl VALUES ( 6260028002075,   "Sunset Recycling Center",                                   "1314 W Francisquito Ave",                                  "(818) 661-7387",       null, null,     6260028002, null) ;  --     Recycling Center
INSERT INTO StoreTbl VALUES ( 6260028002076,   "Amar Custom Upholstery",                                    "16001 Kaplan Ave",                                         "(626) 961-1457",       null, null,     6260028002, null) ;  --     Furniture Reupholstery, Auto Upholstery
INSERT INTO StoreTbl VALUES ( 6260028002077,   "Covina Valley Cyclery",                                     "203 S Citrus Ave",                                         "(626) 332-5200",       null, null,     6260028002, null) ;  --     Bikes
INSERT INTO StoreTbl VALUES ( 6260028002078,   "Already A Better Choice Termite & Pest Control",            "",                                                         "(626) 401-0058",       null, null,     6260028002, null) ;  --     Pest Control
INSERT INTO StoreTbl VALUES ( 6260028002079,   "Alexs Tuxedo & Tailoring",                                 "322 N Azusa Ave",                                          "(626) 331-7728",       null, null,     6260028002, null) ;  --     Sewing & Alterations, Formal Wear
INSERT INTO StoreTbl VALUES ( 6260028002080,   "Margi Brothers",                                            "142 N Citrus Ave",                                         "(626) 339-4230",       null, null,     6260028002, null) ;  --     Watch Repair, Jewelry, Clock Repair
INSERT INTO StoreTbl VALUES ( 6260028002081,   "Mezas Carpet Cleaning",                                    "West Covina, CA 91790",                                    "(626) 926-6270",       null, 0006,     6260028002, null) ;  -- cleaning               --     Carpet Cleaning
INSERT INTO StoreTbl VALUES ( 6260028002082,   "Dicks Sporting Goods",                                     "2753 Eastland Center Dr",                                  "(626) 331-8227",       null, null,     6260028002, null) ;  --     Sports Wear, Outdoor Gear
INSERT INTO StoreTbl VALUES ( 6260028002083,   "Quality Wholesale Florist",                                 "14638 Francisquito Ave",                                   "(626) 336-6511",       null, null,     6260028002, null) ;  --     Florists
INSERT INTO StoreTbl VALUES ( 6260028002084,   "Star Fashion",                                              "1837 N Hacienda Blvd",                                     "(626) 931-6064",       null, null,     6260028002, null) ;  --     Men's Clothing, Women's Clothing
INSERT INTO StoreTbl VALUES ( 6260028002085,   "Hi Speed Printing",                                         "15652 Gale Ave",                                           "(626) 369-1051",       null, null,     6260028002, null) ;  --     Printing Services
INSERT INTO StoreTbl VALUES ( 6260028002086,   "Goodfellas Pawn Shop",                                      "1203 S Glendora Ave",                                      "(626) 918-3020",       null, null,     6260028002, null) ;  --     Pawn Shops, Gold Buyers
INSERT INTO StoreTbl VALUES ( 6260028002087,   "WorldTime Watch Service Center",                            "19811 Colima Rd",                                          "(909) 595-0285",       null, null,     6260028002, null) ;  --     Watches, Watch Repair, Jewelry Repair
INSERT INTO StoreTbl VALUES ( 6260028002088,   "VM Tech",                                                   "14122 Central Ave",                                        "(909) 902-5550",       null, null,     6260028002, null) ;  --     IT Services & Computer Repair
INSERT INTO StoreTbl VALUES ( 6260028002089,   "Appliance Parts & Service Center",                          "303 E Rowland St",                                         "(626) 331-7255",       null, null,     6260028002, null) ;  --     Appliances, Appliances & Repair

-- Ontario

INSERT INTO PlazaTbl VALUES ( 6260019001, "Ontario Mills",              6260019 );
INSERT INTO PlazaTbl VALUES ( 6260019002, "Archibald Town Center",      6260019 );
INSERT INTO PlazaTbl VALUES ( 6260019003, "Others",                     6260019 );

INSERT INTO StoreTbl VALUES ( 6260019001002,   "Sam Ash Music Stores",                                      "4449 Mills Cir",                                           "(909) 484-3550",       null, null,     6260019001, null) ;  --          Food
INSERT INTO StoreTbl VALUES ( 6260019001003,   "Eyebrow Designer 21",                                       "1 Mills Cir",                                              "(909) 987-7200",       null, null,     6260019001, null) ;  --          Food
INSERT INTO StoreTbl VALUES ( 6260019001004,   "Shoeteria",                                                 "1 Mills Cir",                                              "(909) 980-0977",       null, null,     6260019001, null) ;  --          Food
INSERT INTO StoreTbl VALUES ( 6260019001005,   "Lacoste Ontario Mills Outlet",                              "1 Mills Cir #841a",                                        "(909) 941-1884",       null, null,     6260019001, null) ;  --          Food
INSERT INTO StoreTbl VALUES ( 6260019001006,   "Tokyo Wako Ontario",                                        "4480 Ontario Mills Pkwy,",                                 "(909) 484-7200",       null, null,     6260019001, null) ;  --          Food
INSERT INTO StoreTbl VALUES ( 6260019001007,   "Country Inn & Suites By Carlson Ontario Mills, CA",         "4674 Ontario Mills Pkwy",                                  "(909) 204-5365",       null, null,     6260019001, null) ;  --          Food
INSERT INTO StoreTbl VALUES ( 6260019001008,   "The Luxe Buffet - Seafood & Grill",                         "701 N Milliken Ave",                                       "(909) 948-6886",       null, null,     6260019001, null) ;  -- rst                                         --          Food
INSERT INTO StoreTbl VALUES ( 6260019001009,   "Holiday Cafe",                                              "931 N Milliken Ave",                                       "(909) 481-1111",       null, null,     6260019001, null) ;  --          Food
INSERT INTO StoreTbl VALUES ( 6260019001010,   "Home Thai",                                                 "4275 Concours St #130",                                    "(909) 987-0600",       null, null,     6260019001, null) ;  --          Food
INSERT INTO StoreTbl VALUES ( 6260019001011,   "New York Grill",                                            "950 Ontario Mills Rd",                                     "(909) 987-1928",       null, null,     6260019001, null) ;  -- rst                                         --          Food
INSERT INTO StoreTbl VALUES ( 6260019001012,   "El Torito",                                                 "3680 Inland Empire Blvd",                                  "(909) 944-9102",       null, null,     6260019001, null) ;  --          Food
INSERT INTO StoreTbl VALUES ( 6260019001013,   "Klatch Coffee",                                             "951 N Haven Ave",                                          "(909) 945-3500",       null, null,     6260019001, null) ;  --          Food
INSERT INTO StoreTbl VALUES ( 6260019001014,   "4th And Mill Bar Pizza Restaurant",                         "11260 Fourth St",                                          "(909) 758-9115",       null, null,     6260019001, null) ;  -- rst                                     --          Food
                                                                                                                                                                                                                                                                                      --
INSERT INTO StoreTbl VALUES ( 6260019002002,   "Pho Island Restaurant",                                     "3055 S Archibald Ave # F",                                 "(909) 930-2300",       null, null,     6260019002, null) ;  -- rst, pho, yup, am-viet     -- rst           --          Food
INSERT INTO StoreTbl VALUES ( 6260019002003,   "China Cook",                                                "3085 S Archibald Ave B",                                   "(909) 947-5013",       null, null,     6260019002, null) ;  --          Food
INSERT INTO StoreTbl VALUES ( 6260019002004,   "Archibald's Drive-Thru",                                    "2685 E Riverside Dr",                                      "(909) 321-2188",       null, null,     6260019002, null) ;  --          Food
INSERT INTO StoreTbl VALUES ( 6260019002005,   "IE VAPES",                                                  "2665 E Riverside Dr",                                      "(909) 773-1085",       null, null,     6260019002, null) ;  --          Vape
INSERT INTO StoreTbl VALUES ( 6260019002006,   "Christy's Donuts",                                          "2961 S Archibald Ave",                                     "(909) 947-2072",       null, null,     6260019002, null) ;  --          Food
INSERT INTO StoreTbl VALUES ( 6260019002007,   "Body Accent Jewelry",                                       "2800 E Riverside Dr # 200",                                "(909) 437-4792",       null, 0013,     6260019002, null) ;  -- jewels                                  --          Jewelry
INSERT INTO StoreTbl VALUES ( 6260019002008,   "Titan Burgers",                                             "2240 S Haven Ave",                                         "(909) 947-7273",       null, null,     6260019002, null) ;  --          Food
INSERT INTO StoreTbl VALUES ( 6260019002009,   "Miguel's Jr.",                                              "2250 S Haven Ave",                                         "(909) 947-6761",       null, null,     6260019002, null) ;  --          Food
INSERT INTO StoreTbl VALUES ( 6260019002010,   "Farmer Boys",                                               "2180 S. Haven St",                                         "(909) 923-6885",       null, null,     6260019002, null) ;  --          Food
INSERT INTO StoreTbl VALUES ( 6260019002011,   "Cal Lighting",                                              "3625 E Philadelphia St",                                   "(909) 947-5200",       null, null,     6260019002, null) ;  --          Lighting Store
INSERT INTO StoreTbl VALUES ( 6260019002012,   "Heart & Pride Muay Thai",                                   "3550 E Philadelphia St #140",                              "(909) 923-1177",       null, null,     6260019002, null) ;  --          Martial Arts
INSERT INTO StoreTbl VALUES ( 6260019002013,   "San Antonio Winery - Ontario Wine & Event Center",          "2802 S Milliken Ave",                                      "(909) 947-3995",       null, null,     6260019002, null) ;  --          Food
INSERT INTO StoreTbl VALUES ( 6260019002014,   "Juancho's",                                                 "2802 Milliken Avenue #B",                                  "(909) 930-6500",       null, null,     6260019002, null) ;  --          Food
                                                                                                                                                                                                                                                                                      --
INSERT INTO StoreTbl VALUES ( 6260019003002,   "Pixel Vault Games",                                         "501 W Holt Blvd",                                          "(909) 664-7635",       null, null,     6260019003, null) ;  --          Video Game Stores, Electronics Repair
INSERT INTO StoreTbl VALUES ( 6260019003003,   "Upland Chamber of Commerce",                                "215 N 2nd Ave",                                            "(909) 204-4465",       null, null,     6260019003, null) ;  --          Community Service/Non-Profit
INSERT INTO StoreTbl VALUES ( 6260019003004,   "Alta Loma Sewing & Vacuum Center",                          "7232 Archibald Ave",                                       "(909) 987-2141",       null, null,     6260019003, null) ;  --          Appliances & Repair, Sewing & Alterations
INSERT INTO StoreTbl VALUES ( 6260019003005,   "Urban Florist",                                             "710 N Mountain Ave",                                       "(909) 395-5533",       null, null,     6260019003, null) ;  --          Florists
INSERT INTO StoreTbl VALUES ( 6260019003006,   "Metro Photo Lab",                                           "8808 Baseline Rd",                                         "(909) 989-6533",       null, null,     6260019003, null) ;  --          Photography Stores & Services, Printing Services
INSERT INTO StoreTbl VALUES ( 6260019003007,   "Majestic Trophy Co.",                                       "217 W B St",                                               "(909) 984-5110",       null, null,     6260019003, null) ;  --          Trophy Shops
INSERT INTO StoreTbl VALUES ( 6260019003008,   "Mountain View Inland Pool",                                 "6632 Carnelian St",                                        "(909) 980-9999",       null, null,     6260019003, null) ;  --          Hot Tub & Pool, Pool & Hot Tub Service
INSERT INTO StoreTbl VALUES ( 6260019003009,   "Bumsteads Bicycles",                                       "1038 W 4th St",                                            "(909) 984-9067",       null, null,     6260019003, null) ;  --          Bikes
INSERT INTO StoreTbl VALUES ( 6260019003010,   "Watch & Jewelry Repair",                                    "8657 Baseline Rd",                                         "(909) 373-5342",       null, 0013,     6260019003, null) ;  -- jewels -- repair                        --          Watch Repair, Jewelry Repair
INSERT INTO StoreTbl VALUES ( 6260019003011,   "Blue Leaf Studio Florist",                                  "9760 Baseline Rd",                                         "(909) 476-1144",       null, null,     6260019003, null) ;  --          Florists
INSERT INTO StoreTbl VALUES ( 6260019003012,   "Empire Skates",                                             "226 N 2nd Ave",                                            "(909) 294-6396",       null, null,     6260019003, null) ;  --          Sporting Goods
INSERT INTO StoreTbl VALUES ( 6260019003013,   "Kings Pharmacy",                                           "1060 E Foothill Blvd",                                     "(909) 982-1778",       null, null,     6260019003, null) ;  --          Drugstores
INSERT INTO StoreTbl VALUES ( 6260019003014,   "Jer Repair",                                                "2232 D St",                                                "(909) 767-0999",       null, null,     6260019003, null) ;  -- repair                                     --          Electronics Repair
INSERT INTO StoreTbl VALUES ( 6260019003015,   "AARS Repairs",                                              "9366 Foothill Blvd",                                       "(909) 728-7677",       null, null,     6260019003, null) ;  -- repair                                     --          Appliances & Repair
INSERT INTO StoreTbl VALUES ( 6260019003016,   "Performance Bicycle",                                       "4400 Ontario Mills Pkwy",                                  "(909) 483-8154",       null, null,     6260019003, null) ;  --          Sports Wear, Bikes, Bike Repair/Maintenance
INSERT INTO StoreTbl VALUES ( 6260019003017,   "Hot Spot Wireless",                                         "726 East Foothill Blvd",                                   "(909) 305-2696",       null, null,     6260019003, null) ;  --          Mobile Phone Repair
INSERT INTO StoreTbl VALUES ( 6260019003018,   "Soco Air Conditioning Co",                                  "6892 Carnelian St",                                        "(909) 944-1340",       null, null,     6260019003, null) ;  --          Heating & Air Conditioning/HVAC, Water Heater Installation/Repair, Air Duct Cleaning
INSERT INTO StoreTbl VALUES ( 6260019003019,   "Marks Bicycle Shop",                                       "8605 Baseline Rd",                                         "(909) 466-1529",       null, null,     6260019003, null) ;  --          Bike Repair/Maintenance, Mountain Biking, Bikes
INSERT INTO StoreTbl VALUES ( 6260019003020,   "Little John Appliances",                                    "523 E Holt Blvd",                                          "(909) 391-5762",       null, null,     6260019003, null) ;  --          Appliances & Repair, Appliances
INSERT INTO StoreTbl VALUES ( 6260019003021,   "Archibald Flowers",                                         "9688 Foothill Blvd",                                       "(909) 987-1006",       null, null,     6260019003, null) ;  --          Florists
INSERT INTO StoreTbl VALUES ( 6260019003022,   "Glaze Sports",                                              "8661 19th St",                                             "(909) 987-1140",       null, null,     6260019003, null) ;  --          Outdoor Gear
INSERT INTO StoreTbl VALUES ( 6260019003023,   "Sierra Pharmacy & Medical Equipment",                       "8661 Baseline Rd",                                         "(909) 989-9800",       null, null,     6260019003, null) ;  --          Drugstores, Medical Supplies
INSERT INTO StoreTbl VALUES ( 6260019003024,   "Grand Jewelers",                                            "11550 4th St",                                             "(909) 481-9191",       null, 0013,     6260019003, null) ;  -- jewels                                  --          Jewelry, Pawn Shops, Jewelry Repair
INSERT INTO StoreTbl VALUES ( 6260019003025,   "Angel Jewelers",                                            "8976 Foothill Blvd",                                       "(909) 945-3228",       null, 0013,     6260019003, null) ;  -- jewels                                  --          Jewelry, Jewelry Repair
INSERT INTO StoreTbl VALUES ( 6260019003026,   "American Clock",                                            "111 Harvard Ave",                                          "(909) 621-4200",       null, null,     6260019003, null) ;  --          Watches, Antiques, Watch Repair
INSERT INTO StoreTbl VALUES ( 6260019003027,   "All Electronics Repair",                                    "560 N Mountain Ave",                                       "(909) 527-5848",       null, null,     6260019003, null) ;  -- repair                                     --          Electronics Repair, Mobile Phone Repair
INSERT INTO StoreTbl VALUES ( 6260019003028,   "Cohesive Business Solutions LLC",                           "Ontario, CA 91764",                                        "(888) 301-5373",       null, null,     6260019003, null) ;  --          IT Services & Computer Repair, Software Development
INSERT INTO StoreTbl VALUES ( 6260019003029,   "Highland Garden Center",                                    "600 E 19th St",                                            "(909) 985-8212",       null, null,     6260019003, null) ;  --          Nurseries & Gardening
INSERT INTO StoreTbl VALUES ( 6260019003030,   "Computers 4 Less",                                          "608 N Euclid Ave",                                         "(909) 395-5353",       null, null,     6260019003, null) ;  --          Data Recovery
INSERT INTO StoreTbl VALUES ( 6260019003031,   "Hi Def Tek",                                                "Ontario, CA 91762",                                        "(909) 475-7835",       null, null,     6260019003, null) ;  --          IT Services & Computer Repair
INSERT INTO StoreTbl VALUES ( 6260019003032,   "Victoria Gardens",                                          "12505 N Main St",                                          "(909) 463-2830",       null, null,     6260019003, null) ;  --          Shopping Centers
INSERT INTO StoreTbl VALUES ( 6260019003033,   "Crown Gold Exchange",                                       "980N Ontario Mills Dr",                                    "(909) 980-8888",       null, null,     6260019003, null) ;  --          Gold Buyers, Appraisal Services, Estate Liquidation
INSERT INTO StoreTbl VALUES ( 6260019003034,   "Boon Companion",                                            "145 Harvard Ave",                                          "(909) 625-1993",       null, null,     6260019003, null) ;  --          Toy Stores, Hobby Shops
INSERT INTO StoreTbl VALUES ( 6260019003035,   "TQ Jewelers",                                               "7248 Archibald Ave",                                       "(909) 941-0890",       null, 0013,     6260019003, null) ;  -- jewels                                  --          Jewelry, Jewelry Repair, Watch Repair
INSERT INTO StoreTbl VALUES ( 6260019003036,   "Franks Dryer Vent Cleaning",                               "Ontario, CA",                                              "(909) 212-0032",       null, 0006,     6260019003, null) ;  -- cleaning                                   --          Air Duct Cleaning, Carpet Cleaning
INSERT INTO StoreTbl VALUES ( 6260019003037,   "Cali Printing Company",                                     "1945 E 4th St",                                            "(951) 212-3180",       null, null,     6260019003, null) ;  --          Customized Merchandise, Screen Printing/T-Shirt Printing, Graphic Design
                                                                                                                                                                                                                                                                                      --
INSERT INTO StoreTbl VALUES ( 6260019003038,   "Sammys Cafe",                                              "131 W Foothill Blvd",                                      "(909) 920-9162",       null, null,     6260019003, null) ;  --          Diners, American (New), American (Traditional)
INSERT INTO StoreTbl VALUES ( 6260019003039,   "The Mad Claw",                                              "12802 Foothill Blvd",                                      "(909) 646-8880",       null, null,     6260019003, null) ;  --          Seafood, Cajun/Creole
INSERT INTO StoreTbl VALUES ( 6260019003040,   "Mezzaterranean",                                            "9491 Foothill Blvd",                                       "(909) 483-9669",       null, null,     6260019003, null) ;  --          Lebanese, Mediterranean
INSERT INTO StoreTbl VALUES ( 6260019003041,   "Lets Falafel & Grill",                                     "8875 Foothill Blvd",                                       "(909) 921-1249",       null, null,     6260019003, null) ;  -- rst                                         --          Mediterranean, Middle Eastern, Halal
INSERT INTO StoreTbl VALUES ( 6260019003042,   "Citrus Kitchen",                                            "10431 Lemon Ave",                                          "(909) 941-1444",       null, null,     6260019003, null) ;  --          American (New)
INSERT INTO StoreTbl VALUES ( 6260019003043,   "Antoninos",                                                "7945 N Vineyard Ave",                                      "(909) 941-0047",       null, null,     6260019003, null) ;  --          Italian, Pizza, Caterers
INSERT INTO StoreTbl VALUES ( 6260019003044,   "Iron Skillet",                                              "805 N Euclid Ave",                                         "(909) 984-4600",       null, null,     6260019003, null) ;  --          Breakfast & Brunch, American (New), Desserts
INSERT INTO StoreTbl VALUES ( 6260019003045,   "Ashirwad The Blessings",                                    "583 E Foothill Blvd",                                      "(909) 532-8378",       null, null,     6260019003, null) ;  --          Indian, Vegetarian, Vegan
INSERT INTO StoreTbl VALUES ( 6260019003046,   "Sycamore Inn",                                              "8318 Foothill Blvd",                                       "(909) 982-1104",       null, null,     6260019003, null) ;  --          Steakhouses
INSERT INTO StoreTbl VALUES ( 6260019003047,   "Onishicho Ramen",                                           "504 E Foothill Blvd",                                      "(909) 626-2888",       null, null,     6260019003, null) ;  --          Ramen
INSERT INTO StoreTbl VALUES ( 6260019003048,   "Thai T",                                                    "9000 Foothill Blvd",                                       "(909) 987-7199",       null, null,     6260019003, null) ;  --          Thai
INSERT INTO StoreTbl VALUES ( 6260019003049,   "Johnny Os Cafe",                                           "8890 8th St",                                              "(909) 608-0260",       null, null,     6260019003, null) ;  --          Cafes
INSERT INTO StoreTbl VALUES ( 6260019003050,   "Red Hill Coffee Shop",                                      "8111 Foothill Blvd",                                       "(909) 985-3816",       null, null,     6260019003, null) ;  --          Breakfast & Brunch, Diners
INSERT INTO StoreTbl VALUES ( 6260019003051,   "Vinces Spaghetti",                                         "8241 Foothill Blvd",                                       "(909) 981-1003",       null, 0008,     6260019003, null) ;  -- cosm                                    --          Italian
INSERT INTO StoreTbl VALUES ( 6260019003052,   "Elviras Mexican Grill",                                    "373 E Foothill Blvd",                                      "(909) 981-0734",       null, null,     6260019003, null) ;  -- rst                                         --          Mexican
INSERT INTO StoreTbl VALUES ( 6260019003053,   "Pho Ha",                                                    "9319 Foothill Blvd",                                       "(909) 980-7703",       null, null,     6260019003, null) ;  -- rst, pho, yup, am-viet                      --          Vietnamese, Noodles, Vegetarian
INSERT INTO StoreTbl VALUES ( 6260019003054,   "Fong Noodle",                                               "1515 N Mountain Ave",                                      "(909) 391-2097",       null, null,     6260019003, null) ;  --          Chinese, Noodles
INSERT INTO StoreTbl VALUES ( 6260019003055,   "Juanitas III",                                             "1209 E 4th St",                                            "(909) 986-0991",       null, null,     6260019003, null) ;  --          Mexican
INSERT INTO StoreTbl VALUES ( 6260019003056,   "The Supreme Plate",                                         "9849 Foothill Blvd",                                       "(909) 987-3474",       null, null,     6260019003, null) ;  --          Cajun/Creole, Seafood, Sandwiches
INSERT INTO StoreTbl VALUES ( 6260019003057,   "Old Town Baking Company",                                   "8631 Baseline Rd",                                         "(909) 945-0400",       null, null,     6260019003, null) ;  --          Bakeries, Sandwiches, Bagels
INSERT INTO StoreTbl VALUES ( 6260019003058,   "Corner Deli",                                               "980 Ontario Mills Dr",                                     "(909) 987-8352",       null, null,     6260019003, null) ;  --          Delis, Sandwiches, Salad
INSERT INTO StoreTbl VALUES ( 6260019003059,   "Maple House Chicken and Waffles",                           "1520 N Mountain Ave",                                      "(909) 786-0684",       null, null,     6260019003, null) ;  --          Soul Food, Southern, American (Traditional)
INSERT INTO StoreTbl VALUES ( 6260019003060,   "Ontar Thai Restaurant",                                     "750 N Archibald Ave",                                      "(909) 989-8810",       null, null,     6260019003, null) ;  -- rst                                     --          Thai
INSERT INTO StoreTbl VALUES ( 6260019003061,   "Yatai Sushi Express",                                       "8976 Foothill Blvd",                                       "(909) 980-6797",       null, null,     6260019003, null) ;  -- sushi                                      --          Sushi Bars, Japanese
INSERT INTO StoreTbl VALUES ( 6260019003062,   "Claires Mediterranean Food & Pastry",                      "1386 E Foothill Blvd",                                     "(909) 949-6302",       null, null,     6260019003, null) ;  --          Mediterranean, Bakeries
INSERT INTO StoreTbl VALUES ( 6260019003063,   "JP Latin Deli",                                             "9047 Arrow Rte",                                           "(909) 806-0061",       null, null,     6260019003, null) ;  --          Peruvian, Noodles, Seafood
INSERT INTO StoreTbl VALUES ( 6260019003064,   "Foothill Bistro",                                           "9319 E Foothill Blvd",                                     "(909) 948-5868",       null, null,     6260019003, null) ;  -- rst, bistro                                --          Chinese
INSERT INTO StoreTbl VALUES ( 6260019003065,   "Olive Grill",                                               "302 S Milliken Ave",                                       "(909) 605-0707",       null, null,     6260019003, null) ;  -- rst                                         --          American (Traditional), Sandwiches, Asian Fusion
INSERT INTO StoreTbl VALUES ( 6260019003066,   "Daddy Os Rockin Cafe",                                     "228 N 2nd Ave",                                            "(909) 816-1624",       null, null,     6260019003, null) ;  --          Cafes
INSERT INTO StoreTbl VALUES ( 6260019003067,   "The Local Baker & Cafe",                                    "120 E 9th St",                                             "(909) 920-3458",       null, null,     6260019003, null) ;  --          Bakeries, Sandwiches
INSERT INTO StoreTbl VALUES ( 6260019003068,   "Roundin 3rd",                                               "1041 E 16th St",                                           "(909) 981-4700",       null, null,     6260019003, null) ;  --          American (New), Sports Bars
INSERT INTO StoreTbl VALUES ( 6260019003069,   "Graber Olive House",                                        "315 E 4th St",                                             "(909) 983-1761",       null, null,     6260019003, null) ;  --          Specialty Food
INSERT INTO StoreTbl VALUES ( 6260019003070,   "Market Broiler",                                            "4553 E Mills Cir",                                         "(909) 581-0866",       null, null,     6260019003, null) ;  --          Seafood, Venues & Event Spaces, Bars
INSERT INTO StoreTbl VALUES ( 6260019003071,   "At Home Thai Fusion Bistro",                                "4275 Concours St",                                         "(909) 987-0600",       null, null,     6260019003, null) ;  -- rst, bistro                                --          Thai, Asian Fusion
INSERT INTO StoreTbl VALUES ( 6260019003072,   "Watda Teriyaki & Roll",                                     "1843 E 4th St",                                            "(909) 391-2772",       null, null,     6260019003, null) ;  --          Sushi Bars, Japanese, Seafood
INSERT INTO StoreTbl VALUES ( 6260019003073,   "The Bowl Thai Cuisine",                                     "1105 N Moutain Ave",                                       "(909) 988-3100",       null, null,     6260019003, null) ;  --          Thai
INSERT INTO StoreTbl VALUES ( 6260019003074,   "Poke Bistro",                                               "2570 S Vineyard Ave",                                      "(909) 218-4470",       null, null,     6260019003, null) ;  -- rst, seafood, jap -- rst, bistro        --          Poke, Sushi Bars, Hawaiian
INSERT INTO StoreTbl VALUES ( 6260019003075,   "Mantra Indian Cuisine",                                     "990 Ontario Mills Dr",                                     "(909) 476-0205",       null, null,     6260019003, null) ;  --          Indian
INSERT INTO StoreTbl VALUES ( 6260019003076,   "Casa Sanchez",                                              "2264 S Mountain Ave",                                      "(909) 983-2826",       null, null,     6260019003, null) ;  --          Mexican
INSERT INTO StoreTbl VALUES ( 6260019003077,   "Royal Cut Restaurant",                                      "2345 S Grove Ave",                                         "(909) 947-3322",       null, null,     6260019003, null) ;  -- rst                                     --          Steakhouses, Seafood, Wine Bars
INSERT INTO StoreTbl VALUES ( 6260019003078,   "Fuddruckers",                                               "4423 E Mills Cir",                                         "(909) 980-4089",       null, null,     6260019003, null) ;  --          Burgers, American (Traditional)
INSERT INTO StoreTbl VALUES ( 6260019003079,   "Juice Life",                                                "2598 S Archibald Ave",                                     "(909) 994-4067",       null, null,     6260019003, null) ;  --          Juice Bars & Smoothies, Vegetarian, Acai Bowls
INSERT INTO StoreTbl VALUES ( 6260019003080,   "Chevys Fresh Mex",                                          "4551 East Mills Circle",                                   "(909) 481-4846",       null, null,     6260019003, null) ;  --          Mexican, Bars, Tex-Mex
INSERT INTO StoreTbl VALUES ( 6260019003081,   "Donuts Xpress",                                             "2598 S Archibald Ave",                                     "(909) 947-3100",       null, null,     6260019003, null) ;  --          Donuts, Sandwiches
INSERT INTO StoreTbl VALUES ( 6260019003082,   "Avocado Burger",                                            "1480 S Haven Ave",                                         "(909) 937-0555",       null, null,     6260019003, null) ;  --          Breakfast & Brunch, Burgers, Mexican
INSERT INTO StoreTbl VALUES ( 6260019003083,   "Not Your Mamas Wings",                                      "1150 E Philadelphia St",                                   "(909) 923-2244",       null, null,     6260019003, null) ;  --          Chicken Wings, Soul Food, American (Traditional)
INSERT INTO StoreTbl VALUES ( 6260019003084,   "King Sushi",                                                "2550 S Archibald Ave",                                     "(909) 930-5355",       null, null,     6260019003, null) ;  -- sushi                                      --          Sushi Bars, Japanese
INSERT INTO StoreTbl VALUES ( 6260019003085,   "Mandarin House",                                            "1118 W Mission Blvd",                                      "(909) 544-5999",       null, null,     6260019003, null) ;  --          Chinese
INSERT INTO StoreTbl VALUES ( 6260019003086,   "Pupuseria Doa Maria",                                      "9134 Foothill Blvd",                                       "(909) 980-8444",       null, null,     6260019003, null) ;  --          Mexican, Salvadoran
INSERT INTO StoreTbl VALUES ( 6260019003087,   "Donahoos Golden Chicken",                                  "1117 N Grove Ave",                                         "(909) 983-4319",       null, null,     6260019003, null) ;  --          American (New), Southern
INSERT INTO StoreTbl VALUES ( 6260019003088,   "Red Chilli House",                                          "9795 Baseline Rd",                                         "(909) 980-0588",       null, null,     6260019003, null) ;  --          Szechuan
INSERT INTO StoreTbl VALUES ( 6260019003089,   "Lucky Elephant",                                            "1515 N Mountain Ave",                                      "(909) 988-0161",       null, null,     6260019003, null) ;  --          Thai
INSERT INTO StoreTbl VALUES ( 6260019003090,   "Sixty6 Sports Lounge",                                      "8916 Foothill Blvd",                                       "(909) 466-9900",       null, null,     6260019003, null) ;  --          American (Traditional), Sports Bars
INSERT INTO StoreTbl VALUES ( 6260019003091,   "Nancy Mays 50s Cafe",                                     "9759 Arrow Rt",                                            "(909) 980-4655",       null, null,     6260019003, null) ;  --          Cafes
INSERT INTO StoreTbl VALUES ( 6260019003092,   "Taco Hut",                                                  "9451 Foothill Blvd",                                       "(909) 980-6202",       null, null,     6260019003, null) ;  --          Mexican, Breakfast & Brunch
INSERT INTO StoreTbl VALUES ( 6260019003093,   "The Deli",                                                  "9671 Foothill Blvd",                                       "(909) 989-8122",       null, null,     6260019003, null) ;  --          Delis, Hot Dogs, Sandwiches
INSERT INTO StoreTbl VALUES ( 6260019003094,   "The Cajun Crab",                                            "400 Auto Center Dr",                                       "(909) 626-7888",       null, null,     6260019003, null) ;  --          Seafood, Cajun/Creole

-- Mission Viejo


INSERT INTO PlazaTbl VALUES ( 6260015001, "Others",              6260015 );

INSERT INTO StoreTbl VALUES ( 6260015001001,   "Thanh Binh",                                                "27660 Marguerite Parkway",                                 "(949) 347-8989",       null, null,     6260015001, null) ;
INSERT INTO StoreTbl VALUES ( 6260015001002,   "Oyu Shabu",                                                 "27741 Crown Valley Pkwy",                                  "(949) 397-9550",       null, null,     6260015001, null) ;
INSERT INTO StoreTbl VALUES ( 6260015001003,   "Jerrys Deli",                                              "27533 Puerta Real",                                        "(949) 582-9510",       null, null,     6260015001, null) ;
INSERT INTO StoreTbl VALUES ( 6260015001004,   "Sushi and Roll",                                            "27620 Marguerite Pkwy",                                    "(949) 481-8181",       null, null,     6260015001, null) ;  -- sushi
INSERT INTO StoreTbl VALUES ( 6260015001005,   "Shabuza Japanese Hot Pot",                                  "28715 Los Alisos Blvd Ste L-1",                            "(949) 588-3225",       null, null,     6260015001, null) ;
INSERT INTO StoreTbl VALUES ( 6260015001006,   "Sushi Plantation",                                          "28601 Marguerite Pkwy Ste A6",                             "(949) 347-0999",       null, null,     6260015001, null) ;  -- sushi
INSERT INTO StoreTbl VALUES ( 6260015001007,   "Nori Sushi",                                                "24001 Via Fabricante Ste 903",                             "(949) 859-0274",       null, null,     6260015001, null) ;  -- sushi
INSERT INTO StoreTbl VALUES ( 6260015001008,   "Shabu-Shabu USA",                                           "28201 Marguerite Pkwy Ste 9",                              "(949) 347-0075",       null, null,     6260015001, null) ;
INSERT INTO StoreTbl VALUES ( 6260015001009,   "Sashimi",                                                   "28771 Los Alisos Blvd",                                    "(949) 583-9103",       null, null,     6260015001, null) ;
INSERT INTO StoreTbl VALUES ( 6260015001010,   "Hacienda On The Lake",                                      "27792 Vista Del Lago",                                     "(949) 472-8100",       null, null,     6260015001, null) ;
INSERT INTO StoreTbl VALUES ( 6260015001011,   "Hayashi",                                                   "27531 Puerta Real",                                        "(949) 582-3477",       null, null,     6260015001, null) ;
INSERT INTO StoreTbl VALUES ( 6260015001012,   "Taco Mesa",                                                 "22922 Los Alisos Blvd",                                    "(949) 472-3144",       null, null,     6260015001, null) ;
INSERT INTO StoreTbl VALUES ( 6260015001013,   "Pho King Way Noodles and Grill",                            "24000 Alicia Pkwy Ste 23",                                 "(949) 472-5464",       null, null,     6260015001, null) ;  -- rst, pho, yup, am-viet -- rst
INSERT INTO StoreTbl VALUES ( 6260015001014,   "Albertacos Mexican Food",                                  "28171 Marguerite Pkwy Ste 26",                             "(949) 365-0695",       null, null,     6260015001, null) ;
INSERT INTO StoreTbl VALUES ( 6260015001015,   "El Chile Relleno",                                          "25098 Marguerite Pkwy Ste D",                              "(949) 455-0500",       null, null,     6260015001, null) ;
INSERT INTO StoreTbl VALUES ( 6260015001016,   "Moo Moo Teriyaki Grill",                                    "28181 Marguerite Pkwy Ste 22",                             "(949) 364-5488",       null, null,     6260015001, null) ;  -- rst
INSERT INTO StoreTbl VALUES ( 6260015001017,   "NY Deli Case",                                              "28570 Marguerite Pkwy",                                    "(949) 364-0321",       null, null,     6260015001, null) ;
INSERT INTO StoreTbl VALUES ( 6260015001018,   "Hai Master Kitchen",                                        "24401 Ridge Route Dr B102",                                "(949) 457-9430",       null, null,     6260015001, null) ;
INSERT INTO StoreTbl VALUES ( 6260015001019,   "Chez Naz Bakery",                                           "27525 Puerta Real",                                        "(949) 348-9696",       null, null,     6260015001, null) ;
INSERT INTO StoreTbl VALUES ( 6260015001020,   "Grill Hut",                                                 "27755 Santa Margarita Pkwy",                               "(949) 457-1300",       null, null,     6260015001, null) ;  -- rst
INSERT INTO StoreTbl VALUES ( 6260015001021,   "Big Grill Mongolian BBQ",                                   "28601 Marguerite Pkwy Ste A",                              "(949) 364-5588",       null, null,     6260015001, null) ;  -- wbq-- rst
INSERT INTO StoreTbl VALUES ( 6260015001022,   "All Star Pizza",                                            "22902 Los Alisos Blvd",                                    "(949) 586-4007",       null, null,     6260015001, null) ;
INSERT INTO StoreTbl VALUES ( 6260015001023,   "California Teriyaki Grill",                                 "27670 Santa Margarita Pkwy Unit A",                        "(949) 461-9900",       null, null,     6260015001, null) ;  -- rst
INSERT INTO StoreTbl VALUES ( 6260015001024,   "Wineworks For Everyone",                                    "26342 Oso Pkwy",                                           "(949) 582-0026",       null, null,     6260015001, null) ;
INSERT INTO StoreTbl VALUES ( 6260015001025,   "Nalus Island Grill",                                       "27000 Alicia Pkwy",                                        "(949) 360-6258",       null, null,     6260015001, null) ;  -- rst
INSERT INTO StoreTbl VALUES ( 6260015001026,   "Kona Loa Coffee",                                           "25800 Jeronimo Rd",                                        "(949) 273-8811",       null, null,     6260015001, null) ;
INSERT INTO StoreTbl VALUES ( 6260015001027,   "Antonuccis",                                               "24190 Alicia Pkwy",                                        "(949) 472-4332",       null, null,     6260015001, null) ;
INSERT INTO StoreTbl VALUES ( 6260015001028,   "Bagels & Brew",                                             "23052 Alicia Pkwy",                                        "(949) 837-6977",       null, null,     6260015001, null) ;
INSERT INTO StoreTbl VALUES ( 6260015001029,   "Big O Pizza To Go",                                         "24501 Marguerite Pkwy",                                    "(949) 586-6660",       null, null,     6260015001, null) ;
INSERT INTO StoreTbl VALUES ( 6260015001030,   "Hatam Restaurant",                                          "25800 Jeronimo Rd",                                        "(949) 768-0122",       null, null,     6260015001, null) ;  -- rst
INSERT INTO StoreTbl VALUES ( 6260015001031,   "Rockfire Grill",                                            "28251 Marguerite Pkwy",                                    "(949) 364-3473",       null, null,     6260015001, null) ;  -- rst
INSERT INTO StoreTbl VALUES ( 6260015001032,   "Samurai Sushi",                                             "27230 La Paz Rd",                                          "(949) 837-6798",       null, null,     6260015001, null) ;  -- sushi
INSERT INTO StoreTbl VALUES ( 6260015001033,   "Perlas Taqueria",                                          "25222 Charlinda Dr",                                       "(949) 380-9604",       null, null,     6260015001, null) ;
INSERT INTO StoreTbl VALUES ( 6260015001034,   "Piccolino Ristorante",                                      "28719 Los Alisos Blvd",                                    "(949) 380-7261",       null, null,     6260015001, null) ;
INSERT INTO StoreTbl VALUES ( 6260015001035,   "Pauls Pantry",                                             "27409 Bellogente",                                         "(949) 364-1088",       null, null,     6260015001, null) ;
INSERT INTO StoreTbl VALUES ( 6260015001036,   "Caf LNoyer",                                              "28181 Marguerite Pkw",                                     "(949) 415-5315",       null, null,     6260015001, null) ;
INSERT INTO StoreTbl VALUES ( 6260015001037,   "Market 2 Plate",                                            "27741 Crown Valley Pkwy",                                  "(949) 446-8440",       null, null,     6260015001, null) ;
INSERT INTO StoreTbl VALUES ( 6260015001038,   "Cecilias Tortilla Grill",                                  "25250 La Paz Rd",                                          "(949) 446-8414",       null, null,     6260015001, null) ;  -- rst
INSERT INTO StoreTbl VALUES ( 6260015001039,   "Hummus Bowl",                                               "27741 Crown Valley Pkwy",                                  "(949) 625-6282",       null, null,     6260015001, null) ;
INSERT INTO StoreTbl VALUES ( 6260015001040,   "Chocobean Coffee & Cafe",                                   "26032 Marguerite Pkwy",                                    "(949) 367-1847",       null, null,     6260015001, null) ;
INSERT INTO StoreTbl VALUES ( 6260015001041,   "Ciceros Pizzeria",                                         "26861 Trabuco Rd",                                         "(949) 707-5775",       null, null,     6260015001, null) ;
INSERT INTO StoreTbl VALUES ( 6260015001042,   "Bahar Restaurant",                                          "27771 Center Dr",                                          "(949) 340-1011",       null, null,     6260015001, null) ;  -- rst
INSERT INTO StoreTbl VALUES ( 6260015001043,   "The Royal Hawaiian",                                        "331 N Coast Hwy",                                          "(949) 424-8988",       null, null,     6260015001, null) ;
INSERT INTO StoreTbl VALUES ( 6260015001044,   "Little Chopsticks",                                         "22922 Los Alisos Blvd",                                    "(949) 380-7888",       null, null,     6260015001, null) ;
INSERT INTO StoreTbl VALUES ( 6260015001045,   "Maya Inn",                                                  "25571 Jeronimo Rd",                                        "(949) 768-0401",       null, null,     6260015001, null) ;
INSERT INTO StoreTbl VALUES ( 6260015001046,   "Sabatino",                                                  "23032 Alicia Pkwy",                                        "(949) 470-4605",       null, null,     6260015001, null) ;
INSERT INTO StoreTbl VALUES ( 6260015001047,   "Oyu Shabu",                                                 "27741 Crown Valley Pkwy",                                  "(949) 397-9550",       null, null,     6260015001, null) ;
INSERT INTO StoreTbl VALUES ( 6260015001048,   "ONeills Bar and Grill",                                   "26772 Avery Pkwy",                                         "(949) 305-5100",       null, null,     6260015001, null) ;  -- rst
INSERT INTO StoreTbl VALUES ( 6260015001049,   "Burger Boss",                                               "27690 Santa Margarita Pkwy",                               "(949) 916-1212",       null, null,     6260015001, null) ;
INSERT INTO StoreTbl VALUES ( 6260015001050,   "Poke Wave",                                                 "25280 Marguerite Pkwy",                                    "(949) 600-2275",       null, null,     6260015001, null) ;  -- rst, seafood, jap
INSERT INTO StoreTbl VALUES ( 6260015001051,   "Paradise Donuts & Deli",                                    "26061 La Paz Rd",                                          "(949) 951-3334",       null, null,     6260015001, null) ;
INSERT INTO StoreTbl VALUES ( 6260015001052,   "Surfin Donuts",                                            "26861 Trabuco Rd",                                         "(949) 455-1450",       null, null,     6260015001, null) ;
INSERT INTO StoreTbl VALUES ( 6260015001053,   "Aloha BBQ",                                                 "24000 Alicia Pkwy",                                        "(949) 581-0976",       null, null,     6260015001, null) ;  -- wbq
INSERT INTO StoreTbl VALUES ( 6260015001054,   "Dublin 4 Gastropub",                                        "26342 Oso Pkwy",                                           "(949) 582-3547",       null, null,     6260015001, null) ;
INSERT INTO StoreTbl VALUES ( 6260015001055,   "Skimmers",                                                 "25290 Marguerite Pkwy",                                    "(949) 855-8500",       null, null,     6260015001, null) ;
INSERT INTO StoreTbl VALUES ( 6260015001056,   "Pub Thirty Two",                                            "23962 Alicia Pkwy",                                        "(949) 716-0687",       null, null,     6260015001, null) ;
INSERT INTO StoreTbl VALUES ( 6260015001057,   "Diho Siam",                                                 "27001 La Paz Rd",                                          "(949) 597-1550",       null, null,     6260015001, null) ;
INSERT INTO StoreTbl VALUES ( 6260015001058,   "Stacks Pancake House",                                      "27680 Marguerite Pkwy",                                    "(949) 218-4600",       null, null,     6260015001, null) ;
INSERT INTO StoreTbl VALUES ( 6260015001059,   "Tikka Wraps & Curry Bowls",                                 "25380 Marguerite Pkwy",                                    "(949) 647-9555",       null, null,     6260015001, null) ;
INSERT INTO StoreTbl VALUES ( 6260015001060,   "Beach Hut Deli",                                            "26051 La Paz Rd",                                          "(949) 583-1289",       null, null,     6260015001, null) ;  -- beach
INSERT INTO StoreTbl VALUES ( 6260015001061,   "Royal Donuts And Burgers",                                  "24501 Marguerite Pkwy",                                    "(949) 837-3909",       null, null,     6260015001, null) ;
INSERT INTO StoreTbl VALUES ( 6260015001062,   "Romano Cucina",                                             "25214 Cabot Rd",                                           "(949) 380-4228",       null, null,     6260015001, null) ;
INSERT INTO StoreTbl VALUES ( 6260015001063,   "Hacienda La Joya",                                          "25542 Jeronimo Rd",                                        "(949) 586-4765",       null, null,     6260015001, null) ;
INSERT INTO StoreTbl VALUES ( 6260015001064,   "The Empanada Maker",                                        "26131 La Paz Rd",                                          "(949) 470-4830",       null, null,     6260015001, null) ;
INSERT INTO StoreTbl VALUES ( 6260015001065,   "Manila Kusina",                                             "25571 Jeronimo Rd",                                        "(949) 461-0113",       null, null,     6260015001, null) ;
INSERT INTO StoreTbl VALUES ( 6260015001066,   "Stefanos Golden Baked Hams",                               "24781 Alicia Pkwy",                                        "(949) 837-1426",       null, null,     6260015001, null) ;
INSERT INTO StoreTbl VALUES ( 6260015001067,   "High Park Tap House",                                       "23641 Via Linda",                                          "(949) 215-3600",       null, null,     6260015001, null) ;
INSERT INTO StoreTbl VALUES ( 6260015001068,   "Shabuza Japanese Hot Pot",                                  "28715 Los Alisos Blvd",                                    "(949) 588-3225",       null, null,     6260015001, null) ;
INSERT INTO StoreTbl VALUES ( 6260015001069,   "Taco Mesa",                                                 "22922 Los Alisos Blvd",                                    "(949) 472-3144",       null, null,     6260015001, null) ;
INSERT INTO StoreTbl VALUES ( 6260015001070,   "Baja Fish Tacos",                                           "27755 Santa Margarita Pkwy",                               "(949) 600-5422",       null, null,     6260015001, null) ;
INSERT INTO StoreTbl VALUES ( 6260015001071,   "Shanghai Place",                                            "25571 Jeronimo Rd",                                        "(949) 855-4232",       null, null,     6260015001, null) ;
INSERT INTO StoreTbl VALUES ( 6260015001072,   "FINS Poke Fusion",                                          "28251 Marguerite Pkwy",                                    "(949) 542-7466",       null, null,     6260015001, null) ;  -- rst, seafood, jap
INSERT INTO StoreTbl VALUES ( 6260015001073,   "Pho King Way Noodles and Grill",                            "24000 Alicia Pkwy",                                        "(949) 472-5464",       null, null,     6260015001, null) ;  -- rst, pho, yup, am-viet -- rst
INSERT INTO StoreTbl VALUES ( 6260015001074,   "Mulleadys",                                                "27695 Santa Margarita Pkwy",                               "(949) 380-3752",       null, null,     6260015001, null) ;
INSERT INTO StoreTbl VALUES ( 6260015001075,   "Robertos Taco Shop",                                       "26051 La Paz Rd",                                          "(949) 458-3620",       null, null,     6260015001, null) ;
INSERT INTO StoreTbl VALUES ( 6260015001076,   "Peppinos Italian Family Restaurant",                       "27782 Vista Del Lago",                                     "(949) 859-9556",       null, null,     6260015001, null) ;  -- rst
INSERT INTO StoreTbl VALUES ( 6260015001077,   "Surfin Souvlaki",                                          "28171 Marguerite Pkwy",                                    "(949) 365-0550",       null, null,     6260015001, null) ;
INSERT INTO StoreTbl VALUES ( 6260015001078,   "Tasty Bowl",                                                "27741 Crown Valley Pkwy",                                  "(949) 393-0564",       null, null,     6260015001, null) ;
INSERT INTO StoreTbl VALUES ( 6260015001079,   "Blaze Fast-Fired Pizza",                                   "555 The Shops At Mission Viejo",                           "(949) 347-2500",       null, null,     6260015001, null) ;
INSERT INTO StoreTbl VALUES ( 6260015001080,   "Santoras Pizza Subs & Wings",                              "28251 Marguerite Pkwy",                                    "(949) 364-3282",       null, null,     6260015001, null) ;
INSERT INTO StoreTbl VALUES ( 6260015001081,   "Don Gustavos Mexican Grill",                               "26012 Marguerite Pkwy",                                    "(949) 348-2386",       null, null,     6260015001, null) ;  -- rst
INSERT INTO StoreTbl VALUES ( 6260015001082,   "Shin Sushi",                                                "26002 Marguerite Pkwy",                                    "(949) 582-1011",       null, null,     6260015001, null) ;  -- sushi
INSERT INTO StoreTbl VALUES ( 6260015001083,   "Savour Bakery",                                             "25380 Marguerite Pkwy",                                    "(949) 873-4706",       null, null,     6260015001, null) ;
INSERT INTO StoreTbl VALUES ( 6260015001084,   "Sashimi",                                                   "28771 Los Alisos Blvd",                                    "(949) 583-9103",       null, null,     6260015001, null) ;
INSERT INTO StoreTbl VALUES ( 6260015001085,   "Yama Sushi on the Lake",                                    "27782 Vista Del Lago",                                     "(949) 716-9262",       null, null,     6260015001, null) ;  -- sushi
INSERT INTO StoreTbl VALUES ( 6260015001086,   "Sushi and Roll",                                            "27620 Marguerite Pkwy",                                    "(949) 481-8181",       null, null,     6260015001, null) ;  -- sushi
INSERT INTO StoreTbl VALUES ( 6260015001087,   "Casa Franco",                                               "24395 Alicia Pkwy",                                        "(949) 380-9693",       null, null,     6260015001, null) ;
INSERT INTO StoreTbl VALUES ( 6260015001088,   "Wow Bento",                                                 "10 McLaren",                                               "(949) 699-0808",       null, null,     6260015001, null) ;
INSERT INTO StoreTbl VALUES ( 6260015001089,   "Delizie Ristorante Bar",                                    "25380 Marguerite Pkwy",                                    "(949) 855-6866",       null, null,     6260015001, null) ;
INSERT INTO StoreTbl VALUES ( 6260015001090,   "Harmony Tea Bar",                                           "25380 Marguerite Pkwy",                                    "(949) 272-0202",       null, null,     6260015001, null) ;
INSERT INTO StoreTbl VALUES ( 6260015001091,   "Jerrys Deli",                                              "27533 Puerta Real",                                        "(949) 582-9510",       null, null,     6260015001, null) ;
INSERT INTO StoreTbl VALUES ( 6260015001092,   "Mangi Con Amore",                                           "26941 Cabot Rd",                                           "(949) 367-0778",       null, null,     6260015001, null) ;
INSERT INTO StoreTbl VALUES ( 6260015001093,   "Eat Thai Cuisine",                                          "25482 Marguerite Pkwy",                                    "(949) 707-0370",       null, null,     6260015001, null) ;
INSERT INTO StoreTbl VALUES ( 6260015001094,   "Its A Grind Coffee House",                                 "25522 Marguerite Pkwy",                                    "(949) 768-2633",       null, null,     6260015001, null) ;
INSERT INTO StoreTbl VALUES ( 6260015001095,   "Bravo Burgers",                                             "27200 La Paz Rd",                                          "(949) 470-7895",       null, null,     6260015001, null) ;
INSERT INTO StoreTbl VALUES ( 6260015001096,   "Hayashi",                                                   "27531 Puerta Real",                                        "(949) 582-3477",       null, null,     6260015001, null) ;
INSERT INTO StoreTbl VALUES ( 6260015001097,   "Bahar Restaurant",                                          "27771 Center Dr",                                          "(949) 340-1011",       null, null,     6260015001, null) ;  -- rst
INSERT INTO StoreTbl VALUES ( 6260015001098,   "NY Deli Case",                                              "28570 Marguerite Pkwy",                                    "(949) 364-0321",       null, null,     6260015001, null) ;
INSERT INTO StoreTbl VALUES ( 6260015001099,   "Olamendis Express Mission Viejo",                          "27775 Santa Margarita Pkwy",                               "(949) 768-8991",       null, null,     6260015001, null) ;

-- Lake Forest


INSERT INTO PlazaTbl VALUES ( 6260012001, "Others",              6260012 );

INSERT INTO StoreTbl VALUES ( 6260012001001,   "Delicias Peruanas",                                         "24354 Muirlands Blvd",                                     "(949) 472-4752",       null, null,     6260012001, null) ;
INSERT INTO StoreTbl VALUES ( 6260012001002,   "Cittadina Trattoria & Pizzeria",                            "27412 Portola Pkwy Ste E",                                 "(949) 309-3090",       null, null,     6260012001, null) ;
INSERT INTO StoreTbl VALUES ( 6260012001003,   "Chili Chutney Restaurant",                                  "24301 Muirlands Blvd Ste A",                               "(949) 859-1778",       null, null,     6260012001, null) ;  -- rst
INSERT INTO StoreTbl VALUES ( 6260012001004,   "Our Place",                                                 "24301 Muirlands Blvd Ste Y",                               "(949) 588-7522",       null, null,     6260012001, null) ;
INSERT INTO StoreTbl VALUES ( 6260012001005,   "Cafe Matinee",                                              "23532 El Toro Rd Ste 15",                                  "(949) 588-7511",       null, null,     6260012001, null) ;
INSERT INTO StoreTbl VALUES ( 6260012001006,   "Simply Pho",                                                "23775 El Toro Rd",                                         "(949) 446-8333",       null, null,     6260012001, null) ;  -- rst, viet --- x
INSERT INTO StoreTbl VALUES ( 6260012001007,   "We Love Pho",                                               "22641 Lake Forest Dr Ste B1-2",                            "(949) 873-8008",       null, null,     6260012001, null) ;  -- rst, viet --- x
INSERT INTO StoreTbl VALUES ( 6260012001008,   "Heroes and Legends Bar and Grill",                          "22741 Lambert St",                                         "(949) 583-7777",       null, null,     6260012001, null) ;  -- rst
INSERT INTO StoreTbl VALUES ( 6260012001009,   "Sammys Original",                                          "23221 Lake Center Dr",                                     "(949) 716-2367",       null, null,     6260012001, null) ;
INSERT INTO StoreTbl VALUES ( 6260012001010,   "Olive Tree Chinese Kitchen",                                "23702 Rockfield Blvd",                                     "(949) 458-7125",       null, null,     6260012001, null) ;
INSERT INTO StoreTbl VALUES ( 6260012001011,   "La Cocina de Ricardo",                                      "23532 El Toro Rd Ste 11",                                  "(949) 586-1477",       null, null,     6260012001, null) ;
INSERT INTO StoreTbl VALUES ( 6260012001012,   "Urban Grill Teriyaki",                                      "22641 Lake Forest Dr Ste B4",                              "(949) 457-9500",       null, null,     6260012001, null) ;  -- rst
INSERT INTO StoreTbl VALUES ( 6260012001013,   "Titos Build Your Own Burrito Bar",                         "23591 Rockfield Blvd Ste G",                               "(949) 859-9600",       null, null,     6260012001, null) ;
INSERT INTO StoreTbl VALUES ( 6260012001014,   "Bagels & Brew",                                             "21771 Lake Forest Dr Ste 100",                             "(949) 951-8985",       null, null,     6260012001, null) ;
INSERT INTO StoreTbl VALUES ( 6260012001015,   "Genghis Khan Mongolian Barbeque & Chinese Cuisine",         "23615 El Toro Rd Ste P",                                   "(949) 951-8296",       null, null,     6260012001, null) ;
INSERT INTO StoreTbl VALUES ( 6260012001016,   "TruSushi n Fish",                                          "23702 El Toro Rd Ste A",                                   "(949) 830-5458",       null, null,     6260012001, null) ;  -- sushi
INSERT INTO StoreTbl VALUES ( 6260012001017,   "Tutto Famiglia",                                            "23766 Mercury Rd",                                         "(949) 472-5466",       null, null,     6260012001, null) ;
INSERT INTO StoreTbl VALUES ( 6260012001018,   "Guckenheimer - The Hangar Cafe",                            "26140 Enterprise Way Lake Forest",                         "(949) 455-2750",       null, null,     6260012001, null) ;
INSERT INTO StoreTbl VALUES ( 6260012001019,   "Thai Corner",                                               "22371 El Toro Rd Ste A",                                   "(949) 380-8869",       null, null,     6260012001, null) ;
INSERT INTO StoreTbl VALUES ( 6260012001020,   "Kanji Japanese Cuisine",                                    "21212 Bake Pkwy",                                          "(949) 446-8840",       null, null,     6260012001, null) ;
INSERT INTO StoreTbl VALUES ( 6260012001021,   "Elephant Cafe",                                             "23384 El Toro Rd",                                         "(949) 472-3100",       null, null,     6260012001, null) ;
INSERT INTO StoreTbl VALUES ( 6260012001022,   "Pho Majestic Vietnamese Noodle & Grill",                    "221771 Lake Forest Dr Ste 114",                            "(949) 587-9898",       null, null,     6260012001, null) ;  -- rst, viet --- x-- rst
INSERT INTO StoreTbl VALUES ( 6260012001023,   "Bhan Baitong Thai Cuisine",                                 "23808 Mercury Rd",                                         "(949) 595-0899",       null, null,     6260012001, null) ;
INSERT INTO StoreTbl VALUES ( 6260012001024,   "El Paraiso Restaurante",                                    "25252 Jeronimo Rd Ste B",                                  "(949) 770-2775",       null, null,     6260012001, null) ;  -- rst
INSERT INTO StoreTbl VALUES ( 6260012001025,   "Cloud Cafe",                                                "23401 El Toro Rd Ste 200",                                 "(949) 600-7671",       null, null,     6260012001, null) ;
INSERT INTO StoreTbl VALUES ( 6260012001026,   "Yogis Grill",                                               "22331 El Toro Rd",                                         "(949) 855-9000",       null, null,     6260012001, null) ;  -- rst
INSERT INTO StoreTbl VALUES ( 6260012001027,   "Musashi Sushiya",                                           "23532 El Toro Rd Ste 18",                                  "(949) 699-2580",       null, null,     6260012001, null) ;  -- sushi
INSERT INTO StoreTbl VALUES ( 6260012001028,   "Empanada Man Pizzeria",                                     "20761 Lake Forest Dr",                                     "(949) 855-9257",       null, null,     6260012001, null) ;
INSERT INTO StoreTbl VALUES ( 6260012001029,   "Spice Thai",                                                "24301 Muirlands Blvd Ste R",                               "(949) 458-9606",       null, null,     6260012001, null) ;
INSERT INTO StoreTbl VALUES ( 6260012001030,   "Din Ho Chinese Restaurant",                                 "21741 Lake Forest Dr",                                     "(949) 951-0427",       null, null,     6260012001, null) ;  -- rst
INSERT INTO StoreTbl VALUES ( 6260012001031,   "Thanh Binh",                                                "23600 Rockfield Blvd",                                     "(949) 457-1460",       null, null,     6260012001, null) ;
INSERT INTO StoreTbl VALUES ( 6260012001032,   "Taqueria Las Alondras",                                     "24324 Muirlands Blvd",                                     "(949) 206-1315",       null, null,     6260012001, null) ;
INSERT INTO StoreTbl VALUES ( 6260012001033,   "Veggos",                                                    "23615 El Toro Rd Ste Q",                                   "(949) 305-3593",       null, null,     6260012001, null) ;
INSERT INTO StoreTbl VALUES ( 6260012001034,   "Burger Town USA",                                           "24418 Muirlands Blvd",                                     "(949) 586-9841",       null, null,     6260012001, null) ;
INSERT INTO StoreTbl VALUES ( 6260012001035,   "Sushi Wazen",                                               "22641 Lake Forest Dr B7",                                  "(949) 855-8330",       null, null,     6260012001, null) ;  -- sushi
INSERT INTO StoreTbl VALUES ( 6260012001036,   "New Shanghai Restaurant",                                   "20562 Regency Ln Ste K",                                   "(949) 830-1122",       null, null,     6260012001, null) ;  -- rst
INSERT INTO StoreTbl VALUES ( 6260012001037,   "Itz-A-Deli",                                                "20651 Lake Forest Dr",                                     "(949) 455-0658",       null, null,     6260012001, null) ;
INSERT INTO StoreTbl VALUES ( 6260012001038,   "El Conejito Mexican Restaurant",                            "24331 Muirlands Blvd",                                     "(949) 458-1760",       null, null,     6260012001, null) ;  -- rst
INSERT INTO StoreTbl VALUES ( 6260012001039,   "Sushi Yaki",                                                "22851 Lake Forest Dr Ste A",                               "(949) 837-1778",       null, null,     6260012001, null) ;  -- sushi

INSERT INTO StoreTbl VALUES ( 6260012001040,   "Br Grill & Market",                                        "23730 El Toro Rd",                                         "(949) 305-5757",       null, null,     6260012001, null) ;  -- rst
INSERT INTO StoreTbl VALUES ( 6260012001041,   "Royal Rasoi",                                               "24288 Swartz Dr",                                          "(949) 454-9600",       null, null,     6260012001, null) ;
INSERT INTO StoreTbl VALUES ( 6260012001042,   "Brizio Pizza",                                              "21771 Lake Forest Dr",                                     "(949) 951-7333",       null, null,     6260012001, null) ;
INSERT INTO StoreTbl VALUES ( 6260012001043,   "Ninas Indian & British Groceries",                         "23542 El Toro Rd",                                         "(949) 583-2789",       null, null,     6260012001, null) ;
INSERT INTO StoreTbl VALUES ( 6260012001044,   "Wow Poki - Pok",                                           "32118 Paseo Adelanto",                                     "(949) 661-3354",       null, null,     6260012001, null) ;
INSERT INTO StoreTbl VALUES ( 6260012001045,   "Delizie Ristorante Bar",                                    "25380 Marguerite Pkwy",                                    "(949) 855-6866",       null, null,     6260012001, null) ;
INSERT INTO StoreTbl VALUES ( 6260012001046,   "Barbonzai",                                                 "24301 Muirlands Blvd",                                     "(949) 446-8322",       null, null,     6260012001, null) ;
INSERT INTO StoreTbl VALUES ( 6260012001047,   "The Rush Bar and Grill",                                    "23532 El Toro Rd",                                         "(949) 916-0200",       null, null,     6260012001, null) ;  -- rst
INSERT INTO StoreTbl VALUES ( 6260012001048,   "Biagios Italian Restaurant",                               "24301 Muirlands Blvd",                                     "(949) 837-3850",       null, null,     6260012001, null) ;  -- rst
INSERT INTO StoreTbl VALUES ( 6260012001049,   "Michaels Coffee House",                                    "29200 Portola Pkwy",                                       "(949) 455-1348",       null, null,     6260012001, null) ;
INSERT INTO StoreTbl VALUES ( 6260012001050,   "Diho Siam",                                                 "23600 Rockfield Blvd",                                     "(949) 859-4192",       null, null,     6260012001, null) ;
INSERT INTO StoreTbl VALUES ( 6260012001051,   "Tasty Thai",                                                "22722 Lambert St",                                         "(949) 461-7888",       null, null,     6260012001, null) ;
INSERT INTO StoreTbl VALUES ( 6260012001052,   "Peanuts Pub & Deli",                                        "22722 Ctr Dr",                                             "(949) 472-3922",       null, null,     6260012001, null) ;
INSERT INTO StoreTbl VALUES ( 6260012001053,   "Pizza Studio",                                              "23646 Rockfield Blvd.",                                    "(949) 215-3544",       null, null,     6260012001, null) ;
INSERT INTO StoreTbl VALUES ( 6260012001054,   "Tacos Ensenada",                                            "24601 Raymond Way",                                        "(949) 583-7711",       null, null,     6260012001, null) ;
INSERT INTO StoreTbl VALUES ( 6260012001055,   "Java Bakery Cafe",                                          "22621 Lake Forest Dr",                                     "(949) 397-0100",       null, null,     6260012001, null) ;
INSERT INTO StoreTbl VALUES ( 6260012001056,   "Burger Boss",                                               "23642 Rockfield Blvd",                                     "(949) 716-6330",       null, null,     6260012001, null) ;
INSERT INTO StoreTbl VALUES ( 6260012001057,   "Uoko Japanese Cuisine",                                     "23600 Rockfield Blvd",                                     "(949) 837-7231",       null, null,     6260012001, null) ;
INSERT INTO StoreTbl VALUES ( 6260012001058,   "Pinoy Pams Best",                                          "23635 El Toro Rd",                                         "(949) 292-7695",       null, null,     6260012001, null) ;
INSERT INTO StoreTbl VALUES ( 6260012001059,   "Minato Sushi",                                              "23505 El Toro Rd",                                         "(949) 472-4547",       null, null,     6260012001, null) ;  -- sushi
INSERT INTO StoreTbl VALUES ( 6260012001060,   "Centro Collective",                                         "24531 Trabuco Rd",                                         "(949) 305-5224",       null, null,     6260012001, null) ;
INSERT INTO StoreTbl VALUES ( 6260012001061,   "Tropical Smoothie Cafe",                                    "23841 El Toro Rd",                                         "(949) 452-0172",       null, null,     6260012001, null) ;
INSERT INTO StoreTbl VALUES ( 6260012001062,   "Mountain Mikes Pizza",                                     "22942 Ridge Route Dr",                                     "(949) 586-4141",       null, null,     6260012001, null) ;
INSERT INTO StoreTbl VALUES ( 6260012001063,   "Pei Wei",                                                   "23632 El Toro Rd",                                         "(949) 860-2001",       null, null,     6260012001, null) ;
INSERT INTO StoreTbl VALUES ( 6260012001064,   "Tula Market",                                               "24418 Rockfield Blvd",                                     "(949) 581-5150",       null, null,     6260012001, null) ;
INSERT INTO StoreTbl VALUES ( 6260012001065,   "Sakura Shabu-Shabu",                                        "23624 El Toro Rd",                                         "(949) 446-8388",       null, null,     6260012001, null) ;

INSERT INTO StoreTbl VALUES ( 6260012001066,   "CBS Boardshop",                                             "23635 El Toro Rd",                                         "(949) 455-0237",       null, null,     6260012001, null) ;
INSERT INTO StoreTbl VALUES ( 6260012001067,   "Cheers Unique Floral & Gifts",                              "21098 Bake Pkwy",                                          "(949) 380-8222",       null, null,     6260012001, null) ;
INSERT INTO StoreTbl VALUES ( 6260012001068,   "Petal People Florist",                                      "Lake Forest, CA 92630",                                    "(949) 859-3773",       null, null,     6260012001, null) ;
INSERT INTO StoreTbl VALUES ( 6260012001069,   "Action Appliance Repair",                                   "25422 Trabuco Rd",                                         "(949) 768-3433",       null, null,     6260012001, null) ;  -- repair
INSERT INTO StoreTbl VALUES ( 6260012001070,   "Nuflo Dryer Vent Cleaning",                                 "Lake Forest, CA 92630",                                    "(714) 231-4326",       null, 0006,     6260012001, null) ;  -- cleaning
INSERT INTO StoreTbl VALUES ( 6260012001071,   "Comic Quest",                                               "23811 Bridger",                                            "(949) 951-9668",       null, null,     6260012001, null) ;
INSERT INTO StoreTbl VALUES ( 6260012001072,   "Michael Alan Jewelers",                                     "22611 Lake Forest Dr",                                     "(949) 454-0100",       null, 0013,     6260012001, null) ;  -- jewels
INSERT INTO StoreTbl VALUES ( 6260012001073,   "BBQ Grill Outlet",                                          "24396 Swartz Dr",                                          "(949) 455-0040",       null, null,     6260012001, null) ;  -- wbq-- rst
INSERT INTO StoreTbl VALUES ( 6260012001074,   "Name Of The Game Embroidery",                               "20381 Lake Forest Dr",                                     "(949) 588-8257",       null, null,     6260012001, null) ;
INSERT INTO StoreTbl VALUES ( 6260012001075,   "Smart Levels Media",                                        "16 Hammond",                                               "(949) 540-0500",       null, null,     6260012001, null) ;
INSERT INTO StoreTbl VALUES ( 6260012001076,   "Comic Quest",                                               "23811 Bridger",                                            "(949) 951-9668",       null, null,     6260012001, null) ;
INSERT INTO StoreTbl VALUES ( 6260012001077,   "The Jewelry Box of Lake Forest",                            "21771 Lake Forest Dr",                                     "(949) 855-9778",       null, 0013,     6260012001, null) ;  -- jewels
INSERT INTO StoreTbl VALUES ( 6260012001078,   "Power Cleaners",                                            "20562 Regency Ln",                                         "(949) 472-0393",       null, 0006,     6260012001, null) ;  -- cleaners
INSERT INTO StoreTbl VALUES ( 6260012001079,   "Serrano I Hour Cleaners",                                   "21771 Lake Forest Dr",                                     "(949) 855-4890",       null, 0006,     6260012001, null) ;  -- cleaners
INSERT INTO StoreTbl VALUES ( 6260012001080,   "OC BBQ Cleaning & Repair",                                  "Lake Forest, CA 92630",                                    "(949) 293-2762",       null, null,     6260012001, 0006) ;  -- wbq -- repair -- cleaning
INSERT INTO StoreTbl VALUES ( 6260012001081,   "Pure Ride Cycles",                                          "24844 Muirlands Blvd",                                     "(949) 581-8900",       null, null,     6260012001, null) ;
INSERT INTO StoreTbl VALUES ( 6260012001082,   "Creations By Design",                                       "Mission Viejo, CA 92692",                                  "(949) 735-1991",       null, null,     6260012001, null) ;
INSERT INTO StoreTbl VALUES ( 6260012001083,   "Serrano I Hour Cleaners",                                   "21771 Lake Forest Dr",                                     "(949) 855-4890",       null, 0006,     6260012001, null) ;  -- cleaners
INSERT INTO StoreTbl VALUES ( 6260012001084,   "Elite Cleaners",                                            "22641 Lake Forest Dr",                                     "(949) 951-3024",       null, 0006,     6260012001, null) ;  -- cleaners
INSERT INTO StoreTbl VALUES ( 6260012001085,   "Affordable Appliance Repair",                               "20892 Paseo Pino",                                         "(949) 855-0788",       null, null,     6260012001, null) ;  -- repair
INSERT INTO StoreTbl VALUES ( 6260012001086,   "Snappy Dry Cleaners",                                       "27230 La Paz Rd",                                          "(949) 770-8040",       null, 0006,     6260012001, null) ;  -- cleaners
INSERT INTO StoreTbl VALUES ( 6260012001087,   "Wildflower Florist",                                        "1001 S El Camino Real",                                    "(949) 498-3454",       null, null,     6260012001, null) ;
INSERT INTO StoreTbl VALUES ( 6260012001088,   "The Bike Company",                                          "21098 Bake Pkwy",                                          "(949) 470-1099",       null, null,     6260012001, null) ;
INSERT INTO StoreTbl VALUES ( 6260012001089,   "Watch Tech",                                                "23647 El Toro Rd",                                         "(949) 859-4411",       null, null,     6260012001, null) ;
INSERT INTO StoreTbl VALUES ( 6260012001090,   "Amms Tailoring & Fashion",                                 "22741 Lambert St",                                         "(949) 707-1900",       null, null,     6260012001, null) ;
INSERT INTO StoreTbl VALUES ( 6260012001091,   "Buttercup Exchange",                                        "23615 El Toro Rd",                                         "(949) 600-9770",       null, null,     6260012001, null) ;
INSERT INTO StoreTbl VALUES ( 6260012001092,   "Dexterous Industries",                                      "Lake Forest, CA 92630",                                    "(866) 391-0225",       null, null,     6260012001, null) ;
INSERT INTO StoreTbl VALUES ( 6260012001093,   "PC Trade",                                                  "23811 Bridger Rd",                                         "(949) 770-6688",       null, null,     6260012001, null) ;
INSERT INTO StoreTbl VALUES ( 6260012001094,   "Watch Tech",                                                "23647 El Toro Rd",                                         "(949) 859-4411",       null, null,     6260012001, null) ;
INSERT INTO StoreTbl VALUES ( 6260012001095,   "South Coast Trophy & Engraving",                            "22821 Lake Forest Dr",                                     "(949) 305-3278",       null, null,     6260012001, null) ;
INSERT INTO StoreTbl VALUES ( 6260012001096,   "Amms Tailoring & Fashion",                                 "22741 Lambert St",                                         "(949) 707-1900",       null, null,     6260012001, null) ;
INSERT INTO StoreTbl VALUES ( 6260012001097,   "The Bike Company",                                          "21098 Bake Pkwy",                                          "(949) 470-1099",       null, null,     6260012001, null) ;

-- Artesia

INSERT INTO PlazaTbl VALUES ( 6260001001, "Pioneer Artesia Center",       6260001 );
INSERT INTO PlazaTbl VALUES ( 6260001002, "Pioneer Blvd Strip",           6260001 );
INSERT INTO PlazaTbl VALUES ( 6260001003, "Others",                       6260001 );
INSERT INTO StoreTbl VALUES ( 6260001001001,   "Us Donut",                                                  "11809 Artesia Blvd",                                       "(562) 924-0312",       null, null,     6260001001, null) ;
INSERT INTO StoreTbl VALUES ( 6260001001002,   "Mabuhay Kitchen",                                           "12233 Artesia Blvd",                                       "(562) 924-4600",       null, null,     6260001001, null) ;
INSERT INTO StoreTbl VALUES ( 6260001001003,   "Cho Dang Tofu Restaurant",                                  "12245 Artesia Blvd",                                       "(562) 924-6099",       null, null,     6260001001, null) ;  -- rst
INSERT INTO StoreTbl VALUES ( 6260001001004,   "T Palm Jewelers",                                           "17216 Norwalk Blvd",                                       "(562) 809-8198",       null, 0013,     6260001001, null) ;  -- jewels
INSERT INTO StoreTbl VALUES ( 6260001001005,   "Valerio's City Bakery",                                     "17210 Norwalk Blvd",                                       "(562) 402-3244",       null, null,     6260001001, null) ;
INSERT INTO StoreTbl VALUES ( 6260001001006,   "Red Ribbon Bakeshop",                                       "17202 Norwalk Blvd",                                       "(562) 865-0296",       null, null,     6260001001, null) ;
INSERT INTO StoreTbl VALUES ( 6260001001007,   "Kape Republik",                                             "17206 Norwalk Blvd",                                       "(562) 865-5000",       null, null,     6260001001, null) ;
INSERT INTO StoreTbl VALUES ( 6260001001008,   "Polly's Pies Restaurant & Bakery",                          "17198 Norwalk Blvd",                                       "(562) 402-2758",       null, null,     6260001001, null) ;  -- rst
INSERT INTO StoreTbl VALUES ( 6260001001009,   "Falafel Shack",                                             "12206 Artesia Blvd",                                       "(562) 402-7222",       null, null,     6260001001, null) ;
INSERT INTO StoreTbl VALUES ( 6260001001010,   "Cafe Maji",                                                 "12232 Artesia Blvd",                                       "(562) 281-9511",       null, null,     6260001001, null) ;
INSERT INTO StoreTbl VALUES ( 6260001001011,   "Bruster's Ice Cream Parlor",                                "12246 Artesia Blvd",                                       "(562) 865-3055",       null, null,     6260001001, null) ;
INSERT INTO StoreTbl VALUES ( 6260001001012,   "All Star Tire Co",                                          "17150 Norwalk Blvd",                                       "(562) 924-5784",       null, null,     6260001001, null) ;
INSERT INTO StoreTbl VALUES ( 6260001001013,   "Belly Bombz Kitchen",                                       "11824 Artesia Blvd",                                       "(562) 402-5400",       null, null,     6260001001, null) ;
INSERT INTO StoreTbl VALUES ( 6260001001014,   "Vape Street Artesia",                                       "17510 Pioneer Blvd #20",                                   "(562) 924-8787",       null, null,     6260001001, null) ;
INSERT INTO StoreTbl VALUES ( 6260001001015,   "Julio's Pizza",                                             "17538 Pioneer Blvd",                                       "(562) 809-6360",       null, null,     6260001001, null) ;
INSERT INTO StoreTbl VALUES ( 6260001001016,   "Seoul Soondae",                                             "11750 Artesia Blvd",                                       "(562) 865-5799",       null, null,     6260001001, null) ;
INSERT INTO StoreTbl VALUES ( 6260001001017,   "Hwang Hae Doh",                                             "11746 Artesia Blvd",                                       "(562) 402-6509",       null, null,     6260001001, null) ;
INSERT INTO StoreTbl VALUES ( 6260001001018,   "Omar's Restaurant",                                         "11740 Artesia Blvd",                                       "(562) 809-3887",       null, null,     6260001001, null) ;  -- rst
INSERT INTO StoreTbl VALUES ( 6260001001019,   "Crispy House",                                              "11869 Artesia Blvd",                                       "(562) 865-7340",       null, null,     6260001001, null) ;
INSERT INTO StoreTbl VALUES ( 6260001001020,   "Original Thai Restaurant",                                  "11861 Artesia Blvd",                                       "(562) 402-9900",       null, null,     6260001001, null) ;  -- rst
INSERT INTO StoreTbl VALUES ( 6260001001021,   "Wok n Tandoor",                                             "11833 Artesia Blvd",                                       "(562) 809-8181",       null, null,     6260001001, null) ;
INSERT INTO StoreTbl VALUES ( 6260001001022,   "Tara's Himalayan Cuisine",                                  "17221 Pioneer Blvd",                                       "(562) 860-4608",       null, null,     6260001001, null) ;
INSERT INTO StoreTbl VALUES ( 6260001001023,   "Portugal Imports",                                          "11655 Artesia Blvd",                                       "(562) 809-7021",       null, null,     6260001001, null) ;
INSERT INTO StoreTbl VALUES ( 6260001001024,   "London's Pub & Grill",                                      "11651 Artesia Blvd",                                       "(562) 860-3800",       null, null,     6260001001, null) ;  -- rst
INSERT INTO StoreTbl VALUES ( 6260001001025,   "Hannah Fashion",                                            "11634 Artesia Blvd",                                       "(562) 467-0199",       null, null,     6260001001, null) ;
INSERT INTO StoreTbl VALUES ( 6260001001026,   "Bellezza Hair Salon",                                       "11628 Artesia Blvd",                                       "(562) 865-8880",       null, null,     6260001001, null) ;
INSERT INTO StoreTbl VALUES ( 6260001001027,   "Mark's Auto Repair",                                        "11618 Artesia Blvd",                                       "(562) 865-2772",       null, null,     6260001001, null) ;  -- repair
INSERT INTO StoreTbl VALUES ( 6260001001028,   "Shilpark Paint Artesia",                                    "11521 Artesia Blvd",                                       "(562) 924-0292",       null, null,     6260001001, null) ;
INSERT INTO StoreTbl VALUES ( 6260001001029,   "Razor Sharp Barber Shop",                                   "11414 Artesia Blvd",                                       "(562) 860-5900",       null, 0002,     6260001001, null) ;  -- barber
INSERT INTO StoreTbl VALUES ( 6260001001030,   "Caltop Driving School",                                     "17420 Gridley Rd",                                         "(562) 402-9877",       null, null,     6260001001, null) ;
INSERT INTO StoreTbl VALUES ( 6260001001031,   "Sherwin-Williams Paint Store",                              "11405 Artesia Blvd",                                       "(562) 924-4268",       null, null,     6260001001, null) ;
INSERT INTO StoreTbl VALUES ( 6260001001032,   "Sonora Tortilleria",                                        "11425 Artesia Blvd",                                       "(562) 865-1015",       null, null,     6260001001, null) ;

INSERT INTO StoreTbl VALUES ( 6260001002033,   "Paco's Tacos",                                              "11754 E 166th St",                                         "(562) 860-2609",       null, null,     6260001002, null) ;
INSERT INTO StoreTbl VALUES ( 6260001002034,   "Veggie's Delight Co",                                       "11736 E 166th St",                                         "(562) 860-4789",       null, null,     6260001002, null) ;
INSERT INTO StoreTbl VALUES ( 6260001002035,   "Star Tint",                                                 "16604 Pioneer Blvd",                                       "(562) 229-9444",       null, null,     6260001002, null) ;
INSERT INTO StoreTbl VALUES ( 6260001002036,   "J & B Smog",                                                "16620 Pioneer Blvd E",                                     "(562) 926-9353",       null, null,     6260001002, null) ;
INSERT INTO StoreTbl VALUES ( 6260001002037,   "Revelation Car Audio",                                      "16631 Pioneer Blvd",                                       "(562) 924-1551",       null, null,     6260001002, null) ;
INSERT INTO StoreTbl VALUES ( 6260001002038,   "Artesia Transmissions",                                     "16627 Pioneer Blvd",                                       "(562) 860-4316",       null, null,     6260001002, null) ;
INSERT INTO StoreTbl VALUES ( 6260001002039,   "1 Stop Flooring Supply",                                    "16712 Pioneer Blvd",                                       "(562) 483-7060",       null, null,     6260001002, null) ;
INSERT INTO StoreTbl VALUES ( 6260001002040,   "Ozen Sushi",                                                "16511 Pioneer Blvd",                                       "(562) 865-3700",       null, null,     6260001002, null) ;  -- sushi
INSERT INTO StoreTbl VALUES ( 6260001002041,   "Luxor Music Studio",                                        "16511 Pioneer Blvd",                                       "(562) 653-1193",       null, null,     6260001002, null) ;
INSERT INTO StoreTbl VALUES ( 6260001002042,   "Three Amigos",                                              "16441 Pioneer Blvd",                                       "(562) 924-0546",       null, null,     6260001002, null) ;
INSERT INTO StoreTbl VALUES ( 6260001002043,   "Huh Daegam Dolsot Sulungtang",                              "Ste 104, 16511 Pioneer Blvd",                              "(562) 924-9616",       null, null,     6260001002, null) ;
INSERT INTO StoreTbl VALUES ( 6260001002044,   "Car stereo & Alarm Auto Security",                          "16502 Pioneer Blvd, Norwalk",                              "(562) 802-3093",       null, null,     6260001002, null) ;
INSERT INTO StoreTbl VALUES ( 6260001002045,   "UniFirst Uniform Services",                                 "16434 Pioneer Blvd, Norwalk",                              "(562) 926-2377",       null, null,     6260001002, null) ;
INSERT INTO StoreTbl VALUES ( 6260001002046,   "Diana's Mexican Food Products",                             "16330 Pioneer Blvd, Norwalk",                              "(562) 926-5802",       null, null,     6260001002, null) ;
INSERT INTO StoreTbl VALUES ( 6260001002047,   "Okimoto's Automotive Center",                               "16400 Pioneer Blvd",                                       "(562) 926-7317",       null, null,     6260001002, null) ;
INSERT INTO StoreTbl VALUES ( 6260001002048,   "Pioneer Auto Dismantling",                                  "16417 Pioneer Blvd",                                       "(562) 865-1386",       null, null,     6260001002, null) ;

INSERT INTO StoreTbl VALUES ( 6260001003049,   "Time City",                                                 "17336 Pioneer Blvd",                                       "(562) 402-0412",       null, null,     6260001003, null) ;
INSERT INTO StoreTbl VALUES ( 6260001003050,   "The Repair Lady",                                           "Artesia, CA 90701",                                        "(562) 206-9568",       null, null,     6260001003, null) ;  -- repair
INSERT INTO StoreTbl VALUES ( 6260001003051,   "Watch Works",                                               "11467 S St",                                               "(562) 468-1128",       null, null,     6260001003, null) ;
INSERT INTO StoreTbl VALUES ( 6260001003052,   "Flower Works",                                              "18300 Gridley Rd",                                         "(562) 860-4610",       null, null,     6260001003, null) ;
INSERT INTO StoreTbl VALUES ( 6260001003053,   "Watch Palace",                                              "18500 Pioneer Blvd",                                       "(562) 865-4239",       null, null,     6260001003, null) ;
INSERT INTO StoreTbl VALUES ( 6260001003054,   "Big Wheel Bicycles",                                        "17314 Pioneer Blvd",                                       "(562) 865-3011",       null, null,     6260001003, null) ;
INSERT INTO StoreTbl VALUES ( 6260001003055,   "Everest Computer Service",                                  "18301 Pioneer Blvd",                                       "(562) 788-0140",       null, null,     6260001003, null) ;
INSERT INTO StoreTbl VALUES ( 6260001003056,   "3H Cycling",                                                "11436 Artesia Blvd",                                       "(562) 402-0159",       null, null,     6260001003, null) ;
INSERT INTO StoreTbl VALUES ( 6260001003057,   "Cerritos Florist",                                          "12618 South St",                                           "(562) 860-4467",       null, null,     6260001003, null) ;
INSERT INTO StoreTbl VALUES ( 6260001003058,   "Xtech",                                                     "18011 Norwalk Blvd",                                       "(562) 741-5222",       null, null,     6260001003, null) ;
INSERT INTO StoreTbl VALUES ( 6260001003059,   "Lakewood Nursery",                                          "4114 Lincoln Ave",                                         "(714) 828-9464",       null, null,     6260001003, null) ;
INSERT INTO StoreTbl VALUES ( 6260001003060,   "Dreams Collections",                                        "18627 Pioneer Blvd",                                       "(562) 865-1777",       null, null,     6260001003, null) ;
INSERT INTO StoreTbl VALUES ( 6260001003061,   "Artesia Lawnmower & Engine",                                "11610 Artesia Blvd",                                       "(562) 924-8875",       null, null,     6260001003, null) ;
INSERT INTO StoreTbl VALUES ( 6260001003062,   "Dunn-Edwards Paints",                                       "11645 South St",                                           "(562) 809-4667",       null, null,     6260001003, null) ;
INSERT INTO StoreTbl VALUES ( 6260001003063,   "Time 2 Paintball",                                          "12236 South St",                                           "(562) 809-2212",       null, null,     6260001003, null) ;
INSERT INTO StoreTbl VALUES ( 6260001003064,   "Modern Computer Systems",                                   "11938 South St",                                           "(562) 809-2215",       null, null,     6260001003, null) ;
INSERT INTO StoreTbl VALUES ( 6260001003065,   "Franks Bicycles",                                          "17401 Woodruff Ave",                                       "(562) 461-2100",       null, null,     6260001003, null) ;
INSERT INTO StoreTbl VALUES ( 6260001003066,   "Void Computing",                                            "11413 176th St",                                           "Not Online",           null, null,     6260001003, null) ;
INSERT INTO StoreTbl VALUES ( 6260001003067,   "Shoe Wiz",                                                  "11345 183rd St",                                           "(562) 402-7207",       null, null,     6260001003, null) ;
INSERT INTO StoreTbl VALUES ( 6260001003068,   "Gunsmith Kats",                                             "16305 Piuma Ave",                                          "(213) 444-0016",       null, null,     6260001003, null) ;
INSERT INTO StoreTbl VALUES ( 6260001003069,   "J & S Co",                                                  "19120 Pioneer Blvd",                                       "(562) 402-1941",       null, null,     6260001003, null) ;
INSERT INTO StoreTbl VALUES ( 6260001003070,   "Apogee Computer Technologies",                              "6753 Carson St",                                           "(562) 497-1152",       null, null,     6260001003, null) ;
INSERT INTO StoreTbl VALUES ( 6260001003071,   "Foam N Fabrics",                                            "15115 Bellflower Blvd",                                    "(562) 925-0433",       null, null,     6260001003, null) ;
INSERT INTO StoreTbl VALUES ( 6260001003072,   "XD Lan",                                                    "10929 Alondra Blvd",                                       "(562) 406-2640",       null, null,     6260001003, null) ;
INSERT INTO StoreTbl VALUES ( 6260001003073,   "Icon Beverages & Cigars",                                   "5721 Lincoln Ave",                                         "(714) 229-8904",       null, null,     6260001003, null) ;
INSERT INTO StoreTbl VALUES ( 6260001003074,   "Los Cerritos Center",                                       "239 Los Cerritos Ctr",                                     "(562) 402-7467",       null, null,     6260001003, null) ;
INSERT INTO StoreTbl VALUES ( 6260001003075,   "Bombay Spices",                                             "18626 Pioneer Blvd",                                       "(562) 860-9949",       null, null,     6260001003, null) ;
INSERT INTO StoreTbl VALUES ( 6260001003076,   "Manshaa",                                                   "18618 Pioneer Blvd",                                       "(562) 809-8093",       null, null,     6260001003, null) ;
INSERT INTO StoreTbl VALUES ( 6260001003077,   "Formal Notice Tuxedos",                                     "12606 Del Amo Blvd",                                       "(562) 924-6922",       null, null,     6260001003, null) ;
INSERT INTO StoreTbl VALUES ( 6260001003078,   "Last Chance Mattress Outlet",                               "21401 Norwalk Blvd",                                       "(562) 924-9530",       null, null,     6260001003, null) ;
INSERT INTO StoreTbl VALUES ( 6260001003079,   "Ideal Florist",                                             "11816 Artesia Blvd",                                       "(562) 860-4226",       null, null,     6260001003, null) ;
INSERT INTO StoreTbl VALUES ( 6260001003080,   "Treasure Island",                                           "9036 Los Cerritos Mall",                                   "(562) 402-2280",       null, null,     6260001003, null) ;
INSERT INTO StoreTbl VALUES ( 6260001003081,   "Frontier Heritage",                                         "18581 Pioneer Blvd",                                       "(562) 653-9396",       null, null,     6260001003, null) ;
INSERT INTO StoreTbl VALUES ( 6260001003082,   "Target",                                                    "11525 S St",                                               "(562) 274-0063",       null, null,     6260001003, null) ;
INSERT INTO StoreTbl VALUES ( 6260001003083,   "Live 4 Bikes",                                              "14328 Woodruff Ave",                                       "(562) 419-5308",       null, null,     6260001003, null) ;
INSERT INTO StoreTbl VALUES ( 6260001003084,   "Laurel Photo Custom Lab",                                   "10130 Artesia Pl",                                         "(661) 312-6274",       null, null,     6260001003, null) ;  -- rst, viet --- x
INSERT INTO StoreTbl VALUES ( 6260001003085,   "Miyamo",                                                    "4105 Bellflower Blvd",                                     "(562) 421-9838",       null, null,     6260001003, null) ;
INSERT INTO StoreTbl VALUES ( 6260001003086,   "Team SoCal Appliances",                                     "16438 Bellflower Blvd",                                    "(562) 354-1480",       null, null,     6260001003, null) ;
INSERT INTO StoreTbl VALUES ( 6260001003087,   "Jacks Shoe Repair",                                        "4131 N Viking Way",                                        "(562) 429-7914",       null, null,     6260001003, null) ;  -- repair
INSERT INTO StoreTbl VALUES ( 6260001003088,   "Stitches in Time",                                          "16525 Bellflower Blvd",                                    "(562) 804-9341",       null, null,     6260001003, null) ;
INSERT INTO StoreTbl VALUES ( 6260001003089,   "Cerritos Hills Florist",                                    "11827 E South St",                                         "(562) 402-8108",       null, null,     6260001003, null) ;
INSERT INTO StoreTbl VALUES ( 6260001003090,   "Notebookshop.com",                                          "17414 Carmenita Rd",                                       "(562) 246-8190",       null, null,     6260001003, null) ;
INSERT INTO StoreTbl VALUES ( 6260001003091,   "White House Florist",                                       "9855 Flower St",                                           "(562) 925-1238",       null, null,     6260001003, null) ;
INSERT INTO StoreTbl VALUES ( 6260001003092,   "Republic of Succulents",                                    "Long Beach, CA 90803",                                     "(323) 379-3210",       null, null,     6260001003, null) ;
INSERT INTO StoreTbl VALUES ( 6260001003093,   "Bikeland",                                                  "5530 Lincoln Ave",                                         "(714) 995-6541",       null, null,     6260001003, null) ;
INSERT INTO StoreTbl VALUES ( 6260001003094,   "SP Appliance",                                              "12215 Tilbury St",                                         "(714) 398-4588",       null, null,     6260001003, null) ;
INSERT INTO StoreTbl VALUES ( 6260001003095,   "Loveleen the Garment People",                               "18606 Pioneer Blvd",                                       "(562) 924-3383",       null, null,     6260001003, null) ;
INSERT INTO StoreTbl VALUES ( 6260001003096,   "Raymonds Gemco",                                           "15734 Bellflower Blvd",                                    "(562) 925-8152",       null, null,     6260001003, null) ;
INSERT INTO StoreTbl VALUES ( 6260001003097,   "Metropolis Comics",                                         "16509 Bellflower Blvd",                                    "(562) 263-0277",       null, null,     6260001003, null) ;
INSERT INTO StoreTbl VALUES ( 6260001003098,   "The Guild House",                                           "9958 Artesia Blvd",                                        "(562) 461-2729",       null, null,     6260001003, null) ;

INSERT INTO StoreTbl VALUES ( 6260001003099,   "North Shore Poke",                                          "11488 S St",                                               "(562) 584-4130",       null, null,     6260001003, null) ;  -- rst, seafood, jap
INSERT INTO StoreTbl VALUES ( 6260001003100,   "La Tavolata",                                               "11688 S St",                                               "(562) 924-8000",       null, null,     6260001003, null) ;
INSERT INTO StoreTbl VALUES ( 6260001003101,   "No Toro Cafe",                                              "11818 Artesia Blvd",                                       "(714) 499-7969",       null, null,     6260001003, null) ;
INSERT INTO StoreTbl VALUES ( 6260001003102,   "Thailicious",                                               "18902 Norwalk Blvd",                                       "(562) 860-8843",       null, null,     6260001003, null) ;
INSERT INTO StoreTbl VALUES ( 6260001003103,   "Kabab Crush",                                               "18300 Gridley Rd",                                         "(562) 860-4777",       null, null,     6260001003, null) ;
INSERT INTO StoreTbl VALUES ( 6260001003104,   "The India Restaurant",                                      "17824 Pioneer Blvd",                                       "(562) 860-5621",       null, null,     6260001003, null) ;  -- rst
INSERT INTO StoreTbl VALUES ( 6260001003105,   "Bowls by 39 Degrees",                                       "17901 Pioneer Blvd",                                       "(562) 860-4982",       null, null,     6260001003, null) ;
INSERT INTO StoreTbl VALUES ( 6260001003106,   "Surati Farsan Mart",                                        "11814 E 186th St",                                         "(562) 860-2310",       null, null,     6260001003, null) ;
INSERT INTO StoreTbl VALUES ( 6260001003107,   "Pho Tasty",                                                 "19117 Pioneer Blvd",                                       "(562) 924-1838",       null, null,     6260001003, null) ;  -- rst, viet --- x
INSERT INTO StoreTbl VALUES ( 6260001003108,   "Londons Pub & Grill",                                      "11651 Artesia Boulevard",                                  "(562) 860-3800",       null, null,     6260001003, null) ;  -- rst
INSERT INTO StoreTbl VALUES ( 6260001003109,   "Original Thai",                                             "11861 Artesia Blvd",                                       "(562) 402-9900",       null, null,     6260001003, null) ;
INSERT INTO StoreTbl VALUES ( 6260001003110,   "Gerrys Grill",                                             "11710 South St",                                           "(562) 403-1000",       null, null,     6260001003, null) ;  -- rst
INSERT INTO StoreTbl VALUES ( 6260001003111,   "Lets sea Bag n Roll",                                     "17901 Pioneer Blvd",                                       "(562) 402-0999",       null, null,     6260001003, null) ;
INSERT INTO StoreTbl VALUES ( 6260001003112,   "Mumbai Ki Galliyon Se",                                     "17705 Pioneer Blvd",                                       "(562) 860-6699",       null, null,     6260001003, null) ;
INSERT INTO StoreTbl VALUES ( 6260001003113,   "Shanghai Style Restaurant",                                 "18311 Pioneer Blvd",                                       "(562) 916-0091",       null, null,     6260001003, null) ;  -- rst
INSERT INTO StoreTbl VALUES ( 6260001003114,   "Mays Kitchen",                                             "18323 Pioneer Blvd",                                       "(562) 402-5775",       null, null,     6260001003, null) ;
INSERT INTO StoreTbl VALUES ( 6260001003115,   "MOO BBQ",                                                   "11746 South St",                                           "(562) 924-2882",       null, null,     6260001003, null) ;  -- wbq
INSERT INTO StoreTbl VALUES ( 6260001003116,   "Great Seafood Harbor",                                      "18329 Pioneer Blvd",                                       "(562) 860-7794",       null, null,     6260001003, null) ;
INSERT INTO StoreTbl VALUES ( 6260001003117,   "Udupi Palace",                                              "18635 Pioneer Blvd",                                       "(562) 860-1950",       null, null,     6260001003, null) ;
INSERT INTO StoreTbl VALUES ( 6260001003118,   "Bangkok Blvd",                                              "18152 Pioneer Blvd",                                       "(562) 809-1199",       null, null,     6260001003, null) ;
INSERT INTO StoreTbl VALUES ( 6260001003119,   "Solid Coffee Roasters",                                     "12147 South St",                                           "(562) 965-7265",       null, null,     6260001003, null) ;
INSERT INTO StoreTbl VALUES ( 6260001003120,   "Rasraj",                                                    "18616 Pioneer Blvd",                                       "(562) 809-3141",       null, null,     6260001003, null) ;
INSERT INTO StoreTbl VALUES ( 6260001003121,   "Chennai Tiffins",                                           "18621 Pioneer Blvd",                                       "(562) 809-1600",       null, null,     6260001003, null) ;
INSERT INTO StoreTbl VALUES ( 6260001003122,   "Mezban Biryani Palace",                                     "18620 S Pioneer Blvd",                                     "(562) 865-3838",       null, null,     6260001003, null) ;
INSERT INTO StoreTbl VALUES ( 6260001003123,   "Mr Lees Barbeque House",                                   "12300 S St",                                               "(562) 809-1339",       null, null,     6260001003, null) ;
INSERT INTO StoreTbl VALUES ( 6260001003124,   "Tjs Submarines",                                           "11820 Artesia Blvd",                                       "(562) 860-8396",       null, null,     6260001003, null) ;
INSERT INTO StoreTbl VALUES ( 6260001003125,   "Sweetee Thai Cafe",                                         "11700 South St",                                           "(562) 865-6152",       null, null,     6260001003, null) ;
INSERT INTO StoreTbl VALUES ( 6260001003126,   "Omars Chinese Restaurant",                                 "11740 Artesia Blvd",                                       "(562) 809-3887",       null, null,     6260001003, null) ;  -- rst
INSERT INTO StoreTbl VALUES ( 6260001003127,   "Formosan Restaurant",                                       "18846 Norwalk Blvd",                                       "(562) 924-0366",       null, null,     6260001003, null) ;  -- rst
INSERT INTO StoreTbl VALUES ( 6260001003128,   "Ambala Sweets & Snacks",                                    "18433 Pioneer Blvd",                                       "(562) 402-0006",       null, null,     6260001003, null) ;
INSERT INTO StoreTbl VALUES ( 6260001003129,   "Cha2O",                                                     "11688 South St",                                           "(562) 865-2422",       null, null,     6260001003, null) ;
INSERT INTO StoreTbl VALUES ( 6260001003130,   "Szechwan Garden",                                           "18854 Norwalk Blvd",                                       "(562) 865-9258",       null, null,     6260001003, null) ;
INSERT INTO StoreTbl VALUES ( 6260001003131,   "Pho Little Saigon",                                         "11700 South St",                                           "(562) 402-7888",       null, null,     6260001003, null) ;  -- rst, viet --- x
INSERT INTO StoreTbl VALUES ( 6260001003132,   "Don Jose Mexican Caf",                                     "11805 Artesia Blvd",                                       "(562) 924-8668",       null, null,     6260001003, null) ;
INSERT INTO StoreTbl VALUES ( 6260001003133,   "VIP Chinese Restaurant",                                    "17720 Pioneer Blvd",                                       "(562) 809-0080",       null, null,     6260001003, null) ;  -- rst
INSERT INTO StoreTbl VALUES ( 6260001003134,   "Thai Original BBQ",                                         "11323 183rd St",                                           "(562) 924-0042",       null, null,     6260001003, null) ;  -- wbq
INSERT INTO StoreTbl VALUES ( 6260001003135,   "Jay Bharat",                                                "18701 Pioneer Blvd",                                       "(562) 924-3310",       null, null,     6260001003, null) ;
INSERT INTO StoreTbl VALUES ( 6260001003136,   "Pho Pioneer",                                               "17701 Pioneer Blvd",                                       "(562) 809-9250",       null, null,     6260001003, null) ;  -- rst, viet --- x
INSERT INTO StoreTbl VALUES ( 6260001003137,   "Shipmates Restaurant & Sports Bar",                         "11424 South St",                                           "(562) 924-3211",       null, null,     6260001003, null) ;  -- rst
INSERT INTO StoreTbl VALUES ( 6260001003138,   "Pho 2000",                                                  "17801 S Pioneer Blvd",                                     "(562) 467-8013",       null, null,     6260001003, null) ;  -- rst, viet --- x
INSERT INTO StoreTbl VALUES ( 6260001003139,   "Yummy Boba",                                                "18349 Pioneer Blvd",                                       "(562) 809-2213",       null, null,     6260001003, null) ;
INSERT INTO StoreTbl VALUES ( 6260001003140,   "Hong Kong Express",                                         "11859 Artesia Blvd",                                       "(562) 860-8883",       null, null,     6260001003, null) ;
INSERT INTO StoreTbl VALUES ( 6260001003141,   "Quickly",                                                   "18361 Pioneer Blvd",                                       "(562) 809-8071",       null, null,     6260001003, null) ;
INSERT INTO StoreTbl VALUES ( 6260001003142,   "Biriyani Factory",                                          "18521 Pioneer Blvd",                                       "(562) 860-6322",       null, null,     6260001003, null) ;
INSERT INTO StoreTbl VALUES ( 6260001003143,   "Kariya Shabu Shabu & BBQ",                                  "18868 Norwalk Blvd",                                       "(562) 402-9666",       null, null,     6260001003, null) ;  -- wbq
INSERT INTO StoreTbl VALUES ( 6260001003144,   "Shahnawaz Halal Tandoori",                                  "18728 Pioneer Blvd",                                       "(562) 402-7443",       null, null,     6260001003, null) ;
INSERT INTO StoreTbl VALUES ( 6260001003145,   "Blintz Cafe At Quest",                                      "11976 Artesia Blvd",                                       "(562) 246-0217",       null, null,     6260001003, null) ;

-- Riverside

INSERT INTO PlazaTbl VALUES ( 6260023001, "La Sierra Plaza",    6260023 );
INSERT INTO PlazaTbl VALUES ( 6260023002, "Westgate Plaza",     6260023 );
INSERT INTO PlazaTbl VALUES ( 6260023003, "Nexus Towncenter",   6260023 );
INSERT INTO PlazaTbl VALUES ( 6260023004, "Michael's Plaza",    6260023 );
INSERT INTO PlazaTbl VALUES ( 6260023005, "Magnolia Place",     6260023 );
INSERT INTO PlazaTbl VALUES ( 6260023006, "Others",             6260023 );

INSERT INTO StoreTbl VALUES ( 6260023001001,   "Orange Nails Supply",                                       "3822 La Sierra Ave",                                       "(951) 358-1238",       null, 0008,     6260023001, null) ;  -- cosm
INSERT INTO StoreTbl VALUES ( 6260023001002,   "HearUSA",                                                   "3832 La Sierra Ave",                                       "(951) 637-3722",       null, null,     6260023001, null) ;
INSERT INTO StoreTbl VALUES ( 6260023001003,   "Don Jose Mexican Restaurant",                               "3848 La Sierra Ave",                                       "(951) 687-2280",       null, null,     6260023001, null) ;  -- rst
INSERT INTO StoreTbl VALUES ( 6260023001004,   "La Sierra Beauty Supply",                                   "3868 La Sierra Ave",                                       "(951) 353-1177",       null, null,     6260023001, null) ;
INSERT INTO StoreTbl VALUES ( 6260023001005,   "Apoyo Financiero Riverside",                                "3830 La Sierra Ave",                                       "(951) 335-5588",       null, null,     6260023001, null) ;

INSERT INTO StoreTbl VALUES ( 6260023002006,   "Taiyos Sushi & Poki",                                       "11120 Magnolia Ave",                                       "(951) 343-1112",       null, null,     6260023002, null) ;  -- sushi
INSERT INTO StoreTbl VALUES ( 6260023002007,   "Newport Dental",                                            "3724 La Sierra",                                           "(951) 688-2400",       null, null,     6260023002, null) ;  --  med, dental
INSERT INTO StoreTbl VALUES ( 6260023002008,   "Creative Image Hair & Nail",                                "11130 Magnolia Ave # E",                                   "(951) 359-5461",       null, 0008,     6260023002, null) ;  -- cosm
INSERT INTO StoreTbl VALUES ( 6260023002009,   "Sun Shy Airbrush Tanning",                                  "11130 Magnolia Ave",                                       "(951) 233-4583",       null, null,     6260023002, null) ;
INSERT INTO StoreTbl VALUES ( 6260023002010,   "Peking Restaurant",                                         "11170 Magnolia Ave",                                       "(951) 687-4822",       null, null,     6260023002, null) ;  -- rst
INSERT INTO StoreTbl VALUES ( 6260023002011,   "Royal Tobacco",                                             "11170 Magnolia Ave",                                       "(951) 354-5858",       null, null,     6260023002, null) ;
INSERT INTO StoreTbl VALUES ( 6260023002012,   "Rainbow Donuts",                                            "3758 La Sierra Ave",                                       "(951) 687-0850",       null, null,     6260023002, null) ;
INSERT INTO StoreTbl VALUES ( 6260023002013,   "Adore Nail Spa",                                            "11090 Magnolia Ave",                                       "(951) 343-7279",       null, 0008,     6260023002, null) ;  -- cosm
INSERT INTO StoreTbl VALUES ( 6260023002014,   "Fruitsie Raspado",                                          "11090 Magnolia Ave",                                       "(951) 352-0656",       null, null,     6260023002, null) ;
INSERT INTO StoreTbl VALUES ( 6260023002015,   "Straw Hat Pizza",                                           "3765 La Sierra Ave",                                       "(951) 354-2590",       null, null,     6260023002, null) ;
INSERT INTO StoreTbl VALUES ( 6260023002016,   "Healt And Human Ser.",                                      "11070 Magnolia Ave",                                       "(951) 358-5401",       null, null,     6260023002, null) ;

INSERT INTO StoreTbl VALUES ( 6260023003017,   "Jr Pizza",                                                  "3400 La Sierra Ave B",                                     "(951) 343-2223",       null, null,     6260023003, null) ;
INSERT INTO StoreTbl VALUES ( 6260023003018,   "Salon Design",                                              "3430 La Sierra Ave # B",                                   "(951) 359-5069",       null, null,     6260023003, null) ;
INSERT INTO StoreTbl VALUES ( 6260023003019,   "High Kick Taekwondo",                                       "3430 La Sierra Ave",                                       "(951) 785-5425",       null, null,     6260023003, null) ;
INSERT INTO StoreTbl VALUES ( 6260023003020,   "La Sierra Veterinary Clinic",                               "3410 La Sierra Ave # A",                                   "(951) 359-7811",       null, null,     6260023003, null) ;
INSERT INTO StoreTbl VALUES ( 6260023003021,   "Home Show Consultants",                                     "3410 La Sierra Ave",                                       "(951) 681-0644",       null, null,     6260023003, null) ;
INSERT INTO StoreTbl VALUES ( 6260023003022,   "Red Persimmon",                                             "3380 La Sierra Ave #102",                                  "(951) 359-1521",       null, null,     6260023003, null) ;

INSERT INTO StoreTbl VALUES ( 6260023004023,   "Tina's Tuxedos",                                            "10248 Hole Ave",                                           "(951) 299-7601",       null, null,     6260023004, null) ;
INSERT INTO StoreTbl VALUES ( 6260023004024,   "Video Game Trader",                                         "3971 Tyler St",                                            "(951) 637-0288",       null, null,     6260023004, null) ;
INSERT INTO StoreTbl VALUES ( 6260023004025,   "One Way Transmission",                                      "10206 Hole Ave #100",                                      "(951) 352-1818",       null, null,     6260023004, null) ;
INSERT INTO StoreTbl VALUES ( 6260023004026,   "Nappy Roots Barber Salon",                                  "3907 Tyler St",                                            "(951) 785-5559",       null, 0002,     6260023004, null) ;  -- barber
INSERT INTO StoreTbl VALUES ( 6260023004027,   "Vista Paint",                                               "3939 Tyler St",                                            "(951) 689-2501",       null, null,     6260023004, null) ;
INSERT INTO StoreTbl VALUES ( 6260023004028,   "Original Roadhouse Grill",                                  "3838 Tyler St",                                            "(951) 509-9340",       null, null,     6260023004, null) ;  -- rst
INSERT INTO StoreTbl VALUES ( 6260023004029,   "David's Bridal",                                            "10325 Magnolia Ave",                                       "(951) 352-2554",       null, null,     6260023004, null) ;
INSERT INTO StoreTbl VALUES ( 6260023004030,   "Frostbites Crepes & Frozen Delights",                       "10347 Magnolia Ave",                                       "(951) 352-4903",       null, null,     6260023004, null) ;
INSERT INTO StoreTbl VALUES ( 6260023004031,   "Bollywood Threading",                                       "10349 Magnolia Ave",                                       "(951) 688-3000",       null, null,     6260023004, null) ;
INSERT INTO StoreTbl VALUES ( 6260023004032,   "Punjab Palace",                                             "10359 Magnolia Ave",                                       "(951) 351-8968",       null, null,     6260023004, null) ;
INSERT INTO StoreTbl VALUES ( 6260023004033,   "Jenny's Nails & Spa",                                       "3852 Tyler St",                                            "(951) 352-6245",       null, 0008,     6260023004, null) ;  -- cosm

INSERT INTO StoreTbl VALUES ( 6260023005034,   "Seafood and Crawfish Restaurant",                           "10173 Magnolia Ave",                                       "(951) 359-5999",       null, null,     6260023005, null) ;  -- rst
INSERT INTO StoreTbl VALUES ( 6260023005035,   "Posh Nails & Spa",                                          "10179 Magnolia Ave",                                       "(951) 689-6245",       null, 0008,     6260023005, null) ;  -- cosm

INSERT INTO StoreTbl VALUES ( 6260023006036,   "Local",                                                     "41003 Big Bear Blvd",                                      "(909) 878-0499",       null, null,     6260023006, null) ;
INSERT INTO StoreTbl VALUES ( 6260023006037,   "Kraemers Coffee Bistro",                                   "6734 Brockton Ave",                                        "(951) 686-4400",       null, null,     6260023006, null) ;  -- rst, bistro
INSERT INTO StoreTbl VALUES ( 6260023006038,   "The Salted Pig",                                            "3700 12th St",                                             "(951) 848-4020",       null, null,     6260023006, null) ;
INSERT INTO StoreTbl VALUES ( 6260023006039,   "Woodfire Cafe",                                             "3965 Market St",                                           "(951) 900-3069",       null, null,     6260023006, null) ;
INSERT INTO StoreTbl VALUES ( 6260023006040,   "Little Green Onion",                                        "6723 Brockton Ave",                                        "(951) 328-1273",       null, null,     6260023006, null) ;
INSERT INTO StoreTbl VALUES ( 6260023006041,   "Healths Kitchen",                                          "10120 Indiana Ave",                                        "(951) 525-1778",       null, null,     6260023006, null) ;
INSERT INTO StoreTbl VALUES ( 6260023006042,   "Simple Simons Bakery & Bistro",                            "3639 Main St",                                             "(951) 369-6030",       null, null,     6260023006, null) ;  -- rst, bistro
INSERT INTO StoreTbl VALUES ( 6260023006043,   "Soup Shoppe",                                               "6712 Magnolia Ave",                                        "(951) 781-4710",       null, null,     6260023006, null) ;
INSERT INTO StoreTbl VALUES ( 6260023006044,   "Marios Place",                                             "3646 Mission Inn Ave",                                     "(951) 684-7755",       null, null,     6260023006, null) ;
INSERT INTO StoreTbl VALUES ( 6260023006045,   "Backstreet Restaurant",                                     "3735 Nelson St",                                           "(951) 683-6650",       null, null,     6260023006, null) ;  -- rst
INSERT INTO StoreTbl VALUES ( 6260023006046,   "Papa Joes Pizza",                                          "5115 Jurupa Ave",                                          "(951) 680-9090",       null, null,     6260023006, null) ;
INSERT INTO StoreTbl VALUES ( 6260023006047,   "Back to the Grind",                                         "3575 University Ave",                                      "(951) 784-0800",       null, null,     6260023006, null) ;
INSERT INTO StoreTbl VALUES ( 6260023006048,   "Habanero Mexican Grill",                                    "2472 University Ave",                                      "(951) 224-9145",       null, null,     6260023006, null) ;  -- rst
INSERT INTO StoreTbl VALUES ( 6260023006049,   "El Trigo",                                                  "4155 Park Ave",                                            "(951) 787-6937",       null, null,     6260023006, null) ;
INSERT INTO StoreTbl VALUES ( 6260023006050,   "Dianes Deli",                                              "2900 Adams St",                                            "(951) 689-2900",       null, null,     6260023006, null) ;
INSERT INTO StoreTbl VALUES ( 6260023006051,   "Packinghouse Brewing Company",                              "6421 Central Ave",                                         "(951) 333-9261",       null, null,     6260023006, null) ;
INSERT INTO StoreTbl VALUES ( 6260023006052,   "Dematteos Pizza Pasta Subs",                               "7030 Magnolia Ave",                                        "(951) 682-6198",       null, null,     6260023006, null) ;
INSERT INTO StoreTbl VALUES ( 6260023006053,   "Riverside Thai Kitchen",                                    "7755 California Ave",                                      "(951) 729-6675",       null, null,     6260023006, null) ;
INSERT INTO StoreTbl VALUES ( 6260023006054,   "Angel Thai Cuisine",                                        "6736 Brockton Ave",                                        "(951) 788-1995",       null, null,     6260023006, null) ;
INSERT INTO StoreTbl VALUES ( 6260023006055,   "Sushi Asahi",                                               "2955 Van Buren Blvd",                                      "(951) 637-1313",       null, null,     6260023006, null) ;  -- sushi
INSERT INTO StoreTbl VALUES ( 6260023006056,   "Dcaesaro Pizza & Italian Restaurant",                      "6160 Arlington Ave",                                       "(951) 687-0777",       null, null,     6260023006, null) ;  -- rst
INSERT INTO StoreTbl VALUES ( 6260023006057,   "Cafe Sevilla",                                              "3252 Mission Inn Ave",                                     "(951) 778-0611",       null, null,     6260023006, null) ;
INSERT INTO StoreTbl VALUES ( 6260023006058,   "Market Broiler",                                            "3525 Merrill Ave",                                         "(951) 276-9007",       null, null,     6260023006, null) ;
INSERT INTO StoreTbl VALUES ( 6260023006059,   "The Sire Bar And Grill",                                    "6440 Magnolia Ave",                                        "(951) 683-7473",       null, null,     6260023006, null) ;  -- rst
INSERT INTO StoreTbl VALUES ( 6260023006060,   "Zen Street",                                                "3600 Central Ave",                                         "(951) 683-3648",       null, null,     6260023006, null) ;
INSERT INTO StoreTbl VALUES ( 6260023006061,   "Pho Huynh",                                                 "5180 Arlington Ave",                                       "(951) 354-2799",       null, null,     6260023006, null) ;  -- rst, viet --- x
INSERT INTO StoreTbl VALUES ( 6260023006062,   "Coffee Court",                                              "3607 10th St",                                             "(951) 328-0866",       null, null,     6260023006, null) ;
INSERT INTO StoreTbl VALUES ( 6260023006063,   "The Beach",                                                 "8022 Limonite Ave",                                        "(951) 360-4700",       null, null,     6260023006, null) ;  -- beach
INSERT INTO StoreTbl VALUES ( 6260023006064,   "Migliore Gourmet Foods",                                    "5225 Canyon Crest Dr Suite 13",                            "(951) 784-4422",       null, null,     6260023006, null) ;
INSERT INTO StoreTbl VALUES ( 6260023006065,   "Extreme Pita",                                              "5225 Canyon Crest Dr Suite 96",                            "",                     null, null,     6260023006, null) ;
INSERT INTO StoreTbl VALUES ( 6260023006066,   "Brandons Diner - Riverside",                               "10246 Indiana Ave",                                        "(951) 359-3617",       null, null,     6260023006, null) ;
INSERT INTO StoreTbl VALUES ( 6260023006067,   "Riviera Family Restaurant",                                 "5633 Mission Blvd",                                        "(951) 274-9509",       null, null,     6260023006, null) ;  -- rst
INSERT INTO StoreTbl VALUES ( 6260023006068,   "Heroes Restaurant and Brewery",                             "3397 Mission Inn Ave",                                     "(951) 248-0722",       null, null,     6260023006, null) ;  -- rst
INSERT INTO StoreTbl VALUES ( 6260023006069,   "Islands Restaurant",                                        "3645 Central Ave",                                         "(951) 782-7471",       null, null,     6260023006, null) ;  -- rst
INSERT INTO StoreTbl VALUES ( 6260023006070,   "The Hideaway Cafe",                                         "3660 Mission Inn Ave",                                     "(951) 686-0950",       null, null,     6260023006, null) ;
INSERT INTO StoreTbl VALUES ( 6260023006071,   "Subs & Spuds",                                              "5225 Canyon Crest Dr Suite 83",                            "(951) 369-1491",       null, null,     6260023006, null) ;
INSERT INTO StoreTbl VALUES ( 6260023006072,   "Indian Kitchen",                                            "6061 Magnolia Ave",                                        "(951) 275-5316",       null, null,     6260023006, null) ;
INSERT INTO StoreTbl VALUES ( 6260023006073,   "Sushi OK",                                                  "5228 Arlington Ave",                                       "(951) 689-8054",       null, null,     6260023006, null) ;  -- sushi
INSERT INTO StoreTbl VALUES ( 6260023006074,   "Bann Thai",                                                 "6461 Brockton Ave",                                        "(951) 684-3381",       null, null,     6260023006, null) ;
INSERT INTO StoreTbl VALUES ( 6260023006075,   "Peking Express",                                            "5214 Arlington Ave",                                       "(951) 354-8355",       null, null,     6260023006, null) ;
INSERT INTO StoreTbl VALUES ( 6260023006076,   "Fufus Mid East Grill And Hookah",                          "195 E Alessandro Blvd",                                    "(951) 789-0004",       null, null,     6260023006, null) ;  -- rst
INSERT INTO StoreTbl VALUES ( 6260023006077,   "Jammin Bread",                                             "5255 Canyon Crest Dr",                                     "(951) 369-1869",       null, null,     6260023006, null) ;
INSERT INTO StoreTbl VALUES ( 6260023006078,   "Riverside Certified Farmers Market",                        "5261 Arlington Ave",                                       "(209) 955-0949",       null, null,     6260023006, null) ;
INSERT INTO StoreTbl VALUES ( 6260023006079,   "Augies Coffee House",                                      "4205 Main St",                                             "(909) 798-2255",       null, null,     6260023006, null) ;
INSERT INTO StoreTbl VALUES ( 6260023006080,   "El Patron",                                                 "3204 Mission Inn Ave",                                     "(951) 462-1161",       null, null,     6260023006, null) ;
INSERT INTO StoreTbl VALUES ( 6260023006081,   "Marisas Italian Deli",                                     "5225 Canyon Crest Dr",                                     "(951) 788-3899",       null, null,     6260023006, null) ;
INSERT INTO StoreTbl VALUES ( 6260023006082,   "Johnnys Burgers",                                          "3394 Madison St",                                          "(951) 687-3599",       null, null,     6260023006, null) ;
INSERT INTO StoreTbl VALUES ( 6260023006083,   "ProAbition",                                                "3597 Main St",                                             "(951) 222-2110",       null, null,     6260023006, null) ;
INSERT INTO StoreTbl VALUES ( 6260023006084,   "Lorenzos Pizza Riverside",                                 "9240 Magnolia Ave",                                        "(951) 688-6601",       null, null,     6260023006, null) ;
INSERT INTO StoreTbl VALUES ( 6260023006085,   "Poki Cat",                                                  "2630 Tuscany St",                                          "(951) 338-8068",       null, null,     6260023006, null) ;
INSERT INTO StoreTbl VALUES ( 6260023006086,   "Volcano Hawaiian BBQ",                                      "140 Hidden Valley Pkwy",                                   "(951) 582-9888",       null, null,     6260023006, null) ;  -- wbq
INSERT INTO StoreTbl VALUES ( 6260023006087,   "Wang Cho Korean BBQ",                                       "3639 Riverside Plaza Dr",                                  "(951) 788-8889",       null, null,     6260023006, null) ;  -- wbq
INSERT INTO StoreTbl VALUES ( 6260023006088,   "Joes Sushi Japanese Restaurant",                           "9555 Magnolia Ave",                                        "(951) 353-1929",       null, null,     6260023006, null) ;  -- rst  -- sushi
INSERT INTO StoreTbl VALUES ( 6260023006089,   "W Wolfskill",                                               "4281 Main St",                                             "(951) 848-4020",       null, null,     6260023006, null) ;
INSERT INTO StoreTbl VALUES ( 6260023006090,   "Duanes Prime Steak & Seafood",                             "3649 Mission Inn Ave",                                     "(888) 326-4448",       null, null,     6260023006, null) ;
INSERT INTO StoreTbl VALUES ( 6260023006091,   "Koreana Grill BBQ Buffet",                                  "10051 Magnolia Ave",                                       "(951) 688-9000",       null, null,     6260023006, null) ;  -- wbq-- rst
INSERT INTO StoreTbl VALUES ( 6260023006092,   "Thai Bay Cafe",                                             "7549 Arlington Ave",                                       "(951) 687-6968",       null, null,     6260023006, null) ;
INSERT INTO StoreTbl VALUES ( 6260023006093,   "The Sub Station",                                           "3663 Canyon Crest Dr",                                     "(951) 683-4523",       null, null,     6260023006, null) ;

INSERT INTO StoreTbl VALUES ( 6260023006094,   "EmbroidMe",                                                 "7001 Indiana Ave",                                         "(951) 682-0086",       null, null,     6260023006, null) ;
INSERT INTO StoreTbl VALUES ( 6260023006095,   "Image One Camera & Video",                                  "9590 Magnolia Ave",                                        "(951) 977-8811",       null, null,     6260023006, null) ;
INSERT INTO StoreTbl VALUES ( 6260023006096,   "Willow Branch Florist of Riverside",                        "7001 Indiana Ave",                                         "(951) 742-5805",       null, null,     6260023006, null) ;
INSERT INTO StoreTbl VALUES ( 6260023006097,   "Tiggy-Winkles",                                            "3675 Main St",                                             "(951) 683-0221",       null, null,     6260023006, null) ;
INSERT INTO StoreTbl VALUES ( 6260023006098,   "Cellar Door Bookstore",                                     "5225 Canyon Crest Dr",                                     "(951) 787-7807",       null, null,     6260023006, null) ;
INSERT INTO StoreTbl VALUES ( 6260023006099,   "Pedals Bicycle Shop",                                       "3765 Jurupa Ave",                                          "(951) 683-5343",       null, null,     6260023006, null) ;
INSERT INTO StoreTbl VALUES ( 6260023006100,   "Awards & Specialties",                                      "11750 Sterling Ave",                                       "(951) 351-1188",       null, null,     6260023006, null) ;
INSERT INTO StoreTbl VALUES ( 6260023006101,   "Woodcrest Shoe Repair",                                     "16781 Van Buren Blvd",                                     "(951) 565-6936",       null, null,     6260023006, null) ;  -- repair
INSERT INTO StoreTbl VALUES ( 6260023006102,   "Nick and Sons Furniture Outlet",                            "9970 Magnolia Ave",                                        "(951) 637-1215",       null, null,     6260023006, null) ;
INSERT INTO StoreTbl VALUES ( 6260023006103,   "Smoked Out Vapors",                                         "7207 Arlington Ave",                                       "(951) 534-1224",       null, null,     6260023006, null) ;
INSERT INTO StoreTbl VALUES ( 6260023006104,   "Dragonmarsh",                                               "3643 University Ave",                                      "(951) 276-1116",       null, null,     6260023006, null) ;
INSERT INTO StoreTbl VALUES ( 6260023006105,   "Renaissance Book Shop",                                     "3772 Elizabeth St",                                        "(951) 369-8843",       null, null,     6260023006, null) ;
INSERT INTO StoreTbl VALUES ( 6260023006106,   "Sphinx Comics",                                             "7000 Indiana Ave",                                         "(951) 543-4459",       null, null,     6260023006, null) ;
INSERT INTO StoreTbl VALUES ( 6260023006107,   "Alexander Clocks & Watches",                                "10759 Magnolia Ave",                                       "(951) 352-3177",       null, null,     6260023006, null) ;
INSERT INTO StoreTbl VALUES ( 6260023006108,   "Harkins Family Mattress",                                   "2040 Eastridge Ave",                                       "(951) 966-5454",       null, null,     6260023006, null) ;
INSERT INTO StoreTbl VALUES ( 6260023006109,   "Riverside Archery",                                         "1919 Atlas Dr",                                            "(951) 684-9192",       null, null,     6260023006, null) ;
INSERT INTO StoreTbl VALUES ( 6260023006110,   "Bullseye Sport",                                            "6710 Brockton Ave",                                        "(951) 823-0211",       null, null,     6260023006, null) ;
INSERT INTO StoreTbl VALUES ( 6260023006111,   "Banner Mattress",                                           "10081 Indiana Ave.",                                       "(951) 351-3030",       null, null,     6260023006, null) ;
INSERT INTO StoreTbl VALUES ( 6260023006112,   "Crooks Skateboard Shop",                                    "3764 9th St",                                              "(951) 840-0034",       null, null,     6260023006, null) ;
INSERT INTO StoreTbl VALUES ( 6260023006113,   "Board Shops of America",                                    "3971 Tyler St",                                            "(951) 351-1015",       null, null,     6260023006, null) ;
INSERT INTO StoreTbl VALUES ( 6260023006114,   "C-Tech Repair",                                             "1385 W Blaine St",                                         "(951) 797-9609",       null, null,     6260023006, null) ;  -- repair
INSERT INTO StoreTbl VALUES ( 6260023006115,   "Mikes Fitness Equipment",                                  "570 E La Cadena Dr",                                       "(951) 323-8393",       null, null,     6260023006, null) ;
INSERT INTO StoreTbl VALUES ( 6260023006116,   "Brans 4 Appliances",                                        "9840 Indiana Ave",                                         "(951) 283-1534",       null, null,     6260023006, null) ;
INSERT INTO StoreTbl VALUES ( 6260023006117,   "Victoria Cleaners & Tailor",                                "1015 E Alessandro Blvd",                                   "(951) 571-0234",       null, 0006,     6260023006, null) ;  -- cleaners
INSERT INTO StoreTbl VALUES ( 6260023006118,   "Jack Lindgren Builders Hardware",                           "6531 Brockton Ave",                                        "(951) 684-6134",       null, null,     6260023006, null) ;
INSERT INTO StoreTbl VALUES ( 6260023006119,   "Downtowne Bookstore",                                       "3582 Main St",                                             "(951) 682-1082",       null, null,     6260023006, null) ;
INSERT INTO StoreTbl VALUES ( 6260023006120,   "Ars Billiards",                                             "4445 Tyler St",                                            "(951) 687-5661",       null, null,     6260023006, null) ;
INSERT INTO StoreTbl VALUES ( 6260023006121,   "Pats Kirby Vacuum Repair",                                 "3721 Tibbetts St",                                         "(951) 784-3737",       null, null,     6260023006, null) ;  -- repair
INSERT INTO StoreTbl VALUES ( 6260023006122,   "Le Vive Jewelry",                                           "3540 Riverside Plaza Dr",                                  "(951) 680-0506",       null, 0013,     6260023006, null) ;  -- jewels
INSERT INTO StoreTbl VALUES ( 6260023006123,   "Partners Home Decor",                                       "7372 Sycamore Canyon Blvd",                                "(951) 656-2121",       null, null,     6260023006, null) ;
INSERT INTO StoreTbl VALUES ( 6260023006124,   "Wendie Monrroy On Main",                                    "3580 Main St",                                             "(951) 781-3106",       null, null,     6260023006, null) ;
INSERT INTO StoreTbl VALUES ( 6260023006125,   "Riverside Appliance",                                       "10015 Magnolia Ave",                                       "(951) 354-7770",       null, null,     6260023006, null) ;
INSERT INTO StoreTbl VALUES ( 6260023006126,   "Flowers For You",                                           "10455 Hole Ave",                                           "(951) 689-2710",       null, null,     6260023006, null) ;
INSERT INTO StoreTbl VALUES ( 6260023006127,   "Angelicas Florist And Gifts",                              "1015 E Alessandro",                                        "(951) 653-4200",       null, null,     6260023006, null) ;
INSERT INTO StoreTbl VALUES ( 6260023006128,   "Riverside Vacuum Sales & Services",                         "6046 Magnolia Ave",                                        "(951) 682-8819",       null, null,     6260023006, null) ;
INSERT INTO StoreTbl VALUES ( 6260023006129,   "Soccer Stores",                                             "10495 Magnolia Ave",                                       "(951) 351-8833",       null, null,     6260023006, null) ;
INSERT INTO StoreTbl VALUES ( 6260023006130,   "Mad Platter",                                               "1223 University Ave",                                      "(951) 328-1600",       null, null,     6260023006, null) ;
INSERT INTO StoreTbl VALUES ( 6260023006131,   "Riverside Bouquet Florist",                                 "6732 Magnolia Ave",                                        "(951) 781-9338",       null, null,     6260023006, null) ;
INSERT INTO StoreTbl VALUES ( 6260023006132,   "Modern Finds",                                              "9631 Magnolia Ave",                                        "(323) 456-5909",       null, null,     6260023006, null) ;
INSERT INTO StoreTbl VALUES ( 6260023006133,   "Ultra-Shine",                                               "9880 Indiana Ave",                                         "(951) 688-7777",       null, null,     6260023006, null) ;
INSERT INTO StoreTbl VALUES ( 6260023006134,   "Taylors Appliance",                                        "6140 Magnolia Ave",                                        "(951) 683-6365",       null, null,     6260023006, null) ;
INSERT INTO StoreTbl VALUES ( 6260023006135,   "Baumans Ace Hardware",                                     "3199 Kansas Ave",                                          "(951) 686-5732",       null, null,     6260023006, null) ;
INSERT INTO StoreTbl VALUES ( 6260023006136,   "Louies Nursery",                                           "16310 Porter Ave",                                         "(877) 568-4425",       null, null,     6260023006, null) ;
INSERT INTO StoreTbl VALUES ( 6260023006137,   "Woodcrest Bicycle Center",                                  "16960 Van Buren Blvd",                                     "(951) 780-4988",       null, null,     6260023006, null) ;
INSERT INTO StoreTbl VALUES ( 6260023006138,   "ProTech IT Services",                                       "6600 Jurupa Ave",                                          "(951) 977-9401",       null, null,     6260023006, null) ;
INSERT INTO StoreTbl VALUES ( 6260023006139,   "MJs Mobile Lawn Equipment Repair and Maintenance",         "Riverside, CA 92504",                                      "(909) 660-3476",       null, null,     6260023006, null) ;  -- repair
INSERT INTO StoreTbl VALUES ( 6260023006140,   "S&J Mens Suits & Alterations",                             "5905 Brockton Ave",                                        "(951) 784-3313",       null, null,     6260023006, null) ;
INSERT INTO StoreTbl VALUES ( 6260023006141,   "PC House",                                                  "3854 Tyler St",                                            "(951) 688-9505",       null, null,     6260023006, null) ;
INSERT INTO StoreTbl VALUES ( 6260023006142,   "Active IT Solutions",                                       "11810 Pierce St",                                          "(951) 742-8020",       null, null,     6260023006, null) ;
INSERT INTO StoreTbl VALUES ( 6260023006143,   "Corona Rose Flowers & Gifts",                               "844 W 6th St",                                             "(800) 827-8178",       null, null,     6260023006, null) ;

-- Rowland Heightts

INSERT INTO PlazaTbl VALUES ( 6260024001,   "HK2 Food District",                   6260024 ) ;
INSERT INTO PlazaTbl VALUES ( 6260024002,   "Crystal and Ruby Plaza",              6260024 ) ;
INSERT INTO PlazaTbl VALUES ( 6260024003,   "Pacific Plaza",                       6260024 ) ;
INSERT INTO PlazaTbl VALUES ( 6260024004,   "Sunrise Shopping Center",             6260024 ) ;
INSERT INTO PlazaTbl VALUES ( 6260024005,   "Yes Plaza",                           6260024 ) ;
INSERT INTO PlazaTbl VALUES ( 6260024006,   "Diamond Plaza",                       6260024 ) ;
INSERT INTO PlazaTbl VALUES ( 6260024007,   "Pearl of the East Plaza",             6260024 ) ;
INSERT INTO PlazaTbl VALUES ( 6260024008,   "TS Emporium Plaza",                   6260024 ) ;
INSERT INTO PlazaTbl VALUES ( 6260024009,   "Greenland Plaza",                     6260024 ) ;
INSERT INTO PlazaTbl VALUES ( 6260024010,   "Gale Plaza",                          6260024 ) ;
INSERT INTO PlazaTbl VALUES ( 6260024011,   "Nogales Street Area",                 6260024 ) ;

INSERT INTO StoreTbl VALUES ( 6260024001001,   "Chengdu Taste",                                             "18406 Colima Rd #8",                                       "null",                 null, null,     6260024001, null) ;
INSERT INTO StoreTbl VALUES ( 6260024001002,   "Uni Boil",                                                  "18406 Colima Rd C",                                        "null",                 null, null,     6260024001, null) ;
INSERT INTO StoreTbl VALUES ( 6260024001003,   "Tofu King",                                                 "18414 Colima Rd S2",                                       "(626) 986-4516",       null, null,     6260024001, null) ;
INSERT INTO StoreTbl VALUES ( 6260024001004,   "Rowland Garden Cafe",                                       "18406 Colima Rd H",                                        "null",                 null, null,     6260024001, null) ;
INSERT INTO StoreTbl VALUES ( 6260024001005,   "Hsin Hsin Shau May Deli",                                   "18438 Colima Rd",                                          "(626) 986-4395",       null, null,     6260024001, null) ;
INSERT INTO StoreTbl VALUES ( 6260024001006,   "Yi Mei Deli",                                               "18414 Colima Rd # I",                                      "(951) 682-8111",       null, null,     6260024001, null) ;
INSERT INTO StoreTbl VALUES ( 6260024001007,   "Haige Star Boulevard",                                      "18438 Colima Rd",                                          "(626) 716-7611",       null, null,     6260024001, null) ;
INSERT INTO StoreTbl VALUES ( 6260024001008,   "Chong Hing Jewelers",                                       "18436 Colima Rd",                                          "(951) 687-2500",       null, null,     6260024001, null) ;  -- jewels
INSERT INTO StoreTbl VALUES ( 6260024001009,   "Jin Ju Korean Restaurant",                                  "1700 Batson Ave",                                          "(626) 820-5989",       null, null,     6260024001, null) ;  -- rst
INSERT INTO StoreTbl VALUES ( 6260024001010,   "Colima Car Wash",                                           "18470 Colima Rd",                                          "(951) 778-0611",       null, null,     6260024001, null) ;
INSERT INTO StoreTbl VALUES ( 6260024001011,   "Chuan Ma Noodle House",                                     "18438 Colima Rd",                                          "(626) 723-4010",       null, null,     6260024001, null) ;
INSERT INTO StoreTbl VALUES ( 6260024001012,   "Greedy Cat Taste",                                          "18438 Colima Rd",                                          "null",                 null, null,     6260024001, null) ;
INSERT INTO StoreTbl VALUES ( 6260024001013,   "Long Chao Shou",                                            "18438 Colima Rd",                                          "null",                 null, null,     6260024001, null) ;
INSERT INTO StoreTbl VALUES ( 6260024001014,   "Duo-Pot",                                                   "18414 Colima Rd",                                          "null",                 null, null,     6260024001, null) ;
INSERT INTO StoreTbl VALUES ( 6260024001015,   "Jeweltique",                                                "18436 Colima Rd # L",                                      "(626) 913-2338",       null, null,     6260024001, null) ;  -- jewels
INSERT INTO StoreTbl VALUES ( 6260024001016,   "Boba Bear",                                                 "18414 Colima Rd",                                          "null",                 null, null,     6260024001, null) ;
INSERT INTO StoreTbl VALUES ( 6260024001017,   "Ming & Chu Inc",                                            "18414 Colima Rd",                                          "(626) 581-9888",       null, null,     6260024001, null) ;
INSERT INTO StoreTbl VALUES ( 6260024001018,   "Noodology",                                                 "18406 Colima Rd D",                                        "(626) 768-3612",       null, null,     6260024001, null) ;
INSERT INTO StoreTbl VALUES ( 6260024001019,   "New Concepts Furniture",                                    "18400 Colima Rd",                                          "null",                 null, null,     6260024001, null) ;
INSERT INTO StoreTbl VALUES ( 6260024001020,   "Kim Hua Book Store",                                        "18414 Colima Rd # E",                                      "(626) 964-6714",       null, null,     6260024001, null) ;
INSERT INTO StoreTbl VALUES ( 6260024001021,   "MK BBQ",                                                    "18414 Colima Rd",                                          "null",                 null, null,     6260024001, null) ;  -- wbq

INSERT INTO StoreTbl VALUES ( 6260024002001,   "Colima Optometry Inc",                                      "1758 Sierra Leone Ave a",                                  "(951) 343-5992",       null, null,     6260024002, null) ;
INSERT INTO StoreTbl VALUES ( 6260024002002,   "Crystal Vision",                                            "1758 Sierra Leone Ave # E",                                "(626) 913-7764",       null, null,     6260024002, null) ;
INSERT INTO StoreTbl VALUES ( 6260024002003,   "Young Again Skincare",                                      "1788 Sierra Leone Ave #20",                                "(626) 913-7764",       null, 0008,     6260024002, null) ;  -- cosm
INSERT INTO StoreTbl VALUES ( 6260024002004,   "Pauline Cosmetics Inc",                                     "1788 Sierra Leone Ave # 207",                              "(626) 913-7764",       null, null,     6260024002, null) ;


INSERT INTO StoreTbl VALUES ( 6260024003001,   "Newport Tan Cang",                                          "18441 Colima Rd",                                          "(626) 912-1012",       null, null,     6260024003, null) ;
INSERT INTO StoreTbl VALUES ( 6260024003002,   "Little Bean",                                               "18415 Colima Rd",                                          "(951) 786-9887",       null, null,     6260024003, null) ;
INSERT INTO StoreTbl VALUES ( 6260024003003,   "A Ri Rang Tofu House",                                      "18409 Colima Rd",                                          "(626) 839-9282",       null, null,     6260024003, null) ;
INSERT INTO StoreTbl VALUES ( 6260024003004,   "Takashima",                                                 "18461-3 E Colima Rd",                                      "(626) 581-0600",       null, null,     6260024003, null) ;
INSERT INTO StoreTbl VALUES ( 6260024003005,   "Happy Veggie Garden",                                       "1015 S Nogales St Ste 127",                                "(626) 839-7977",       null, null,     6260024003, null) ;
INSERT INTO StoreTbl VALUES ( 6260024003006,   "XG Restaurant",                                             "18481 Colima Rd",                                          "(626) 965-4911",       null, null,     6260024003, null) ;  -- rst
INSERT INTO StoreTbl VALUES ( 6260024003007,   "Rolling Wok",                                               "18483 Colima Rd",                                          "(626) 810-7688",       null, null,     6260024003, null) ;
INSERT INTO StoreTbl VALUES ( 6260024003008,   "Simbala Restaurant",                                        "18489 Colima Rd",                                          "null",                 null, null,     6260024003, null) ;  -- rst
INSERT INTO StoreTbl VALUES ( 6260024003009,   "Dde Pharmacy",                                              "18491 Colima Rd",                                          "(626) 965-9255",       null, null,     6260024003, null) ;
INSERT INTO StoreTbl VALUES ( 6260024003010,   "Little Shanghai Restaurant",                                "18457 Colima Rd",                                          "(626) 810-0809",       null, null,     6260024003, null) ;  -- rst
INSERT INTO StoreTbl VALUES ( 6260024003011,   "Parco Co",                                                  "18445 Colima Rd",                                          "(626) 839-1101",       null, null,     6260024003, null) ;
INSERT INTO StoreTbl VALUES ( 6260024003012,   "Fashion Icon",                                              "18449 Colima Rd",                                          "(626) 964-2029",       null, null,     6260024003, null) ;
INSERT INTO StoreTbl VALUES ( 6260024003013,   "Kingstone Bookstore Co",                                    "18451 Colima Rd",                                          "null",                 null, null,     6260024003, null) ;
INSERT INTO StoreTbl VALUES ( 6260024003014,   "QqQ Laser Clinic",                                          "18405 Colima Rd # C",                                      "(626) 581-8808",       null, null,     6260024003, null) ;
INSERT INTO StoreTbl VALUES ( 6260024003015,   "TANCCA",                                                    "18423 Colima Rd",                                          "(626) 810-5108",       null, null,     6260024003, null) ;
INSERT INTO StoreTbl VALUES ( 6260024003016,   "Happy Family Restaurant",                                   "18425 Colima Rd",                                          "(626) 810-0600",       null, null,     6260024003, null) ;  -- rst
INSERT INTO StoreTbl VALUES ( 6260024003017,   "Little Yunnan",                                             "18483 Colima Rd",                                          "(626) 913-7777",       null, null,     6260024003, null) ;
INSERT INTO StoreTbl VALUES ( 6260024003018,   "M J Bakery Deli",                                           "18475 Colima Rd",                                          "(626) 912-1382",       null, null,     6260024003, null) ;


INSERT INTO StoreTbl VALUES ( 6260024004001,   "Sun Clinical Laboratory",                                   "18383 Colima Rd",                                          "(951) 687-4822",       null, null,     6260024004, null) ;
INSERT INTO StoreTbl VALUES ( 6260024004002,   "Eastland Pharmacy",                                         "18339 Colima Rd # A",                                      "null",                 null, null,     6260024004, null) ;
INSERT INTO StoreTbl VALUES ( 6260024004003,   "Love Letter Pizza & Chicken",                               "18333 Colima Rd # B",                                      "(626) 839-0104",       null, null,     6260024004, null) ;
INSERT INTO StoreTbl VALUES ( 6260024004004,   "Red Castle Korean BBQ",                                     "18311 Colima Rd",                                          "(626) 854-2112",       null, null,     6260024004, null) ;  -- wbq
INSERT INTO StoreTbl VALUES ( 6260024004005,   "Yei San Jib",                                               "18301 Colima Rd",                                          "(626) 346-7769",       null, null,     6260024004, null) ;
INSERT INTO StoreTbl VALUES ( 6260024004006,   "Plaisir D'Amour Cafe",                                      "18340 Colima Rd",                                          "(626) 964-0676",       null, null,     6260024004, null) ;
INSERT INTO StoreTbl VALUES ( 6260024004007,   "Sushi Aru",                                                 "18359 Colima Rd",                                          "(909) 444-7955",       null, null,     6260024004, null) ;  -- sushi

INSERT INTO StoreTbl VALUES ( 6260024005001,   "Ichi Ichi",                                                 "18184 Colima Rd",                                          "null",                 null, null,     6260024005, null) ;
INSERT INTO StoreTbl VALUES ( 6260024005002,   "Honeymee",                                                  "18180 Colima Rd",                                          "(951) 343-4191",       null, null,     6260024005, null) ;
INSERT INTO StoreTbl VALUES ( 6260024005003,   "Banana Bay",                                                "18230 Colima Rd",                                          "null",                 null, null,     6260024005, null) ;
INSERT INTO StoreTbl VALUES ( 6260024005004,   "Nodaji",                                                    "1739 Fullerton Rd",                                        "(951) 788-8889",       null, null,     6260024005, null) ;
INSERT INTO StoreTbl VALUES ( 6260024005005,   "Java Spice",                                                "1743 Fullerton Rd",                                        "(951) 687-3282",       null, null,     6260024005, null) ;
INSERT INTO StoreTbl VALUES ( 6260024005006,   "Qiwei Kitchen",                                             "1741 Fullerton Rd",                                        "null",                 null, null,     6260024005, null) ;

INSERT INTO StoreTbl VALUES ( 6260024006001,   "109 Love by Star Couture",                                  "1330 Fullerton Rd., Ste. 104",                             "",                     null, null,     6260024006, null) ;
INSERT INTO StoreTbl VALUES ( 6260024006002,   "Advance Care",                                              "1330 S. Fullerton Rd., Ste. 204-206",                      "",                     null, null,     6260024006, null) ;
INSERT INTO StoreTbl VALUES ( 6260024006003,   "Beauty Corner",                                             "1330 S. Fullerton Rd., Ste. 105",                          "",                     null, null,     6260024006, null) ;
INSERT INTO StoreTbl VALUES ( 6260024006004,   "Benjamin Choy, DDS | Dentistry",                            "1380 S. Fullerton Rd., Ste. 201",                          "",                     null, 0014,     6260024006, null) ;  -- med, dental
INSERT INTO StoreTbl VALUES ( 6260024006005,   "Crystal Vision",                                            "1330 S. Fullerton Rd., Ste. 109",                          "",                     null, null,     6260024006, null) ;
INSERT INTO StoreTbl VALUES ( 6260024006006,   "e-Game Video Games",                                        "1330 S. Fullerton Rd., Ste. 202-203",                      "",                     null, null,     6260024006, null) ;
INSERT INTO StoreTbl VALUES ( 6260024006007,   "Eros Nail Salon",                                           "1380 S. Fullerton Rd., Ste. 202",                          "",                     null, 0008,     6260024006, null) ;  -- cosm
INSERT INTO StoreTbl VALUES ( 6260024006008,   "Charles Schwab",                                            "1330 S. Fullerton Rd., Ste. 106",                          "",                     null, null,     6260024006, null) ;
INSERT INTO StoreTbl VALUES ( 6260024006009,   "Metropolitan Optometry",                                    "1380 S. Fullerton Rd., Ste. 103",                          "",                     null, null,     6260024006, null) ;
INSERT INTO StoreTbl VALUES ( 6260024006010,   "Speed Mobile Inc",                                          "1330 S. Fullerton Road, Suite 103",                        "",                     null, null,     6260024006, null) ;
INSERT INTO StoreTbl VALUES ( 6260024006011,   "Premiere Mobile Inc",                                       "1330 S. Fullerton Road, Suite 202",                        "",                     null, null,     6260024006, null) ;
INSERT INTO StoreTbl VALUES ( 6260024006012,   "My Wireless",                                               "1330 S. Fullerton Road, Suite 103",                        "",                     null, null,     6260024006, null) ;
INSERT INTO StoreTbl VALUES ( 6260024006013,   "Takashima Japanese Varieties",                              "1330 S. Fullerton Rd., Ste. 107",                          "",                     null, null,     6260024006, null) ;
INSERT INTO StoreTbl VALUES ( 6260024006014,   "Blackball Original Taiwanese Tea & Desserts",               "1380 S. Fullerton Rd., Ste. 105",                          "",                     null, null,     6260024006, null) ;
INSERT INTO StoreTbl VALUES ( 6260024006015,   "Duke Bakery",                                               "1370 S. Fullerton Rd., Ste. 103",                          "",                     null, null,     6260024006, null) ;
INSERT INTO StoreTbl VALUES ( 6260024006016,   "Junkabok by Mokkoji",                                       "1380 S. Fullerton Rd., Ste. 104",                          "",                     null, null,     6260024006, null) ;
INSERT INTO StoreTbl VALUES ( 6260024006017,   "Midoh Japanese Restaurant",                                 "1380 S. Fullerton Rd., Ste. 106",                          "",                     null, null,     6260024006, null) ;  -- rst
INSERT INTO StoreTbl VALUES ( 6260024006018,   "New Capital Seafood",                                       "1330 S. Fullerton Rd., Ste. 207",                          "",                     null, null,     6260024006, null) ;
INSERT INTO StoreTbl VALUES ( 6260024006019,   "New Jerky (Vua Kho Bo Jerky and treats)",                   "1380 S. Fullerton Rd., Ste. 107",                          "",                     null, null,     6260024006, null) ;
INSERT INTO StoreTbl VALUES ( 6260024006020,   "President Thai",                                            "1390 S. Fullerton Rd., Ste. 105",                          "",                     null, null,     6260024006, null) ;
INSERT INTO StoreTbl VALUES ( 6260024006021,   "Sul & Beans",                                               "330 S. Fullerton Rd., Ste. 110",                           "",                     null, null,     6260024006, null) ;
INSERT INTO StoreTbl VALUES ( 6260024006022,   "Ten Rens Tea Time",                                        "1330 S. Fullerton Rd., Ste. 102",                          "",                     null, null,     6260024006, null) ;
INSERT INTO StoreTbl VALUES ( 6260024006023,   "The Kickin Crab",                                          "1390 S. Fullerton Rd., Ste. 102",                          "",                     null, null,     6260024006, null) ;
INSERT INTO StoreTbl VALUES ( 6260024006024,   "Tokyo Shabu Shabu",                                         "1330 S. Fullerton Rd., Ste. 108",                          "",                     null, null,     6260024006, null) ;
INSERT INTO StoreTbl VALUES ( 6260024006025,   "Zensen Revolving Sushi",                                    "1370 S. Fullerton Rd., Ste. 105-106",                      "",                     null, null,     6260024006, null) ;  -- sushi


INSERT INTO StoreTbl VALUES ( 6260024007001,   "Hide Out Caf",                                             "18888 Labin Ct c106",                                      "",                     null, null,     6260024007, null) ;
INSERT INTO StoreTbl VALUES ( 6260024007002,   "Bianyifang",                                                "18888 Labin Ct",                                           "",                     null, null,     6260024007, null) ;
INSERT INTO StoreTbl VALUES ( 6260024007003,   "Era Billiards Club",                                        "18888 Labin Ct b208",                                      "",                     null, null,     6260024007, null) ;
INSERT INTO StoreTbl VALUES ( 6260024007004,   "Gaming Art LLC",                                            "18888 Labin Ct b206",                                      "",                     null, null,     6260024007, null) ;  -- art
INSERT INTO StoreTbl VALUES ( 6260024007005,   "La Seule Secret Garden",                                    "18888 Labin Ct #C210",                                     "",                     null, null,     6260024007, null) ;
INSERT INTO StoreTbl VALUES ( 6260024007006,   "Stone Age Restaurant",                                      "18888 Labin Ct C105",                                      "",                     null, null,     6260024007, null) ;  -- rst
INSERT INTO StoreTbl VALUES ( 6260024007007,   "Stew House",                                                "18888 Labin Ct",                                           "",                     null, null,     6260024007, null) ;
INSERT INTO StoreTbl VALUES ( 6260024007008,   "Lobster Bay Restaurant",                                    "18888 Labin Ct B101",                                      "",                     null, null,     6260024007, null) ;  -- rst
INSERT INTO StoreTbl VALUES ( 6260024007009,   "VinshopUSA",                                                "18938 Labin Ct A206-1",                                    "",                     null, null,     6260024007, null) ;
INSERT INTO StoreTbl VALUES ( 6260024007010,   "Good Eats Bar & Restaurant",                                "18888 Labin Ct, C113",                                     "",                     null, null,     6260024007, null) ;  -- rst
INSERT INTO StoreTbl VALUES ( 6260024007011,   "101 Noodle Express",                                        "18938 Labin Ct",                                           "",                     null, null,     6260024007, null) ;
INSERT INTO StoreTbl VALUES ( 6260024007012,   "I DO JUICE",                                                "18938 Labin Ct",                                           "",                     null, null,     6260024007, null) ;
INSERT INTO StoreTbl VALUES ( 6260024007013,   "Shakalaka",                                                 "18938 Labin Ct",                                           "",                     null, null,     6260024007, null) ;


INSERT INTO StoreTbl VALUES ( 6260024008001,   "Seafood Village",                                           "1463 Nogales St",                                          "",                     null, null,     6260024008, null) ;
INSERT INTO StoreTbl VALUES ( 6260024008002,   "Ai Lun's Collection",                                       "18958 Daisetta St",                                        "",                     null, null,     6260024008, null) ;
INSERT INTO StoreTbl VALUES ( 6260024008003,   "Matsuzaka BBQ",                                             "18958 Daisetta St",                                        "",                     null, null,     6260024008, null) ;  -- wbq
INSERT INTO StoreTbl VALUES ( 6260024008004,   "MRBOSS INC",                                                "18958 Daisetta St #201",                                   "",                     null, null,     6260024008, null) ;
INSERT INTO StoreTbl VALUES ( 6260024008005,   "Seven Wholen",                                              "18958 Daisetta St #103",                                   "",                     null, null,     6260024008, null) ;
INSERT INTO StoreTbl VALUES ( 6260024008006,   "Hyun Jin Cho, Pharmacy",                                    "18993 Colima Rd",                                          "",                     null, null,     6260024008, null) ;
INSERT INTO StoreTbl VALUES ( 6260024008007,   "The Shack",                                                 "18927 Colima Rd",                                          "",                     null, null,     6260024008, null) ;
INSERT INTO StoreTbl VALUES ( 6260024008008,   "Noodle Kitchen",                                            "18977 Colima Rd",                                          "",                     null, null,     6260024008, null) ;
INSERT INTO StoreTbl VALUES ( 6260024008009,   "Gina Hair Salon",                                           "18921 Colima Rd",                                          "",                     null, null,     6260024008, null) ;
INSERT INTO StoreTbl VALUES ( 6260024008010,   "Gam Ja Gol",                                                "18891 Colima Rd,",                                         "",                     null, null,     6260024008, null) ;
INSERT INTO StoreTbl VALUES ( 6260024008011,   "Ong Go Jib Restaurant",                                     "18881 Colima Rd",                                          "",                     null, null,     6260024008, null) ;  -- rst
INSERT INTO StoreTbl VALUES ( 6260024008012,   "Canja Goa",                                                 "18891 Colima Rd",                                          "",                     null, null,     6260024008, null) ;
INSERT INTO StoreTbl VALUES ( 6260024008013,   "Shilla Video Shop",                                         "18889 Colima Rd",                                          "",                     null, null,     6260024008, null) ;


INSERT INTO StoreTbl VALUES ( 6260024009001,   "New Garden Restaurant",                                     "18740 Colima Rd,",                                         "",                     null, null,     6260024009, null) ;  -- rst
INSERT INTO StoreTbl VALUES ( 6260024009002,   "Chamsutgol BBQ",                                            "18722 Colima Rd",                                          "",                     null, null,     6260024009, null) ;  -- wbq
INSERT INTO StoreTbl VALUES ( 6260024009003,   "Hing Lee Poultry Market",                                   "18738 Colima Rd, #A",                                      "",                     null, null,     6260024009, null) ;
INSERT INTO StoreTbl VALUES ( 6260024009004,   "Jang GA Nae",                                               "1722 Desire Ave #108",                                     "",                     null, null,     6260024009, null) ;
INSERT INTO StoreTbl VALUES ( 6260024009005,   "Pink & Blue Kids Club",                                     "1722 Desire Ave # 107",                                    "",                     null, null,     6260024009, null) ;
INSERT INTO StoreTbl VALUES ( 6260024009006,   "Touch Wedding Studio Inc",                                  "18702 Colima Rd #101",                                     "",                     null, null,     6260024009, null) ;
INSERT INTO StoreTbl VALUES ( 6260024009007,   "Nogales Pharmacy",                                          "18702 Colima Rd #103",                                     "",                     null, null,     6260024009, null) ;
INSERT INTO StoreTbl VALUES ( 6260024009008,   "Lee Ka Ja Beauty Salon",                                    "18720 E. Colima Rd, Unit #C",                              "",                     null, null,     6260024009, null) ;
INSERT INTO StoreTbl VALUES ( 6260024009009,   "Cocohodo",                                                  "18720 Colima Rd",                                          "",                     null, null,     6260024009, null) ;
INSERT INTO StoreTbl VALUES ( 6260024009010,   "NEX Communications",                                        "18726 Colima Rd",                                          "",                     null, null,     6260024009, null) ;
INSERT INTO StoreTbl VALUES ( 6260024009011,   "Elim Bakery",                                               "18732 Colima Rd",                                          "",                     null, null,     6260024009, null) ;


INSERT INTO StoreTbl VALUES ( 6260024010001,   "Shancheng Lameizi",                                         "18932 Gale Ave",                                           "",                     null, null,     6260024010, null) ;
INSERT INTO StoreTbl VALUES ( 6260024010002,   "Q Noodle House",                                            "18930 Gale Ave",                                           "",                     null, null,     6260024010, null) ;
INSERT INTO StoreTbl VALUES ( 6260024010003,   "Ding's Garden",                                             "18922 Gale Ave A",                                         "",                     null, null,     6260024010, null) ;
INSERT INTO StoreTbl VALUES ( 6260024010004,   "M&T Seafood Village",                                       "18904 Gale Ave",                                           "",                     null, null,     6260024010, null) ;
INSERT INTO StoreTbl VALUES ( 6260024010005,   "Kingswood Teppan Steakhouse",                               "18900 Gale Ave B",                                         "",                     null, null,     6260024010, null) ;
INSERT INTO StoreTbl VALUES ( 6260024010006,   "Kang Ho Dong Baekjeong",                                    "18900 Gale Ave",                                           "",                     null, null,     6260024010, null) ;
INSERT INTO StoreTbl VALUES ( 6260024010007,   "Hunan Restaurant",                                          "1015 Nogales St",                                          "",                     null, null,     6260024010, null) ;  -- rst
INSERT INTO StoreTbl VALUES ( 6260024010008,   "New Golden City",                                           "1015 Nogales St",                                          "",                     null, null,     6260024010, null) ;
INSERT INTO StoreTbl VALUES ( 6260024010009,   "Victor's Quality Motors",                                   "19130 E Walnut Dr N A",                                    "",                     null, null,     6260024010, null) ;
INSERT INTO StoreTbl VALUES ( 6260024010010,   "Chang & Cote LLP",                                          "19138 E Walnut Dr N # 100",                                "",                     null, null,     6260024010, null) ;
INSERT INTO StoreTbl VALUES ( 6260024010011,   "Nutech Auto Repair",                                        "19116 E Walnut Dr N E",                                    "",                     null, null,     6260024010, null) ;  -- repair
INSERT INTO StoreTbl VALUES ( 6260024010012,   "Cantrell's Feed Bin",                                       "19148 E Walnut Dr N",                                      "",                     null, null,     6260024010, null) ;
INSERT INTO StoreTbl VALUES ( 6260024010013,   "Frank & Son Collectible Show",                              "19649 San Jose Ave",                                       "",                     null, null,     6260024010, null) ;

INSERT INTO StoreTbl VALUES ( 6260024011001,   "JJBakery",                                                  "1756 Nogales St",                                          "",                     null, null,     6260024011, null) ;
INSERT INTO StoreTbl VALUES ( 6260024011002,   "Fancy Hair & Nail",                                         "1740 Nogales St",                                          "",                     null, 0008,     6260024011, null) ;  -- cosm
INSERT INTO StoreTbl VALUES ( 6260024011003,   "Launderland",                                               "1738 Nogales St",                                          "",                     null, null,     6260024011, null) ;
INSERT INTO StoreTbl VALUES ( 6260024011004,   "Don Don Korean Restaurant",                                 "1733 Nogales St",                                          "",                     null, null,     6260024011, null) ;  -- rst
INSERT INTO StoreTbl VALUES ( 6260024011005,   "Discount Cleaners",                                         "1734 Nogales St",                                          "",                     null, 0006,     6260024011, null) ;  -- cleaners
INSERT INTO StoreTbl VALUES ( 6260024011006,   "Lohas Fresh Mart",                                          "1725 Nogales St #102",                                     "",                     null, null,     6260024011, null) ;
INSERT INTO StoreTbl VALUES ( 6260024011007,   "Thirsty Cow",                                               "1725 Nogales St",                                          "",                     null, null,     6260024011, null) ;

-- Chino Hills -----------

INSERT INTO PlazaTbl VALUES ( 6260005001,   "Payne Ranch Center",                       6260005 ) ;
INSERT INTO PlazaTbl VALUES ( 6260005002,   "Crossroads Entertainment Center",          6260005 ) ;
INSERT INTO PlazaTbl VALUES ( 6260005003,   "Other Local Businesses",                   6260005 ) ;
INSERT INTO PlazaTbl VALUES ( 6260005004,   "Other Restaurants",                        6260005 ) ;

INSERT INTO StoreTbl VALUES ( 6260005001001,   "Pho N Mor",                                                 "3233 Grand Ave A",                                         "(909) 248-0163",       null, null,     6260005001, null) ;  -- rst, viet --- x
INSERT INTO StoreTbl VALUES ( 6260005001002,   "Young Dong Tofu",                                           "3233 Grand Ave",                                           "(909) 613-1888",       null, null,     6260005001, null) ;
INSERT INTO StoreTbl VALUES ( 6260005001003,   "Oke Poke",                                                  "3277 Grand Ave L",                                         "(909) 548-7887",       null, null,     6260005001, null) ;  -- rst, seafood, jap
INSERT INTO StoreTbl VALUES ( 6260005001004,   "The Shoppes at Chino Hills",                                "",                                                         "",                     null, null,     6260005001, null) ;
INSERT INTO StoreTbl VALUES ( 6260005001005,   "Crazy 8",                                                   "13920 City Center Dr",                                     "(909) 613-9247",       null, null,     6260005001, null) ;
INSERT INTO StoreTbl VALUES ( 6260005001006,   "Yard House",                                                "13881 Peyton Dr,",                                         "(909) 590-9424",       null, null,     6260005001, null) ;
INSERT INTO StoreTbl VALUES ( 6260005001007,   "Active Ride Shop",                                          "13920 City Center Dr #4025",                               "(909) 203-4640",       null, null,     6260005001, null) ;
INSERT INTO StoreTbl VALUES ( 6260005001008,   "Solstice Sunglass Boutique",                                "13920 City Center Dr #4045",                               "(909) 902-1840",       null, null,     6260005001, null) ;
INSERT INTO StoreTbl VALUES ( 6260005001009,   "F21 XXI",                                                   "13860 City Center Dr",                                     "(909) 696-4019",       null, null,     6260005001, null) ;
INSERT INTO StoreTbl VALUES ( 6260005001010,   "LOFT",                                                      "13850 City Center Dr",                                     "(909) 591-6043",       null, null,     6260005001, null) ;
INSERT INTO StoreTbl VALUES ( 6260005001011,   "Sleep Number",                                              "13855 City Center Dr #3025",                               "(909) 627-7381",       null, null,     6260005001, null) ;
INSERT INTO StoreTbl VALUES ( 6260005001012,   "Jacuzzi Group Worldwide",                                   "13925 City Center Dr #200",                                "(909) 606-1416",       null, null,     6260005001, null) ;
INSERT INTO StoreTbl VALUES ( 6260005001013,   "RA Sushi Bar Restaurant",                                   "13925 City Center Dr #2065",                               "(909) 902-0044",       null, null,     6260005001, null) ;  -- rst  -- sushi
INSERT INTO StoreTbl VALUES ( 6260005001014,   "Pinkberry",                                                 "13865 City Center Dr #3085",                               "(909) 591-5763",       null, null,     6260005001, null) ;
INSERT INTO StoreTbl VALUES ( 6260005001015,   "Color Me Mine",                                             "13865 City Center Dr #3065",                               "(909) 628-7744",       null, null,     6260005001, null) ;
INSERT INTO StoreTbl VALUES ( 6260005001016,   "Jos. A. Bank",                                              "13925 City Center Dr #2020",                               "(909) 548-6700",       null, null,     6260005001, null) ;
INSERT INTO StoreTbl VALUES ( 6260005001017,   "Caps Unlimited",                                            "13925 City Center Dr",                                     "(909) 628-4900",       null, null,     6260005001, null) ;
INSERT INTO StoreTbl VALUES ( 6260005001018,   "The Den Salon",                                             "13920 City Center Dr #4060",                               "(909) 614-4463",       null, null,     6260005001, null) ;
INSERT INTO StoreTbl VALUES ( 6260005001019,   "Jared The Galleria of Jewelry",                             "3585 Grand Ave",                                           "(909) 548-4636",       null, null,     6260005001, null) ;  -- jewels
INSERT INTO StoreTbl VALUES ( 6260005001020,   "Dripp",                                                     "13855 City Center Dr #3015",                               "(909) 628-6384",       null, null,     6260005001, null) ;
INSERT INTO StoreTbl VALUES ( 6260005001021,   "Nirvana Threading",                                         "13865 City Center Dr #3090",                               "(909) 364-1200",       null, null,     6260005001, null) ;
INSERT INTO StoreTbl VALUES ( 6260005001022,   "Wood Ranch BBQ & Grill",                                    "3335 Grand Ave",                                           "(909) 203-5500",       null, null,     6260005001, null) ;  -- wbq-- rst

INSERT INTO StoreTbl VALUES ( 6260005002001,   "Chino Buffet Inc",                                          "2911 Chino Ave",                                           "(909) 628-5488",       null, null,     6260005002, null) ;
INSERT INTO StoreTbl VALUES ( 6260005002002,   "FLAVOR GARDEN",                                             "2923 Chino Avenue",                                        "(909) 627-8838",       null, null,     6260005002, null) ;
INSERT INTO StoreTbl VALUES ( 6260005002003,   "Thai Original Barbecue & Restaurant",                       "2911 Chino Ave # F",                                       "(909) 590-1009",       null, null,     6260005002, null) ;  -- rst
INSERT INTO StoreTbl VALUES ( 6260005002004,   "JJ Noodle House",                                           "2935 Chino Ave",                                           "(909) 591-5800",       null, null,     6260005002, null) ;
INSERT INTO StoreTbl VALUES ( 6260005002005,   "Alberto's Mexican Food",                                    "3060 Chino Ave",                                           "(909) 628-6232",       null, null,     6260005002, null) ;
INSERT INTO StoreTbl VALUES ( 6260005002006,   "The Grid Cyber Lounge",                                     "3060 Chino Ave",                                           "(909) 927-8335",       null, null,     6260005002, null) ;
INSERT INTO StoreTbl VALUES ( 6260005002007,   "Kiku Sushi Restaurant",                                     "3090 Chino Ave",                                           "(909) 591-1291",       null, null,     6260005002, null) ;  -- rst  -- sushi
INSERT INTO StoreTbl VALUES ( 6260005002008,   "Lobster Grill",                                             "3210 Chino Ave A",                                         "(909) 628-6580",       null, null,     6260005002, null) ;  -- rst
INSERT INTO StoreTbl VALUES ( 6260005002009,   "Green Island",                                              "13161 Peyton Dr",                                          "(909) 591-1899",       null, null,     6260005002, null) ;
INSERT INTO StoreTbl VALUES ( 6260005002010,   "Green House",                                               "13065 Peyton Dr",                                          "(909) 902-6000",       null, null,     6260005002, null) ;

INSERT INTO StoreTbl VALUES ( 6260005003001,   "Med-Plaza Pharmacy",                                        "3110 Chino Ave",                                           "(909) 465-6562",       null, null,     6260005003, null) ;
INSERT INTO StoreTbl VALUES ( 6260005003002,   "Empire Bikes",                                              "4200 Chino Hills Pkwy",                                    "(909) 393-2423",       null, null,     6260005003, null) ;
INSERT INTO StoreTbl VALUES ( 6260005003003,   "Franks PC Repair",                                         "15266 Murray Ave",                                         "(909) 524-9377",       null, null,     6260005003, null) ;  -- repair
INSERT INTO StoreTbl VALUES ( 6260005003004,   "Diamond & Design Jewelers",                                 "4505 Chino Hills Pkwy",                                    "(909) 393-1016",       null, null,     6260005003, null) ;  -- jewels
INSERT INTO StoreTbl VALUES ( 6260005003005,   "Banner Mattress",                                           "4108 Edison Ave",                                          "(909) 590-2554",       null, null,     6260005003, null) ;
INSERT INTO StoreTbl VALUES ( 6260005003006,   "VM Tech",                                                   "14122 Central Ave",                                        "(909) 902-5550",       null, null,     6260005003, null) ;
INSERT INTO StoreTbl VALUES ( 6260005003007,   "Capsule Footwear",                                          "13920 City Ctr Dr",                                        "(909) 628-4900",       null, null,     6260005003, null) ;
INSERT INTO StoreTbl VALUES ( 6260005003008,   "Flowers By Mae Mae",                                        "Chino Hills, CA 91709",                                    "(909) 855-7177",       null, null,     6260005003, null) ;
INSERT INTO StoreTbl VALUES ( 6260005003009,   "Chino Hills Wireless-Verizon Wireless Retailer",            "13850 City Center Dr",                                     "(909) 902-0366",       null, null,     6260005003, null) ;
INSERT INTO StoreTbl VALUES ( 6260005003010,   "This N That",                                              "14260 Chino Hills Pkwy",                                   "(909) 464-1108",       null, null,     6260005003, null) ;
INSERT INTO StoreTbl VALUES ( 6260005003011,   "Pixel Vault Games",                                         "501 W Holt Blvd",                                          "(909) 664-7635",       null, null,     6260005003, null) ;
INSERT INTO StoreTbl VALUES ( 6260005003012,   "Fixing My PC",                                              "Chino Hills, CA 91709",                                    "(909) 248-3672",       null, null,     6260005003, null) ;
INSERT INTO StoreTbl VALUES ( 6260005003013,   "The Grid Systems",                                          "3060 Chino Ave",                                           "(909) 927-8295",       null, null,     6260005003, null) ;
INSERT INTO StoreTbl VALUES ( 6260005003014,   "ASN Depot",                                                 "4200 Chino Hills Pkwy",                                    "(909) 548-0545",       null, null,     6260005003, null) ;
INSERT INTO StoreTbl VALUES ( 6260005003015,   "Quick Fix Professional Jewelry & Watch Repair",             "13788 Roswell Ave",                                        "(909) 767-7660",       null, null,     6260005003, null) ;  -- jewels -- repair
INSERT INTO StoreTbl VALUES ( 6260005003016,   "Forever Beauty Cosmetics",                                  "4667 Riverside Dr",                                        "(909) 325-2128",       null, null,     6260005003, null) ;
INSERT INTO StoreTbl VALUES ( 6260005003017,   "Comic Book Hideout",                                        "215 W Commonwealth Ave",                                   "(657) 217-0624",       null, null,     6260005003, null) ;
INSERT INTO StoreTbl VALUES ( 6260005003018,   "Complete Care Compounding Pharmacy",                        "351 S Diamond Bar Blvd",                                   "(909) 861-6900",       null, null,     6260005003, null) ;
INSERT INTO StoreTbl VALUES ( 6260005003019,   "Chino Florist & Greenhouse",                                "12968 Central Ave",                                        "(909) 628-4775",       null, null,     6260005003, null) ;
INSERT INTO StoreTbl VALUES ( 6260005003020,   "West Coast Shaving",                                        "4110 Edison Ave",                                          "(877) 710-6037",       null, null,     6260005003, null) ;
INSERT INTO StoreTbl VALUES ( 6260005003021,   "Cheapest iPhone, iPad, Samsung & Smartphone Repair",        "13788 Roswell Ave",                                        "(909) 529-1050",       null, null,     6260005003, null) ;  -- repair
INSERT INTO StoreTbl VALUES ( 6260005003022,   "Game-ER",                                                   "5460 Philadelphia St",                                     "(909) 627-7090",       null, null,     6260005003, null) ;
INSERT INTO StoreTbl VALUES ( 6260005003023,   "Onsite Printer Service",                                    "4050 Chino Hills Pkwy",                                    "(888) 786-4720",       null, null,     6260005003, null) ;
INSERT INTO StoreTbl VALUES ( 6260005003024,   "Furniture Import & Export Wholesale",                       "13770 Norton Ave",                                         "(909) 334-7852",       null, null,     6260005003, null) ;
INSERT INTO StoreTbl VALUES ( 6260005003025,   "Mattress Firm Chino Hills",                                 "3809 Grand Ave",                                           "(909) 465-0461",       null, null,     6260005003, null) ;
INSERT INTO StoreTbl VALUES ( 6260005003026,   "Amore Flowers Cards and Gifts",                             "12851 Mountain Ave",                                       "(714) 404-8059",       null, null,     6260005003, null) ;
INSERT INTO StoreTbl VALUES ( 6260005003027,   "Solus Clothing",                                            "14589 Ramona Ave",                                         "(909) 393-0830",       null, null,     6260005003, null) ;
INSERT INTO StoreTbl VALUES ( 6260005003028,   "Dunn-Edwards Paints",                                       "3570 Grand Ave",                                           "(909) 315-5070",       null, null,     6260005003, null) ;
INSERT INTO StoreTbl VALUES ( 6260005003029,   "M21 Surf Shop",                                             "13893 Central Ave",                                        "(909) 465-1195",       null, null,     6260005003, null) ;
INSERT INTO StoreTbl VALUES ( 6260005003030,   "Jer Repair",                                                "2232 D St",                                                "(909) 767-0999",       null, null,     6260005003, null) ;  -- repair
INSERT INTO StoreTbl VALUES ( 6260005003031,   "Boon Companion",                                            "145 Harvard Ave",                                          "(909) 625-1993",       null, null,     6260005003, null) ;
INSERT INTO StoreTbl VALUES ( 6260005003032,   "Orange Appliance Repair",                                   "100 W Chapman",                                            "(714) 855-4254",       null, null,     6260005003, null) ;  -- repair
INSERT INTO StoreTbl VALUES ( 6260005003033,   "IE Photo Rentals",                                          "558 W 2nd St",                                             "(909) 713-4377",       null, null,     6260005003, null) ;
INSERT INTO StoreTbl VALUES ( 6260005003034,   "Synergy Consulting Firm Inc.",                              "14071 Peyton Dr",                                          "(626) 233-6391",       null, null,     6260005003, null) ;

INSERT INTO StoreTbl VALUES ( 6260005004001,   "Ojiya",                                                     "4183 Chino Hills Pkwy",                                    "(909) 606-8638",       null, null,     6260005004, null) ;
INSERT INTO StoreTbl VALUES ( 6260005004002,   "Mes Amis",                                                  "14720 Pipeline Ave",                                       "(909) 597-8353",       null, null,     6260005004, null) ;
INSERT INTO StoreTbl VALUES ( 6260005004003,   "Nara Japanese Restaurant",                                  "3277 Grand Ave",                                           "(909) 465-5051",       null, null,     6260005004, null) ;  -- rst
INSERT INTO StoreTbl VALUES ( 6260005004004,   "Rokuan",                                                    "14230 Chino Hills Pkwy",                                   "(909) 590-1233",       null, null,     6260005004, null) ;
INSERT INTO StoreTbl VALUES ( 6260005004005,   "Roscoes Famous Deli",                                      "14700 Pipeline Ave",                                       "(909) 597-3304",       null, null,     6260005004, null) ;
INSERT INTO StoreTbl VALUES ( 6260005004006,   "Shoboo Kitchen",                                            "3626 Grand Ave",                                           "(909) 590-4425",       null, null,     6260005004, null) ;
INSERT INTO StoreTbl VALUES ( 6260005004007,   "Bravo Burgers",                                             "14698 Pipeline Ave",                                       "(909) 393-5595",       null, null,     6260005004, null) ;
INSERT INTO StoreTbl VALUES ( 6260005004008,   "Lettuce Toss It",                                           "15934 Los Serranos Country Club Dr",                       "(909) 606-9995",       null, null,     6260005004, null) ;
INSERT INTO StoreTbl VALUES ( 6260005004009,   "Seoul Tofu & Grill",                                        "2545 Chino Hills Pkwy",                                    "(909) 606-1432",       null, null,     6260005004, null) ;  -- rst
INSERT INTO StoreTbl VALUES ( 6260005004010,   "Royal Thai Restaurant",                                     "4200 Chino Hills Pkwy",                                    "(909) 393-2640",       null, null,     6260005004, null) ;  -- rst
INSERT INTO StoreTbl VALUES ( 6260005004011,   "One Plus One Dumpling House",                               "14720 Pipeline Ave",                                       "(909) 313-5903",       null, null,     6260005004, null) ;
INSERT INTO StoreTbl VALUES ( 6260005004012,   "Paradise Cuisine of India",                                 "2545 Chino Hills Pkwy",                                    "(909) 393-8878",       null, null,     6260005004, null) ;
INSERT INTO StoreTbl VALUES ( 6260005004013,   "The Green Banana Leaf Restaurant",                          "13089 Peyton Dr",                                          "(909) 465-9541",       null, null,     6260005004, null) ;  -- rst
INSERT INTO StoreTbl VALUES ( 6260005004014,   "Chodang Tofu House",                                        "4200 Chino Hills Pkwy",                                    "(909) 606-7524",       null, null,     6260005004, null) ;
INSERT INTO StoreTbl VALUES ( 6260005004015,   "Vanilla Fish",                                              "15870 Soquel Canyon Pkwy",                                 "(909) 597-8000",       null, null,     6260005004, null) ;
INSERT INTO StoreTbl VALUES ( 6260005004016,   "Chino Hills Brewing Company",                               "3280 Chino Hills Parkway",                                 "(909) 247-1800",       null, null,     6260005004, null) ;
INSERT INTO StoreTbl VALUES ( 6260005004017,   "Thai Corner",                                               "14230 Chino Hills Pkwy",                                   "(909) 627-6189",       null, null,     6260005004, null) ;
INSERT INTO StoreTbl VALUES ( 6260005004018,   "The Dirty Penguin",                                         "14708 Pipeline Ave",                                       "",                     null, null,     6260005004, null) ;
INSERT INTO StoreTbl VALUES ( 6260005004019,   "Cafe Miso",                                                 "4200 Chino Hills Pkwy",                                    "(909) 393-1788",       null, null,     6260005004, null) ;
INSERT INTO StoreTbl VALUES ( 6260005004020,   "Happy Kitchen",                                             "3233 Grand Ave",                                           "(909) 628-5488",       null, null,     6260005004, null) ;
INSERT INTO StoreTbl VALUES ( 6260005004021,   "Young Dong",                                                "3233 Grand Ave",                                           "(909) 613-1888",       null, null,     6260005004, null) ;
INSERT INTO StoreTbl VALUES ( 6260005004022,   "Tomo 7",                                                    "4200 Chino Hills Pkwy",                                    "(909) 606-7866",       null, null,     6260005004, null) ;
INSERT INTO StoreTbl VALUES ( 6260005004023,   "Ichikawa Shabu Fondue & Sushi",                             "4665 Chino Hills Pkwy",                                    "(909) 606-0080",       null, null,     6260005004, null) ;  -- sushi
INSERT INTO StoreTbl VALUES ( 6260005004024,   "Home Cooking",                                              "2983 Chino Ave",                                           "(909) 590-1888",       null, null,     6260005004, null) ;
INSERT INTO StoreTbl VALUES ( 6260005004025,   "Oh Queso",                                                  "14270 Chino Hills Pkwy",                                   "(909) 627-8880",       null, null,     6260005004, null) ;
INSERT INTO StoreTbl VALUES ( 6260005004026,   "Sushi Ten",                                                 "15463 Fairfield Ranch Rd",                                 "(909) 597-1980",       null, null,     6260005004, null) ;  -- sushi
INSERT INTO StoreTbl VALUES ( 6260005004027,   "Taqueria Mora",                                             "4183 Chino Hills Pkwy",                                    "(909) 393-5511",       null, null,     6260005004, null) ;
INSERT INTO StoreTbl VALUES ( 6260005004028,   "Jojos Pizza Kitchen",                                      "2923 Chino Ave",                                           "(909) 464-2222",       null, null,     6260005004, null) ;
INSERT INTO StoreTbl VALUES ( 6260005004029,   "Thai Original BBQ & Restaurant",                            "2911 Chino Ave",                                           "(909) 590-1009",       null, null,     6260005004, null) ;  -- rst -- wbq
INSERT INTO StoreTbl VALUES ( 6260005004030,   "San Juan Rotisserie Pollo",                                 "15942 Los Serranos Country Club Dr",                       "(909) 597-6034",       null, null,     6260005004, null) ;
INSERT INTO StoreTbl VALUES ( 6260005004031,   "WARA Bistro Wok & Hot Pot",                                 "13788 Roswell Ave",                                        "(909) 342-9128",       null, null,     6260005004, null) ;  -- rst, bistro
INSERT INTO StoreTbl VALUES ( 6260005004032,   "Manila Bay Seafood Boiler",                                 "4517 Chino Hills Pkwy",                                    "(909) 606-7766",       null, null,     6260005004, null) ;
INSERT INTO StoreTbl VALUES ( 6260005004033,   "Nonnos Pizzeria",                                          "15870 Soquel Canyon Pkwy",                                 "(909) 597-9977",       null, null,     6260005004, null) ;
INSERT INTO StoreTbl VALUES ( 6260005004034,   "Green Island Restaurant",                                   "13161 Peyton Dr B",                                        "(909) 591-1899",       null, null,     6260005004, null) ;  -- rst
INSERT INTO StoreTbl VALUES ( 6260005004035,   "Samurai Japanese Restaurant",                               "2593 Chino Hills Pkwy",                                    "(909) 393-1073",       null, null,     6260005004, null) ;  -- rst
INSERT INTO StoreTbl VALUES ( 6260005004036,   "Taste of China",                                            "4721 Chino Hills Pkwy",                                    "(909) 393-5999",       null, null,     6260005004, null) ;
INSERT INTO StoreTbl VALUES ( 6260005004037,   "ODonovans Restaurant & Pub",                              "101 E 3rd St",                                             "(909) 397-4384",       null, null,     6260005004, null) ;  -- rst
INSERT INTO StoreTbl VALUES ( 6260005004038,   "Sammys Cafe",                                              "131 W Foothill Blvd",                                      "(909) 920-9162",       null, null,     6260005004, null) ;
INSERT INTO StoreTbl VALUES ( 6260005004039,   "Tahoe Joes",                                               "3968 Grand Ave",                                           "(909) 628-1320",       null, null,     6260005004, null) ;
INSERT INTO StoreTbl VALUES ( 6260005004040,   "Pho Chino Hills",                                           "13788 Roswelll Ave",                                       "(909) 590-8555",       null, null,     6260005004, null) ;  -- rst, viet --- x
INSERT INTO StoreTbl VALUES ( 6260005004041,   "Pho Mai",                                                   "4505 Chino Hills Pkwy",                                    "(909) 606-6500",       null, null,     6260005004, null) ;  -- rst, viet --- x
INSERT INTO StoreTbl VALUES ( 6260005004042,   "The Habit Burger Grill",                                    "",                                                         "(909) 597-3344",       null, null,     6260005004, null) ;  -- rst
INSERT INTO StoreTbl VALUES ( 6260005004043,   "California Pizza Kitchen",                                  "3505 Grand Ave",                                           "(909) 590-3090",       null, null,     6260005004, null) ;
INSERT INTO StoreTbl VALUES ( 6260005004044,   "Hime Sushi & Roll",                                         "4110 Edison Ave",                                          "(909) 628-2521",       null, null,     6260005004, null) ;  -- sushi
INSERT INTO StoreTbl VALUES ( 6260005004045,   "PapaChinos Grill & Greens",                                "14501 Ramona Ave",                                         "(909) 393-9904",       null, null,     6260005004, null) ;  -- rst
INSERT INTO StoreTbl VALUES ( 6260005004046,   "The Pub At Chino Hills",                                    "5771 Pine Ave",                                            "(909) 597-2224",       null, null,     6260005004, null) ;

-- Brea

INSERT INTO PlazaTbl VALUES ( 6260002001,   "Brea Downtown",                      6260002 );
INSERT INTO PlazaTbl VALUES ( 6260002002,   "Other Local Businesses",             6260002 );
INSERT INTO PlazaTbl VALUES ( 6260002003,   "Other Local Resturaunt",             6260002 );

INSERT INTO StoreTbl VALUES ( 6260002001001,   "Brea Plaza Shopping Center",                                "",                                                         "",                     null, null,     6260002001, null) ;

INSERT INTO StoreTbl VALUES ( 6260002001002,   "Dolce Hair & Nails",                                        "3243 Associated Rd, Fullerton",                            "(714) 256-1558",       null, 0008,     6260002001, null) ;  -- cosm
INSERT INTO StoreTbl VALUES ( 6260002001003,   "Mother's Market",                                           "413 S Associated Rd",                                      "(714) 990-6667",       null, null,     6260002001, null) ;
INSERT INTO StoreTbl VALUES ( 6260002001004,   "Greatest Nails",                                            "469 S Associated Rd",                                      "(714) 990-5999",       null, 0008,     6260002001, null) ;  -- cosm
INSERT INTO StoreTbl VALUES ( 6260002001005,   "Brea Mall",                                                 "",                                                         "",                     null, null,     6260002001, null) ;
INSERT INTO StoreTbl VALUES ( 6260002001006,   "PANDORA Brea Mall",                                         "1041 Brea Mall",                                           "(714) 990-1417",       null, null,     6260002001, null) ;
INSERT INTO StoreTbl VALUES ( 6260002001007,   "Lands' End",                                                "100 Brea Mall",                                            "(714) 256-7330",       null, null,     6260002001, null) ;
INSERT INTO StoreTbl VALUES ( 6260002001008,   "The Shoe Clinic",                                           "1064 #D Brea Mal",                                         "(714) 990-9227",       null, null,     6260002001, null) ;
INSERT INTO StoreTbl VALUES ( 6260002001009,   "Brea Marketplace",                                          "",                                                         "",                     null, null,     6260002001, null) ;
INSERT INTO StoreTbl VALUES ( 6260002001010,   "MAKE IT FIT",                                               "975 E Birch St",                                           "(714) 990-6630",       null, null,     6260002001, null) ;
INSERT INTO StoreTbl VALUES ( 6260002001011,   "Imperial Highway Strip",                                    "",                                                         "",                     null, null,     6260002001, null) ;
INSERT INTO StoreTbl VALUES ( 6260002001012,   "Vape Headquarters",                                         "391 S State College Blvd",                                 "(714) 255-1719",       null, null,     6260002001, null) ;
INSERT INTO StoreTbl VALUES ( 6260002001013,   "Lettys & Henry Makeup Counter",                             "391 S State College Blvd Y",                               "(714) 457-4043",       null, null,     6260002001, null) ;
INSERT INTO StoreTbl VALUES ( 6260002001014,   "Avonti",                                                    "405 S State College Blvd #101",                            "(714) 256-1333",       null, null,     6260002001, null) ;
INSERT INTO StoreTbl VALUES ( 6260002001015,   "Nothing Bundt Cakes Brea",                                  "1050 E Imperial Hwy",                                      "(714) 529-1519",       null, null,     6260002001, null) ;
INSERT INTO StoreTbl VALUES ( 6260002001016,   "Midastee Teahouse",                                         "912 E Imperial Hwy",                                       "(714) 256-1618",       null, null,     6260002001, null) ;
INSERT INTO StoreTbl VALUES ( 6260002001017,   "A Snails Pace Running Shop",                                "1040 E Imperial Hwy # F2",                                 "(714) 529-6313",       null, 0008,     6260002001, null) ;  -- cosm
INSERT INTO StoreTbl VALUES ( 6260002001018,   "Ichiban Japanese & Sushi",                                  "1015 E Imperial Hwy C3",                                   "(714) 529-6157",       null, null,     6260002001, null) ;  -- sushi
INSERT INTO StoreTbl VALUES ( 6260002001019,   "Omars Exotic Birds",                                        "903 E Imperial Hwy",                                       "(714) 572-8353",       null, null,     6260002001, null) ;
INSERT INTO StoreTbl VALUES ( 6260002001020,   "Alexander's Salon & Spa",                                   "391 S State College Blvd",                                 "(714) 672-6999",       null, 0008,     6260002001, null) ;  -- cosm
INSERT INTO StoreTbl VALUES ( 6260002001021,   "Durango Mexican Grill",                                     "730 E Imperial Hwy",                                       "(714) 255-5660",       null, null,     6260002001, null) ;  -- rst
INSERT INTO StoreTbl VALUES ( 6260002001022,   "Brea Tropical Fish & Pets",                                 "704 E Imperial Hwy",                                       "(714) 255-8099",       null, null,     6260002001, null) ;
INSERT INTO StoreTbl VALUES ( 6260002001023,   "City Life",                                                 "720 E Imperial Hwy",                                       "(714) 255-9696",       null, null,     6260002001, null) ;
INSERT INTO StoreTbl VALUES ( 6260002001024,   "Frost My Cake",                                             "518 E Imperial Hwy",                                       "(714) 990-2577",       null, null,     6260002001, null) ;
INSERT INTO StoreTbl VALUES ( 6260002001025,   "Fisherman's Access",                                        "524 E Imperial Hwy",                                       "(714) 674-0064",       null, null,     6260002001, null) ;
INSERT INTO StoreTbl VALUES ( 6260002001026,   "Brea Brake & Radiator",                                     "538 E Imperial Hwy",                                       "(714) 529-1517",       null, null,     6260002001, null) ;


INSERT INTO StoreTbl VALUES ( 6260002002001,   "Cha Cha's Latin Kitchen",                                   "110 W Birch St #7",                                        "(714) 255-1040",       null, null,     6260002002, null) ;
INSERT INTO StoreTbl VALUES ( 6260002002002,   "Farrell's Ice Cream Parlour",                               "215 S Brea Blvd",                                          "(714) 990-4386",       null, null,     6260002002, null) ;
INSERT INTO StoreTbl VALUES ( 6260002002003,   "TAPS Fish House & Brewery",                                 "101 E Imperial Hwy",                                       "(714) 257-0101",       null, null,     6260002002, null) ;
INSERT INTO StoreTbl VALUES ( 6260002002004,   "Strait Up Barber Shop",                                     "337 S Brea Blvd",                                          "(714) 529-1965",       null, 0002,     6260002002, null) ;  -- barber
INSERT INTO StoreTbl VALUES ( 6260002002005,   "The Upscale Nail",                                          "440 S Brea Blvd B",                                        "(714) 308-8770",       null, 0008,     6260002002, null) ;  -- cosm
INSERT INTO StoreTbl VALUES ( 6260002002006,   "Kamsin's Collection",                                       "501 S Brea Blvd",                                          "(562) 924-7691",       null, null,     6260002002, null) ;
INSERT INTO StoreTbl VALUES ( 6260002002007,   "Studio 138",                                                "564 S Brea Blvd",                                          "(714) 501-0482",       null, null,     6260002002, null) ;
INSERT INTO StoreTbl VALUES ( 6260002002008,   "Facing Beauty Studios",                                     "572 S Brea Blvd",                                          "(714) 255-9000",       null, null,     6260002002, null) ;
INSERT INTO StoreTbl VALUES ( 6260002002009,   "Pk Donuts",                                                 "602 S Brea Blvd",                                          "(714) 257-9510",       null, null,     6260002002, null) ;
INSERT INTO StoreTbl VALUES ( 6260002002010,   "Fratellino's Italian Restaurant",                           "600 S Brea Blvd",                                          "(714) 255-9100",       null, null,     6260002002, null) ;  -- rst
INSERT INTO StoreTbl VALUES ( 6260002002011,   "Cornerstone Dental Care",                                   "652 S Brea Blvd",                                          "(714) 256-9400",       null, 0014,     6260002002, null) ;  -- med, dental
INSERT INTO StoreTbl VALUES ( 6260002002012,   "McCulloch's Wide Width Shoes",                              "685 S Brea Blvd",                                          "(714) 529-7872",       null, null,     6260002002, null) ;
INSERT INTO StoreTbl VALUES ( 6260002002013,   "Brea's Best Hamburger",                                     "707 N Brea Blvd",                                          "(714) 990-2615",       null, null,     6260002002, null) ;
INSERT INTO StoreTbl VALUES ( 6260002002014,   "Kimmies Coffee Cup",                                        "770 S Brea Blvd #115",                                     "(714) 529-4022",       null, null,     6260002002, null) ;
INSERT INTO StoreTbl VALUES ( 6260002002015,   "La Petite Florist & Gifts",                                 "770 S Brea Blvd # 105",                                    "(714) 529-4822",       null, null,     6260002002, null) ;
INSERT INTO StoreTbl VALUES ( 6260002002016,   "G & G Tailors",                                             "770 S Brea Blvd # 111",                                    "(714) 257-0174",       null, null,     6260002002, null) ;
INSERT INTO StoreTbl VALUES ( 6260002002017,   "Faster Fitness",                                            "3030 N Brea Blvd, Fullerton",                              "(714) 397-9765",       null, null,     6260002002, null) ;
INSERT INTO StoreTbl VALUES ( 6260002002018,   "Beverly's Best Bakery",                                     "020 N Brea Blvd, Fullerton",                               "(714) 529-3989",       null, null,     6260002002, null) ;
INSERT INTO StoreTbl VALUES ( 6260002002019,   "Apple Nails & Spa",                                         "3010 N Brea Blvd",                                         "(714) 257-9476",       null, 0008,     6260002002, null) ;  -- cosm
INSERT INTO StoreTbl VALUES ( 6260002002020,   "Platinum Cleaners",                                         "3012 N Brea Blvd, Fullerton",                              "(714) 671-1468",       null, 0006,     6260002002, null) ;  -- cleaners


INSERT INTO StoreTbl VALUES ( 6260002003001,   "green2GO",                                                  "2435 E Imperial Hwy",                                      "(714) 482-2130",       null, null,     6260002003, null) ;
INSERT INTO StoreTbl VALUES ( 6260002003002,   "DVine",                                                    "955 E Birch St",                                           "(714) 990-0100",       null, null,     6260002003, null) ;
INSERT INTO StoreTbl VALUES ( 6260002003003,   "Cha Chas Latin Kitchen",                                   "110 W Birch St",                                           "(714) 255-1040",       null, null,     6260002003, null) ;
INSERT INTO StoreTbl VALUES ( 6260002003004,   "Alza Osteria",                                              "131 S Kraemer Blvd",                                       "(714) 990-1044",       null, null,     6260002003, null) ;
INSERT INTO StoreTbl VALUES ( 6260002003005,   "Macallans Public House",                                    "330 W Birch St",                                           "(714) 529-1224",       null, null,     6260002003, null) ;
INSERT INTO StoreTbl VALUES ( 6260002003006,   "Lazy Dog Restaurant & Bar",                                 "240 S State College Blvd",                                 "(714) 529-9300",       null, null,     6260002003, null) ;  -- rst
INSERT INTO StoreTbl VALUES ( 6260002003007,   "Oasis Mediterranean Cuisine",                               "330 N Brea Blvd",                                          "(714) 990-2261",       null, null,     6260002003, null) ;
INSERT INTO StoreTbl VALUES ( 6260002003008,   "Fratellinos Italian Restaurant",                           "600 S Brea Blvd",                                          "(714) 255-9100",       null, null,     6260002003, null) ;  -- rst
INSERT INTO StoreTbl VALUES ( 6260002003009,   "Olive Pit Grill - Brea",                                    "2445 E Imperial Hwy",                                      "(714) 529-3200",       null, null,     6260002003, null) ;  -- rst
INSERT INTO StoreTbl VALUES ( 6260002003010,   "Calivino Wine Pub",                                         "2410 E Katella Ave",                                       "(714) 939-7735",       null, null,     6260002003, null) ;
INSERT INTO StoreTbl VALUES ( 6260002003011,   "Kellys Korner Tavern",                                     "907 E Yorba Linda Blvd",                                   "(657) 226-1268",       null, null,     6260002003, null) ;
INSERT INTO StoreTbl VALUES ( 6260002003012,   "G Burger - La Habra",                                       "421 E La Habra Blvd",                                      "(562) 245-7208",       null, null,     6260002003, null) ;
INSERT INTO StoreTbl VALUES ( 6260002003013,   "Jimmys Famous American Tavern",                            "3325 E Imperial Hwy",                                      "(714) 733-1310",       null, null,     6260002003, null) ;
INSERT INTO StoreTbl VALUES ( 6260002003014,   "Mendocino Farms",                                           "3317 E Imperial Hwy",                                      "(714) 924-7100",       null, null,     6260002003, null) ;
INSERT INTO StoreTbl VALUES ( 6260002003015,   "Cedar Creek Inn",                                           "20 Pointe Dr",                                             "(714) 255-5600",       null, null,     6260002003, null) ;
INSERT INTO StoreTbl VALUES ( 6260002003016,   "On The Hook",                                               "2445 E Imperial Hwy",                                      "(714) 671-5886",       null, null,     6260002003, null) ;
INSERT INTO StoreTbl VALUES ( 6260002003017,   "Yard House",                                                "160 South Brea Blvd",                                      "(714) 529-9273",       null, null,     6260002003, null) ;
INSERT INTO StoreTbl VALUES ( 6260002003018,   "Slapfish",                                                  "3405 E Imperial Hwy",                                      "(657) 444-2291",       null, null,     6260002003, null) ;
INSERT INTO StoreTbl VALUES ( 6260002003019,   "Cabo Grill & Cantina",                                      "301 N Brea Blvd",                                          "(714) 529-2540",       null, null,     6260002003, null) ;  -- rst
INSERT INTO StoreTbl VALUES ( 6260002003020,   "Green Tomato Grill",                                        "796 N Brea Blvd",                                          "(714) 987-3766",       null, null,     6260002003, null) ;  -- rst
INSERT INTO StoreTbl VALUES ( 6260002003021,   "The Cheesecake Factory",                                    "",                                                         "(714) 255-0115",       null, null,     6260002003, null) ;
INSERT INTO StoreTbl VALUES ( 6260002003022,   "Farrells Ice Cream Parlour Restaurant",                    "215 S Brea Blvd",                                          "(714) 990-4386",       null, null,     6260002003, null) ;  -- rst
INSERT INTO StoreTbl VALUES ( 6260002003023,   "De Oro La Puerta",                                          "171 S Kraemer Blvd",                                       "(714) 990-5013",       null, null,     6260002003, null) ;
INSERT INTO StoreTbl VALUES ( 6260002003024,   "Urban Plates",                                              "3413 E. Imperial Hwy",                                     "(714) 462-9885",       null, null,     6260002003, null) ;
INSERT INTO StoreTbl VALUES ( 6260002003025,   "El Torito Grill",                                           "555 Pointe Dr",                                            "(714) 990-2411",       null, null,     6260002003, null) ;  -- rst
INSERT INTO StoreTbl VALUES ( 6260002003026,   "Ichiban Japanese & Sushi Restaurant",                       "1015 E Imperial Hwy",                                      "(714) 529-6157",       null, null,     6260002003, null) ;  -- rst  -- sushi
INSERT INTO StoreTbl VALUES ( 6260002003027,   "California Fish Grill",                                     "419 S Associated Rd",                                      "(714) 482-2151",       null, null,     6260002003, null) ;  -- rst
INSERT INTO StoreTbl VALUES ( 6260002003028,   "Portofino Trattoria",                                       "1233 W Central Ave",                                       "(562) 690-1765",       null, null,     6260002003, null) ;
INSERT INTO StoreTbl VALUES ( 6260002003029,   "Pho Tay Bac",                                               "860 W Imperial Hwy",                                       "(714) 529-2162",       null, null,     6260002003, null) ;  -- rst, viet --- x
INSERT INTO StoreTbl VALUES ( 6260002003030,   "Red Lantern",                                               "746 N Brea Blvd",                                          "(714) 256-9068",       null, null,     6260002003, null) ;
INSERT INTO StoreTbl VALUES ( 6260002003031,   "Breas Best Burgers",                                       "707 S Brea Blvd",                                          "(714) 990-2615",       null, null,     6260002003, null) ;
INSERT INTO StoreTbl VALUES ( 6260002003032,   "K3grill Korean BBQ",                                        "2445 East Imperial Hwy",                                   "(714) 255-1505",       null, null,     6260002003, null) ;  -- wbq-- rst
INSERT INTO StoreTbl VALUES ( 6260002003033,   "Islands Restaurant",                                        "250 S State College Blvd",                                 "(714) 256-1666",       null, null,     6260002003, null) ;  -- rst
INSERT INTO StoreTbl VALUES ( 6260002003034,   "Crepes de Paris",                                           "275 W Birch St",                                           "(714) 529-3816",       null, null,     6260002003, null) ;
INSERT INTO StoreTbl VALUES ( 6260002003035,   "Pk Burgers",                                                "3320 E Imperial Hwy",                                      "(714) 528-0141",       null, null,     6260002003, null) ;
INSERT INTO StoreTbl VALUES ( 6260002003036,   "Kyoto Buffet & Grill",                                      "200 S State College Blvd",                                 "(714) 256-1288",       null, null,     6260002003, null) ;  -- rst
INSERT INTO StoreTbl VALUES ( 6260002003037,   "Super Juicy Dumplings",                                     "2445 E Imperial Hwy",                                      "(714) 928-7666",       null, null,     6260002003, null) ;
INSERT INTO StoreTbl VALUES ( 6260002003038,   "Tgs Sandwich",                                             "831 W Lambert Rd",                                         "(714) 529-8685",       null, null,     6260002003, null) ;
INSERT INTO StoreTbl VALUES ( 6260002003039,   "Shark Sushi",                                               "724 N Brea Blvd",                                          "(714) 255-1178",       null, null,     6260002003, null) ;  -- sushi
INSERT INTO StoreTbl VALUES ( 6260002003040,   "Claim Jumper",                                              "190 S State College Blvd",                                 "(714) 529-9061",       null, null,     6260002003, null) ;
INSERT INTO StoreTbl VALUES ( 6260002003041,   "Buca di Beppo",                                             "1609 E Imperial Hwy",                                      "(714) 529-6262",       null, null,     6260002003, null) ;
INSERT INTO StoreTbl VALUES ( 6260002003042,   "The International Coffee House",                            "1015 E Imperial Hwy",                                      "(714) 671-7803",       null, null,     6260002003, null) ;
INSERT INTO StoreTbl VALUES ( 6260002003043,   "Poki Monster",                                              "105 W Lambert Rd",                                         "(714) 256-0850",       null, null,     6260002003, null) ;
INSERT INTO StoreTbl VALUES ( 6260002003044,   "L&L Hawaiian Barbecue",                                     "2445 E Imperial Hwy",                                      "(714) 990-8999",       null, null,     6260002003, null) ;
INSERT INTO StoreTbl VALUES ( 6260002003045,   "Which Wich",                                                "437 S Associated Rd",                                      "(714) 672-9424",       null, null,     6260002003, null) ;
INSERT INTO StoreTbl VALUES ( 6260002003046,   "Gyu-Kaku Japanese BBQ",                                     "120 S Brea Blvd",                                          "(714) 671-9378",       null, null,     6260002003, null) ;  -- wbq
INSERT INTO StoreTbl VALUES ( 6260002003047,   "Kimmies Coffee Cup",                                       "770 S Brea Blvd",                                          "(714) 529-4022",       null, null,     6260002003, null) ;
INSERT INTO StoreTbl VALUES ( 6260002003048,   "Capital Noodle Bar",                                        "3477 E Imperial Hwy",                                      "(714) 983-7996",       null, null,     6260002003, null) ;
INSERT INTO StoreTbl VALUES ( 6260002003049,   "Tempo Urban Kitchen",                                       "1060 E Imperial Hwy",                                      "(714) 529-2900",       null, null,     6260002003, null) ;
INSERT INTO StoreTbl VALUES ( 6260002003050,   "Rae G Cafe",                                                "2860 E Imperial Hwy",                                      "(714) 792-1972",       null, null,     6260002003, null) ;
INSERT INTO StoreTbl VALUES ( 6260002003051,   "Midastee Tea House",                                        "912 E Imperial Hwy",                                       "(714) 256-1618",       null, null,     6260002003, null) ;
INSERT INTO StoreTbl VALUES ( 6260002003052,   "Steak & Seafood House",                                     "Brea, CA 92821",                                           "(714) 249-5057",       null, null,     6260002003, null) ;
INSERT INTO StoreTbl VALUES ( 6260002003053,   "Premium Suit Outlets",                                      "924 E Imperial Hwy",                                       "(714) 784-6401",       null, null,     6260002003, null) ;
INSERT INTO StoreTbl VALUES ( 6260002003054,   "A Snails Pace Running Shop",                               "1040 E Imperial Hwy",                                      "(714) 529-6313",       null, 0008,     6260002003, null) ;  -- cosm
INSERT INTO StoreTbl VALUES ( 6260002003055,   "Alicias Cookery & Catering",                               "590 W Central Ave",                                        "(714) 990-4700",       null, null,     6260002003, null) ;
INSERT INTO StoreTbl VALUES ( 6260002003056,   "OC Shirt Shop",                                             "2761 Saturn St",                                           "(714) 646-1240",       null, null,     6260002003, null) ;
INSERT INTO StoreTbl VALUES ( 6260002003057,   "Watch Tech",                                                "403 W Imperial Hwy",                                       "(714) 255-1695",       null, null,     6260002003, null) ;
INSERT INTO StoreTbl VALUES ( 6260002003058,   "The Realm Games and Comics",                                "1033 E Imperial Hwy",                                      "(714) 990-8450",       null, null,     6260002003, null) ;
INSERT INTO StoreTbl VALUES ( 6260002003059,   "Active Ride Shop",                                          "1160-B E Imperial Hwy",                                    "(714) 256-8516",       null, null,     6260002003, null) ;
INSERT INTO StoreTbl VALUES ( 6260002003060,   "Lifeway Christian Store",                                   "2535 E Imperial Hwy",                                      "(714) 256-0277",       null, null,     6260002003, null) ;
INSERT INTO StoreTbl VALUES ( 6260002003061,   "Enchanted Toy Store",                                       "1082 E Bastanchury Rd",                                    "(714) 257-0112",       null, null,     6260002003, null) ;
INSERT INTO StoreTbl VALUES ( 6260002003062,   "Two Wheeler Dealer",                                        "1039 E Imperial Hwy",                                      "(714) 671-1730",       null, null,     6260002003, null) ;
INSERT INTO StoreTbl VALUES ( 6260002003063,   "Mil-Specs Pro",                                             "649 W Imperial Hwy",                                       "(714) 383-5712",       null, null,     6260002003, null) ;
INSERT INTO StoreTbl VALUES ( 6260002003064,   "McCullochs Wide Width Shoes",                              "685 S Brea Blvd",                                          "(714) 529-7872",       null, null,     6260002003, null) ;
INSERT INTO StoreTbl VALUES ( 6260002003065,   "Gamut Media",                                               "655 N Berry St",                                           "(714) 255-0488",       null, null,     6260002003, null) ;
INSERT INTO StoreTbl VALUES ( 6260002003066,   "Diamond Direct",                                            "908 E Imperial Hwy",                                       "(714) 671-4952",       null, null,     6260002003, null) ;
INSERT INTO StoreTbl VALUES ( 6260002003067,   "In Flower",                                                 "1050 E Imperial Hwy",                                      "(714) 990-3308",       null, null,     6260002003, null) ;
INSERT INTO StoreTbl VALUES ( 6260002003068,   "Mandel Jewelers",                                           "2500 E Imperial Hwy",                                      "(714) 256-9694",       null, null,     6260002003, null) ;  -- jewels
INSERT INTO StoreTbl VALUES ( 6260002003069,   "Vacuum Depot Corp",                                         "467 S Associated Rd",                                      "(714) 990-8888",       null, null,     6260002003, null) ;
INSERT INTO StoreTbl VALUES ( 6260002003070,   "Cost Plus World Market",                                    "109 W Imperial Hwy",                                       "(714) 255-9195",       null, null,     6260002003, null) ;
INSERT INTO StoreTbl VALUES ( 6260002003071,   "Renaissance Repair Shop",                                   "501 S Brea Blvd",                                          "(323) 314-7827",       null, null,     6260002003, null) ;  -- repair
INSERT INTO StoreTbl VALUES ( 6260002003072,   "Sonshine Christmas Trees",                                  "4100 N Harbor Blvd",                                       "(714) 680-8600",       null, null,     6260002003, null) ;
INSERT INTO StoreTbl VALUES ( 6260002003073,   "Minuteman Press of Brea",                                   "649 W Imperial Hwy",                                       "(714) 529-9022",       null, null,     6260002003, null) ;
INSERT INTO StoreTbl VALUES ( 6260002003074,   "The Scanning Company",                                      "570 W Lambert Rd",                                         "(714) 671-4000",       null, null,     6260002003, null) ;
INSERT INTO StoreTbl VALUES ( 6260002003075,   "Signpros",                                                  "849 W Lambert Rd",                                         "(714) 672-0073",       null, null,     6260002003, null) ;
INSERT INTO StoreTbl VALUES ( 6260002003076,   "Brea Florist",                                              "341 South Brea Blvd",                                      "(714) 529-2747",       null, null,     6260002003, null) ;
INSERT INTO StoreTbl VALUES ( 6260002003077,   "M I T Chem Dry",                                            "Brea, CA 92821",                                           "(714) 671-7800",       null, null,     6260002003, null) ;
INSERT INTO StoreTbl VALUES ( 6260002003078,   "World Photo",                                               "920 E Imperial Hwy",                                       "(714) 529-3890",       null, null,     6260002003, null) ;
INSERT INTO StoreTbl VALUES ( 6260002003079,   "BoxLunch",                                                  "1065 Brea Mall",                                           "(855) 463-3646",       null, null,     6260002003, null) ;
INSERT INTO StoreTbl VALUES ( 6260002003080,   "Batteries Plus Bulbs",                                      "407 W Imperial Hwy",                                       "(714) 529-1800",       null, null,     6260002003, null) ;
INSERT INTO StoreTbl VALUES ( 6260002003081,   "City Print Productions",                                    "800 Steele Dr",                                            "(714) 904-0676",       null, null,     6260002003, null) ;
INSERT INTO StoreTbl VALUES ( 6260002003082,   "Tungsten World",                                            "471 W Lambert Rd",                                         "(714) 256-4310",       null, null,     6260002003, null) ;
INSERT INTO StoreTbl VALUES ( 6260002003083,   "We Of The Needle",                                          "2810 E Imperial Hwy",                                      "(909) 345-1983",       null, null,     6260002003, null) ;
INSERT INTO StoreTbl VALUES ( 6260002003084,   "Vacuum Depot Corp",                                         "467 S Associated Rd",                                      "(714) 990-8888",       null, null,     6260002003, null) ;
INSERT INTO StoreTbl VALUES ( 6260002003085,   "World Photo",                                               "920 E Imperial Hwy",                                       "(714) 529-3890",       null, null,     6260002003, null) ;
INSERT INTO StoreTbl VALUES ( 6260002003086,   "Garden Greeters",                                           "305 S Flower Ave",                                         "(714) 255-1601",       null, null,     6260002003, null) ;
INSERT INTO StoreTbl VALUES ( 6260002003087,   "Davenport Home",                                            "2868 E Imperial Hwy",                                      "(714) 524-9910",       null, null,     6260002003, null) ;
INSERT INTO StoreTbl VALUES ( 6260002003088,   "BoxLunch",                                                  "1065 Brea Mall",                                           "(855) 463-3646",       null, null,     6260002003, null) ;
INSERT INTO StoreTbl VALUES ( 6260002003089,   "University Printing",                                       "637 E Whittier Blvd",                                      "(562) 690-8954",       null, null,     6260002003, null) ;
INSERT INTO StoreTbl VALUES ( 6260002003090,   "Graphisigns",                                               "700 E Lambert Rd",                                         "(562) 697-1702",       null, null,     6260002003, null) ;
INSERT INTO StoreTbl VALUES ( 6260002003091,   "Davenport Home",                                            "2868 E Imperial Hwy",                                      "(714) 524-9910",       null, null,     6260002003, null) ;
INSERT INTO StoreTbl VALUES ( 6260002003092,   "Alfred Angelo Bridal",                                      "280 S State College Blvd",                                 "(714) 671-0946",       null, null,     6260002003, null) ;
INSERT INTO StoreTbl VALUES ( 6260002003093,   "Stix N Tees",                                               "1065 Brea Mall",                                           "(323) 539-3934",       null, null,     6260002003, null) ;
INSERT INTO StoreTbl VALUES ( 6260002003094,   "Invite Ink",                                                "259 N Berry St",                                           "(714) 529-8889",       null, null,     6260002003, null) ;
INSERT INTO StoreTbl VALUES ( 6260002003095,   "Brea Bead Works",                                           "1033 E Imperial Hwy",                                      "(714) 671-9976",       null, null,     6260002003, null) ;
INSERT INTO StoreTbl VALUES ( 6260002003096,   "Arts Tailoring",                                           "1010 E Imperial Hwy",                                      "(714) 529-4888",       null, null,     6260002003, null) ;
INSERT INTO StoreTbl VALUES ( 6260002003097,   "Friar Tux Shop",                                            "280 S. State College Blvd.",                               "(714) 529-4200",       null, null,     6260002003, null) ;
INSERT INTO StoreTbl VALUES ( 6260002003098,   "Orange Clementine",                                         "431 Commercial Way",                                       "(714) 449-1823",       null, null,     6260002003, null) ;
INSERT INTO StoreTbl VALUES ( 6260002003099,   "Graphisigns",                                               "700 E Lambert Rd",                                         "(562) 697-1702",       null, null,     6260002003, null) ;
INSERT INTO StoreTbl VALUES ( 6260002003100,   "Davids Bridal",                                            "810 East Imperial Hwy",                                    "(714) 990-0760",       null, null,     6260002003, null) ;
INSERT INTO StoreTbl VALUES ( 6260002003101,   "Dress Barn",                                                "2500 E Imperial Hwy",                                      "(714) 671-7865",       null, null,     6260002003, null) ;
INSERT INTO StoreTbl VALUES ( 6260002003102,   "Cotton On",                                                 "1065 Brea Mall",                                           "",                     null, null,     6260002003, null) ;
INSERT INTO StoreTbl VALUES ( 6260002003103,   "SUO Boutique",                                              "110 W Birch St",                                           "(714) 255-1556",       null, null,     6260002003, null) ;
INSERT INTO StoreTbl VALUES ( 6260002003104,   "Dice House Games",                                          "2493 E Chapman Ave",                                       "(714) 871-6494",       null, null,     6260002003, null) ;
INSERT INTO StoreTbl VALUES ( 6260002003105,   "Clock Man The",                                             "205 W Commonwealth Ave",                                   "(714) 578-0089",       null, null,     6260002003, null) ;

-- Tustin

INSERT INTO PlazaTbl VALUES ( 6260027001,   "Local Businesses",  6260027) ;
INSERT INTO PlazaTbl VALUES ( 6260027002,   "Local Resuraunts",  6260027) ;

INSERT INTO StoreTbl VALUES ( 6260027001001,   "Peter's Gourmade Grill",                                    "24311 Newport Ave",                                        "(714) 832-2099",       null, null,     6260027001, null) ;  -- rst
INSERT INTO StoreTbl VALUES ( 6260027001002,   "Centro",                                                    "140 E Main St",                                            "(714) 258-8817 ",      null, null,     6260027001, null) ;
INSERT INTO StoreTbl VALUES ( 6260027001003,   "Sushi Bear",                                                "17292 Mcfadden Ave Ste B",                                 "(714) 884-4172",       null, null,     6260027001, null) ;  -- sushi
INSERT INTO StoreTbl VALUES ( 6260027001004,   "El Camino Cafe",                                            "195 El Camino Real",                                       "(714) 573-5898",       null, null,     6260027001, null) ;
INSERT INTO StoreTbl VALUES ( 6260027001005,   "Sushi Damu",                                                "13962 Newport Ave Ste D",                                  "(714) 505-3147",       null, null,     6260027001, null) ;  -- sushi
INSERT INTO StoreTbl VALUES ( 6260027001006,   "Habuya Okinawan Dining",                                    "14215 Red Hill Ave",                                       "(714) 832-3323",       null, null,     6260027001, null) ;
INSERT INTO StoreTbl VALUES ( 6260027001007,   "The Sandwich Society",                                      "2031 E First St Ste A3",                                   "(714) 835-3878",       null, null,     6260027001, null) ;
INSERT INTO StoreTbl VALUES ( 6260027001008,   "American Grub",                                             "365 El Camino Real",                                       "(714) 505-3500",       null, null,     6260027001, null) ;
INSERT INTO StoreTbl VALUES ( 6260027001009,   "Kitajima Sushi & Thai",                                     "658 El Camino Real",                                       "(714) 832-8110",       null, null,     6260027001, null) ;  -- sushi
INSERT INTO StoreTbl VALUES ( 6260027001010,   "Roma D Italia",                                            "611 El Camino Real",                                       "(714) 544-0273",       null, null,     6260027001, null) ;
INSERT INTO StoreTbl VALUES ( 6260027001011,   "Poke Town",                                                 "1450 El Camino Real Ste E",                                "(714) 884-3035",       null, null,     6260027001, null) ;
INSERT INTO StoreTbl VALUES ( 6260027001012,   "Moreys Place",                                             "303 El Camino Real",                                       "(714) 486-2528",       null, null,     6260027001, null) ;
INSERT INTO StoreTbl VALUES ( 6260027001013,   "Kaminariya Yakitori Dining",                                "14071 Newport Ave",                                        "(714) 544-1169",       null, null,     6260027001, null) ;
INSERT INTO StoreTbl VALUES ( 6260027001014,   "Gyro N Kabob",                                              "14145 Red Hill Ave",                                       "(714) 505-0713",       null, null,     6260027001, null) ;
INSERT INTO StoreTbl VALUES ( 6260027001015,   "Suvarnabhumi Thai Restaurant",                              "13572 Newport Ave",                                        "(714) 204-0654",       null, null,     6260027001, null) ;  -- rst
INSERT INTO StoreTbl VALUES ( 6260027001016,   "Rockfire Grill",                                            "1945 E17th St Ste 104",                                    "(714) 564-0545",       null, null,     6260027001, null) ;  -- rst
INSERT INTO StoreTbl VALUES ( 6260027001017,   "Christakis Greek Cuisine",                                  "13011 Newport Ave Ste 113",                                "(714) 731-6600",       null, null,     6260027001, null) ;
INSERT INTO StoreTbl VALUES ( 6260027001018,   "Kolache Factory",                                           "14091 Newport Ave",                                        "(714) 730-2253",       null, null,     6260027001, null) ;
INSERT INTO StoreTbl VALUES ( 6260027001019,   "Grape Leaf Mediterranean Grill",                            "17582 E 17th St Space 105",                                "(714) 544-1900",       null, 0008,     6260027001, null) ;  -- cosm-- rst
INSERT INTO StoreTbl VALUES ( 6260027001020,   "Gohan Sushi",                                               "13842 Newport Ave Ste C",                                  "(714) 204-0401",       null, null,     6260027001, null) ;  -- sushi
INSERT INTO StoreTbl VALUES ( 6260027001021,   "Freesoulcaffe",                                             "191 E Main St Ste 1B",                                     "(714) 371-0976",       null, null,     6260027001, null) ;
INSERT INTO StoreTbl VALUES ( 6260027001022,   "Full Moon Sushi",                                           "498 E 1st St",                                             "(714) 508-0312",       null, null,     6260027001, null) ;  -- sushi
INSERT INTO StoreTbl VALUES ( 6260027001023,   "McCharles House Restaurant & Tea Room",                     "335 South C St",                                           "(714) 731-4063",       null, null,     6260027001, null) ;  -- rst
INSERT INTO StoreTbl VALUES ( 6260027001024,   "Tustin Brewing Co",                                         "13011 Newport Ave Ste 100",                                "(714) 665-2337",       null, null,     6260027001, null) ;
INSERT INTO StoreTbl VALUES ( 6260027001025,   "Date Cafe",                                                 "13931 Carroll Way",                                        "(714) 505-8922",       null, null,     6260027001, null) ;
INSERT INTO StoreTbl VALUES ( 6260027001026,   "Seoul Garden BBQ Buffet",                                   "13828 Red Hill Ave",                                       "(714) 573-9292",       null, null,     6260027001, null) ;  -- wbq
INSERT INTO StoreTbl VALUES ( 6260027001027,   "Pinas Bistro",                                             "640 W 1st St Ste C",                                       "(714) 730-5442",       null, null,     6260027001, null) ;  -- rst, bistro
INSERT INTO StoreTbl VALUES ( 6260027001028,   "Cream Pan",                                                 "602 El Camino Real",                                       "(714) 665-8239",       null, null,     6260027001, null) ;
INSERT INTO StoreTbl VALUES ( 6260027001029,   "Heidar Baba",                                               "2505 El Camino Real",                                      "(949) 245-2020",       null, null,     6260027001, null) ;
INSERT INTO StoreTbl VALUES ( 6260027001030,   "Tan Hoang Huong Sandwiches & Coffee",                       "14081 Newport Ave",                                        "(714) 731-1366",       null, null,     6260027001, null) ;
INSERT INTO StoreTbl VALUES ( 6260027001031,   "Tanakaya",                                                  "654 El Camino Real",                                       "(657) 231-6245",       null, null,     6260027001, null) ;
INSERT INTO StoreTbl VALUES ( 6260027001032,   "OShine Taiwanese Kitchen",                                 "13834 Red Hill Ave",                                       "(714) 852-3383",       null, null,     6260027001, null) ;
INSERT INTO StoreTbl VALUES ( 6260027001033,   "Sichuan Impression",                                        "13816 Red Hill Ave",                                       "(714) 505-9070",       null, null,     6260027001, null) ;
INSERT INTO StoreTbl VALUES ( 6260027001034,   "Naan & Kabob",                                              "416 E 1st St",                                             "(714) 665-2262",       null, null,     6260027001, null) ;
INSERT INTO StoreTbl VALUES ( 6260027001035,   "The Original Taco Factory",                                 "14455 Newport Ave",                                        "(714) 731-1111",       null, null,     6260027001, null) ;
INSERT INTO StoreTbl VALUES ( 6260027001036,   "Barolo Cafe",                                               "13771 Newport Ave Ste 9",                                  "(714) 734-8882",       null, null,     6260027001, null) ;
INSERT INTO StoreTbl VALUES ( 6260027001037,   "Thai Wave Restaurant & Bistro",                             "137 W 1st St",                                             "(714) 573-2149",       null, null,     6260027001, null) ;  -- rst -- rst, bistro
INSERT INTO StoreTbl VALUES ( 6260027001038,   "Kairakutei",                                                "17292 McFadden Ave Ste L",                                 "(714) 368-0233",       null, null,     6260027001, null) ;
INSERT INTO StoreTbl VALUES ( 6260027001039,   "La Farola Deli & Pizzeria",                                 "151 N Tustin Ave",                                         "(714) 835-5732",       null, null,     6260027001, null) ;
INSERT INTO StoreTbl VALUES ( 6260027001040,   "Tortas Y Jugos Sahuayo",                                    "14520 Newport Ave Ste B",                                  "(714) 515-6696",       null, null,     6260027001, null) ;
INSERT INTO StoreTbl VALUES ( 6260027001041,   "Yogis Teriyaki House",                                      "1108 Irvine Blvd",                                         "(714) 731-8876",       null, null,     6260027001, null) ;
INSERT INTO StoreTbl VALUES ( 6260027001042,   "Sutha Thai Kitchen",                                        "1161 Irvine Blvd",                                         "(714) 734-6100",       null, null,     6260027001, null) ;
INSERT INTO StoreTbl VALUES ( 6260027001043,   "Kim Huong Vietnamese and Chinese Restaurant",               "17311 McFadden Ave Ste B",                                 "(714) 838-6651",       null, null,     6260027001, null) ;  -- rst
INSERT INTO StoreTbl VALUES ( 6260027001044,   "El Toro Bravo",                                             "1450 El Camino Real Ste B",                                "(714) 665-1400",       null, null,     6260027001, null) ;
INSERT INTO StoreTbl VALUES ( 6260027001045,   "Bread Basket",                                              "15471 Red Hill Ave Ste D",                                 "(714) 259-9266",       null, null,     6260027001, null) ;
INSERT INTO StoreTbl VALUES ( 6260027001046,   "El Habanero",                                               "17292 W Mcfadden Ave Ste D",                               "(714) 573-1586",       null, null,     6260027001, null) ;
INSERT INTO StoreTbl VALUES ( 6260027001047,   "Rasoi Curry Point",                                         "678 El Camino Real",                                       "(714) 442-1560",       null, null,     6260027001, null) ;
INSERT INTO StoreTbl VALUES ( 6260027001048,   "HONDA-YA Tustin",                                           "556 El Camino Real",                                       "(714) 832-0081",       null, null,     6260027001, null) ;
INSERT INTO StoreTbl VALUES ( 6260027001049,   "India Kitchen",                                             "14131 Red Hill Ave",                                       "(714) 505-0300",       null, null,     6260027001, null) ;
INSERT INTO StoreTbl VALUES ( 6260027001050,   "Zovs Bistro Tustin",                                       "17440 17th St",                                            "(714) 838-8855",       null, null,     6260027001, null) ;  -- rst, bistro
INSERT INTO StoreTbl VALUES ( 6260027001051,   "Pho Bac Ky",                                                "14207 Red Hill Ave",                                       "(714) 573-1298",       null, null,     6260027001, null) ;  -- rst, viet --- x
INSERT INTO StoreTbl VALUES ( 6260027001052,   "The Stand",                                                 "5633 Alton Pkwy",                                          "(949) 262-9090",       null, null,     6260027001, null) ;
INSERT INTO StoreTbl VALUES ( 6260027001053,   "The Winery Restaurant & Wine Bar",                          "2647 Park Ave",                                            "(714) 258-7600",       null, null,     6260027001, null) ;  -- rst
INSERT INTO StoreTbl VALUES ( 6260027001054,   "Luna Rossa",                                                "2449 Park Ave",                                            "(714) 259-0861",       null, null,     6260027001, null) ;
INSERT INTO StoreTbl VALUES ( 6260027001055,   "Bluewater Grill Seafood Restaurant",                        "2409 Park Ave",                                            "(714) 258-3474",       null, null,     6260027001, null) ;  -- rst-- rst
INSERT INTO StoreTbl VALUES ( 6260027001056,   "Snooze an AM Eatery",                                       "3032 El Camino Real",                                      "(714) 415-6269",       null, null,     6260027001, null) ;
INSERT INTO StoreTbl VALUES ( 6260027001057,   "Crab Cooker Restaurant",                                    "17260 17th St",                                            "(714) 573-1077",       null, null,     6260027001, null) ;  -- rst
INSERT INTO StoreTbl VALUES ( 6260027001058,   "Sushi Wasabi",                                              "14460 Newport Ave",                                        "(714) 505-3496",       null, null,     6260027001, null) ;  -- sushi
INSERT INTO StoreTbl VALUES ( 6260027001059,   "Orange Roll & Sushi",                                       "139 W 1st St",                                             "(714) 734-9300",       null, null,     6260027001, null) ;  -- sushi
INSERT INTO StoreTbl VALUES ( 6260027001060,   "Hole Mole",                                                 "14430 Newport Ave",                                        "(714) 505-2502",       null, null,     6260027001, null) ;
INSERT INTO StoreTbl VALUES ( 6260027001061,   "Spires Restaurant",                                         "13451 Newport Ave",                                        "(714) 784-0554",       null, null,     6260027001, null) ;  -- rst
INSERT INTO StoreTbl VALUES ( 6260027001062,   "Ono Ono Hawaiian BBQ & Catering",                           "17582 17th St",                                            "(714) 505-0750",       null, null,     6260027001, null) ;  -- wbq
INSERT INTO StoreTbl VALUES ( 6260027001063,   "Uoko Japanese Cuisine",                                     "17582 17th St",                                            "(714) 838-2300",       null, null,     6260027001, null) ;
INSERT INTO StoreTbl VALUES ( 6260027001064,   "Hopdoddy Burger Bar",                                       "3030 El Camino Real",                                      "(714) 505-2337",       null, null,     6260027001, null) ;
INSERT INTO StoreTbl VALUES ( 6260027001065,   "Dosa Place",                                                "13812 Redhill Ave",                                        "(714) 508-7778",       null, null,     6260027001, null) ;
INSERT INTO StoreTbl VALUES ( 6260027001066,   "Mizu Sushi Bar & Grill",                                    "2881 El Camino Real",                                      "(714) 730-0200",       null, null,     6260027001, null) ;  -- sushi-- rst
INSERT INTO StoreTbl VALUES ( 6260027001067,   "Sake 2 Me Sushi",                                           "13951 Carroll Way",                                        "(714) 731-6980",       null, null,     6260027001, null) ;  -- sushi
INSERT INTO StoreTbl VALUES ( 6260027001068,   "Don Jose Mexican Caf",                                     "14882 Holt Ave",                                           "(714) 832-3280",       null, null,     6260027001, null) ;
INSERT INTO StoreTbl VALUES ( 6260027001069,   "Poke Tiki",                                                 "13771 Newport Ave",                                        "(714) 838-8029",       null, null,     6260027001, null) ;  -- rst, seafood, jap
INSERT INTO StoreTbl VALUES ( 6260027001070,   "Maki-Zushi",                                                "1641 Edinger Ave",                                         "(714) 259-0783",       null, null,     6260027001, null) ;
INSERT INTO StoreTbl VALUES ( 6260027001071,   "Piadina",                                                   "2933 El Camino Real",                                      "(714) 417-9660",       null, null,     6260027001, null) ;
INSERT INTO StoreTbl VALUES ( 6260027001072,   "17th Street Grill",                                         "17320 E 17th St",                                          "(714) 730-0003",       null, null,     6260027001, null) ;  -- rst
INSERT INTO StoreTbl VALUES ( 6260027001073,   "Laxmi Sweets & Spices",                                     "638 El Camino Real",                                       "(714) 832-4671",       null, null,     6260027001, null) ;
INSERT INTO StoreTbl VALUES ( 6260027001074,   "China Palace Restaurant",                                   "13444 Newport Ave",                                        "(714) 544-7167",       null, null,     6260027001, null) ;  -- rst
INSERT INTO StoreTbl VALUES ( 6260027001075,   "The Kroft",                                                 "2493 Park Ave",                                            "(657) 900-8451",       null, null,     6260027001, null) ;
INSERT INTO StoreTbl VALUES ( 6260027001076,   "Italian Express",                                           "18331 Irvine Blvd",                                        "(714) 669-3800",       null, null,     6260027001, null) ;
INSERT INTO StoreTbl VALUES ( 6260027001077,   "Claros Italian Market",                                    "1095 E Main St",                                           "(714) 832-3081",       null, null,     6260027001, null) ;
INSERT INTO StoreTbl VALUES ( 6260027001078,   "Nine & Nine Thai Kitchen",                                  "17602 E 17th St",                                          "(657) 232-1064",       null, null,     6260027001, null) ;
INSERT INTO StoreTbl VALUES ( 6260027001079,   "Aloha Hawaiian BBQ",                                        "2336 Park Ave",                                            "(714) 258-1888",       null, null,     6260027001, null) ;  -- wbq
INSERT INTO StoreTbl VALUES ( 6260027001080,   "Mendocino Farms",                                           "2847 Park Ave",                                            "(714) 619-5075",       null, null,     6260027001, null) ;
INSERT INTO StoreTbl VALUES ( 6260027001081,   "J Zhou Oriental Cuisine",                                   "2601 Park Ave",                                            "(714) 258-8833",       null, null,     6260027001, null) ;
INSERT INTO StoreTbl VALUES ( 6260027001082,   "Long Hai Restaurant",                                       "682 El Camino Real",                                       "(714) 838-8118",       null, null,     6260027001, null) ;  -- rst

INSERT INTO StoreTbl VALUES ( 6260027002001,   "Once Upon a Storybook",                                     "17300 E 17th St, Ste C",                                   "(714) 669-4377",       null, null,     6260027002, null) ;
INSERT INTO StoreTbl VALUES ( 6260027002002,   "Santiago Cycling",                                          "115 N Prospect Ave",                                       "(714) 544-6091",       null, null,     6260027002, null) ;
INSERT INTO StoreTbl VALUES ( 6260027002003,   "Fotoworks PRO",                                             "15012 Red Hill Ave",                                       "(714) 258-7080",       null, null,     6260027002, null) ;
INSERT INTO StoreTbl VALUES ( 6260027002004,   "Johnny Jeans",                                              "403 El Camino Real",                                       "(714) 665-2408",       null, null,     6260027002, null) ;
INSERT INTO StoreTbl VALUES ( 6260027002005,   "AAA Family Gems",                                           "494 E 1st St",                                             "(657) 205-8628",       null, null,     6260027002, null) ;
INSERT INTO StoreTbl VALUES ( 6260027002006,   "GAC Furniture",                                             "15421 Red Hill Ave",                                       "(949) 310-8621",       null, null,     6260027002, null) ;
INSERT INTO StoreTbl VALUES ( 6260027002007,   "Ideal Luxury",                                              "17772 E 17th St",                                          "(888) 505-5505",       null, null,     6260027002, null) ;
INSERT INTO StoreTbl VALUES ( 6260027002008,   "The Paper Mint Press",                                      "Tustin, CA 92780",                                         "(714) 623-7158",       null, null,     6260027002, null) ;
INSERT INTO StoreTbl VALUES ( 6260027002009,   "Invitation Design Studio",                                  "380 E 1st St",                                             "(714) 573-4603",       null, null,     6260027002, null) ;
INSERT INTO StoreTbl VALUES ( 6260027002010,   "MY SPORT",                                                  "696 El Camino Real",                                       "(714) 731-7766",       null, null,     6260027002, null) ;
INSERT INTO StoreTbl VALUES ( 6260027002011,   "Saddleback Flower Shop",                                    "601 El Camino Real",                                       "(714) 838-6038",       null, null,     6260027002, null) ;
INSERT INTO StoreTbl VALUES ( 6260027002012,   "I Initial",                                                 "399 El Camino Real",                                       "(714) 573-2552",       null, null,     6260027002, null) ;
INSERT INTO StoreTbl VALUES ( 6260027002013,   "Tustin Graphics",                                           "2600-B Walnut Ave",                                        "(714) 730-0700",       null, null,     6260027002, null) ;
INSERT INTO StoreTbl VALUES ( 6260027002014,   "Furniture a la Carte",                                      "712 El Camino Real",                                       "(714) 832-2726",       null, null,     6260027002, null) ;
INSERT INTO StoreTbl VALUES ( 6260027002015,   "AAA Vacuum and Sewing",                                     "743-B El Camino Real",                                     "(714) 573-1444",       null, null,     6260027002, null) ;
INSERT INTO StoreTbl VALUES ( 6260027002016,   "Mrs Bs Consignments Etc",                                   "115 W Main St",                                            "(714) 573-3803",       null, null,     6260027002, null) ;
INSERT INTO StoreTbl VALUES ( 6260027002017,   "Time Palace Jewelers",                                      "102 W First St",                                           "(949) 733-1393",       null, null,     6260027002, null) ;  -- jewels
INSERT INTO StoreTbl VALUES ( 6260027002018,   "Wellprint",                                                 "380 E 1st St",                                             "(714) 838-3341",       null, null,     6260027002, null) ;
INSERT INTO StoreTbl VALUES ( 6260027002019,   "Orange County Designers",                                   "17332 Irvine Blvd",                                        "(714) 505-9349",       null, null,     6260027002, null) ;
INSERT INTO StoreTbl VALUES ( 6260027002020,   "Kanan Design",                                              "130 E Main St",                                            "(714) 544-3363",       null, null,     6260027002, null) ;
INSERT INTO StoreTbl VALUES ( 6260027002021,   "Atlantis Watches & Jewelry",                                "1631 Edinger Ave",                                         "(714) 409-8880",       null, null,     6260027002, null) ;  -- jewels
INSERT INTO StoreTbl VALUES ( 6260027002022,   "AA Jewel Box",                                              "17300 E 17th St",                                          "(714) 669-9966",       null, null,     6260027002, null) ;  -- jewels
INSERT INTO StoreTbl VALUES ( 6260027002023,   "Forever Faithful Diamonds and Jewelry",                     "2485 Park Ave",                                            "(949) 463-0635",       null, null,     6260027002, null) ;  -- jewels
INSERT INTO StoreTbl VALUES ( 6260027002024,   "Minuteman Press",                                           "2600 Walnut Ave",                                          "(714) 838-5200",       null, null,     6260027002, null) ;
INSERT INTO StoreTbl VALUES ( 6260027002025,   "Jewelry & Loan Pro",                                        "17480 E 17th St",                                          "(714) 731-9600",       null, null,     6260027002, null) ;  -- jewels
INSERT INTO StoreTbl VALUES ( 6260027002026,   "The Path Bike Shop",                                        "215 W 1st St",                                             "(714) 669-0784",       null, null,     6260027002, null) ;
INSERT INTO StoreTbl VALUES ( 6260027002027,   "Cheers Unique Floral & Gifts",                              "21098 Bake Pkwy",                                          "(949) 380-8222",       null, null,     6260027002, null) ;
INSERT INTO StoreTbl VALUES ( 6260027002028,   "Tustin Tennis Shop",                                        "13762 Newport Ave",                                        "(714) 734-6034",       null, null,     6260027002, null) ;
INSERT INTO StoreTbl VALUES ( 6260027002029,   "T Shirts & More",                                           "Tustin, CA 92780",                                         "(714) 610-7400",       null, null,     6260027002, null) ;
INSERT INTO StoreTbl VALUES ( 6260027002030,   "Elegant Hive",                                              "401 El Camino Real",                                       "(714) 832-2500",       null, null,     6260027002, null) ;
INSERT INTO StoreTbl VALUES ( 6260027002031,   "Flower Synergy",                                            "Irvine, CA 92604",                                         "(949) 836-2542",       null, null,     6260027002, null) ;
INSERT INTO StoreTbl VALUES ( 6260027002032,   "Tiddlywinks",                                               "129 N Glassell",                                           "(714) 997-8697",       null, null,     6260027002, null) ;
INSERT INTO StoreTbl VALUES ( 6260027002033,   "Zen Gardens Floral",                                        "15401 Red Hill Ave",                                       "(714) 698-9360",       null, null,     6260027002, null) ;
INSERT INTO StoreTbl VALUES ( 6260027002034,   "Blush Bridal Couture",                                      "13011 Newport Ave",                                        "(714) 573-8000",       null, null,     6260027002, null) ;
INSERT INTO StoreTbl VALUES ( 6260027002035,   "Performance Bicycle",                                       "2745 El Camino Real",                                      "(714) 838-0641",       null, null,     6260027002, null) ;
INSERT INTO StoreTbl VALUES ( 6260027002036,   "REI",                                                       "2962 El Camino Real",                                      "(714) 505-0205",       null, null,     6260027002, null) ;
INSERT INTO StoreTbl VALUES ( 6260027002037,   "GARYS Rack",                                                "148 W Main St",                                            "(714) 832-8466",       null, null,     6260027002, null) ;
INSERT INTO StoreTbl VALUES ( 6260027002038,   "Growers Direct Flowers",                                    "1169 Irvine Blvd",                                         "(714) 368-9845",       null, null,     6260027002, null) ;
INSERT INTO StoreTbl VALUES ( 6260027002039,   "P.F. McMullin Snowboard & Ski Co.",                         "1530 E Edinger Ave",                                       "(714) 547-7479",       null, null,     6260027002, null) ;
INSERT INTO StoreTbl VALUES ( 6260027002040,   "Pedego Electric Bikes Irvine",                              "4632 Barranca Pkwy",                                       "(949) 274-7944",       null, null,     6260027002, null) ;
INSERT INTO StoreTbl VALUES ( 6260027002041,   "CBF Labels",                                                "14751 Plaza Dr",                                           "(714) 730-8087",       null, null,     6260027002, null) ;
INSERT INTO StoreTbl VALUES ( 6260027002042,   "Vacuum Depot",                                              "4250 Barranca Pkwy",                                       "(949) 786-9001",       null, null,     6260027002, null) ;
INSERT INTO StoreTbl VALUES ( 6260027002043,   "Republic of Succulents",                                    "Long Beach, CA 90803",                                     "(323) 379-3210",       null, null,     6260027002, null) ;
INSERT INTO StoreTbl VALUES ( 6260027002044,   "The Artisan Framing",                                       "13426 Verona",                                             "(714) 544-0818",       null, null,     6260027002, null) ;
INSERT INTO StoreTbl VALUES ( 6260027002045,   "Anchor Printing",                                           "649 S B St",                                               "(714) 544-4110",       null, null,     6260027002, null) ;
INSERT INTO StoreTbl VALUES ( 6260027002046,   "Purl",                                                      "15431 Red Hill Ave",                                       "(800) 597-7875",       null, null,     6260027002, null) ;
INSERT INTO StoreTbl VALUES ( 6260027002047,   "Sam Jewelry",                                               "2829 Park Ave",                                            "(714) 662-7398",       null, null,     6260027002, null) ;  -- jewels
INSERT INTO StoreTbl VALUES ( 6260027002048,   "Artisan Candle Company",                                    "2493 Park Ave",                                            "(949) 892-9533",       null, null,     6260027002, null) ;
INSERT INTO StoreTbl VALUES ( 6260027002049,   "Fresh Bikes",                                               "1995 Port Nelson Pl",                                      "(949) 533-4366",       null, null,     6260027002, null) ;
INSERT INTO StoreTbl VALUES ( 6260027002050,   "Displays & Exhibits",                                       "1382 Valencia Ave",                                        "(714) 282-4717",       null, null,     6260027002, null) ;
INSERT INTO StoreTbl VALUES ( 6260027002051,   "Als Woodcraft - Wood Furniture Tustin",                    "1471 Nisson Rd",                                           "(714) 544-5470",       null, null,     6260027002, null) ;
INSERT INTO StoreTbl VALUES ( 6260027002052,   "EZ-INK Printing",                                           "2805 Catherine Way",                                       "(949) 929-1349",       null, null,     6260027002, null) ;
INSERT INTO StoreTbl VALUES ( 6260027002053,   "Image Grafics",                                             "1380 E Edinger Ave",                                       "(714) 388-4044",       null, null,     6260027002, null) ;
INSERT INTO StoreTbl VALUES ( 6260027002054,   "OC Business Cards",                                         "151 N Tustin Ave",                                         "(714) 794-9275",       null, null,     6260027002, null) ;

-- Orange

INSERT INTO PlazaTbl VALUES ( 6260020001,   "Local Restaurants", 6260020 );    -- rst
INSERT INTO PlazaTbl VALUES ( 6260020002,   "Local Businesses",  6260020 );

INSERT INTO StoreTbl VALUES ( 6260020001001,   "Tartan Room",                                               "2652 N Tustin St",                                         "(714) 282-1274",       null, null,     6260020001, null) ;
INSERT INTO StoreTbl VALUES ( 6260020001002,   "Patagonia Empanadas",                                       "2279 N Tustin St",                                         "(714) 602-6945",       null, null,     6260020001, null) ;
INSERT INTO StoreTbl VALUES ( 6260020001003,   "Kaigen Japanese Restaurant & Sushi Bar",                    "1736 N Tustin St",                                         "(714) 974-7723",       null, null,     6260020001, null) ;  -- rst  -- sushi
INSERT INTO StoreTbl VALUES ( 6260020001004,   "Ristorante Mascarpones",                                   "1448 E Katella Ave",                                       "(714) 633-0101",       null, null,     6260020001, null) ;
INSERT INTO StoreTbl VALUES ( 6260020001005,   "Koisan Sushi & Japanese Cuisine",                           "1132 E Katella Ave",                                       "(714) 639-2330",       null, null,     6260020001, null) ;  -- sushi
INSERT INTO StoreTbl VALUES ( 6260020001006,   "Saffron Grill",                                             "720 E Katella Ave",                                        "(714) 538-3940",       null, null,     6260020001, null) ;  -- rst
INSERT INTO StoreTbl VALUES ( 6260020001007,   "The Tulsa Rib Company & Catering",                          "220 E Katella Ave",                                        "(714) 633-3760",       null, null,     6260020001, null) ;
INSERT INTO StoreTbl VALUES ( 6260020001008,   "Billy Boy Burgers & Restaurant",                            "114 E Katella Ave",                                        "(714) 633-5920",       null, null,     6260020001, null) ;  -- rst
INSERT INTO StoreTbl VALUES ( 6260020001009,   "The Pint House of Orange",                                  "1547 W Katella Ave Ste 102",                               "(714) 633-7468",       null, null,     6260020001, null) ;
INSERT INTO StoreTbl VALUES ( 6260020001010,   "Hollingsheads Delicatessen",                               "368 S Main St",                                            "(714) 978-9467",       null, null,     6260020001, null) ;
INSERT INTO StoreTbl VALUES ( 6260020001011,   "Francoli Gourmet",                                          "100 S Glassell St",                                        "(714) 288-1077",       null, null,     6260020001, null) ;
INSERT INTO StoreTbl VALUES ( 6260020001012,   "Felix Continental Caf",                                    "36 Plaza Sq",                                              "(714) 633-5842",       null, null,     6260020001, null) ;
INSERT INTO StoreTbl VALUES ( 6260020001013,   "Thai Towne Eatery",                                         "152 N Glassell St Ste B",                                  "(714) 532-9600",       null, null,     6260020001, null) ;
INSERT INTO StoreTbl VALUES ( 6260020001014,   "The Filling Station Cafe",                                  "201 N Glassell St",                                        "(714) 289-9714",       null, null,     6260020001, null) ;
INSERT INTO StoreTbl VALUES ( 6260020001015,   "Smokey Freds BBQ",                                         "129 E Collins Ave",                                        "(714) 393-4900",       null, null,     6260020001, null) ;  -- wbq
INSERT INTO StoreTbl VALUES ( 6260020001016,   "The New Earls Cafe",                                       "807 N Tustin St",                                          "(714) 602-9630",       null, null,     6260020001, null) ;
INSERT INTO StoreTbl VALUES ( 6260020001017,   "Calivino Wine Pub",                                         "2410 E Katella Ave",                                       "(714) 939-7735",       null, null,     6260020001, null) ;
INSERT INTO StoreTbl VALUES ( 6260020001018,   "Brew Hawg BBQ & Root Beer",                                 "665 N Tustin St",                                          "(714) 502-4053",       null, null,     6260020001, null) ;  -- wbq
INSERT INTO StoreTbl VALUES ( 6260020001019,   "Jeffs Inviting Food and Spirits",                          "1904 N. Tustin St",                                        "(714) 998-8282",       null, null,     6260020001, null) ;
INSERT INTO StoreTbl VALUES ( 6260020001020,   "Haven Gastropub",                                           "190 S Glassell St",                                        "(714) 221-0680",       null, null,     6260020001, null) ;
INSERT INTO StoreTbl VALUES ( 6260020001021,   "Green Tomato Grill",                                        "1419 N Tustin St",                                         "(714) 532-1220",       null, null,     6260020001, null) ;  -- rst
INSERT INTO StoreTbl VALUES ( 6260020001022,   "Lanta Thai Fusion",                                         "724 E Katella Ave",                                        "(714) 532-4922",       null, null,     6260020001, null) ;
INSERT INTO StoreTbl VALUES ( 6260020001023,   "Tutto Fresco",                                              "1333 N Glassell St",                                       "(714) 771-1555",       null, null,     6260020001, null) ;
INSERT INTO StoreTbl VALUES ( 6260020001024,   "Meads Green Door Cafe",                                    "642 W Chapman Ave",                                        "(714) 771-8556",       null, null,     6260020001, null) ;
INSERT INTO StoreTbl VALUES ( 6260020001025,   "Ohshima Japanese Cuisine",                                  "1956 N Tustin St",                                         "(714) 998-0098",       null, null,     6260020001, null) ;
INSERT INTO StoreTbl VALUES ( 6260020001026,   "United Rose Deli & Pho",                                    "816 E Lincoln Ave",                                        "(714) 282-1500",       null, null,     6260020001, null) ;  -- rst, viet --- x
INSERT INTO StoreTbl VALUES ( 6260020001027,   "Collearys Bistro & Bakery",                                "2143 N Tustin St",                                         "(714) 633-8650",       null, null,     6260020001, null) ;  -- rst, bistro
INSERT INTO StoreTbl VALUES ( 6260020001028,   "Salty Dawg Tavern",                                         "1214 N Parker St",                                         "(714) 532-9977",       null, null,     6260020001, null) ;
INSERT INTO StoreTbl VALUES ( 6260020001029,   "Panchos Mexican Restaurant & Catering",                    "131 E Collins Ave",                                        "(714) 639-2702",       null, null,     6260020001, null) ;  -- rst
INSERT INTO StoreTbl VALUES ( 6260020001030,   "Citrus City Grille",                                        "122 N Glassell St",                                        "(714) 639-9600",       null, null,     6260020001, null) ;  -- rst
INSERT INTO StoreTbl VALUES ( 6260020001031,   "Prime Cut Cafe & Wine Bar",                                 "1547 W Katella Ave",                                       "(714) 532-4300",       null, null,     6260020001, null) ;
INSERT INTO StoreTbl VALUES ( 6260020001032,   "Shiki Japanese Restaurant",                                 "1936 E Katella Ave",                                       "(714) 633-1765",       null, null,     6260020001, null) ;  -- rst
INSERT INTO StoreTbl VALUES ( 6260020001033,   "Conca D Oro Italian Restaurant",                           "776 N Tustin St",                                          "(714) 532-2070",       null, null,     6260020001, null) ;  -- rst
INSERT INTO StoreTbl VALUES ( 6260020001034,   "Zenas Mediterranean and Lebanese Cuisine",                 "2094 N Tustin St",                                         "(714) 279-9511",       null, null,     6260020001, null) ;
INSERT INTO StoreTbl VALUES ( 6260020001035,   "Taco Adobe",                                                "121 N Lemon St",                                           "(714) 628-0633",       null, null,     6260020001, null) ;
INSERT INTO StoreTbl VALUES ( 6260020001036,   "Tikiyaki",                                                  "2271 Tustin St",                                           "(714) 283-1628",       null, null,     6260020001, null) ;
INSERT INTO StoreTbl VALUES ( 6260020001037,   "Orange Hill",                                               "6410 E Chapman Ave",                                       "(714) 997-2910",       null, null,     6260020001, null) ;
INSERT INTO StoreTbl VALUES ( 6260020001038,   "Loving Hut",                                                "237 S Tustin St",                                          "(714) 464-0544",       null, null,     6260020001, null) ;
INSERT INTO StoreTbl VALUES ( 6260020001039,   "Mariscos Mocorito",                                         "320 E Katella Ave",                                        "(714) 771-0050",       null, null,     6260020001, null) ;
INSERT INTO StoreTbl VALUES ( 6260020001040,   "Orange Cafe",                                               "1608 E Mayfair Ave",                                       "(714) 633-8698",       null, null,     6260020001, null) ;
INSERT INTO StoreTbl VALUES ( 6260020001041,   "Poki Ya",                                                   "3616 E Chapman Ave",                                       "(714) 538-9900",       null, null,     6260020001, null) ;
INSERT INTO StoreTbl VALUES ( 6260020001042,   "Opus Dining & Cocktails",                                   "3538 E Chapman Ave",                                       "(714) 639-3700",       null, null,     6260020001, null) ;
INSERT INTO StoreTbl VALUES ( 6260020001043,   "XA Sweet and Savory Cafe",                                  "424 S Main St",                                            "(714) 938-0088",       null, null,     6260020001, null) ;
INSERT INTO StoreTbl VALUES ( 6260020001044,   "Donde Adela",                                               "1707 W Chapman Ave",                                       "(714) 940-1701",       null, null,     6260020001, null) ;
INSERT INTO StoreTbl VALUES ( 6260020001045,   "Wok N Tandoor",                                             "1948 N Tustin St",                                         "(714) 782-7770",       null, null,     6260020001, null) ;
INSERT INTO StoreTbl VALUES ( 6260020001046,   "Gabbis Mexican Kitchen",                                   "141 S Glassell St",                                        "(714) 633-3038",       null, null,     6260020001, null) ;
INSERT INTO StoreTbl VALUES ( 6260020001047,   "Green China",                                               "595 N Tustin St",                                          "(714) 633-3136",       null, null,     6260020001, null) ;
INSERT INTO StoreTbl VALUES ( 6260020001048,   "Lazy Dog Restaurant & Bar",                                 "1623 W Katella Ave",                                       "(714) 769-7020",       null, null,     6260020001, null) ;  -- rst
INSERT INTO StoreTbl VALUES ( 6260020001049,   "Los Cabos Mexican Restaurant",                              "843 N Tustin St",                                          "(714) 744-2897",       null, null,     6260020001, null) ;  -- rst
INSERT INTO StoreTbl VALUES ( 6260020001050,   "Rutabegorz",                                                "264 N Glassell St",                                        "(714) 633-3260",       null, null,     6260020001, null) ;
INSERT INTO StoreTbl VALUES ( 6260020001051,   "Sushi Boom",                                                "2815 E Chapman Ave",                                       "(714) 633-0108",       null, null,     6260020001, null) ;  -- sushi
INSERT INTO StoreTbl VALUES ( 6260020001052,   "Kings Fish House",                                         "1521 W Katella Ave",                                       "(714) 771-6655",       null, null,     6260020001, null) ;
INSERT INTO StoreTbl VALUES ( 6260020001053,   "Anepalco",                                                  "3737 W Chapman Ave",                                       "(714) 456-9642",       null, null,     6260020001, null) ;
INSERT INTO StoreTbl VALUES ( 6260020001054,   "Marris Pizza",                                             "2658 N Santiago Blvd",                                     "(714) 998-7000",       null, null,     6260020001, null) ;
INSERT INTO StoreTbl VALUES ( 6260020001055,   "The Hobbit",                                                "2932 E Chapman Ave",                                       "(714) 997-1972",       null, null,     6260020001, null) ;
INSERT INTO StoreTbl VALUES ( 6260020001056,   "Cortinas Orange",                                          "964 N Batavia St",                                         "(714) 997-3663",       null, null,     6260020001, null) ;
INSERT INTO StoreTbl VALUES ( 6260020001057,   "Ostioneria Bahia 2",                                        "144 S Tustin St",                                          "(714) 997-2010",       null, null,     6260020001, null) ;
INSERT INTO StoreTbl VALUES ( 6260020001058,   "Tabi-Ji Japanese Cuisene",                                  "665 N Tustin St",                                          "(714) 633-6000",       null, null,     6260020001, null) ;
INSERT INTO StoreTbl VALUES ( 6260020001059,   "Yen Ching Restaurant",                                      "574 S Glassell St",                                        "(714) 997-3300",       null, null,     6260020001, null) ;  -- rst
INSERT INTO StoreTbl VALUES ( 6260020001060,   "Chefs Catering",                                           "1840c N Tustin St",                                        "(714) 998-4890",       null, null,     6260020001, null) ;
INSERT INTO StoreTbl VALUES ( 6260020001061,   "Orange Roll & Sushi",                                       "450 N Tustin St",                                          "(714) 289-9995",       null, null,     6260020001, null) ;  -- sushi
INSERT INTO StoreTbl VALUES ( 6260020001062,   "Avilas El Ranchito",                                       "182 S Orange St",                                          "(714) 516-1000",       null, null,     6260020001, null) ;
INSERT INTO StoreTbl VALUES ( 6260020001063,   "Watsons Soda Fountain & Cafe",                             "116 E Chapman Ave",                                        "(714) 202-2899",       null, null,     6260020001, null) ;
INSERT INTO StoreTbl VALUES ( 6260020001064,   "Flappy Jacks Pancake House",                               "2848 N Santiago Blvd",                                     "(714) 283-2800",       null, null,     6260020001, null) ;
INSERT INTO StoreTbl VALUES ( 6260020001065,   "Nguyens Kitchen",                                          "445 S Main St",                                            "(714) 771-5410",       null, null,     6260020001, null) ;
INSERT INTO StoreTbl VALUES ( 6260020001066,   "Yoshiharu Ramen",                                           "1891 N Tustin St",                                         "(714) 998-1940",       null, null,     6260020001, null) ;
INSERT INTO StoreTbl VALUES ( 6260020001067,   "Katella Grill",                                             "1325 W Katella Ave",                                       "(714) 997-9191",       null, null,     6260020001, null) ;  -- wst
INSERT INTO StoreTbl VALUES ( 6260020001068,   "Kai Sushi",                                                 "1448 E Lincoln Ave",                                       "(714) 637-3369",       null, null,     6260020001, null) ;  -- sushi
INSERT INTO StoreTbl VALUES ( 6260020001069,   "The Chili Pepper",                                          "167 S Main St",                                            "(714) 639-2840",       null, null,     6260020001, null) ;
INSERT INTO StoreTbl VALUES ( 6260020001070,   "Honda Sushi",                                               "934 N Tustin St",                                          "(714) 538-0021",       null, null,     6260020001, null) ;  -- sushi

INSERT INTO StoreTbl VALUES ( 6260020002001,   "Pacific Coast Art & Frame",                                 "727 N Tustin St",                                          "(714) 744-6011",       null, null,     6260020002, null) ;      -- art
INSERT INTO StoreTbl VALUES ( 6260020002002,   "Bookman",                                                   "840 N Tustin St",                                          "(714) 538-0166",       null, null,     6260020002, null) ;
INSERT INTO StoreTbl VALUES ( 6260020002003,   "Batavia Garden",                                            "1700 N Batavia St",                                        "(714) 637-2360",       null, null,     6260020002, null) ;
INSERT INTO StoreTbl VALUES ( 6260020002004,   "Matoska Trading Company",                                   "123 N Glassell St",                                        "(714) 516-9940",       null, null,     6260020002, null) ;
INSERT INTO StoreTbl VALUES ( 6260020002005,   "Superior Defense",                                          "2440 N Glassell St",                                       "(844) 787-3331",       null, null,     6260020002, null) ;
INSERT INTO StoreTbl VALUES ( 6260020002006,   "The Dizzy Daisy",                                           "292 S Tustin St",                                          "(714) 289-1123",       null, null,     6260020002, null) ;
INSERT INTO StoreTbl VALUES ( 6260020002007,   "Orange Cycle",                                              "210 S Glassell St",                                        "(714) 532-6838",       null, null,     6260020002, null) ;
INSERT INTO StoreTbl VALUES ( 6260020002008,   "D & H Sewing, Vacuum, and Home Center",                     "401 N Tustin St",                                          "(714) 538-7414",       null, null,     6260020002, null) ;
INSERT INTO StoreTbl VALUES ( 6260020002009,   "Fowler Gun Room",                                           "358 S Tustin St",                                          "(714) 771-3730",       null, null,     6260020002, null) ;
INSERT INTO StoreTbl VALUES ( 6260020002010,   "Watchland",                                                 "2298 N Orange Mall",                                       "(714) 921-8891",       null, null,     6260020002, null) ;
INSERT INTO StoreTbl VALUES ( 6260020002011,   "Patio Outlet",                                              "410 W Fletcher Ave",                                       "(714) 974-9900",       null, null,     6260020002, null) ;
INSERT INTO StoreTbl VALUES ( 6260020002012,   "All Cities Glass",                                          "1650 N Glassell",                                          "(714) 272-3041",       null, null,     6260020002, null) ;
INSERT INTO StoreTbl VALUES ( 6260020002013,   "The Longfin",                                               "2730 E Chapman Ave",                                       "(714) 538-8010",       null, null,     6260020002, null) ;
INSERT INTO StoreTbl VALUES ( 6260020002014,   "George the Second",                                         "114 N Glassell St",                                        "(714) 744-1870",       null, null,     6260020002, null) ;
INSERT INTO StoreTbl VALUES ( 6260020002015,   "Prim Jewelers",                                             "1746 E Meats Ave",                                         "(714) 637-8110",       null, null,     6260020002, null) ;  -- jewels
INSERT INTO StoreTbl VALUES ( 6260020002016,   "Adrenaline Bike Shop",                                      "366 S Tustin St",                                          "(714) 288-2012",       null, null,     6260020002, null) ;
INSERT INTO StoreTbl VALUES ( 6260020002017,   "Bike Alley",                                                "2823 E Chapman Ave",                                       "(714) 997-3980",       null, null,     6260020002, null) ;
INSERT INTO StoreTbl VALUES ( 6260020002018,   "Stamp Fever",                                               "388 S Tustin St",                                          "(714) 974-3552",       null, null,     6260020002, null) ;
INSERT INTO StoreTbl VALUES ( 6260020002019,   "OC Diamond Estate Jewelry",                                 "138 S Glassell St",                                        "(714) 633-5000",       null, null,     6260020002, null) ;  -- jewels
INSERT INTO StoreTbl VALUES ( 6260020002020,   "Eye Magic Photo",                                           "635 N Eckhoff St",                                         "(714) 940-0377",       null, null,     6260020002, null) ;
INSERT INTO StoreTbl VALUES ( 6260020002021,   "Sledges Estate Jewelery",                                  "1811 E Chapman Ave",                                       "(714) 639-7636",       null, null,     6260020002, null) ;  -- jewels
INSERT INTO StoreTbl VALUES ( 6260020002022,   "Jon Pettey Custom Goldsmith",                               "2143 N Tustin St",                                         "(714) 637-5950",       null, null,     6260020002, null) ;
INSERT INTO StoreTbl VALUES ( 6260020002023,   "Knife Gallery",                                             "1500 E Village Way",                                       "(714) 974-2232",       null, null,     6260020002, null) ;
INSERT INTO StoreTbl VALUES ( 6260020002024,   "OC Copies and Print",                                       "1704 N Tustin St",                                         "(714) 210-3929",       null, null,     6260020002, null) ;
INSERT INTO StoreTbl VALUES ( 6260020002025,   "Ferndales Bridal",                                          "368 S Tustin St",                                          "(714) 997-9393",       null, null,     6260020002, null) ;
INSERT INTO StoreTbl VALUES ( 6260020002026,   "Orange Army-Navy Store",                                    "131 S Glassell St",                                        "(714) 639-7910",       null, null,     6260020002, null) ;
INSERT INTO StoreTbl VALUES ( 6260020002027,   "Infinity Press",                                            "2440 N Glassell St",                                       "(714) 282-8448",       null, null,     6260020002, null) ;
INSERT INTO StoreTbl VALUES ( 6260020002028,   "Blue Ribbon Trophy/LaserWerks",                             "1650 N Glassell St",                                       "(714) 450-8474",       null, null,     6260020002, null) ;
INSERT INTO StoreTbl VALUES ( 6260020002029,   "Watch & Wares",                                             "40 Plaza Square",                                          "(714) 633-2030",       null, null,     6260020002, null) ;
INSERT INTO StoreTbl VALUES ( 6260020002030,   "The Potting Shed By Carlisle",                              "401 W Chapman Ave",                                        "(714) 468-5154",       null, null,     6260020002, null) ;
INSERT INTO StoreTbl VALUES ( 6260020002031,   "The Print Dr.",                                             "1650 N Glassell St",                                       "(714) 760-0858",       null, null,     6260020002, null) ;
INSERT INTO StoreTbl VALUES ( 6260020002032,   "Pasha Jewelers",                                            "1882 N Tustin St",                                         "(714) 998-4899",       null, null,     6260020002, null) ;  -- jewels
INSERT INTO StoreTbl VALUES ( 6260020002033,   "The Mattress Place",                                        "1111 E Katella Ave",                                       "(714) 288-2070",       null, null,     6260020002, null) ;
INSERT INTO StoreTbl VALUES ( 6260020002034,   "OC Toner Pros",                                             "1940 N Tustin St",                                         "(714) 282-7120",       null, null,     6260020002, null) ;
INSERT INTO StoreTbl VALUES ( 6260020002035,   "On Time Signs",                                             "1330 N Glassell St",                                       "(714) 921-2858",       null, null,     6260020002, null) ;
INSERT INTO StoreTbl VALUES ( 6260020002036,   "The Enchanted Florist",                                     "107 S Glassell St",                                        "(714) 997-7673",       null, null,     6260020002, null) ;
INSERT INTO StoreTbl VALUES ( 6260020002037,   "Paper Mart",                                                "2164 N Batavia St",                                        "(714) 787-4900",       null, null,     6260020002, null) ;
INSERT INTO StoreTbl VALUES ( 6260020002038,   "Republic of Succulents",                                    "Long Beach, CA 90803",                                     "(323) 379-3210",       null, null,     6260020002, null) ;
INSERT INTO StoreTbl VALUES ( 6260020002039,   "Big Red Comics",                                            "162-B Glassel St",                                         "(714) 650-0813",       null, null,     6260020002, null) ;
INSERT INTO StoreTbl VALUES ( 6260020002040,   "Vans Outlet Store",                                         "485 N Tustin St",                                          "(714) 532-3068",       null, null,     6260020002, null) ;
INSERT INTO StoreTbl VALUES ( 6260020002041,   "Pepperland Music",                                          "850 N Tustin St",                                          "(714) 639-0909",       null, null,     6260020002, null) ;
INSERT INTO StoreTbl VALUES ( 6260020002042,   "Promo Supply House",                                        "238 W Taft Ave",                                           "(714) 363-5281",       null, null,     6260020002, null) ;
INSERT INTO StoreTbl VALUES ( 6260020002043,   "Copy Boy Printing & Copying",                               "625 W Katella Ave",                                        "(714) 997-8811",       null, null,     6260020002, null) ;
INSERT INTO StoreTbl VALUES ( 6260020002044,   "Main Street Florist",                                       "405 S Main St",                                            "(714) 532-6555",       null, null,     6260020002, null) ;
INSERT INTO StoreTbl VALUES ( 6260020002045,   "Comic Book Hideout",                                        "215 W Commonwealth Ave",                                   "(657) 217-0624",       null, null,     6260020002, null) ;
INSERT INTO StoreTbl VALUES ( 6260020002046,   "Chem-Dry by Singleton",                                     "1523 W Struck Ave",                                        "(714) 744-4540",       null, null,     6260020002, null) ;
INSERT INTO StoreTbl VALUES ( 6260020002047,   "Nevada Mineral & Book Company",                             "342 S Tustin St",                                          "(714) 633-1549",       null, null,     6260020002, null) ;
INSERT INTO StoreTbl VALUES ( 6260020002048,   "Scuba World",                                               "1706 N Tustin St",                                         "(714) 998-6382",       null, null,     6260020002, null) ;
INSERT INTO StoreTbl VALUES ( 6260020002049,   "K&L Wide Format Digital Printing",                          "1080 N Batavia St",                                        "(714) 313-0164",       null, null,     6260020002, null) ;

-- Santa Ana

INSERT INTO PlazaTbl VALUES ( 6260025001,   "Local Restaurants", 6260025 );    -- rst
INSERT INTO PlazaTbl VALUES ( 6260025002,   "Local Businesses",  6260025 );

INSERT INTO StoreTbl VALUES ( 6260025001001,   "Benjies",                                                   "1828 N Tustin Ave",                                        "(714) 541-6263",       null, null,     6260025001, null) ;
INSERT INTO StoreTbl VALUES ( 6260025001002,   "Two Fishermen Grill",                                       "2321 E 4th St Ste G",                                      "(714) 648-0605",       null, null,     6260025001, null) ;  -- rst
INSERT INTO StoreTbl VALUES ( 6260025001003,   "Soltani Restaurant",                                        "610 E 1st St Ste A",                                       "(714) 558-2000",       null, null,     6260025001, null) ;  -- rst
INSERT INTO StoreTbl VALUES ( 6260025001004,   "C4 Deli",                                                   "200 N Broadway",                                           "(714) 263-1555",       null, null,     6260025001, null) ;
INSERT INTO StoreTbl VALUES ( 6260025001005,   "Eqeko Peruvian Cuisine",                                    "309 W 3rd St",                                             "(714) 547-7868",       null, null,     6260025001, null) ;
INSERT INTO StoreTbl VALUES ( 6260025001006,   "Cafe Calacas",                                              "324 W 4th St Ste B",                                       "(714) 662-2002",       null, null,     6260025001, null) ;
INSERT INTO StoreTbl VALUES ( 6260025001007,   "The Barrel Room",                                           "324 W 4th St",                                             "(714) 204-0519",       null, null,     6260025001, null) ;
INSERT INTO StoreTbl VALUES ( 6260025001008,   "Hectors On Broadway",                                      "409 N Broadway",                                           "(714) 285-9896",       null, null,     6260025001, null) ;
INSERT INTO StoreTbl VALUES ( 6260025001009,   "La Rinconada Restaurant",                                   "300 W 5th St",                                             "(714) 647-1517",       null, null,     6260025001, null) ;  -- rst
INSERT INTO StoreTbl VALUES ( 6260025001010,   "Osteria Vicario",                                           "1002 W 3rd St",                                            "(714) 757-4854",       null, null,     6260025001, null) ;
INSERT INTO StoreTbl VALUES ( 6260025001011,   "Taqueria Carniceria Tapatia",                               "1118 W 1st St",                                            "(714) 835-8168",       null, null,     6260025001, null) ;
INSERT INTO StoreTbl VALUES ( 6260025001012,   "Louies on Main",                                           "12942 Main St",                                            "(714) 537-9946",       null, null,     6260025001, null) ;
INSERT INTO StoreTbl VALUES ( 6260025001013,   "Favori Restaurant",                                         "3502 W 1st St",                                            "(714) 531-6838",       null, null,     6260025001, null) ;  -- rst
INSERT INTO StoreTbl VALUES ( 6260025001014,   "Bella Cuba",                                                "3940 S Bristol St Ste 114",                                "(714) 545-5711",       null, null,     6260025001, null) ;
INSERT INTO StoreTbl VALUES ( 6260025001015,   "Playground 2.0",                                            "220 E 4th St Ste 104",                                     "(714) 560-4444",       null, null,     6260025001, null) ;
INSERT INTO StoreTbl VALUES ( 6260025001016,   "Calivino Wine Pub",                                         "2410 E Katella Ave",                                       "(714) 939-7735",       null, null,     6260025001, null) ;
INSERT INTO StoreTbl VALUES ( 6260025001017,   "The Copper Chef Kitchen & Bar",                             "Wyndham Hotel",                                            "(949) 476-3200",       null, null,     6260025001, null) ;
INSERT INTO StoreTbl VALUES ( 6260025001018,   "Playground",                                                "220 E 4th St",                                             "(714) 560-4444",       null, null,     6260025001, null) ;
INSERT INTO StoreTbl VALUES ( 6260025001019,   "Chapter One: the modern local",                             "227 N Broadway",                                           "(714) 352-2225",       null, null,     6260025001, null) ;
INSERT INTO StoreTbl VALUES ( 6260025001020,   "Local . Healthy Tapas & Sake",                              "1907 Harbor Blvd",                                         "(949) 873-5333",       null, null,     6260025001, null) ;
INSERT INTO StoreTbl VALUES ( 6260025001021,   "Lola Gaspar",                                               "211 W 2nd St",                                             "(714) 972-1172",       null, null,     6260025001, null) ;
INSERT INTO StoreTbl VALUES ( 6260025001022,   "Gypsy Den",                                                 "125 N Broadway",                                           "(714) 835-8840",       null, null,     6260025001, null) ;
INSERT INTO StoreTbl VALUES ( 6260025001023,   "Irenia",                                                    "400 N Broadway",                                           "(657) 245-3466",       null, null,     6260025001, null) ;
INSERT INTO StoreTbl VALUES ( 6260025001024,   "Taco Pronto",                                               "1714 E McFadden Ave",                                      "(714) 558-1082",       null, null,     6260025001, null) ;
INSERT INTO StoreTbl VALUES ( 6260025001025,   "Mix Mix Kitchen Bar",                                       "300 N Main St",                                            "(714) 836-5158",       null, null,     6260025001, null) ;
INSERT INTO StoreTbl VALUES ( 6260025001026,   "Robbins Nest Wine Bar & Bistro",                            "207 W 2nd St",                                             "(714) 568-9926",       null, null,     6260025001, null) ;  -- rst, bistro
INSERT INTO StoreTbl VALUES ( 6260025001027,   "Roys Restaurant",                                          "321 W Katella Ave",                                        "(714) 776-7697",       null, null,     6260025001, null) ;  -- rst
INSERT INTO StoreTbl VALUES ( 6260025001028,   "Antonello Ristorante and Enoteca Lounge",                   "3800 South Plaza Dr",                                      "(714) 751-7153",       null, null,     6260025001, null) ;
INSERT INTO StoreTbl VALUES ( 6260025001029,   "Crave Restaurant",                                          "410 W 4th St",                                             "(714) 907-0063",       null, null,     6260025001, null) ;  -- rst
INSERT INTO StoreTbl VALUES ( 6260025001030,   "Chicken Maison",                                            "3332 S Bristol St",                                        "(714) 434-0244",       null, null,     6260025001, null) ;
INSERT INTO StoreTbl VALUES ( 6260025001031,   "Kebab Place",                                               "306 W 4th St",                                             "(714) 953-8444",       null, null,     6260025001, null) ;
INSERT INTO StoreTbl VALUES ( 6260025001032,   "Pho Co Ha Noi",                                             "2709 Westminster Ave",                                     "(714) 852-3989",       null, null,     6260025001, null) ;  -- rst, viet --- x
INSERT INTO StoreTbl VALUES ( 6260025001033,   "Casa Oaxaca",                                               "3317 W 1st St",                                            "(714) 554-0905",       null, null,     6260025001, null) ;
INSERT INTO StoreTbl VALUES ( 6260025001034,   "Thai Way",                                                  "648 S Harbor Blvd",                                        "(714) 775-7900",       null, null,     6260025001, null) ;
INSERT INTO StoreTbl VALUES ( 6260025001035,   "Trieu Chau Restaurant",                                     "4401 W 1st St",                                            "(714) 775-1536",       null, null,     6260025001, null) ;  -- rst
INSERT INTO StoreTbl VALUES ( 6260025001036,   "Sushi Murasaki",                                            "2901 W MacArthur Blvd",                                    "(714) 241-1000",       null, null,     6260025001, null) ;  -- sushi
INSERT INTO StoreTbl VALUES ( 6260025001037,   "Pho Tau Bay Ltt Restaurant",                                "3610 W 1st St",                                            "(714) 531-6634",       null, null,     6260025001, null) ;  -- rst, viet --- x    -- rst
INSERT INTO StoreTbl VALUES ( 6260025001038,   "Taqueria El Zamorano",                                      "925 W Warner Ave",                                         "(714) 884-4073",       null, null,     6260025001, null) ;
INSERT INTO StoreTbl VALUES ( 6260025001039,   "Ol Spain Delishop",                                        "136 W Macarthur Bvd",                                      "(714) 966-1087",       null, 0008,     6260025001, null) ;  -- cosm
INSERT INTO StoreTbl VALUES ( 6260025001040,   "The Olde Ship",                                             "1120 W 17th St",                                           "(714) 550-6700",       null, null,     6260025001, null) ;
INSERT INTO StoreTbl VALUES ( 6260025001041,   "Taqueria Zamora",                                           "3121 S Main St",                                           "(714) 557-0907",       null, null,     6260025001, null) ;
INSERT INTO StoreTbl VALUES ( 6260025001042,   "MasalaCraft Indian Cuisine",                                "2 Hutton Center Dr",                                       "(714) 696-6272",       null, null,     6260025001, null) ;
INSERT INTO StoreTbl VALUES ( 6260025001043,   "La Chiquita Restaurant",                                    "906 E Washington Ave",                                     "(714) 543-8787",       null, null,     6260025001, null) ;  -- rst
INSERT INTO StoreTbl VALUES ( 6260025001044,   "828 Pho",                                                   "220 W 1st St",                                             "(714) 568-0338",       null, null,     6260025001, null) ;  -- rst, viet --- x
INSERT INTO StoreTbl VALUES ( 6260025001045,   "El Pico de Gallo Grill",                                    "901 W 17th St",                                            "(714) 953-7448",       null, null,     6260025001, null) ;  -- rst
INSERT INTO StoreTbl VALUES ( 6260025001046,   "Cowgirls Cafe",                                             "1720 S Grand Ave",                                         "(714) 542-8877",       null, null,     6260025001, null) ;
INSERT INTO StoreTbl VALUES ( 6260025001047,   "Colima Mexican & Seafood Restaurant",                       "130 N Fairview St",                                        "(714) 836-1254",       null, null,     6260025001, null) ;  -- rst
INSERT INTO StoreTbl VALUES ( 6260025001048,   "Clever Leaf Hong Kong BBQ",                                 "3751 S Harbor Blvd",                                       "(714) 540-1788",       null, null,     6260025001, null) ;  -- wbq
INSERT INTO StoreTbl VALUES ( 6260025001049,   "Inka Mamas",                                               "3930 S Bristol St",                                        "(714) 557-6262",       null, null,     6260025001, null) ;
INSERT INTO StoreTbl VALUES ( 6260025001050,   "Suzys Cafe",                                               "2610 S Harbor Blvd",                                       "(714) 884-3938",       null, null,     6260025001, null) ;
INSERT INTO StoreTbl VALUES ( 6260025001051,   "The Sandwich Society",                                      "2031 E First St",                                          "(714) 835-3878",       null, null,     6260025001, null) ;
INSERT INTO StoreTbl VALUES ( 6260025001052,   "Citrus Cafe",                                               "1481 Edinger Ave",                                         "(714) 258-2404",       null, null,     6260025001, null) ;
INSERT INTO StoreTbl VALUES ( 6260025001053,   "Ninja Juice",                                               "3380 S Bristol St",                                        "(714) 471-3060",       null, null,     6260025001, null) ;
INSERT INTO StoreTbl VALUES ( 6260025001054,   "Nates Korner",                                             "3960 S Main St",                                           "(714) 545-5772",       null, null,     6260025001, null) ;
INSERT INTO StoreTbl VALUES ( 6260025001055,   "Burritos La Palma - Santa Ana",                             "410 N Bristol St",                                         "(657) 266-0575",       null, null,     6260025001, null) ;
INSERT INTO StoreTbl VALUES ( 6260025001056,   "Gails Grand Ave Lunch Co",                                 "2096 S Grand Ave",                                         "(714) 754-6933",       null, null,     6260025001, null) ;
INSERT INTO StoreTbl VALUES ( 6260025001057,   "Rockfire Grill",                                            "1945 E17th St",                                            "(714) 564-0545",       null, null,     6260025001, null) ;  -- rst

INSERT INTO StoreTbl VALUES ( 6260025002001,   "South Coast Jeweler",                                       "3723 S Bristol St",                                        "(714) 540-6132",       null, null,     6260025002, null) ;  -- jewels
INSERT INTO StoreTbl VALUES ( 6260025002002,   "Everyday Flowers",                                          "1609 E McFadden Ave",                                      "(714) 714-0306",       null, null,     6260025002, null) ;
INSERT INTO StoreTbl VALUES ( 6260025002003,   "Samys Camera",                                             "3309 S Bristol St",                                        "(714) 557-9400",       null, null,     6260025002, null) ;
INSERT INTO StoreTbl VALUES ( 6260025002004,   "Orange County Telescope",                                   "2216 N Main St",                                           "(760) 529-1414",       null, null,     6260025002, null) ;
INSERT INTO StoreTbl VALUES ( 6260025002005,   "P.F. McMullin Snowboard & Ski Co.",                         "1530 E Edinger Ave",                                       "(714) 547-7479",       null, null,     6260025002, null) ;
INSERT INTO StoreTbl VALUES ( 6260025002006,   "East Fork Supply Company",                                  "133 E City Pl Dr",                                         "(714) 788-0732",       null, null,     6260025002, null) ;
INSERT INTO StoreTbl VALUES ( 6260025002007,   "Powertron Battery Co",                                      "2218 W 2nd St",                                            "(714) 543-4858",       null, null,     6260025002, null) ;
INSERT INTO StoreTbl VALUES ( 6260025002008,   "Image Grafics",                                             "1380 E Edinger Ave",                                       "(714) 388-4044",       null, null,     6260025002, null) ;
INSERT INTO StoreTbl VALUES ( 6260025002009,   "Surf City Beach Cruisers",                                  "19171 Magnolia St",                                        "(714) 321-4408",       null, null,     6260025002, null) ;  -- beach
INSERT INTO StoreTbl VALUES ( 6260025002010,   "Gunthers Supply Co",                                        "324 W 4th St",                                             "(714) 702-5002",       null, null,     6260025002, null) ;
INSERT INTO StoreTbl VALUES ( 6260025002011,   "Fountain Printing",                                         "2740 S Harbor",                                            "(714) 965-0250",       null, null,     6260025002, null) ;
INSERT INTO StoreTbl VALUES ( 6260025002012,   "Left of the Dial Records",                                  "320 French St",                                            "(657) 900-2275",       null, null,     6260025002, null) ;
INSERT INTO StoreTbl VALUES ( 6260025002013,   "Once Upon a Storybook",                                     "17300 E 17th St, Ste C",                                   "(714) 669-4377",       null, null,     6260025002, null) ;
INSERT INTO StoreTbl VALUES ( 6260025002014,   "Fotoworks PRO",                                             "15012 Red Hill Ave",                                       "(714) 258-7080",       null, null,     6260025002, null) ;
INSERT INTO StoreTbl VALUES ( 6260025002015,   "Lumaprints",                                                "1520 S Grand Ave",                                         "(800) 773-9857",       null, null,     6260025002, null) ;
INSERT INTO StoreTbl VALUES ( 6260025002016,   "Integrity Jewelers",                                        "11088 Trask Ave",                                          "(714) 420-1911",       null, null,     6260025002, null) ;  -- jewels
INSERT INTO StoreTbl VALUES ( 6260025002017,   "Woodwards Ace Hardware",                                   "2343 N Tustin Ave",                                        "(714) 541-5268",       null, null,     6260025002, null) ;
INSERT INTO StoreTbl VALUES ( 6260025002018,   "Alans Lawnmower & Garden Center",                          "4621 W 1st St",                                            "(714) 775-1250",       null, null,     6260025002, null) ;
INSERT INTO StoreTbl VALUES ( 6260025002019,   "Bushido Martial Arts Supplies",                             "3034 S Orange Ave",                                        "(949) 581-7228",       null, null,     6260025002, null) ;
INSERT INTO StoreTbl VALUES ( 6260025002020,   "Customized Apparel",                                        "2800 N Main St",                                           "(909) 215-8067",       null, null,     6260025002, null) ;
INSERT INTO StoreTbl VALUES ( 6260025002021,   "A-1 Foam & Fabrics and Upholstery Supply",                  "1812 S Main St",                                           "(800) 995-8515",       null, null,     6260025002, null) ;
INSERT INTO StoreTbl VALUES ( 6260025002022,   "FM Customs",                                                "Santa Ana, CA 92705",                                      "(949) 383-5006",       null, null,     6260025002, null) ;
INSERT INTO StoreTbl VALUES ( 6260025002023,   "Avante Gardens By Everyday Flowers",                        "1609 E Mcfadden Ave",                                      "(714) 635-4800",       null, null,     6260025002, null) ;
INSERT INTO StoreTbl VALUES ( 6260025002024,   "LoSo Creation",                                             "1432 E Borchard Ave",                                      "(714) 531-8000",       null, null,     6260025002, null) ;
INSERT INTO StoreTbl VALUES ( 6260025002025,   "Printheadshots",                                            "815 N Main",                                               "(877) 672-2867",       null, null,     6260025002, null) ;
INSERT INTO StoreTbl VALUES ( 6260025002026,   "EarthWise Hauling & Junk Removal",                          "",                                                         "(714) 230-6343",       null, null,     6260025002, null) ;
INSERT INTO StoreTbl VALUES ( 6260025002027,   "The Medicine Shoppe",                                       "1125 East 17th St",                                        "(714) 999-0075",       null, null,     6260025002, null) ;
INSERT INTO StoreTbl VALUES ( 6260025002028,   "Far Below Retail",                                          "1414 E Wilshire Ave",                                      "(714) 569-0690",       null, null,     6260025002, null) ;
INSERT INTO StoreTbl VALUES ( 6260025002029,   "Teresas Jewelers",                                         "223 W 4th St",                                             "(714) 834-9277",       null, null,     6260025002, null) ;  -- jewels
INSERT INTO StoreTbl VALUES ( 6260025002030,   "Players Choice",                                            "701 W 17th St",                                            "(714) 953-2001",       null, null,     6260025002, null) ;
INSERT INTO StoreTbl VALUES ( 6260025002031,   "On the Wall Gallery & Frames",                              "1916 E McFadden Ave",                                      "(714) 543-9811",       null, null,     6260025002, null) ;
INSERT INTO StoreTbl VALUES ( 6260025002032,   "Alltech Electronics",                                       "1300 E Edinger Ave",                                       "(714) 543-5011",       null, null,     6260025002, null) ;
INSERT INTO StoreTbl VALUES ( 6260025002033,   "Mobius Print and Signs",                                    "210 W 1st St",                                             "(714) 542-4600",       null, null,     6260025002, null) ;
INSERT INTO StoreTbl VALUES ( 6260025002034,   "Santiago Cycling",                                          "115 N Prospect Ave",                                       "(714) 544-6091",       null, null,     6260025002, null) ;
INSERT INTO StoreTbl VALUES ( 6260025002035,   "Secret Screen",                                             "2229 S Grand Ave",                                         "(714) 540-1729",       null, null,     6260025002, null) ;
INSERT INTO StoreTbl VALUES ( 6260025002036,   "Eyecatchers Printing",                                      "1730 S Grand Ave",                                         "(714) 972-8032",       null, null,     6260025002, null) ;
INSERT INTO StoreTbl VALUES ( 6260025002037,   "Lavenders Flowers",                                         "609 E Santa Ana Blvd",                                     "(714) 441-2345",       null, null,     6260025002, null) ;
INSERT INTO StoreTbl VALUES ( 6260025002038,   "Abarely",                                                   "1310 E Edinger Ave",                                       "(714) 543-1495",       null, null,     6260025002, null) ;
INSERT INTO StoreTbl VALUES ( 6260025002039,   "Valencia Jewelry",                                          "116 W 4th St",                                             "(714) 836-5480",       null, null,     6260025002, null) ;  -- jewels
INSERT INTO StoreTbl VALUES ( 6260025002040,   "Trampoline Parts Center",                                   "3140 W Warner Ave",                                        "(888) 891-4689",       null, null,     6260025002, null) ;
INSERT INTO StoreTbl VALUES ( 6260025002041,   "Serenity Flyer Distribution Service",                       "1134 W 6th St",                                            "(714) 341-5094",       null, null,     6260025002, null) ;
INSERT INTO StoreTbl VALUES ( 6260025002042,   "Accu Signs and Digital Printing",                           "2204 N Main St",                                           "(714) 543-4444",       null, null,     6260025002, null) ;
INSERT INTO StoreTbl VALUES ( 6260025002043,   "The Suit Co",                                               "1515 N Main St",                                           "(714) 664-0280",       null, null,     6260025002, null) ;
INSERT INTO StoreTbl VALUES ( 6260025002044,   "True Torch Welding",                                        "2291 S Grand Ave",                                         "(714) 662-0112",       null, null,     6260025002, null) ;
INSERT INTO StoreTbl VALUES ( 6260025002045,   "Heredia Antiques",                                          "324 E Dyer Rd",                                            "(714) 979-2811",       null, null,     6260025002, null) ;
INSERT INTO StoreTbl VALUES ( 6260025002046,   "Dive & Photo",                                              "3033 Bristol St",                                          "(949) 346-4231",       null, null,     6260025002, null) ;
INSERT INTO StoreTbl VALUES ( 6260025002047,   "Avanti Printing Inc",                                       "18003 Sky Park Cir",                                       "(949) 387-0787",       null, null,     6260025002, null) ;
INSERT INTO StoreTbl VALUES ( 6260025002048,   "Eternal HQ",                                                "Santa Ana, CA 92707",                                      "(714) 257-5347",       null, null,     6260025002, null) ;
INSERT INTO StoreTbl VALUES ( 6260025002049,   "Banner Masters",                                            "1816 Carnegie Ave",                                        "(949) 975-0204",       null, null,     6260025002, null) ;
INSERT INTO StoreTbl VALUES ( 6260025002050,   "California Prints",                                         "1237 E Warner Ave",                                        "(714) 756-0312",       null, null,     6260025002, null) ;
INSERT INTO StoreTbl VALUES ( 6260025002051,   "AAA Family Gems",                                           "494 E 1st St",                                             "(657) 205-8628",       null, null,     6260025002, null) ;
INSERT INTO StoreTbl VALUES ( 6260025002052,   "Corporate Color Printing",                                  "1701 E Edinger Ave",                                       "(714) 434-9322",       null, null,     6260025002, null) ;
INSERT INTO StoreTbl VALUES ( 6260025002053,   "Atilano Salon and Gallery",                                 "207 N Broadway",                                           "(714) 973-1718",       null, null,     6260025002, null) ;
INSERT INTO StoreTbl VALUES ( 6260025002054,   "Diaz Appliance Repair Service",                             "Santa Ana, CA 92707",                                      "(714) 953-0868",       null, null,     6260025002, null) ;  -- repair
INSERT INTO StoreTbl VALUES ( 6260025002055,   "Vitarelli",                                                 "1515 N Sycamore St",                                       "(714) 664-0280",       null, null,     6260025002, null) ;
INSERT INTO StoreTbl VALUES ( 6260025002056,   "Rug Tycoon",                                                "1624 E Wilshire Ave",                                      "(949) 973-7229",       null, null,     6260025002, null) ;
INSERT INTO StoreTbl VALUES ( 6260025002057,   "CNC Coin Vault",                                            "1814 N Tustin Ave",                                        "(657) 231-4272",       null, null,     6260025002, null) ;
INSERT INTO StoreTbl VALUES ( 6260025002058,   "Pacific Coast Art & Frame",                                 "727 N Tustin St",                                          "(714) 744-6011",       null, null,     6260025002, null) ;  -- art
INSERT INTO StoreTbl VALUES ( 6260025002059,   "Adobe Print",                                               "1921 Carnegie St",                                         "(714) 352-9992",       null, null,     6260025002, null) ;

-- LA ------------

INSERT INTO PlazaTbl VALUES ( 6260014001,      "Downtown LA",             6260014 );
INSERT INTO PlazaTbl VALUES ( 6260014002,      "Other Local Restaurants", 6260014 );    -- rst

INSERT INTO StoreTbl VALUES ( 6260014001001,   "La Cabaa Seafood",                                         "575 E Pico Blvd",                                          "null",                 null, null,     6260014001, null) ;
INSERT INTO StoreTbl VALUES ( 6260014001002,   "Boba Time",                                                 "623 E 12th St",                                            "(213) 386-2622",       null, null,     6260014001, null) ;
INSERT INTO StoreTbl VALUES ( 6260014001003,   "Samba Grill Cafe",                                          "735 E 12th St",                                            "(213) 749-0260",       null, null,     6260014001, null) ;   -- wst
INSERT INTO StoreTbl VALUES ( 6260014001004,   "Heart & Hips",                                              "738 E 12th St",                                            "(213) 765-0300",       null, null,     6260014001, null) ;
INSERT INTO StoreTbl VALUES ( 6260014001005,   "Bien Bien",                                                 "754 E Pico Blvd",                                          "(213) 627-8102",       null, null,     6260014001, null) ;
INSERT INTO StoreTbl VALUES ( 6260014001006,   "Pack & Mail",                                               "1300 S San Pedro St #220",                                 "(323) 533-6127",       null, null,     6260014001, null) ;
INSERT INTO StoreTbl VALUES ( 6260014001007,   "Green House",                                               "1150 S San Pedro St",                                      "(323) 585-2773",       null, null,     6260014001, null) ;
INSERT INTO StoreTbl VALUES ( 6260014001008,   "Min Sub Yun",                                               "1188 S San Pedro St",                                      "(213) 749-2826",       null, null,     6260014001, null) ;
INSERT INTO StoreTbl VALUES ( 6260014001009,   "Cheesesteaks Plus",                                         "735 E 12th St #407",                                       "(213) 749-2003",       null, null,     6260014001, null) ;
INSERT INTO StoreTbl VALUES ( 6260014001010,   "LOS SHUKOS",                                                "1148 Crocker St",                                          "(323) 703-8752",       null, null,     6260014001, null) ;
INSERT INTO StoreTbl VALUES ( 6260014001011,   "Red Mango",                                                 "1015 Crocker St",                                          "(213) 746-2646",       null, null,     6260014001, null) ;
INSERT INTO StoreTbl VALUES ( 6260014001012,   "Santo Grano Inc",                                           "1015 Crocker St",                                          "(213) 747-0003",       null, null,     6260014001, null) ;
INSERT INTO StoreTbl VALUES ( 6260014001013,   "Hera Collection Inc",                                       "1016 Towne Ave #107",                                      "(213) 746-4663",       null, null,     6260014001, null) ;
INSERT INTO StoreTbl VALUES ( 6260014001014,   "Paul's Kitchen",                                            "1012 S San Pedro St",                                      "(213) 749-5004",       null, null,     6260014001, null) ;
INSERT INTO StoreTbl VALUES ( 6260014001015,   "Pan-American Banana",                                       "1059 S San Pedro St",                                      "(213) 438-0240",       null, null,     6260014001, null) ;
INSERT INTO StoreTbl VALUES ( 6260014001016,   "Bernie's Sandwich Stand",                                   "1109 S San Pedro St",                                      "(213) 748-3013",       null, null,     6260014001, null) ;
INSERT INTO StoreTbl VALUES ( 6260014001017,   "Hillary's Sophisticated Touch Inc.",                        "1105 S San Pedro St,",                                     "(213) 943-3920",       null, null,     6260014001, null) ;
INSERT INTO StoreTbl VALUES ( 6260014001018,   "Unique 21 Clothing INC.",                                   "1101 S San Pedro St",                                      "(213) 536-5041",       null, null,     6260014001, null) ;
INSERT INTO StoreTbl VALUES ( 6260014001019,   "Namaste Kitchen",                                           "980 S San Pedro St",                                       "(213) 627-8282",       null, null,     6260014001, null) ;
INSERT INTO StoreTbl VALUES ( 6260014001020,   "Market Grocery",                                            "968 S San Pedro St",                                       "(213) 623-4306",       null, null,     6260014001, null) ;
INSERT INTO StoreTbl VALUES ( 6260014001021,   "Submerge Sandwich",                                         "956 S San Pedro St",                                       "(213) 784-1120",       null, null,     6260014001, null) ;
INSERT INTO StoreTbl VALUES ( 6260014001022,   "Anemone Corporation",                                       "960 S San Pedro St",                                       "(213) 489-1315",       null, null,     6260014001, null) ;
INSERT INTO StoreTbl VALUES ( 6260014001023,   "The Vegan Joint",                                           "707 E 10th St",                                            "(310) 559-1357",       null, null,     6260014001, null) ;
INSERT INTO StoreTbl VALUES ( 6260014001024,   "Genesis Display",                                           "934 S San Pedro St",                                       "(213) 327-1120",       null, null,     6260014001, null) ;
INSERT INTO StoreTbl VALUES ( 6260014001025,   "UNIQUE DISPLAY",                                            "914 S San Pedro St",                                       "(213) 627-5757",       null, null,     6260014001, null) ;
INSERT INTO StoreTbl VALUES ( 6260014001026,   "Jip Bob",                                                   "517 E Olympic Blvd",                                       "(213) 623-8866",       null, null,     6260014001, null) ;
INSERT INTO StoreTbl VALUES ( 6260014001027,   "Nam Won Gol",                                               "550 E Olympic Blvd",                                       "(323) 733-5700",       null, null,     6260014001, null) ;
INSERT INTO StoreTbl VALUES ( 6260014001028,   "Chesscos",                                                  "429 E 11th St",                                            "(213) 745-4770",       null, null,     6260014001, null) ;
INSERT INTO StoreTbl VALUES ( 6260014001029,   "The Alley Dog #1",                                          "317 E 12th St",                                            "(213) 748-3141",       null, null,     6260014001, null) ;
INSERT INTO StoreTbl VALUES ( 6260014001030,   "La Fresa Loca",                                             "331 E Olympic Blvd,",                                      "(323) 884-8513",       null, null,     6260014001, null) ;
INSERT INTO StoreTbl VALUES ( 6260014001031,   "9th Street Pizza",                                          "231 E 9th St",                                             "(213) 627-7798",       null, null,     6260014001, null) ;
INSERT INTO StoreTbl VALUES ( 6260014001032,   "Dona Inez Restaurant",                                      "847 Santee St",                                            "(213) 489-1726",       null, null,     6260014001, null) ;  -- rst
INSERT INTO StoreTbl VALUES ( 6260014001033,   "Nogoom Hookah",                                             "916 S Los Angeles St",                                     "(424) 207-9220",       null, null,     6260014001, null) ;
INSERT INTO StoreTbl VALUES ( 6260014001034,   "Fashion Bistro",                                            "110 E 9th St # A23",                                       "(213) 624-2424",       null, null,     6260014001, null) ;  -- rst, bistro
INSERT INTO StoreTbl VALUES ( 6260014001035,   "Yaki Cafe",                                                 "113 E 9th St",                                             "(213) 627-9254",       null, null,     6260014001, null) ;
INSERT INTO StoreTbl VALUES ( 6260014001036,   "Shandiz Vanak",                                             "109 E 9th St",                                             "(213) 489-5156",       null, null,     6260014001, null) ;
INSERT INTO StoreTbl VALUES ( 6260014001037,   "Anson's Eatery",                                            "108 W 9th St",                                             "(213) 891-0858",       null, null,     6260014001, null) ;
INSERT INTO StoreTbl VALUES ( 6260014001038,   "1810 Argentinean Restaurant",                               "105 W 9th St",                                             "(213) 623-1810",       null, null,     6260014001, null) ;  -- rst
INSERT INTO StoreTbl VALUES ( 6260014001039,   "Pattern Bar",                                               "100 W 9th St",                                             "(213) 627-7774",       null, null,     6260014001, null) ;
INSERT INTO StoreTbl VALUES ( 6260014001040,   "Uncle John's Cafe",                                         "834 S Grand Ave",                                          "(213) 623-3555",       null, null,     6260014001, null) ;
INSERT INTO StoreTbl VALUES ( 6260014001041,   "Big Wangs",                                                 "801 S Grand Ave",                                          "(213) 629-2449",       null, null,     6260014001, null) ;
INSERT INTO StoreTbl VALUES ( 6260014001042,   "Panini Cafe Downtown",                                      "600 W 9th St",                                             "(213) 489-4200",       null, null,     6260014001, null) ;
INSERT INTO StoreTbl VALUES ( 6260014001043,   "Faith & Flower",                                            "705 W 9th St",                                             "(213) 239-0642",       null, null,     6260014001, null) ;
INSERT INTO StoreTbl VALUES ( 6260014001044,   "Fogo de Cho Brazilian Steakhouse",                         "800 S Figueroa St",                                        "(213) 228-4300",       null, null,     6260014001, null) ;
INSERT INTO StoreTbl VALUES ( 6260014001045,   "Takami Sushi & Robata",                                     "811 Wilshire Blvd #2100",                                  "(213) 236-9600",       null, null,     6260014001, null) ;  -- sushi
INSERT INTO StoreTbl VALUES ( 6260014001046,   "Octopus Japanese Restaurant",                               "729 W 7th St",                                             "(213) 402-1500",       null, null,     6260014001, null) ;    -- rst
INSERT INTO StoreTbl VALUES ( 6260014001047,   "SUGARFISH BY SUSHI NOZAWA",                                 "600 W 7th St #150",                                        "(323) 488-3636",       null, null,     6260014001, null) ;  -- sushi
INSERT INTO StoreTbl VALUES ( 6260014001048,   "Water Grill",                                               "544 S Grand Ave",                                          "(213) 891-0900",       null, null,     6260014001, null) ;  -- rst
INSERT INTO StoreTbl VALUES ( 6260014001049,   "Spear Steak & Seafood House",                               "800 W 6th St",                                             "(213) 688-3000",       null, null,     6260014001, null) ;  --
INSERT INTO StoreTbl VALUES ( 6260014001050,   "Cafe Pinot",                                                "700 W 5th St",                                             "(213) 239-6500",       null, null,     6260014001, null) ;  --
INSERT INTO StoreTbl VALUES ( 6260014001051,   "Border Grill",                                              "445 S Figueroa St #100",                                   "(213) 486-5171",       null, null,     6260014001, null) ;  -- rst
INSERT INTO StoreTbl VALUES ( 6260014001052,   "The Bunker Hill Bar & Grill",                               "601 W 5th St",                                             "(213) 688-2988",       null, null,     6260014001, null) ;  -- rst
INSERT INTO StoreTbl VALUES ( 6260014001053,   "Blue Cow Kitchen Bar",                                      "350 S Grand Ave",                                          "(213) 621-2249",       null, null,     6260014001, null) ;
INSERT INTO StoreTbl VALUES ( 6260014001054,   "Perch",                                                     "448 Hill St",                                              "(213) 802-1770",       null, null,     6260014001, null) ;
INSERT INTO StoreTbl VALUES ( 6260014001055,   "Maccheroni Republic",                                       "332 S Broadway",                                           "(213) 346-9725",       null, null,     6260014001, null) ;
INSERT INTO StoreTbl VALUES ( 6260014001056,   "Little Easy",                                               "216 W 5th St",                                             "(213) 628-3113",       null, null,     6260014001, null) ;
INSERT INTO StoreTbl VALUES ( 6260014001057,   "The Down and Out",                                          "501 S Spring St",                                          "(213) 221-7595",       null, null,     6260014001, null) ;
INSERT INTO StoreTbl VALUES ( 6260014001058,   "Nickel Diner",                                              "524 S Main St",                                            "(213) 623-8301",       null, null,     6260014001, null) ;
INSERT INTO StoreTbl VALUES ( 6260014001059,   "Bco Mercat",                                               "408 S Main St",                                            "(213) 687-8808",       null, null,     6260014001, null) ;
INSERT INTO StoreTbl VALUES ( 6260014001060,   "KAZUNORI",                                                  "421 S Main St",                                            "(213) 493-6956",       null, null,     6260014001, null) ;
INSERT INTO StoreTbl VALUES ( 6260014001061,   "The Edison",                                                "108 W 2nd St #101",                                        "(213) 613-0000",       null, null,     6260014001, null) ;
INSERT INTO StoreTbl VALUES ( 6260014001062,   "Daikokuya",                                                 "327 E 1st St",                                             "(213) 626-1680",       null, null,     6260014001, null) ;
INSERT INTO StoreTbl VALUES ( 6260014001063,   "OOmasa",                                                    "100 Japanese Village Plaza",                               "(213) 623-9048",       null, null,     6260014001, null) ;
INSERT INTO StoreTbl VALUES ( 6260014001064,   "Tenno Sushi",                                               "209 S Central Ave",                                        "(213) 625-0602",       null, null,     6260014001, null) ;  -- sushi
INSERT INTO StoreTbl VALUES ( 6260014001065,   "Angel City Brewery",                                        "216 Alameda St",                                           "(213) 622-1261",       null, null,     6260014001, null) ;
INSERT INTO StoreTbl VALUES ( 6260014001066,   "Wurstkche Restaurant",                                     "800 E 3rd St, Los Angeles",                                "(213) 687-4444",       null, null,     6260014001, null) ;    -- rst
INSERT INTO StoreTbl VALUES ( 6260014001067,   "The Factory Kitchen",                                       "1300 Factory Pl",                                          "(213) 996-6000",       null, null,     6260014001, null) ;
INSERT INTO StoreTbl VALUES ( 6260014001068,   "Church & State",                                            "1850 Industrial St",                                       "(213) 405-1434",       null, null,     6260014001, null) ;
INSERT INTO StoreTbl VALUES ( 6260014001069,   "Bestia",                                                    "2121 E 7th Pl",                                            "(213) 514-5724",       null, null,     6260014001, null) ;
INSERT INTO StoreTbl VALUES ( 6260014001070,   "Stumptown Coffee Roasters",                                 "806 S Santa Fe Ave",                                       "(855) 711-3385",       null, null,     6260014001, null) ;

INSERT INTO StoreTbl VALUES ( 6260014002001,   "LocoL",                                                     "1950 E 103rd St",                                          "",                     null, null,     6260014002, null) ;
INSERT INTO StoreTbl VALUES ( 6260014002002,   "Local",                                                     "2943 W Sunset Blvd",                                       "(323) 662-4740",       null, null,     6260014002, null) ;
INSERT INTO StoreTbl VALUES ( 6260014002003,   "Hae Jang Chon Korean BBQ Restaurant",                       "3821 W 6th St",                                            "(213) 389-8777",       null, null,     6260014002, null) ;  -- rst -- wbq
INSERT INTO StoreTbl VALUES ( 6260014002004,   "Mr. Pizza",                                                 "3881 Wilshire Blvd",                                       "(213) 738-0077",       null, null,     6260014002, null) ;
INSERT INTO StoreTbl VALUES ( 6260014002005,   "Guelaguetza Restaurante",                                   "3014 W Olympic Blvd",                                      "(213) 427-0608",       null, null,     6260014002, null) ;  -- rst
INSERT INTO StoreTbl VALUES ( 6260014002006,   "Lalas Argentine Grill",                                    "7229 Melrose Ave",                                         "(323) 934-6838",       null, null,     6260014002, null) ;  -- rst
INSERT INTO StoreTbl VALUES ( 6260014002007,   "Noshi Sushi",                                               "4430 Beverly Blvd",                                        "(323) 469-3458",       null, null,     6260014002, null) ;  -- sushi
INSERT INTO StoreTbl VALUES ( 6260014002008,   "PYT",                                                       "400 S Main St",                                            "(213) 687-7015",       null, null,     6260014002, null) ;
INSERT INTO StoreTbl VALUES ( 6260014002009,   "Catch 56",                                                  "5615 Hollywood Blvd",                                      "(323) 667-2777",       null, null,     6260014002, null) ;
INSERT INTO StoreTbl VALUES ( 6260014002010,   "Barbara Jean LA",                                           "7274 Melrose Ave",                                         "(310) 876-1194",       null, null,     6260014002, null) ;
INSERT INTO StoreTbl VALUES ( 6260014002011,   "AMMO on Melrose",                                           "6909 Melrose Ave",                                         "(323) 930-2666",       null, null,     6260014002, null) ;
INSERT INTO StoreTbl VALUES ( 6260014002012,   "The Larchmont",                                             "5750 Melrose Ave",                                         "(323) 464-4277",       null, null,     6260014002, null) ;
INSERT INTO StoreTbl VALUES ( 6260014002013,   "Brownstone Bistro",                                         "5047 W Pico Blvd",                                         "(323) 965-9400",       null, null,     6260014002, null) ;  -- rst, bistro
INSERT INTO StoreTbl VALUES ( 6260014002014,   "COD Restaurant",                                            "8408 W. 3rd Street",                                       "(323) 658-9188",       null, null,     6260014002, null) ;  -- rst
INSERT INTO StoreTbl VALUES ( 6260014002015,   "Rays and Stark Bar",                                       "5905 Wilshire Blvd",                                       "(323) 857-6180",       null, null,     6260014002, null) ;
INSERT INTO StoreTbl VALUES ( 6260014002016,   "Esterel Restaurant",                                        "8555 Beverly Blvd",                                        "(424) 284-8314",       null, null,     6260014002, null) ;  -- rst
INSERT INTO StoreTbl VALUES ( 6260014002017,   "Natraliart Jamaican Restaurant & Market",                   "3426 W Washington Blvd",                                   "(323) 737-9277",       null, null,     6260014002, null) ;  -- rst
INSERT INTO StoreTbl VALUES ( 6260014002018,   "Escala",                                                    "3451 W 6th St",                                            "(213) 387-1113",       null, null,     6260014002, null) ;
INSERT INTO StoreTbl VALUES ( 6260014002019,   "Hiatus Urban Barbeque",                                     "1292 S La Brea Ave",                                       "(323) 879-9700",       null, null,     6260014002, null) ;
INSERT INTO StoreTbl VALUES ( 6260014002020,   "CJs Cafe",                                                 "5501 W Pico Blvd",                                         "(323) 936-3216",       null, null,     6260014002, null) ;
INSERT INTO StoreTbl VALUES ( 6260014002021,   "Everytable",                                                "1101 W 23rd St",                                           "(213) 973-5095",       null, null,     6260014002, null) ;
INSERT INTO StoreTbl VALUES ( 6260014002022,   "Masa of Echo Park",                                         "1800 W Sunset Blvd",                                       "(213) 989-1558",       null, null,     6260014002, null) ;
INSERT INTO StoreTbl VALUES ( 6260014002023,   "Local Kitchen & Wine Bar",                                  "1736 Ocean Park Blvd",                                     "(310) 396-9007",       null, null,     6260014002, null) ;
INSERT INTO StoreTbl VALUES ( 6260014002024,   "Colori Kitchen",                                            "429 W 8th St",                                             "(213) 622-5950",       null, null,     6260014002, null) ;
INSERT INTO StoreTbl VALUES ( 6260014002025,   "Palm Grove Ethiopian Restaurant",                           "1905 S Western Ave",                                       "(323) 730-0994",       null, null,     6260014002, null) ;  -- rst
INSERT INTO StoreTbl VALUES ( 6260014002026,   "Sqirl",                                                     "720 N Virgil Ave",                                         "(323) 284-8147",       null, null,     6260014002, null) ;
INSERT INTO StoreTbl VALUES ( 6260014002027,   "Vernetti",                                                  "225 N Larchmont Blvd",                                     "(323) 798-5886",       null, null,     6260014002, null) ;
INSERT INTO StoreTbl VALUES ( 6260014002028,   "Crossroads",                                                "8284 Melrose Ave",                                         "(323) 782-9245",       null, null,     6260014002, null) ;
INSERT INTO StoreTbl VALUES ( 6260014002029,   "Della Terra",                                               "7675 Beverly Blvd",                                        "(323) 933-7675",       null, null,     6260014002, null) ;
INSERT INTO StoreTbl VALUES ( 6260014002030,   "Roscoes House of Chicken & Waffles",                       "5006 W Pico Blvd",                                         "(323) 934-4405",       null, null,     6260014002, null) ;
INSERT INTO StoreTbl VALUES ( 6260014002031,   "Commerson",                                                 "788 S La Brea Ave",                                        "(323) 813-3000",       null, null,     6260014002, null) ;
INSERT INTO StoreTbl VALUES ( 6260014002032,   "Pollo a La Brasa Western",                                  "764 S Western Ave",                                        "(213) 387-1531",       null, null,     6260014002, null) ;
INSERT INTO StoreTbl VALUES ( 6260014002033,   "Parks BBQ",                                                "955 S Vermont Ave",                                        "(213) 380-1717",       null, null,     6260014002, null) ;  -- wbq
INSERT INTO StoreTbl VALUES ( 6260014002034,   "Desert Rose Restaurant",                                    "1700 Hillhurst Ave",                                       "(323) 666-1166",       null, null,     6260014002, null) ;  -- rst
INSERT INTO StoreTbl VALUES ( 6260014002035,   "M Grill",                                                   "3832 Wilshire Blvd",                                       "(213) 389-2770",       null, null,     6260014002, null) ;  -- rst
INSERT INTO StoreTbl VALUES ( 6260014002036,   "Osteria La Buca",                                           "5210 Melrose Ave",                                         "(323) 462-1900",       null, null,     6260014002, null) ;
INSERT INTO StoreTbl VALUES ( 6260014002037,   "Osteria Mozza",                                             "6602 Melrose Ave",                                         "(323) 297-0100",       null, null,     6260014002, null) ;
INSERT INTO StoreTbl VALUES ( 6260014002038,   "Noe Restaurant and Bar",                                    "",                                                         "(213) 356-4100",       null, null,     6260014002, null) ;  -- rst
INSERT INTO StoreTbl VALUES ( 6260014002039,   "Wolvesmouth at the Wolvesden",                              "Los Angeles, CA 90012",                                    "",                     null, null,     6260014002, null) ;
INSERT INTO StoreTbl VALUES ( 6260014002040,   "Wood & Vine",                                               "6280 Hollywood Blvd",                                      "(323) 334-3360",       null, null,     6260014002, null) ;
INSERT INTO StoreTbl VALUES ( 6260014002041,   "Commissary",                                                "3515 Wilshire Blvd",                                       "(213) 368-3030",       null, null,     6260014002, null) ;
INSERT INTO StoreTbl VALUES ( 6260014002042,   "Taqueria Los Anaya",                                        "4651 W Adams Blvd",                                        "(323) 731-4070",       null, null,     6260014002, null) ;
INSERT INTO StoreTbl VALUES ( 6260014002043,   "Bar Verde",                                                 "189 The Grove Dr",                                         "(323) 900-1610",       null, null,     6260014002, null) ;
INSERT INTO StoreTbl VALUES ( 6260014002044,   "The Parks Finest",                                         "1267 W Temple St",                                         "(213) 481-2800",       null, null,     6260014002, null) ;
INSERT INTO StoreTbl VALUES ( 6260014002045,   "Grub",                                                      "911 Seward St",                                            "(323) 461-3663",       null, null,     6260014002, null) ;
INSERT INTO StoreTbl VALUES ( 6260014002046,   "Jar",                                                       "8225 Beverly Blvd",                                        "(323) 655-6566",       null, null,     6260014002, null) ;
INSERT INTO StoreTbl VALUES ( 6260014002047,   "Post & Beam",                                               "3767 Santa Rosalia Dr",                                    "(323) 299-5599",       null, null,     6260014002, null) ;
INSERT INTO StoreTbl VALUES ( 6260014002048,   "Young King",                                                "3100 W Olympic Blvd",                                      "(213) 487-6154",       null, null,     6260014002, null) ;
INSERT INTO StoreTbl VALUES ( 6260014002049,   "Caff Concerto",                                            "610 S Serrano Ave",                                        "(213) 738-0909",       null, null,     6260014002, null) ;
INSERT INTO StoreTbl VALUES ( 6260014002050,   "Kobawoo House",                                             "698 S Vermont Ave",                                        "(213) 389-7300",       null, null,     6260014002, null) ;
INSERT INTO StoreTbl VALUES ( 6260014002051,   "Soot Bull Jeep",                                            "3136 W 8th St",                                            "(213) 387-3865",       null, null,     6260014002, null) ;
INSERT INTO StoreTbl VALUES ( 6260014002052,   "Sake House Miro",                                           "809 S La Brea Ave",                                        "(323) 939-7075",       null, null,     6260014002, null) ;
INSERT INTO StoreTbl VALUES ( 6260014002053,   "Isaan Station Thai Street Food",                            "125 N Western Ave",                                        "(323) 498-2451",       null, null,     6260014002, null) ;
INSERT INTO StoreTbl VALUES ( 6260014002054,   "Taylors Steakhouse",                                       "3361 W 8th St",                                            "(213) 382-8449",       null, null,     6260014002, null) ;
INSERT INTO StoreTbl VALUES ( 6260014002055,   "Candela Taco Bar & Lounge",                                 "831 S La Brea Ave",                                        "(323) 936-0533",       null, null,     6260014002, null) ;
INSERT INTO StoreTbl VALUES ( 6260014002056,   "the Sherman",                                               "14633 Ventura Blvd",                                       "(818) 485-2200",       null, null,     6260014002, null) ;
INSERT INTO StoreTbl VALUES ( 6260014002057,   "Costero California Bar + Bistro",                           "6101 West Century Blvd",                                   "(310) 642-4820",       null, null,     6260014002, null) ;  -- rst, bistro
INSERT INTO StoreTbl VALUES ( 6260014002058,   "Chosun Galbee",                                             "3330 W Olympic Blvd",                                      "(323) 734-3330",       null, null,     6260014002, null) ;
INSERT INTO StoreTbl VALUES ( 6260014002059,   "HMS Bounty",                                                "3357 Wilshire Blvd",                                       "(213) 385-7275",       null, null,     6260014002, null) ;
INSERT INTO StoreTbl VALUES ( 6260014002060,   "Merkato Ethiopian Restaurant & Market",                     "1036 S Fairfax Ave",                                       "(323) 935-1775",       null, null,     6260014002, null) ;  -- rst
INSERT INTO StoreTbl VALUES ( 6260014002061,   "My Two Cents",                                              "5583 W Pico Blvd",                                         "(323) 879-9881",       null, null,     6260014002, null) ;
INSERT INTO StoreTbl VALUES ( 6260014002062,   "EMC Seafood & Raw Bar",                                     "3500 W 6th St",                                            "(213) 351-9988",       null, null,     6260014002, null) ;
INSERT INTO StoreTbl VALUES ( 6260014002063,   "Beachwood Cafe",                                            "2695 N Beachwood Dr",                                      "(323) 871-1717",       null, null,     6260014002, null) ;  -- beach
INSERT INTO StoreTbl VALUES ( 6260014002064,   "Cliffs Edge",                                              "3626 W Sunset Blvd",                                       "(323) 666-6116",       null, null,     6260014002, null) ;
INSERT INTO StoreTbl VALUES ( 6260014002065,   "Andreas Coffee Shop",                                       "5870 Melrose Ave",                                         "(323) 848-4271",       null, null,     6260014002, null) ;
INSERT INTO StoreTbl VALUES ( 6260014002066,   "The Copper Still",                                          "4485 Beverly Blvd",                                        "(323) 661-1985",       null, null,     6260014002, null) ;
INSERT INTO StoreTbl VALUES ( 6260014002067,   "POT",                                                       "",                                                         "(213) 368-3030",       null, null,     6260014002, null) ;
INSERT INTO StoreTbl VALUES ( 6260014002068,   "BCD Tofu House",                                            "3575 Wilshire Blvd",                                       "(213) 382-6677",       null, null,     6260014002, null) ;
INSERT INTO StoreTbl VALUES ( 6260014002069,   "Indias Tandoori",                                          "5468 Wilshire Blvd",                                       "(323) 936-2050",       null, null,     6260014002, null) ;
INSERT INTO StoreTbl VALUES ( 6260014002070,   "Jaragua",                                                   "4493 Beverly Blvd",                                        "(323) 661-1985",       null, null,     6260014002, null) ;
INSERT INTO StoreTbl VALUES ( 6260014002071,   "Local Businesses",                                          "",                                                         "",                     null, null,     6260014002, null) ;
INSERT INTO StoreTbl VALUES ( 6260014002072,   "Ballards Artwork Framing",                                 "1568 W Sunset Blvd",                                       "(213) 618-1100",       null, null,     6260014002, null) ;
INSERT INTO StoreTbl VALUES ( 6260014002073,   "The Joneses LA",                                            "227 S Robertson Blvd",                                     "(424) 288-4140",       null, null,     6260014002, null) ;
INSERT INTO StoreTbl VALUES ( 6260014002074,   "Spacedust",                                                 "2153 W Sunset Blvd",                                       "(323) 484-6343",       null, 0008,     6260014002, null) ;  -- cosm
INSERT INTO StoreTbl VALUES ( 6260014002075,   "Urban Florist",                                             "5310 W 8th St",                                            "(323) 937-7100",       null, null,     6260014002, null) ;
INSERT INTO StoreTbl VALUES ( 6260014002076,   "Gentlemens Breakfast Vintage Eyewear",                     "1101 Mohawk St",                                           "(323) 306-6766",       null, null,     6260014002, null) ;
INSERT INTO StoreTbl VALUES ( 6260014002077,   "LA Golden Bicycle Shop",                                    "4001 Wilshire Blvd",                                       "(213) 739-9911",       null, null,     6260014002, null) ;
INSERT INTO StoreTbl VALUES ( 6260014002078,   "Charli",                                                    "5565 WPico Blvd",                                          "(323) 964-9744",       null, null,     6260014002, null) ;
INSERT INTO StoreTbl VALUES ( 6260014002079,   "Lencera Boutique",                                         "7619 Melrose Ave",                                         "(310) 601-7963",       null, null,     6260014002, null) ;
INSERT INTO StoreTbl VALUES ( 6260014002080,   "Chevaliers Books",                                         "126 N Larchmont Blvd",                                     "(323) 465-1334",       null, null,     6260014002, null) ;
INSERT INTO StoreTbl VALUES ( 6260014002081,   "Photo Center",                                              "7961 Beverly Blvd",                                        "(323) 653-6688",       null, null,     6260014002, null) ;
INSERT INTO StoreTbl VALUES ( 6260014002082,   "Safety Cycle",                                              "1018 N Western Ave",                                       "(323) 464-5765",       null, null,     6260014002, null) ;
INSERT INTO StoreTbl VALUES ( 6260014002083,   "The Bike Shop",                                             "2163 Venice Blvd",                                         "(323) 972-4855",       null, null,     6260014002, null) ;
INSERT INTO StoreTbl VALUES ( 6260014002084,   "Pleasantry Jewelers",                                       "818 N Broadway",                                           "(323) 825-1754",       null, null,     6260014002, null) ;  -- jewels
INSERT INTO StoreTbl VALUES ( 6260014002085,   "Liza Shtromberg Jewelry",                                   "1953 Hillhurst Ave",                                       "(323) 913-1444",       null, null,     6260014002, null) ;  -- jewels
INSERT INTO StoreTbl VALUES ( 6260014002086,   "MelroseMac",                                                "6614 Melrose Ave",                                         "(323) 937-4600",       null, null,     6260014002, null) ;
INSERT INTO StoreTbl VALUES ( 6260014002087,   "G Fiori Floral Design",                                     "4567 W Washigton Blvd",                                    "(323) 424-7118",       null, null,     6260014002, null) ;
INSERT INTO StoreTbl VALUES ( 6260014002088,   "Los Feliz Shoe Repair",                                     "1755 Hillhurst Ave",                                       "(323) 665-2429",       null, null,     6260014002, null) ;  -- repair
INSERT INTO StoreTbl VALUES ( 6260014002089,   "Mattress Central",                                          "3319 Glendale Blvd",                                       "(323) 522-3410",       null, null,     6260014002, null) ;
INSERT INTO StoreTbl VALUES ( 6260014002090,   "Los Angeles County Store",                                  "4333 W Sunset Blvd",                                       "(323) 928-2781",       null, null,     6260014002, null) ;
INSERT INTO StoreTbl VALUES ( 6260014002091,   "Co-Op 28 Handmade & Vintage",                               "1728 N Vermont Ave",                                       "(323) 669-2828",       null, null,     6260014002, null) ;
INSERT INTO StoreTbl VALUES ( 6260014002092,   "Anzen Hardware",                                            "309 E 1st St",                                             "(213) 628-7600",       null, null,     6260014002, null) ;
INSERT INTO StoreTbl VALUES ( 6260014002093,   "Los Feliz Hi-Tech",                                         "1805 Hillhurst Ave",                                       "(323) 665-6227",       null, null,     6260014002, null) ;
INSERT INTO StoreTbl VALUES ( 6260014002094,   "Rita Flora",                                                "127 S Arden Blvd",                                         "(323) 938-3900",       null, null,     6260014002, null) ;
INSERT INTO StoreTbl VALUES ( 6260014002095,   "Artisan LA Jewelry",                                        "1856 N Vermont Ave",                                       "(323) 644-5699",       null, null,     6260014002, null) ;  -- jewels
INSERT INTO StoreTbl VALUES ( 6260014002096,   "Fancifull Gift Baskets",                                    "5617 Melrose Ave",                                         "(800) 350-4437",       null, null,     6260014002, null) ;
INSERT INTO StoreTbl VALUES ( 6260014002097,   "Druckers Jewelry Shoppe",                                  "1808 N Vermont Ave",                                       "(323) 662-0084",       null, null,     6260014002, null) ;  -- jewels
INSERT INTO StoreTbl VALUES ( 6260014002098,   "Broome Street General Store",                               "2912 Rowena Ave",                                          "(323) 570-0405",       null, null,     6260014002, null) ;
INSERT INTO StoreTbl VALUES ( 6260014002099,   "Red Wing Shoe Store",                                       "226 E 1st St",                                             "(213) 625-8246",       null, null,     6260014002, null) ;
INSERT INTO StoreTbl VALUES ( 6260014002100,   "US Office Machine Company",                                 "5722 N Figueroa St",                                       "(323) 256-2111",       null, null,     6260014002, null) ;
INSERT INTO StoreTbl VALUES ( 6260014002101,   "El Leon Cigars",                                            "3956 1/2 W 6th St",                                        "(213) 383-3038",       null, null,     6260014002, null) ;
INSERT INTO StoreTbl VALUES ( 6260014002102,   "Kips Toyland",                                             "6333 W 3rd St",                                            "(323) 939-8334",       null, null,     6260014002, null) ;
INSERT INTO StoreTbl VALUES ( 6260014002103,   "Sunset Nursery",                                            "4368 W Sunset Blvd",                                       "(323) 661-1642",       null, null,     6260014002, null) ;
INSERT INTO StoreTbl VALUES ( 6260014002104,   "Dean Leather Accessories",                                  "3918 W Sunset Blvd",                                       "(323) 665-2766",       null, null,     6260014002, null) ;
INSERT INTO StoreTbl VALUES ( 6260014002105,   "Artistic Jewelers",                                         "9536 W Pico Blvd",                                         "(310) 248-2422",       null, null,     6260014002, null) ;  -- jewels
INSERT INTO StoreTbl VALUES ( 6260014002106,   "Floor Plan",                                                "8115 W 3rd St",                                            "(323) 951-9103",       null, null,     6260014002, null) ;
INSERT INTO StoreTbl VALUES ( 6260014002107,   "Orange 20 Bikes",                                           "4314 Melrose Ave",                                         "(323) 662-4537",       null, null,     6260014002, null) ;
INSERT INTO StoreTbl VALUES ( 6260014002108,   "Genesis Printing",                                          "5872 W Pico Blvd",                                         "(323) 965-7935",       null, null,     6260014002, null) ;
INSERT INTO StoreTbl VALUES ( 6260014002109,   "The Left Bank",                                             "2479 Fletcher Dr",                                         "(818) 839-1992",       null, null,     6260014002, null) ;
INSERT INTO StoreTbl VALUES ( 6260014002110,   "Trumpet & Horn",                                            "448 S Hill St",                                            "(213) 612-4333",       null, null,     6260014002, null) ;
INSERT INTO StoreTbl VALUES ( 6260014002111,   "MaeMae Jewelry",                                            "3125 Glendale Blvd",                                       "(323) 205-5390",       null, null,     6260014002, null) ;  -- jewels
INSERT INTO StoreTbl VALUES ( 6260014002112,   "Amoeba Music",                                              "6400 W Sunset Blvd",                                       "(323) 245-6400",       null, null,     6260014002, null) ;
INSERT INTO StoreTbl VALUES ( 6260014002113,   "Naturepedic Organic Mattress Gallery",                      "456 S Robertson Blvd",                                     "(310) 271-1055",       null, null,     6260014002, null) ;
INSERT INTO StoreTbl VALUES ( 6260014002114,   "Hecho en Echo Gallery",                                     "1825 Echo Park Ave",                                       "(323) 741-8363",       null, null,     6260014002, null) ;
INSERT INTO StoreTbl VALUES ( 6260014002115,   "Grow Kid Grow",                                             "4310 W Sunset Blvd",                                       "(323) 661-4769",       null, null,     6260014002, null) ;
INSERT INTO StoreTbl VALUES ( 6260014002116,   "Aardvark Letterpress",                                      "2500 W 7th St",                                            "(213) 388-2271",       null, null,     6260014002, null) ;
INSERT INTO StoreTbl VALUES ( 6260014002117,   "Echo Park Appliance",                                       "1406 W Sunset Blvd",                                       "(213) 977-0406",       null, null,     6260014002, null) ;
INSERT INTO StoreTbl VALUES ( 6260014002118,   "World 8",                                                   "1057 S Vermont Ave",                                       "(213) 389-5212",       null, null,     6260014002, null) ;
INSERT INTO StoreTbl VALUES ( 6260014002119,   "Pixels Digital Imaging",                                    "6907 1/2 Melrose Ave",                                     "(323) 954-1582",       null, null,     6260014002, null) ;
INSERT INTO StoreTbl VALUES ( 6260014002120,   "Box Brothers LA",                                           "5629 Hollywood Blvd",                                      "(323) 464-9200",       null, null,     6260014002, null) ;
INSERT INTO StoreTbl VALUES ( 6260014002121,   "Golden Saddle Cyclery",                                     "1618 Lucile Ave",                                          "(323) 661-1174",       null, null,     6260014002, null) ;
INSERT INTO StoreTbl VALUES ( 6260014002122,   "El Maestro Bicycle Shop",                                   "806 S Main St",                                            "(213) 627-0580",       null, null,     6260014002, null) ;
INSERT INTO StoreTbl VALUES ( 6260014002123,   "A Runners Circle",                                         "3216 Los Feliz Blvd",                                      "(323) 661-8971",       null, null,     6260014002, null) ;
INSERT INTO StoreTbl VALUES ( 6260014002124,   "Cocos Variety",                                            "2427 Riverside Dr",                                        "(323) 664-7400",       null, null,     6260014002, null) ;
INSERT INTO StoreTbl VALUES ( 6260014002125,   "Melrose Trading Post",                                      "7850 Melrose Ave",                                         "(323) 655-7679",       null, null,     6260014002, null) ;
INSERT INTO StoreTbl VALUES ( 6260014002126,   "Discount Luggage of Hollywood",                             "6630 Hollywood Blvd",                                      "(323) 465-7827",       null, null,     6260014002, null) ;
INSERT INTO StoreTbl VALUES ( 6260014002127,   "Next-Gen Games",                                            "5360 Wilshire Blvd",                                       "(323) 938-3400",       null, null,     6260014002, null) ;
INSERT INTO StoreTbl VALUES ( 6260014002128,   "Mystic Time Jewelry and Watch Repair",                      "2726 S Vermont Ave",                                       "(323) 733-7222",       null, null,     6260014002, null) ;  -- jewels -- repair
INSERT INTO StoreTbl VALUES ( 6260014002129,   "ER Copies",                                                 "1439 W Sunset Blvd",                                       "(213) 482-3804",       null, null,     6260014002, null) ;
INSERT INTO StoreTbl VALUES ( 6260014002130,   "MacPro-LA",                                                 "1947 N Cahuenga Blvd",                                     "(323) 378-5603",       null, null,     6260014002, null) ;
INSERT INTO StoreTbl VALUES ( 6260014002131,   "Thomas Rug Cleaning Company & Ararat Oriental Rugs",        "",                                                         "(323) 660-7388",       null, null,     6260014002, null) ;  -- cleaning
INSERT INTO StoreTbl VALUES ( 6260014002132,   "Sofa Decor",                                                "1660 Colorado Blvd",                                       "(323) 684-4646",       null, null,     6260014002, null) ;
INSERT INTO StoreTbl VALUES ( 6260014002133,   "Tops Art Supplies",                                        "3447 W 8th St",                                            "(213) 382-8229",       null, null,     6260014002, null) ;  -- art
INSERT INTO StoreTbl VALUES ( 6260014002134,   "Athletic Club Flower Shop",                                 "808 W 8th St",                                             "(213) 622-0778",       null, null,     6260014002, null) ;
INSERT INTO StoreTbl VALUES ( 6260014002135,   "The Little Knittery",                                       "3195 Glendale Blvd",                                       "(323) 663-3838",       null, null,     6260014002, null) ;
INSERT INTO StoreTbl VALUES ( 6260014002136,   "Pac 8 Orchids",                                             "3532 Overland Ave",                                        "(310) 559-8188",       null, null,     6260014002, null) ;
INSERT INTO StoreTbl VALUES ( 6260014002137,   "One Hour Photo Avenue",                                     "6115 Santa Monica Blvd",                                   "(323) 465-0422",       null, null,     6260014002, null) ;
INSERT INTO StoreTbl VALUES ( 6260014002138,   "The Racket Doctor",                                         "3214 Glendale Blvd",                                       "(323) 663-6601",       null, 0014,     6260014002, null) ;  -- med

-- CORONA

INSERT INTO PlazaTbl VALUES ( 6260007001,   "Others", 6260007 );

INSERT INTO StoreTbl VALUES ( 6260007001001,   "Punjabi Tandoor",                                           "2150 California Ave  Corona, CA 92881",                    "(951) 582-0469",       null, null,     6260007001, null) ;
INSERT INTO StoreTbl VALUES ( 6260007001002,   "The Hot Dog Shoppe",                                        "510 Hidden Valley Pkwy  Corona, CA 92879",                 "(951) 898-8702",       null, null,     6260007001, null) ;
INSERT INTO StoreTbl VALUES ( 6260007001003,   "Luna Modern Mexican Kitchen",                               "980 Montecito Dr  Corona, CA 92879",                       "(951) 735-8888",       null, null,     6260007001, null) ;
INSERT INTO StoreTbl VALUES ( 6260007001004,   "Mariscos El Guero",                                         "1550 W 6th St  Corona, CA 92882",                          "(714) 983-2252",       null, null,     6260007001, null) ;
INSERT INTO StoreTbl VALUES ( 6260007001005,   "Vito's Italian Pizza",                                      "440 River Rd  Corona, CA 92880",                           "(951) 736-8486",       null, null,     6260007001, null) ;
INSERT INTO StoreTbl VALUES ( 6260007001006,   "Silver Dollar Pancake House",                               "710 E 6th St  Corona, CA 92879",                           "(951) 737-5977",       null, null,     6260007001, null) ;
INSERT INTO StoreTbl VALUES ( 6260007001007,   "Pho Lee",                                                   "776 N Main St  Corona, CA 92880",                          "(714) 909-9661",       null, null,     6260007001, null) ;
INSERT INTO StoreTbl VALUES ( 6260007001008,   "Ely's Tacos",                                               "416 W 6th St  Corona, CA 92882",                           "(951) 472-7511",       null, null,     6260007001, null) ;
INSERT INTO StoreTbl VALUES ( 6260007001009,   "Fish O Licious",                                            "451 Magnolia Ave  Corona, CA 92879",                       "(951) 738-9070",       null, null,     6260007001, null) ;
INSERT INTO StoreTbl VALUES ( 6260007001010,   "La Torta Del Mediodia",                                     "219 E 3rd St  Corona, CA 92879",                           "(951) 734-5200",       null, null,     6260007001, null) ;
INSERT INTO StoreTbl VALUES ( 6260007001011,   "Taqueria 2 Potrillos",                                      "515 E 6th St  Corona, CA 92879",                           "(951) 547-4430",       null, null,     6260007001, null) ;
INSERT INTO StoreTbl VALUES ( 6260007001012,   "Taishow Sushi",                                             "1180 El Camino Ave  Corona, CA 92879",                     "(951) 273-9057",       null, null,     6260007001, null) ;  -- sushi
INSERT INTO StoreTbl VALUES ( 6260007001013,   "El Sol Mexican Restaurant",                                 "1120 W 6th St  Corona, CA 92882",                          "(951) 268-6774",       null, null,     6260007001, null) ;  -- rst
INSERT INTO StoreTbl VALUES ( 6260007001014,   "Cowboy Surfer Grill",                                       "387 Magnolia Ave  Corona, CA 92879",                       "(951) 739-0115",       null, null,     6260007001, null) ;  -- rst
INSERT INTO StoreTbl VALUES ( 6260007001015,   "Tacos Panchito",                                            "1530 W 6th St  Corona, CA 92882",                          "(951) 737-2322",       null, null,     6260007001, null) ;
INSERT INTO StoreTbl VALUES ( 6260007001016,   "Royal Bamboo Stix",                                         "635 N Main St  Corona, CA 92880",                          "(951) 475-1234",       null, null,     6260007001, null) ;
INSERT INTO StoreTbl VALUES ( 6260007001017,   "Double or Nothing Pizza",                                   "341 S Lincoln Ave  Corona, CA 92882",                      "(951) 372-8035",       null, null,     6260007001, null) ;
INSERT INTO StoreTbl VALUES ( 6260007001018,   "Maki Yaki Sushi",                                           "635 N Main St  Corona, CA 92879",                          "(951) 808-4545",       null, null,     6260007001, null) ;  -- sushi
INSERT INTO StoreTbl VALUES ( 6260007001019,   "SGC Japanese Restaurant",                                   "113 E 6th St  Corona, CA 92879",                           "(951) 738-0650",       null, null,     6260007001, null) ;  -- rst
INSERT INTO StoreTbl VALUES ( 6260007001020,   "Punjabi Tandoor",                                           "2150 California Ave  Corona, CA 92881",                    "(951) 582-0469",       null, null,     6260007001, null) ;
INSERT INTO StoreTbl VALUES ( 6260007001021,   "The Hot Dog Shoppe",                                        "510 Hidden Valley Pkwy  Corona, CA 92879",                 "(951) 898-8702",       null, null,     6260007001, null) ;
INSERT INTO StoreTbl VALUES ( 6260007001022,   "Luna Modern Mexican Kitchen",                               "980 Montecito Dr  Corona, CA 92879",                       "(951) 735-8888",       null, null,     6260007001, null) ;
INSERT INTO StoreTbl VALUES ( 6260007001023,   "Mariscos El Guero",                                         "1550 W 6th St  Corona, CA 92882",                          "(714) 983-2252",       null, null,     6260007001, null) ;
INSERT INTO StoreTbl VALUES ( 6260007001024,   "Vito's Italian Pizza",                                      "440 River Rd  Corona, CA 92880",                           "(951) 736-8486",       null, null,     6260007001, null) ;
INSERT INTO StoreTbl VALUES ( 6260007001025,   "Silver Dollar Pancake House",                               "710 E 6th St  Corona, CA 92879",                           "(951) 737-5977",       null, null,     6260007001, null) ;
INSERT INTO StoreTbl VALUES ( 6260007001026,   "Pho Lee",                                                   "776 N Main St  Corona, CA 92880",                          "(714) 909-9661",       null, null,     6260007001, null) ;
INSERT INTO StoreTbl VALUES ( 6260007001027,   "Ely's Tacos",                                               "416 W 6th St  Corona, CA 92882",                           "(951) 472-7511",       null, null,     6260007001, null) ;
INSERT INTO StoreTbl VALUES ( 6260007001028,   "Fish O Licious",                                            "451 Magnolia Ave  Corona, CA 92879",                       "(951) 738-9070",       null, null,     6260007001, null) ;
INSERT INTO StoreTbl VALUES ( 6260007001029,   "Marui Sushi",                                               "2347 California Ave  Corona, CA 92881",                    "(951) 734-5800",       null, null,     6260007001, null) ;  -- sushi
INSERT INTO StoreTbl VALUES ( 6260007001030,   "GoodFella's Cafe",                                          "1090 Pomona Rd  Corona, CA 92882",                         "(951) 340-1130",       null, null,     6260007001, null) ;
INSERT INTO StoreTbl VALUES ( 6260007001031,   "Rumi's Persian Restaurant",                                 "718 N Main St  Corona, CA 92880",                          "(951) 898-5400",       null, null,     6260007001, null) ;  -- rst
INSERT INTO StoreTbl VALUES ( 6260007001032,   "Carnitas Zaragoza",                                         "1252 W 6th St  Corona, CA 92882",                          "(951) 738-9882",       null, null,     6260007001, null) ;
INSERT INTO StoreTbl VALUES ( 6260007001033,   "El Chivazo Salvadorian Restaurant",                         "514 S Smith Ave  Corona, CA 92882",                        "(951) 898-4758",       null, null,     6260007001, null) ;  -- rst
INSERT INTO StoreTbl VALUES ( 6260007001034,   "Jugos Vallarta",                                            "675 E Grand Blvd  Corona, CA 92879",                       "(951) 279-5076",       null, null,     6260007001, null) ;
INSERT INTO StoreTbl VALUES ( 6260007001035,   "Anthony's Pizza & Pasta",                                   "13100 Magnolia Ave  Corona, CA 92879",                     "(951) 279-6960",       null, null,     6260007001, null) ;
INSERT INTO StoreTbl VALUES ( 6260007001036,   "Poke-Ria",                                                  "440 N McKinley St  Corona, CA 92879",                      "(951) 737-7653",       null, null,     6260007001, null) ;  -- rst, seafood, jap
INSERT INTO StoreTbl VALUES ( 6260007001037,   "Hon Sushi",                                                 "1511 Rimpau Ave  Corona, CA 92881",                        "(951) 356-5858",       null, null,     6260007001, null) ;  -- sushi
INSERT INTO StoreTbl VALUES ( 6260007001038,   "Burger Basket",                                             "1058 W 6th St  Corona, CA 92882",                          "(951) 734-1331",       null, null,     6260007001, null) ;
INSERT INTO StoreTbl VALUES ( 6260007001039,   "Thai Variety",                                              "650 S Lincoln Ave  Corona, CA 92882",                      "(951) 808-8375",       null, null,     6260007001, null) ;
INSERT INTO StoreTbl VALUES ( 6260007001040,   "Sanchez Tacos",                                             "430 River Rd  Corona, CA 92880",                           "(951) 371-5401",       null, null,     6260007001, null) ;
INSERT INTO StoreTbl VALUES ( 6260007001041,   "Super Taco",                                                "450 S Main St  Corona, CA 92882",                          "(951) 272-6577",       null, null,     6260007001, null) ;
INSERT INTO StoreTbl VALUES ( 6260007001042,   "Mantra",                                                    "712 N Main St  Corona, CA 92880",                          "(951) 739-9401",       null, null,     6260007001, null) ;
INSERT INTO StoreTbl VALUES ( 6260007001043,   "Pescaderia El Golfo 2",                                     "1252 W 6th St  Corona, CA 92882",                          "(951) 738-1617",       null, null,     6260007001, null) ;
INSERT INTO StoreTbl VALUES ( 6260007001044,   "Thai Tuk Tuk",                                              "725 W 6th St  Corona, CA 92882",                           "(951) 735-2568",       null, null,     6260007001, null) ;
INSERT INTO StoreTbl VALUES ( 6260007001045,   "Mi Tortilla Mexican Grill",                                 "487 Magnolia Ave  Corona, CA 92879",                       "(951) 279-8766",       null, null,     6260007001, null) ;  -- rst
INSERT INTO StoreTbl VALUES ( 6260007001046,   "Eduardo's Mexican Restaurant",                              "513 W 6th St  Corona, CA 92882",                           "(951) 340-3722",       null, null,     6260007001, null) ;  -- rst
INSERT INTO StoreTbl VALUES ( 6260007001047,   "Betty Faye's Cafe",                                         "718 N Main St  Corona, CA 92880",                          "(951) 734-3994",       null, null,     6260007001, null) ;
INSERT INTO StoreTbl VALUES ( 6260007001048,   "Seven Seas",                                                "1525 E Ontario Ave  Corona, CA 92881",                     "(951) 808-8811",       null, null,     6260007001, null) ;
INSERT INTO StoreTbl VALUES ( 6260007001049,   "Porky's Pizza",                                             "2210 Griffin Way  Corona, CA 92879",                       "(951) 371-7600",       null, null,     6260007001, null) ;
INSERT INTO StoreTbl VALUES ( 6260007001050,   "El Ranchito Taco Shop",                                     "1181 Magnolia Ave  Corona, CA 92879",                      "(951) 272-4300",       null, null,     6260007001, null) ;
INSERT INTO StoreTbl VALUES ( 6260007001051,   "Restaurant Mexico Lindo",                                   "1340 E 6th St  Corona, CA 92879",                          "(951) 371-8037",       null, null,     6260007001, null) ;  -- rst
INSERT INTO StoreTbl VALUES ( 6260007001052,   "Dalia's Pizza",                                             "1411 Rimpau Ave  Corona, CA 92879",                        "(951) 279-9988",       null, null,     6260007001, null) ;
INSERT INTO StoreTbl VALUES ( 6260007001053,   "True Mediterranean Kitchen",                                "469 Magnolia Ave  Corona, CA 92879",                       "(951) 371-8885",       null, null,     6260007001, null) ;
INSERT INTO StoreTbl VALUES ( 6260007001054,   "Tudy's Taqueria",                                           "1027 W 6th St  Corona, CA 92882",                          "(951) 737-9129",       null, null,     6260007001, null) ;
INSERT INTO StoreTbl VALUES ( 6260007001055,   "Con Amore Ristorante",                                      "2630 Tuscany St  Corona, CA 92881",                        "(951) 272-5894",       null, null,     6260007001, null) ;
INSERT INTO StoreTbl VALUES ( 6260007001056,   "Naan Kabob",                                                "1102 S Main St  Corona, CA 92882",                         "(951) 570-5708",       null, null,     6260007001, null) ;
INSERT INTO StoreTbl VALUES ( 6260007001057,   "Xpresso Urban Cafe",                                        "2681 Green River Rd  Corona, CA 92882",                    "(951) 847-2593",       null, null,     6260007001, null) ;
INSERT INTO StoreTbl VALUES ( 6260007001058,   "Mariscos El Barco",                                         "1390 W 6th St  Corona, CA 92882",                          "(951) 372-9000",       null, null,     6260007001, null) ;
INSERT INTO StoreTbl VALUES ( 6260007001059,   "Kabob Hutt",                                                "165 Washburn Cir  Corona, CA 92882",                       "(951) 279-6696",       null, null,     6260007001, null) ;
INSERT INTO StoreTbl VALUES ( 6260007001060,   "Sushi Asahi",                                               "420 N McKinley St  Corona, CA 92879",                      "(951) 738-3000",       null, null,     6260007001, null) ;  -- sushi
INSERT INTO StoreTbl VALUES ( 6260007001061,   "Fuego 360",                                                 "131 N McKinley St  Corona, CA 92879",                      "(951) 270-0000",       null, null,     6260007001, null) ;
INSERT INTO StoreTbl VALUES ( 6260007001062,   "Casa Taquito",                                              "2721 Green River Rd  Corona, CA 92882",                    "(951) 340-4607",       null, null,     6260007001, null) ;
INSERT INTO StoreTbl VALUES ( 6260007001063,   "Sushi Zen",                                                 "1525 E Ontario Ave  Corona, CA 92881",                     "(951) 817-1000",       null, null,     6260007001, null) ;  -- sushi
INSERT INTO StoreTbl VALUES ( 6260007001064,   "El Taco Lucas",                                             "401 S Lincoln Ave  Corona, CA 92882",                      "(951) 278-4702",       null, null,     6260007001, null) ;
INSERT INTO StoreTbl VALUES ( 6260007001065,   "5th Ave Bagelry",                                           "1210 Magnolia Ave  Corona, CA 92881",                      "(951) 737-9555",       null, null,     6260007001, null) ;
INSERT INTO StoreTbl VALUES ( 6260007001066,   "Tamazula Baja Grill",                                       "324 S Main St  Corona, CA 92882",                          "(951) 371-3103",       null, null,     6260007001, null) ;  -- rst
INSERT INTO StoreTbl VALUES ( 6260007001067,   "The Hungry Taco",                                           "1610 W 6th St  Corona, CA 92882",                          "(951) 279-4221",       null, null,     6260007001, null) ;
INSERT INTO StoreTbl VALUES ( 6260007001068,   "Fast 5 Pizza",                                              "1530 W 6th St  Corona, CA 92882",                          "(951) 372-6000",       null, null,     6260007001, null) ;
INSERT INTO StoreTbl VALUES ( 6260007001069,   "Main Street Deli",                                          "175 E Ontario St  Corona, CA 92882",                       "(951) 738-0600",       null, null,     6260007001, null) ;
INSERT INTO StoreTbl VALUES ( 6260007001070,   "TOGO'S Sandwiches",                                         "650 S Lincoln Ave  Corona, CA 92882",                      "(951) 738-8646",       null, null,     6260007001, null) ;
INSERT INTO StoreTbl VALUES ( 6260007001071,   "Twisted Gourmet",                                           "490 Hidden Valley Pkwy  Corona, CA 92879",                 "(951) 736-2035",       null, null,     6260007001, null) ;
INSERT INTO StoreTbl VALUES ( 6260007001072,   "Miguel's Jr",                                               "1570 W 6th St  Corona, CA 92882",                          "(951) 279-7780",       null, null,     6260007001, null) ;
INSERT INTO StoreTbl VALUES ( 6260007001073,   "Tortas Sinaloa",                                            "1520 W 6th St  Corona, CA 92882",                          "(951) 372-0777",       null, null,     6260007001, null) ;
INSERT INTO StoreTbl VALUES ( 6260007001074,   "Granite Place Cafe",                                        "101 Granite St  Corona, CA 92879",                         "(951) 279-5544",       null, null,     6260007001, null) ;
INSERT INTO StoreTbl VALUES ( 6260007001075,   "Thai Star BBQ",                                             "3848 N McKinley St  Corona, CA 92879",                     "(951) 737-1638",       null, null,     6260007001, null) ;  -- wbq
INSERT INTO StoreTbl VALUES ( 6260007001076,   "Spice World",                                               "944 W 6th St  Corona, CA 92882",                           "(951) 659-7100",       null, null,     6260007001, null) ;
INSERT INTO StoreTbl VALUES ( 6260007001077,   "Tokai Sushi",                                               "2279 Eagle Glen Pkwy  Corona, CA 92883",                   "(951) 340-0443",       null, null,     6260007001, null) ;  -- sushi
INSERT INTO StoreTbl VALUES ( 6260007001078,   "New York Pizza Department",                                 "2279 Eagle Glen Pkwy  Corona, CA 92883",                   "(951) 493-6789",       null, null,     6260007001, null) ;
INSERT INTO StoreTbl VALUES ( 6260007001079,   "Pho Xpress",                                                "650 S Lincoln Ave  Corona, CA 92882",                      "(951) 340-0540",       null, null,     6260007001, null) ;
INSERT INTO StoreTbl VALUES ( 6260007001080,   "Miguel's Jr",                                               "1039 W 6th St  Corona, CA 92882",                          "(951) 270-3551",       null, null,     6260007001, null) ;
INSERT INTO StoreTbl VALUES ( 6260007001081,   "Country BBQ",                                               "2276 Griffin Way  Corona, CA 92879",                       "(951) 734-8022",       null, null,     6260007001, null) ;
INSERT INTO StoreTbl VALUES ( 6260007001082,   "Poki Cat",                                                  "2630 Tuscany St  Corona, CA 92881",                        "(951) 338-8068",       null, null,     6260007001, null) ;
INSERT INTO StoreTbl VALUES ( 6260007001083,   "Texas Roadhouse",                                           "370 N Mckinley St  Corona, CA 92879",                      "(951) 735-7427",       null, null,     6260007001, null) ;
INSERT INTO StoreTbl VALUES ( 6260007001084,   "Tea Time Express",                                          "99 Ranch Market  Corona, CA 92879",                        "(951) 808-4000",       null, null,     6260007001, null) ;
INSERT INTO StoreTbl VALUES ( 6260007001085,   "The Lucky Greek",                                           "2490 Wardlow Rd  Corona, CA 92880",                        "(951) 737-3162",       null, null,     6260007001, null) ;
INSERT INTO StoreTbl VALUES ( 6260007001086,   "Tommy's Orginal World Famous Hamburgers",                   "2280 Compton Ave  Corona, CA 92881",                       "(951) 272-9381",       null, null,     6260007001, null) ;
INSERT INTO StoreTbl VALUES ( 6260007001087,   "Sushi Kawa Sports Bar & Grill",                             "469 Magnolia Ave  Corona, CA 92879",                       "(951) 280-0398",       null, null,     6260007001, null) ;  -- sushi-- rst
INSERT INTO StoreTbl VALUES ( 6260007001088,   "Jersey's Pizza & Restaurant",                               "1197 Magnolia Ave  Corona, CA 92879",                      "(951) 279-4100",       null, null,     6260007001, null) ;  -- rst
INSERT INTO StoreTbl VALUES ( 6260007001089,   "Islands Restaurant",                                        "1295 Magnolia Ave  Corona, CA 92879",                      "(951) 279-7724",       null, null,     6260007001, null) ;  -- rst
INSERT INTO StoreTbl VALUES ( 6260007001090,   "Red Ginger China Bistro",                                   "1185 Magnolia Ave  Corona, CA 92879",                      "(951) 737-2878",       null, null,     6260007001, null) ;  -- rst, bistro
INSERT INTO StoreTbl VALUES ( 6260007001091,   "Hong Kong Restaurant",                                      "1370 W 6th St  Corona, CA 92882",                          "(951) 735-6050",       null, null,     6260007001, null) ;  -- rst
INSERT INTO StoreTbl VALUES ( 6260007001092,   "King's Fish House - Corona",                                "2530 Tuscany Rd  Corona, CA 92881",                        "(951) 284-7900",       null, null,     6260007001, null) ;
INSERT INTO StoreTbl VALUES ( 6260007001093,   "Spice It Up Market And Grill",                              "80 W Grand Blvd  Corona, CA 92882",                        "(951) 817-0600",       null, null,     6260007001, null) ;  -- rst
INSERT INTO StoreTbl VALUES ( 6260007001094,   "Subs Galore & More",                                        "2721 Green River Rd  Corona, CA 92882",                    "(951) 371-7763",       null, null,     6260007001, null) ;
INSERT INTO StoreTbl VALUES ( 6260007001095,   "Maria's Mexican Kitchen",                                   "163 W Ontario Ave  Corona, CA 92882",                      "(951) 582-9101",       null, null,     6260007001, null) ;
INSERT INTO StoreTbl VALUES ( 6260007001096,   "Peter's Burgers and Mexican Food",                          "923 W 6th St  Corona, CA 92882",                           "(951) 279-3488",       null, null,     6260007001, null) ;
INSERT INTO StoreTbl VALUES ( 6260007001097,   "Samurai Kitchen",                                           "1690 W 6th St  Corona, CA 92882",                          "(951) 817-8621",       null, null,     6260007001, null) ;
INSERT INTO StoreTbl VALUES ( 6260007001098,   "Mariscolandia",                                             "115 N Mckinley St  Corona, CA 92879",                      "(951) 520-8762",       null, null,     6260007001, null) ;
INSERT INTO StoreTbl VALUES ( 6260007001099,   "Golden Chopstix",                                           "1312 E Ontario Ave  Corona, CA 92881",                     "(951) 738-8888",       null, null,     6260007001, null) ;
INSERT INTO StoreTbl VALUES ( 6260007001100,   "El Torero",                                                 "222 E 3rd St  Corona, CA 92879",                           "(951) 737-2738",       null, null,     6260007001, null) ;
INSERT INTO StoreTbl VALUES ( 6260007001101,   "Duomo Pizza",                                               "2785 Cabot Dr  Corona, CA 92883",                          "(951) 638-5550",       null, null,     6260007001, null) ;
INSERT INTO StoreTbl VALUES ( 6260007001102,   "Graziano's Corona",                                         "333 Magnolia Ave  Corona, CA 92879",                       "(951) 734-8500",       null, null,     6260007001, null) ;
INSERT INTO StoreTbl VALUES ( 6260007001103,   "The Original Taco Stop",                                    "161 N McKinley St  Corona, CA 92879",                      "(951) 340-9088",       null, null,     6260007001, null) ;
INSERT INTO StoreTbl VALUES ( 6260007001104,   "Min's Dumpling House",                                      "440 N McKinley St  Corona, CA 92879",                      "(951) 808-8886",       null, null,     6260007001, null) ;
INSERT INTO StoreTbl VALUES ( 6260007001105,   "Rodrigo's Mexican Grill",                                   "150 W Parkridge  Corona, CA 92880",                        "(951) 738-0373",       null, null,     6260007001, null) ;  -- rst
INSERT INTO StoreTbl VALUES ( 6260007001106,   "Chuck Wagon Cafe",                                          "1070 E 6th St  Corona, CA 92879",                          "(951) 737-7162",       null, null,     6260007001, null) ;
INSERT INTO StoreTbl VALUES ( 6260007001107,   "KiKu Sushi",                                                "529 N McKinley St  Corona, CA 92879",                      "(951) 808-0048",       null, null,     6260007001, null) ;  -- sushi
INSERT INTO StoreTbl VALUES ( 6260007001108,   "Hunnys Cafe",                                               "402 Corona Mall  Corona, CA 92879",                        "(951) 735-7020",       null, null,     6260007001, null) ;
INSERT INTO StoreTbl VALUES ( 6260007001109,   "Miguel's Jr",                                               "2320 Compton Ave  Corona, CA 92881",                       "(951) 279-9393",       null, null,     6260007001, null) ;
INSERT INTO StoreTbl VALUES ( 6260007001110,   "Blackburn's Farm To Table",                                 "4300 Green River Rd  Corona, CA 92880",                    "(951) 264-6807",       null, null,     6260007001, null) ;
INSERT INTO StoreTbl VALUES ( 6260007001111,   "Juan Pollo",                                                "1277 W 6th St  Corona, CA 92882",                          "(951) 738-8905",       null, null,     6260007001, null) ;
INSERT INTO StoreTbl VALUES ( 6260007001112,   "El Cangrejo Nice",                                          "510 N Hidden Valley Pkwy  Corona, CA 92879",               "(951) 340-2280",       null, null,     6260007001, null) ;
INSERT INTO StoreTbl VALUES ( 6260007001113,   "Chronic Tacos",                                             "160 E Ontario Ave  Corona, CA 92879",                      "(951) 278-2643",       null, null,     6260007001, null) ;
INSERT INTO StoreTbl VALUES ( 6260007001114,   "Aloha Hawaiian BBQ",                                        "2150 California Ave  Corona, CA 92881",                    "(951) 372-8088",       null, null,     6260007001, null) ;
INSERT INTO StoreTbl VALUES ( 6260007001115,   "VN Dish",                                                   "127 N McKinley St  Corona, CA 92879",                      "(951) 340-0342",       null, null,     6260007001, null) ;
INSERT INTO StoreTbl VALUES ( 6260007001116,   "Mountain Mikes Pizza",                                      "140 W Ontario Ave  Corona, CA 92882",                      "(951) 279-8000",       null, null,     6260007001, null) ;
INSERT INTO StoreTbl VALUES ( 6260007001117,   "Pho Anam",                                                  "440 N Mckinley St  Corona, CA 92879",                      "(951) 735-2629",       null, null,     6260007001, null) ;
INSERT INTO StoreTbl VALUES ( 6260007001118,   "The Bucket Crab & Crawfish",                                "2279 Eagle Glen Pkwy  Corona, CA 92883",                   "(951) 549-9700",       null, null,     6260007001, null) ;
INSERT INTO StoreTbl VALUES ( 6260007001119,   "Miguel's California Mexican Cocina",                        "1920 Frontage Rd  Corona, CA 92882",                       "(951) 520-8911",       null, null,     6260007001, null) ;
INSERT INTO StoreTbl VALUES ( 6260007001120,   "Mr You Express",                                            "175 E Ontario Ave  Corona, CA 92879",                      "(951) 738-0310",       null, null,     6260007001, null) ;
INSERT INTO StoreTbl VALUES ( 6260007001121,   "Sombrero Mexican Food",                                     "1535 E Ontario Ave  Corona, CA 92877",                     "(951) 272-0153",       null, null,     6260007001, null) ;
INSERT INTO StoreTbl VALUES ( 6260007001122,   "El Torito",                                                 "2240 Griffin Way  Corona, CA 92879",                       "(951) 736-9379",       null, null,     6260007001, null) ;
INSERT INTO StoreTbl VALUES ( 6260007001123,   "Pho Dat Vietnamese & Chinese Restaurant",                   "1237 W 6th St  Corona, CA 92882",                          "(951) 340-3869",       null, null,     6260007001, null) ;  -- rst
INSERT INTO StoreTbl VALUES ( 6260007001124,   "Corky's Kitchen & Bakery",                                  "3811 Bedford Canyon Rd  Corona, CA 92883",                 "(951) 735-3100",       null, null,     6260007001, null) ;
INSERT INTO StoreTbl VALUES ( 6260007001125,   "TOGO'S Sandwiches",                                         "1312 E Ontario Ave  Corona, CA 92881",                     "(951) 372-9495",       null, null,     6260007001, null) ;
INSERT INTO StoreTbl VALUES ( 6260007001126,   "Ochoa's Carniceria Y Taqueria",                             "504 S Smith Ave  Corona, CA 92882",                        "(951) 735-1047",       null, null,     6260007001, null) ;
INSERT INTO StoreTbl VALUES ( 6260007001127,   "Wood Ranch BBQ & Grill - Corona",                           "2785 Lakeshore Dr  Corona, CA 92883",                      "(951) 667-4200",       null, null,     6260007001, null) ;  -- wbq-- rst
INSERT INTO StoreTbl VALUES ( 6260007001128,   "Vino Veritas Wine Bar",                                     "2785 Cabot Dr  Corona, CA 92883",                          "(951) 277-7500",       null, null,     6260007001, null) ;
INSERT INTO StoreTbl VALUES ( 6260007001129,   "TAPS Fish House & Brewery",                                 "2745 Lakeshore Dr  Corona, CA 92883",                      "(951) 277-5800",       null, null,     6260007001, null) ;
INSERT INTO StoreTbl VALUES ( 6260007001130,   "Santana's Mexican Food",                                    "1340 El Sobrante Rd  Corona, CA 92879",                    "(951) 279-3234",       null, null,     6260007001, null) ;
INSERT INTO StoreTbl VALUES ( 6260007001131,   "Manila Grill Restaurant & Bake Shop",                       "3848 N McKinley St  Corona, CA 92879",                     "(951) 273-0291",       null, null,     6260007001, null) ;  -- rst-- rst
INSERT INTO StoreTbl VALUES ( 6260007001132,   "Bowl Express Chinese Food",                                 "2284 Griffin Way  Corona, CA 92879",                       "(951) 272-3183",       null, null,     6260007001, null) ;
INSERT INTO StoreTbl VALUES ( 6260007001133,   "Big Al's Pizza",                                            "4300 Green River Rd  Corona, CA 92880",                    "(951) 278-8514",       null, null,     6260007001, null) ;
INSERT INTO StoreTbl VALUES ( 6260007001134,   "J Sushi & Grill",                                           "4300 Green River Rd  Corona, CA 92880",                    "(951) 520-0043",       null, null,     6260007001, null) ;  -- sushi-- rst
INSERT INTO StoreTbl VALUES ( 6260007001135,   "Marie Callender's Restaurant & Bakery",                     "160 E Rincon St  Corona, CA 92879",                        "(951) 735-4310",       null, null,     6260007001, null) ;  -- rst
INSERT INTO StoreTbl VALUES ( 6260007001136,   "Tacos Mexico",                                              "830 N Main St  Corona, CA 92880",                          "(951) 340-1718",       null, null,     6260007001, null) ;
INSERT INTO StoreTbl VALUES ( 6260007001137,   "Red Robin Gourmet Burgers",                                 "419 N McKinley St  Corona, CA 92879",                      "(951) 737-1130",       null, null,     6260007001, null) ;
INSERT INTO StoreTbl VALUES ( 6260007001138,   "Sizzler",                                                   "1461 S Rimpau Ave  Corona, CA 92879",                      "(951) 272-8255",       null, null,     6260007001, null) ;
INSERT INTO StoreTbl VALUES ( 6260007001139,   "Shamrock's",                                                "1275 MAgnolia Ave  Corona, CA 92879",                      "(951) 808-4881",       null, null,     6260007001, null) ;
INSERT INTO StoreTbl VALUES ( 6260007001140,   "Dickey's Barbecue Pit - Corona",                            "540 Hidden Valley Pkwy  Corona, CA 92879",                 "(951) 207-2469",       null, null,     6260007001, null) ;
INSERT INTO StoreTbl VALUES ( 6260007001141,   "Citrus City Grille",                                        "2765 Lakeshore Dr  Corona, CA 92883",                      "(951) 277-2888",       null, null,     6260007001, null) ;  -- rst
INSERT INTO StoreTbl VALUES ( 6260007001142,   "Corona Burgers",                                            "307 E 6th St  Corona, CA 92879",                           "(951) 272-8778",       null, null,     6260007001, null) ;
INSERT INTO StoreTbl VALUES ( 6260007001143,   "Taqueria Mexico",                                           "828 N Main St  Corona, CA 92880",                          "(951) 739-9240",       null, null,     6260007001, null) ;
INSERT INTO StoreTbl VALUES ( 6260007001144,   "China Garden Express",                                      "2681 Green River Rd  Corona, CA 92882",                    "(951) 549-1536",       null, null,     6260007001, null) ;
INSERT INTO StoreTbl VALUES ( 6260007001145,   "Mimi's Cafe",                                               "2230 Griffin Way  Corona, CA 92879",                       "(951) 734-2073",       null, null,     6260007001, null) ;
INSERT INTO StoreTbl VALUES ( 6260007001146,   "Christi's Cravings",                                        "109 N Maple St  Corona, CA 92880",                         "(951) 270-0909",       null, null,     6260007001, null) ;
INSERT INTO StoreTbl VALUES ( 6260007001147,   "Ninja Sushi & Grill",                                       "1380 W 6th St  Corona, CA 92882",                          "(951) 496-3933",       null, null,     6260007001, null) ;  -- sushi-- rst
INSERT INTO StoreTbl VALUES ( 6260007001148,   "Shogun Kitchen",                                            "510 Hidden Valley Pkwy  Corona, CA 92879",                 "(951) 340-0543",       null, null,     6260007001, null) ;
INSERT INTO StoreTbl VALUES ( 6260007001149,   "Sonic Drive-In",                                            "1202 Magnolia Ave  Corona, CA 92881",                      "(951) 739-4330",       null, null,     6260007001, null) ;
INSERT INTO StoreTbl VALUES ( 6260007001150,   "Taquerias Guadalajara",                                     "1353 W 6th St  Corona, CA 92882",                          "(951) 735-5946",       null, null,     6260007001, null) ;
INSERT INTO StoreTbl VALUES ( 6260007001151,   "Farmer Boys",                                               "1625 E 6th St  Corona, CA 92879",                          "(951) 737-3411",       null, null,     6260007001, null) ;
INSERT INTO StoreTbl VALUES ( 6260007001152,   "Vega's Mexican Restaurant",                                 "1296 Border Ave  Corona, CA 92882",                        "(951) 278-9903",       null, null,     6260007001, null) ;  -- rst
INSERT INTO StoreTbl VALUES ( 6260007001153,   "Raised Donuts & Bagels",                                    "1240 E Ontario Ave  Corona, CA 92881",                     "(951) 279-2747",       null, null,     6260007001, null) ;
INSERT INTO StoreTbl VALUES ( 6260007001154,   "Miguel's California Mexican Cocina",                        "2715 Lakeshore Dr  Corona, CA 92883",                      "(951) 277-7532",       null, null,     6260007001, null) ;
INSERT INTO StoreTbl VALUES ( 6260007001155,   "Alamilla's Mexican Food",                                   "841 N Main St  Corona, CA 92880",                          "(951) 279-9854",       null, null,     6260007001, null) ;
INSERT INTO StoreTbl VALUES ( 6260007001156,   "La Mazorca",                                                "13628 Magnolia Ave  Corona, CA 92879",                     "(951) 739-0279",       null, null,     6260007001, null) ;
INSERT INTO StoreTbl VALUES ( 6260007001157,   "Cicis",                                                     "591 N McKinley St  Corona, CA 92879",                      "(951) 278-2424",       null, null,     6260007001, null) ;
INSERT INTO StoreTbl VALUES ( 6260007001158,   "Live From Memphis",                                         "2795 Cabot Dr  Corona, CA 92883",                          "(951) 277-2274",       null, null,     6260007001, null) ;
INSERT INTO StoreTbl VALUES ( 6260007001159,   "Natures Tasty Treasures",                                   "488 S Main St  Corona, CA 92882",                          "(951) 818-4118",       null, null,     6260007001, null) ;
INSERT INTO StoreTbl VALUES ( 6260007001160,   "Mariscos Las Islas",                                        "1438 W 6th St  Corona, CA 92882",                          "(951) 279-9192",       null, null,     6260007001, null) ;
INSERT INTO StoreTbl VALUES ( 6260007001161,   "Backwoods BBQ Catering",                                    "1021 S Main St  Corona, CA 92878",                         "(951) 371-7227",       null, null,     6260007001, null) ;  -- wbq
INSERT INTO StoreTbl VALUES ( 6260007001162,   "Thai Lotus",                                                "2795 Cabot Dr  Corona, CA 92883",                          "(951) 277-1298",       null, null,     6260007001, null) ;
INSERT INTO StoreTbl VALUES ( 6260007001163,   "Baker's Drive Thru",                                        "13110 Magnolia Ave  Corona, CA 92879",                     "(951) 737-5478",       null, null,     6260007001, null) ;
INSERT INTO StoreTbl VALUES ( 6260007001164,   "Corona Depot",                                              "150 Depot Dr  Corona, CA 92882",                           "(951) 340-1847",       null, null,     6260007001, null) ;
INSERT INTO StoreTbl VALUES ( 6260007001165,   "RA Sushi Bar Restaurant",                                   "2785 Cabot Dr  Corona, CA 92883",                          "(951) 277-7491",       null, null,     6260007001, null) ;  -- rst  -- sushi
INSERT INTO StoreTbl VALUES ( 6260007001166,   "Brandon's Diner",                                           "4714 Green River Rd  Corona, CA 92880",                    "(951) 734-2700",       null, null,     6260007001, null) ;
INSERT INTO StoreTbl VALUES ( 6260007001167,   "Tacos El jefe Baja Style",                                  "685 E Grand Blvd  Corona, CA 92879",                       "(951) 547-4435",       null, null,     6260007001, null) ;
INSERT INTO StoreTbl VALUES ( 6260007001168,   "Porky's Pizza",                                             "1240 E Ontario Ave  Corona, CA 92881",                     "(951) 898-0555",       null, null,     6260007001, null) ;
INSERT INTO StoreTbl VALUES ( 6260007001169,   "26 Degrees Sports Bar & Grill",                             "1535 E Ontario Ave  Corona, CA 92881",                     "(951) 736-9226",       null, null,     6260007001, null) ;  -- rst
INSERT INTO StoreTbl VALUES ( 6260007001170,   "PizzaRev",                                                  "2560 Tuscany Street  Corona, CA 92881",                    "(951) 278-9630",       null, null,     6260007001, null) ;
INSERT INTO StoreTbl VALUES ( 6260007001171,   "Magic Wok",                                                 "1297 E Ontario Ave  Corona, CA 92881",                     "(951) 272-8988",       null, null,     6260007001, null) ;
INSERT INTO StoreTbl VALUES ( 6260007001172,   "BAR 1650",                                                  "1650 E 6th St  Corona, CA 92879",                          "(951) 371-9738",       null, null,     6260007001, null) ;
INSERT INTO StoreTbl VALUES ( 6260007001173,   "Shogun Restaurant",                                         "275 Teller St  Corona, CA 92879",                          "(951) 737-3888",       null, null,     6260007001, null) ;  -- rst
INSERT INTO StoreTbl VALUES ( 6260007001174,   "Spicy Dragon",                                              "430 N Mckinley St  Corona, CA 92879",                      "(951) 233-0860",       null, null,     6260007001, null) ;
INSERT INTO StoreTbl VALUES ( 6260007001175,   "Taco Lucas #2",                                             "13100 Magnolia Ave  Corona, CA 92879",                     "(951) 340-4699",       null, null,     6260007001, null) ;
INSERT INTO StoreTbl VALUES ( 6260007001176,   "Rock & Brews",                                              "3550 Grand Oaks  Corona, CA 92881",                        "(951) 432-7640",       null, null,     6260007001, null) ;
INSERT INTO StoreTbl VALUES ( 6260007001177,   "Seven Oaks Deli",                                           "21501 Temescal Canyon Rd  Corona, CA 92883",               "(951) 277-1561",       null, null,     6260007001, null) ;
INSERT INTO StoreTbl VALUES ( 6260007001178,   "Green River Mediterranean Cuisine & Grill",                 "4300 Green River Rd  Corona, CA 92880",                    "(951) 736-2842",       null, null,     6260007001, null) ;  -- rst
INSERT INTO StoreTbl VALUES ( 6260007001179,   "The Lucky Greek",                                           "123 N McKinley St  Corona, CA 92879",                      "(951) 279-4850",       null, null,     6260007001, null) ;
INSERT INTO StoreTbl VALUES ( 6260007001180,   "Los Portales Restaurant",                                   "1353 W 6th St  Corona, CA 92882",                          "(951) 547-4907",       null, null,     6260007001, null) ;  -- rst
INSERT INTO StoreTbl VALUES ( 6260007001181,   "Taqueria Don Victor",                                       "3848 N McKinley St  Corona, CA 92879",                     "(951) 272-6317",       null, null,     6260007001, null) ;
INSERT INTO StoreTbl VALUES ( 6260007001182,   "Romano's Macaroni Grill",                                   "3591 Grand Oaks  Corona, CA 92881",                        "(951) 278-0999",       null, null,     6260007001, null) ;  -- rst
INSERT INTO StoreTbl VALUES ( 6260007001183,   "Jasmin Garden",                                             "430 N Mckinley St  Corona, CA 92879",                      "(951) 280-0405",       null, null,     6260007001, null) ;
INSERT INTO StoreTbl VALUES ( 6260007001184,   "La Pizza Loca",                                             "675 E Grand Blvd  Corona, CA 92879",                       "(951) 340-9900",       null, null,     6260007001, null) ;
INSERT INTO StoreTbl VALUES ( 6260007001185,   "H Salt Fish & Chips",                                       "635 N Main St  Corona, CA 92880",                          "(951) 272-6252",       null, null,     6260007001, null) ;
INSERT INTO StoreTbl VALUES ( 6260007001186,   "Magic Wok",                                                 "529 N Mckinley St  Corona, CA 92879",                      "(951) 734-9868",       null, null,     6260007001, null) ;
INSERT INTO StoreTbl VALUES ( 6260007001187,   "Hunny's Cafe",                                              "9022 Pulsar Ct  Corona, CA 92883",                         "(951) 277-5811",       null, null,     6260007001, null) ;
INSERT INTO StoreTbl VALUES ( 6260007001188,   "Backwoods BBQ",                                             "1021 S Main St  Corona, CA 92879",                         "(951) 371-7227",       null, null,     6260007001, null) ;  -- wbq
INSERT INTO StoreTbl VALUES ( 6260007001189,   "Creme De La Creme Bakery",                                  "2795 Cabot Dr  Corona, CA 92883",                          "(951) 277-9222",       null, null,     6260007001, null) ;
INSERT INTO StoreTbl VALUES ( 6260007001190,   "El Tapatio Markets Restaurant",                             "1141 California Ave  Corona, CA 92881",                    "(951) 271-3668",       null, null,     6260007001, null) ;  -- rst
INSERT INTO StoreTbl VALUES ( 6260007001191,   "Casa Barrientos Mexican Seafood",                           "835 N Main St  Corona, CA 92880",                          "(714) 650-4186",       null, null,     6260007001, null) ;
INSERT INTO StoreTbl VALUES ( 6260007001192,   "Candilejas Restaurant Mexican & Seafood",                   "1252 W 6th St  Corona, CA 92882",                          "(951) 278-1615",       null, null,     6260007001, null) ;  -- rst
INSERT INTO StoreTbl VALUES ( 6260007001193,   "Restoration Roasters",                                      "2331 Kellogg Ave  Corona, CA 92881",                       "(951) 493-2095",       null, null,     6260007001, null) ;
INSERT INTO StoreTbl VALUES ( 6260007001194,   "Fatburger",                                                 "2795 Cabot Dr  Corona, CA 92883",                          "(951) 638-5950",       null, null,     6260007001, null) ;
INSERT INTO StoreTbl VALUES ( 6260007001195,   "Super Tacos Panchitos",                                     "13646 Magnolia Ave  Corona, CA 92879",                     "(951) 444-6699",       null, null,     6260007001, null) ;
INSERT INTO StoreTbl VALUES ( 6260007001196,   "Mojo's Drive Thru Coffee",                                  "1455 W 6th St  Corona, CA 92882",                          "(951) 371-2127",       null, null,     6260007001, null) ;
INSERT INTO StoreTbl VALUES ( 6260007001197,   "Mariscos El Lago",                                          "1276 Border Ave  Corona, CA 92882",                        "(951) 734-1311",       null, null,     6260007001, null) ;
INSERT INTO StoreTbl VALUES ( 6260007001198,   "Deep Sea Fish Grill",                                       "140 Hidden Valley Pky  Norco, CA 92860",                   "(951) 432-7111",       null, null,     6260007001, null) ;  -- rst
INSERT INTO StoreTbl VALUES ( 6260007001199,   "Mr You Chinese Food",                                       "1180 El Camino Ave  Corona, CA 92879",                     "(951) 273-1988",       null, null,     6260007001, null) ;
INSERT INTO StoreTbl VALUES ( 6260007001200,   "Misato Japanese Restaurant",                                "261 S Lincoln Ave  Corona, CA 92882",                      "(951) 272-2900",       null, null,     6260007001, null) ;  -- rst
INSERT INTO StoreTbl VALUES ( 6260007001201,   "Badlands BBQ",                                              "120 Hidden Valley Pkwy  Norco, CA 92860",                  "(951) 735-6465",       null, null,     6260007001, null) ;  -- wbq
INSERT INTO StoreTbl VALUES ( 6260007001202,   "The Grille",                                                "1800 Eagle Glen Pkwy  Corona, CA 92883",                   "(951) 272-4653",       null, null,     6260007001, null) ;  -- rst
INSERT INTO StoreTbl VALUES ( 6260007001203,   "Miss Donuts",                                               "420 N McKinley St  Corona, CA 92879",                      "(951) 817-9105",       null, null,     6260007001, null) ;
INSERT INTO StoreTbl VALUES ( 6260007001204,   "Boondocks",                                                 "100 E Harrison St  Corona, CA 92879",                      "(951) 739-0646",       null, null,     6260007001, null) ;
INSERT INTO StoreTbl VALUES ( 6260007001205,   "Citrus Community Park",                                     "1250 Santana Way  Corona, CA 92881",                       "(951) 736-2241",       null, null,     6260007001, null) ;
INSERT INTO StoreTbl VALUES ( 6260007001206,   "It's A Grind Coffee House",                                 "3833 Bedford Canyon Rd  Corona, CA 92883",                 "(951) 272-2900",       null, null,     6260007001, null) ;
INSERT INTO StoreTbl VALUES ( 6260007001207,   "Boonsee Thai Kitchen - Norco",                              "2051 River Rd  Norco, CA 92860",                           "(951) 356-5591",       null, null,     6260007001, null) ;
INSERT INTO StoreTbl VALUES ( 6260007001208,   "Pho Amor",                                                  "2822 Hamner Ave  Norco, CA 92860",                         "(951) 279-3458",       null, null,     6260007001, null) ;
INSERT INTO StoreTbl VALUES ( 6260007001209,   "Maya's Cafe",                                               "13627 Magnolia Ave  Corona, CA 92879",                     "(951) 736-9576",       null, null,     6260007001, null) ;
INSERT INTO StoreTbl VALUES ( 6260007001210,   "China Panda",                                               "1222 Magnolia Ave  Corona, CA 92881",                      "(951) 371-3388",       null, null,     6260007001, null) ;
INSERT INTO StoreTbl VALUES ( 6260007001211,   "Sweet Basil Thai Bistro",                                   "1670 Hamner Ave  Norco, CA 92860",                         "(951) 280-0805",       null, null,     6260007001, null) ;
INSERT INTO StoreTbl VALUES ( 6260007001212,   "Yoons Maki Yaki",                                           "635 N Main St  Corona, CA 92880",                          "(951) 808-4545",       null, null,     6260007001, null) ;
INSERT INTO StoreTbl VALUES ( 6260007001213,   "Tito's Pizzeria",                                           "1034 West 6th St  Corona, CA 92882",                       "(951) 547-4375",       null, null,     6260007001, null) ;
INSERT INTO StoreTbl VALUES ( 6260007001214,   "Kaza Maza Mediterranean Grill",                             "2395 Hamner Ave  Norco, CA 92860",                         "(951) 444-6500",       null, null,     6260007001, null) ;  -- rst
INSERT INTO StoreTbl VALUES ( 6260007001215,   "Stone Church Brewing",                                      "2785 Cabot Dr  Corona, CA 92883",                          "(951) 433-0121",       null, null,     6260007001, null) ;
INSERT INTO StoreTbl VALUES ( 6260007001216,   "Thai Thai Cuisine",                                         "1390 W 6th St  Corona, CA 92882",                          "(951) 736-7979",       null, null,     6260007001, null) ;
INSERT INTO StoreTbl VALUES ( 6260007001217,   "Boar's Head Premium Delicatessen",                          "1021 S Main St  Corona, CA 92882",                         "(909) 735-4449",       null, null,     6260007001, null) ;
INSERT INTO StoreTbl VALUES ( 6260007001218,   "Kyndy's Donut Cafe",                                        "2795 Cabot Dr  Corona, CA 92883",                          "(951) 638-5828",       null, null,     6260007001, null) ;
INSERT INTO StoreTbl VALUES ( 6260007001219,   "Mr. Antojo",                                                "1012 E 6th St  Corona, CA 92879",                          "(520) 777-5682",       null, null,     6260007001, null) ;
INSERT INTO StoreTbl VALUES ( 6260007001220,   "Baja Fish Tacos",                                           "2335 Hamner Ave  Norco, CA 92860",                         "(951) 808-9007",       null, null,     6260007001, null) ;
INSERT INTO StoreTbl VALUES ( 6260007001221,   "Kyong C Yi",                                                "140 W Ontario Ave  Corona, CA 92882",                      "(951) 340-2295",       null, null,     6260007001, null) ;
INSERT INTO StoreTbl VALUES ( 6260007001222,   "Golden Chicken",                                            "140 W Ontario Ave  Corona, CA 92882",                      "(951) 817-7644",       null, null,     6260007001, null) ;
INSERT INTO StoreTbl VALUES ( 6260007001223,   "Pizza Palace",                                              "1197 Magnolia Ave  Corona, CA 92879",                      "(951) 734-6771",       null, null,     6260007001, null) ;
INSERT INTO StoreTbl VALUES ( 6260007001224,   "Taqueria Felipe",                                           "1252 W Sixth St  Corona, CA 92882",                        "(951) 278-1615",       null, null,     6260007001, null) ;
INSERT INTO StoreTbl VALUES ( 6260007001225,   "Black Horse Tavern and Grill",                              "1825 Hamner Ave  Norco, CA 92860",                         "(951) 278-2771",       null, null,     6260007001, null) ;  -- rst
INSERT INTO StoreTbl VALUES ( 6260007001226,   "Dream Ultra Lounge",                                        "1561 E Ontario Ave  Corona, CA 92881",                     "(951) 707-4232",       null, null,     6260007001, null) ;
INSERT INTO StoreTbl VALUES ( 6260007001227,   "H & S Seafood Shoppe",                                      "635 N Main St  Corona, CA 92880",                          "(909) 272-6252",       null, null,     6260007001, null) ;
INSERT INTO StoreTbl VALUES ( 6260007001228,   "Sports Nut Pizza",                                          "1820 Hamner Ave  Norco, CA 92860",                         "(951) 739-4344",       null, null,     6260007001, null) ;
INSERT INTO StoreTbl VALUES ( 6260007001229,   "Onos Japanese Restaurant",                                  "1161 Hidden Valley Pkwy  Norco, CA 92860",                 "(951) 737-5555",       null, null,     6260007001, null) ;  -- rst
INSERT INTO StoreTbl VALUES ( 6260007001230,   "Oya Sushi",                                                 "140 Hidden Valley Pkwy  Norco, CA 92860",                  "(951) 734-1412",       null, null,     6260007001, null) ;  -- sushi
INSERT INTO StoreTbl VALUES ( 6260007001231,   "Farmers Boys",                                              "1625 E 6th St  Corona, CA 92879",                          "(951) 737-3411",       null, null,     6260007001, null) ;
INSERT INTO StoreTbl VALUES ( 6260007001232,   "Wahoo's Fish Tacos",                                        "1295 Hamner Ave  Norco, CA 92860",                         "(951) 270-0526",       null, null,     6260007001, null) ;
INSERT INTO StoreTbl VALUES ( 6260007001233,   "Volcano Hawaiian BBQ",                                      "140 Hidden Valley Pkwy  Norco, CA 92860",                  "(951) 582-9888",       null, null,     6260007001, null) ;  -- wbq
INSERT INTO StoreTbl VALUES ( 6260007001234,   "Crazy Brothers Sushi",                                      "3699 Hamner Ave  Norco, CA 92860",                         "(951) 272-5866",       null, null,     6260007001, null) ;  -- sushi
INSERT INTO StoreTbl VALUES ( 6260007001235,   "Rancho Taco Shop",                                          "2057 River Rd  Norco, CA 92860",                           "(951) 371-1792",       null, null,     6260007001, null) ;
INSERT INTO StoreTbl VALUES ( 6260007001236,   "Gigi's BBQ & Sweets",                                       "540 Hidden Valley Pkwy  Corona, CA 92879",                 "(951) 751-2256",       null, null,     6260007001, null) ;  -- wbq
INSERT INTO StoreTbl VALUES ( 6260007001237,   "Taqueria Y Mariscos El Coronal",                        "13646 Magnolia Ave  Corona, CA 92879",                     "(951) 403-2867",       null, null,     6260007001, null) ;
INSERT INTO StoreTbl VALUES ( 6260007001238,   "Polly's Pies Restaurant",                                   "1799 Hamner Ave  Norco, CA 92860",                         "(951) 520-0223",       null, null,     6260007001, null) ;  -- rst
INSERT INTO StoreTbl VALUES ( 6260007001239,   "Scramblers Cafe",                                           "3699 Hamner Ave  Norco, CA 92860",                         "(951) 735-0800",       null, null,     6260007001, null) ;
INSERT INTO StoreTbl VALUES ( 6260007001240,   "Tacos El Rancho",                                           "1845 Hamner Ave  Norco, CA 92860",                         "(951) 736-3604",       null, null,     6260007001, null) ;
INSERT INTO StoreTbl VALUES ( 6260007001241,   "Taqueria Don Victor",                                       "3848 Mckinley St  Corona, CA 92879",                       "(951) 272-6317",       null, null,     6260007001, null) ;
INSERT INTO StoreTbl VALUES ( 6260007001242,   "Marco's Pizza",                                             "540 Hidden Valley Pkwy  Norco, CA 92860",                  "(951) 520-8500",       null, null,     6260007001, null) ;
INSERT INTO StoreTbl VALUES ( 6260007001243,   "My Gourmet",                                                "3848 McKinley St  Corona, CA 92879",                       "(951) 279-1216",       null, null,     6260007001, null) ;
INSERT INTO StoreTbl VALUES ( 6260007001244,   "Loco Burrito",                                              "3370 Hamner Ave  Norco, CA 92860",                         "(951) 479-5838",       null, null,     6260007001, null) ;
INSERT INTO StoreTbl VALUES ( 6260007001245,   "Fresh Off the Grill Caterers",                              "Corona, CA",                                               "(951) 496-8044",       null, null,     6260007001, null) ;  -- rst
INSERT INTO StoreTbl VALUES ( 6260007001246,   "Rodeo Cafe",                                                "847 6th St  Norco, CA 92860",                              "(951) 549-0287",       null, null,     6260007001, null) ;
INSERT INTO StoreTbl VALUES ( 6260007001247,   "BF Bakery & Cafe",                                          "430 N McKinley St  Corona, CA 92879",                      "(951) 254-9182",       null, null,     6260007001, null) ;
INSERT INTO StoreTbl VALUES ( 6260007001248,   "Pacific Island Bar-B-Que",                                  "210 Dupont St  Corona, CA 92879",                          "(951) 735-9800",       null, null,     6260007001, null) ;
INSERT INTO StoreTbl VALUES ( 6260007001249,   "Sherazade Delivery Restaurant",                             "Adobe Ave  Corona, CA 92882",                              "(949) 351-5318",       null, null,     6260007001, null) ;  -- rst
INSERT INTO StoreTbl VALUES ( 6260007001250,   "Norco's Best Burgers",                                      "3158 Hamner Ave  Norco, CA 92860",                         "(951) 340-0188",       null, null,     6260007001, null) ;
INSERT INTO StoreTbl VALUES ( 6260007001251,   "Oasis Vegetarian Cafe",                                     "11550 Pierce St  Riverside, CA 92505",                     "(951) 688-5423",       null, null,     6260007001, null) ;
INSERT INTO StoreTbl VALUES ( 6260007001252,   "Chilitos Mexican Grill",                                    "3847 S Pierce St  Riverside, CA 92503",                    "(951) 509-1002",       null, null,     6260007001, null) ;  -- rst
INSERT INTO StoreTbl VALUES ( 6260007001253,   "El Tarasco Mexican Restaurant",                             "19480 E Ontario Ave  Corona, CA 92881",                    "(951) 817-0968",       null, null,     6260007001, null) ;  -- rst
INSERT INTO StoreTbl VALUES ( 6260007001254,   "The Middle Eats",                                           "Serving Irvine and the Surrounding Area",                  "(949) 500-0816",       null, null,     6260007001, null) ;
INSERT INTO StoreTbl VALUES ( 6260007001255,   "Greek Street Grill",                                        "3312 La Sierra Ave  Riverside, CA 92503",                  "(951) 352-0801",       null, null,     6260007001, null) ;  -- rst
INSERT INTO StoreTbl VALUES ( 6260007001256,   "Star Wok Chinese B B Q Fast Food",                          "2085 River Rd  Norco, CA 92860",                           "(951) 737-9368",       null, null,     6260007001, null) ;
INSERT INTO StoreTbl VALUES ( 6260007001257,   "Ontario Cleaners",                                          "1551 E Ontario Ave  Corona, CA 92881",                     "(951) 735-7302",       null, 0006,     6260007001, null) ;  -- cleaners
INSERT INTO StoreTbl VALUES ( 6260007001258,   "Walker Family Funeral Services",                            "815 S Main St  Corona, CA 92882",                          "(951) 898-0452",       null, null,     6260007001, null) ;
INSERT INTO StoreTbl VALUES ( 6260007001259,   "Majestic Sign Studio",                                      "140 N Maple St  Corona, CA 92880",                         "(951) 332-7141",       null, null,     6260007001, null) ;
INSERT INTO StoreTbl VALUES ( 6260007001260,   "Liberty One Cleaners",                                      "1210 E Magnolia Ave  Corona, CA 92881",                    "(951) 893-1988",       null, 0006,     6260007001, null) ;  -- cleaners
INSERT INTO StoreTbl VALUES ( 6260007001261,   "Starbrite Carpet and Custom Interior Cleaning",             "350 Raymor Ave  Corona, CA 92879",                         "(951) 735-0633",       null, null,     6260007001, null) ;  -- cleaning
INSERT INTO StoreTbl VALUES ( 6260007001262,   "Geeks R US Affordable Computer Repair",                     "1185 Magnolia Ave  Corona, CA 92879",                      "(951) 736-7770",       null, null,     6260007001, null) ;  -- repair
INSERT INTO StoreTbl VALUES ( 6260007001263,   "Corona Print Shop",                                         "2478 S Cota Ave  Corona, CA 92882",                        "(951) 833-5031",       null, null,     6260007001, null) ;
INSERT INTO StoreTbl VALUES ( 6260007001264,   "Ontario Cleaners",                                          "1551 E Ontario Ave  Corona, CA 92881",                     "(951) 735-7302",       null, 0006,     6260007001, null) ;  -- cleaners
INSERT INTO StoreTbl VALUES ( 6260007001265,   "Walker Family Funeral Services",                            "815 S Main St  Corona, CA 92882",                          "(951) 898-0452",       null, null,     6260007001, null) ;
INSERT INTO StoreTbl VALUES ( 6260007001266,   "Village Grove Cleaners",                                    "1246 Border Ave  Corona, CA 92882",                        "(951) 734-0304",       null, 0006,     6260007001, null) ;  -- cleaners
INSERT INTO StoreTbl VALUES ( 6260007001267,   "Corona Suit Outlet",                                        "944 W 6th St  Corona, CA 92882",                           "(951) 734-0700",       null, null,     6260007001, null) ;
INSERT INTO StoreTbl VALUES ( 6260007001268,   "Speed Wash Laundry",                                        "321 S Lincoln Ave  Corona, CA 92882",                      "(951) 279-7281",       null, 0006,     6260007001, null) ;  -- cleaners
INSERT INTO StoreTbl VALUES ( 6260007001269,   "iPhone Medic",                                              "Corona, CA 92881",                                         "(951) 660-2003",       null, null,     6260007001, null) ;
INSERT INTO StoreTbl VALUES ( 6260007001270,   "Aryan Tech Solutions",                                      "Corona, CA 92877",                                         "(510) 303-8884",       null, null,     6260007001, null) ;
INSERT INTO StoreTbl VALUES ( 6260007001271,   "All Star Appliance Installation",                           "Corona, CA 92879",                                         "(951) 432-7100",       null, null,     6260007001, null) ;
INSERT INTO StoreTbl VALUES ( 6260007001272,   "American Auto Upholstery",                                  "321 1/2 S Main St  Corona, CA 92882",                      "(951) 737-8982",       null, null,     6260007001, null) ;
INSERT INTO StoreTbl VALUES ( 6260007001273,   "Adamo's Shoe Repair",                                       "301 W 6th St  Corona, CA 92882",                           "(951) 371-0966",       null, null,     6260007001, null) ;  -- repair
INSERT INTO StoreTbl VALUES ( 6260007001274,   "Citrus Cyclery",                                            "9022 Pulsar Ct  Corona, CA 92883",                         "(951) 444-7353",       null, null,     6260007001, null) ;
INSERT INTO StoreTbl VALUES ( 6260007001275,   "Improv Print",                                              "4047 Grant St  Corona, CA 92879",                          "(626) 824-9233",       null, null,     6260007001, null) ;
INSERT INTO StoreTbl VALUES ( 6260007001276,   "Power Sports Indoor Rv & Boat Storage",                     "22324 Temescal Canyon Rd  Corona, CA 92883",               "(951) 603-0884",       null, null,     6260007001, null) ;  -- storage
INSERT INTO StoreTbl VALUES ( 6260007001277,   "My Sewing Room",                                            "1307 W 6th St  Corona, CA 92882",                          "(951) 201-2172",       null, null,     6260007001, null) ;
INSERT INTO StoreTbl VALUES ( 6260007001278,   "Thomas Miller Mortuary & Crematory",                        "1118 E 6th St  Corona, CA 92879",                          "(951) 737-3244",       null, null,     6260007001, null) ;
INSERT INTO StoreTbl VALUES ( 6260007001279,   "Economy Cleaners",                                          "623 N Main St  Corona, CA 92880",                          "(951) 279-9917",       null, 0006,     6260007001, null) ;  -- cleaners
INSERT INTO StoreTbl VALUES ( 6260007001280,   "Allegra Marketing Print Mail",                              "127 Radio Rd  Corona, CA 92879",                           "(951) 734-8181",       null, null,     6260007001, null) ;
INSERT INTO StoreTbl VALUES ( 6260007001281,   "Foothill Fabrication",                                      "1441 Pomona Rd  Corona, CA 92882",                         "(951) 278-4800",       null, null,     6260007001, null) ;
INSERT INTO StoreTbl VALUES ( 6260007001282,   "Computer Repair Service",                                   "1426 W 6th St  Corona, CA 92882",                          "(951) 273-9918",       null, null,     6260007001, null) ;  -- repair
INSERT INTO StoreTbl VALUES ( 6260007001283,   "Franzia Jewels Joyeria",                                    "1130 W 6th St  Corona, CA 92882",                          "(951) 893-7467",       null, null,     6260007001, null) ;  -- jewels
INSERT INTO StoreTbl VALUES ( 6260007001284,   "AV Appliance Repair",                                       "Corona, CA 92882",                                         "(951) 531-8500",       null, null,     6260007001, null) ;  -- repair
INSERT INTO StoreTbl VALUES ( 6260007001285,   "Corona Ice Service",                                        "325 E Grand Blvd  Corona, CA 92879",                       "(951) 737-3321",       null, null,     6260007001, null) ;
INSERT INTO StoreTbl VALUES ( 6260007001286,   "Computer Repair Abel",                                      "321 W 6th St  Corona, CA 92882",                           "(951) 281-4454",       null, null,     6260007001, null) ;  -- repair
INSERT INTO StoreTbl VALUES ( 6260007001287,   "Montilla's Family Child Care",                              "1932 Silverwood Cir  Corona, CA 92881",                    "(951) 547-4224",       null, null,     6260007001, null) ;
INSERT INTO StoreTbl VALUES ( 6260007001288,   "Circle City Preschool",                                     "155 W 8th St  Corona, CA 92882",                           "(951) 735-6766",       null, null,     6260007001, null) ;
INSERT INTO StoreTbl VALUES ( 6260007001289,   "Stone Equipment",                                           "341 S Maple St  Corona, CA 92880",                         "(951) 272-9200",       null, null,     6260007001, null) ;
INSERT INTO StoreTbl VALUES ( 6260007001290,   "J.I.M. Appliance Repair",                                   "290 Sabina Peak Cir  Corona, CA 92881",                    "(951) 279-8314",       null, null,     6260007001, null) ;  -- repair
INSERT INTO StoreTbl VALUES ( 6260007001291,   "Elite IT Services",                                         "1450 W 6th St  Corona, CA 92882",                          "(951) 263-5483",       null, null,     6260007001, null) ;
INSERT INTO StoreTbl VALUES ( 6260007001292,   "Dollar Self Storage",                                       "205 N Lincoln Ave  Corona, CA 92882",                      "(951) 520-0295",       null, null,     6260007001, null) ;  -- storage
INSERT INTO StoreTbl VALUES ( 6260007001293,   "Fresh Drinking Water",                                      "1112 W 6th St  Corona, CA 92882",                          "(951) 371-3883",       null, null,     6260007001, null) ;
INSERT INTO StoreTbl VALUES ( 6260007001294,   "Andy Coterie",                                              "Corona, CA 92877",                                         "(310) 493-4629",       null, null,     6260007001, null) ;
INSERT INTO StoreTbl VALUES ( 6260007001295,   "Dry Clean Factory",                                         "1312 E Ontario Ave  Corona, CA 92881",                     "(951) 520-9707",       null, null,     6260007001, null) ;
INSERT INTO StoreTbl VALUES ( 6260007001296,   "Sixth Street Discount Cleaners",                            "1390 W 6th St Ste 136  Corona, CA 92882",                  "(951) 279-4959",       null, 0006,     6260007001, null) ;  -- cleaners
INSERT INTO StoreTbl VALUES ( 6260007001297,   "Sunrise Children's Center",                                 "1421 Rimpau Ave  Corona, CA 92879",                        "(951) 272-2022",       null, null,     6260007001, null) ;
INSERT INTO StoreTbl VALUES ( 6260007001298,   "Full Throttle Powder Coating",                              "1693 Commerce St  Corona, CA 92880",                       "(951) 520-9992",       null, null,     6260007001, null) ;
INSERT INTO StoreTbl VALUES ( 6260007001299,   "Saturn Cleaners",                                           "514 S Smith Ave  Corona, CA 92882",                        "(951) 279-8818",       null, 0006,     6260007001, null) ;  -- cleaners
INSERT INTO StoreTbl VALUES ( 6260007001300,   "Mutual Propane",                                            "1310 E 6th St  Corona, CA 92879",                          "(951) 279-8633",       null, null,     6260007001, null) ;
INSERT INTO StoreTbl VALUES ( 6260007001301,   "Ebotech Pest Management Group",                             "Corona, CA 92877",                                         "(951) 707-5682",       null, null,     6260007001, null) ;
INSERT INTO StoreTbl VALUES ( 6260007001302,   "Quick Serve Carpet Care",                                   "1632 Railroad St  Corona, CA 92880",                       "(951) 737-5558",       null, null,     6260007001, null) ;
INSERT INTO StoreTbl VALUES ( 6260007001303,   "Sunshine Dry Cleaners",                                     "529 N McKinley St  Corona, CA 92879",                      "(951) 272-8949",       null, 0006,     6260007001, null) ;  -- cleaners
INSERT INTO StoreTbl VALUES ( 6260007001304,   "Jewelry World and Loan",                                    "1112 W 6th St  Corona, CA 92882",                          "(951) 278-2042",       null, null,     6260007001, null) ;  -- jewels
INSERT INTO StoreTbl VALUES ( 6260007001305,   "Christopher Jonathan Ramirez, EA & Associates, LLC",        "370 W Grand Blvd  Corona, CA 92882",                       "(951) 356-1295",       null, null,     6260007001, null) ;
INSERT INTO StoreTbl VALUES ( 6260007001306,   "Royal Cleaners",                                            "4300 Green River Rd  Corona, CA 92880",                    "(951) 278-3626",       null, 0006,     6260007001, null) ;  -- cleaners
INSERT INTO StoreTbl VALUES ( 6260007001307,   "City Cleaners",                                             "1106 W 6th St  Corona, CA 92882",                          "(951) 279-7753",       null, 0006,     6260007001, null) ;  -- cleaners
INSERT INTO StoreTbl VALUES ( 6260007001308,   "Clover Pest Solutions",                                     "540 Hidden Valley Pkwy  Corona, CA 92879",                 "(951) 768-4944",       null, null,     6260007001, null) ;
INSERT INTO StoreTbl VALUES ( 6260007001309,   "Ax Graphics",                                               "1490 W Rincon St  Corona, CA 92880",                       "(949) 573-8731",       null, null,     6260007001, null) ;
INSERT INTO StoreTbl VALUES ( 6260007001310,   "Ivy Green Chem-Dry",                                        "1736 Via Santiago  Corona, CA 92882",                      "(562) 547-2996",       null, null,     6260007001, null) ;
INSERT INTO StoreTbl VALUES ( 6260007001311,   "Pink Xterminators",                                         "Corona, CA 92881",                                         "(844) 361-1768",       null, null,     6260007001, null) ;
INSERT INTO StoreTbl VALUES ( 6260007001312,   "RL Computer Services",                                      "Corona, CA 92877",                                         "(951) 444-8977",       null, null,     6260007001, null) ;
INSERT INTO StoreTbl VALUES ( 6260007001313,   "Nelson's Pest Solutions",                                   "Corona, CA 92881",                                         "(951) 847-0381",       null, null,     6260007001, null) ;
INSERT INTO StoreTbl VALUES ( 6260007001314,   "Water Jackpot",                                             "818 W 6th St  Corona, CA 92882",                           "(951) 272-5843",       null, null,     6260007001, null) ;
INSERT INTO StoreTbl VALUES ( 6260007001315,   "Day's Carpet Cleaning",                                     "Corona, CA 92881",                                         "(951) 371-8711",       null, null,     6260007001, null) ;  -- cleaning
INSERT INTO StoreTbl VALUES ( 6260007001316,   "PMG Wraps",                                                 "341 N Delilah St  Corona, CA 92879",                       "(951) 272-9800",       null, null,     6260007001, null) ;
INSERT INTO StoreTbl VALUES ( 6260007001317,   "Lares Appliances Outlet",                                   "1727 commerce St  Corona, CA 92880",                       "(951) 987-1208",       null, null,     6260007001, null) ;
INSERT INTO StoreTbl VALUES ( 6260007001318,   "Stebbins Media",                                            "2580 Redrock Dr  Corona, CA 92882",                        "(951) 808-8739",       null, null,     6260007001, null) ;
INSERT INTO StoreTbl VALUES ( 6260007001319,   "Angel's For Christ",                                        "Corona, CA 92878",                                         "(951) 687-7519",       null, null,     6260007001, null) ;
INSERT INTO StoreTbl VALUES ( 6260007001320,   "Harris Family Child Care",                                  "Aurora Ln  Corona, CA 92881",                              "(951) 279-5947",       null, null,     6260007001, null) ;
INSERT INTO StoreTbl VALUES ( 6260007001321,   "Rey's Accounting & Tax Service",                            "1020 E 6th St  Corona, CA 92879",                          "(951) 737-4422",       null, null,     6260007001, null) ;
INSERT INTO StoreTbl VALUES ( 6260007001322,   "Onsite Computing",                                          "1101 California Ave  Corona, CA 92881",                    "(951) 444-9500",       null, null,     6260007001, null) ;
INSERT INTO StoreTbl VALUES ( 6260007001323,   "AYNAP NETWORK SOLUTIONS",                                   "439 E Harrison St Ste D  Corona, CA 92879",                "(951) 737-7997",       null, null,     6260007001, null) ;
INSERT INTO StoreTbl VALUES ( 6260007001324,   "US Storage Centers",                                        "22237 Knabe Rd  Corona, CA 92883",                         "(951) 330-4894",       null, null,     6260007001, null) ;  -- storage
INSERT INTO StoreTbl VALUES ( 6260007001325,   "Creations by Rikke",                                        "3779 Via Zumaya St  Corona, CA 92881",                     "(951) 858-1494",       null, null,     6260007001, null) ;
INSERT INTO StoreTbl VALUES ( 6260007001326,   "Globalcom Solutions",                                       "1760 California Ave Ste 104  Corona, CA 92881",            "(951) 739-0988",       null, null,     6260007001, null) ;
INSERT INTO StoreTbl VALUES ( 6260007001327,   "Estate Prints",                                             "1761 California Ave  Corona, CA 92881",                    "(951) 898-4960",       null, null,     6260007001, null) ;
INSERT INTO StoreTbl VALUES ( 6260007001328,   "Peppermint Ridge",                                          "825 Magnolia Ave  Corona, CA 92879",                       "(951) 273-7320",       null, null,     6260007001, null) ;
INSERT INTO StoreTbl VALUES ( 6260007001329,   "Victor's Studio Tailor Shop",                               "474 Corona Mall  Corona, CA 92879",                        "(951) 371-6363",       null, null,     6260007001, null) ;
INSERT INTO StoreTbl VALUES ( 6260007001330,   "Best Corona Storage",                                       "1512 Circle City Dr  Corona, CA 92879",                    "(951) 221-8694",       null, null,     6260007001, null) ;  -- storage
INSERT INTO StoreTbl VALUES ( 6260007001331,   "Unbreakable Solutions",                                     "13573 Gray Hawk Ct  Corona, CA 92880",                     "(951) 907-9934",       null, null,     6260007001, null) ;
INSERT INTO StoreTbl VALUES ( 6260007001332,   "Sukasa Soccer",                                             "510 W Grand Blvd  Corona, CA 92882",                       "(714) 713-6790",       null, null,     6260007001, null) ;
INSERT INTO StoreTbl VALUES ( 6260007001333,   "Lock & Load",                                               "Corona, CA 92877",                                         "(951) 643-0088",       null, null,     6260007001, null) ;
INSERT INTO StoreTbl VALUES ( 6260007001334,   "Johnnie On The Spot!! Mobile Notary",                       "2261 Indigo Hills Dr  Corona, CA 92879",                   "(951) 990-4520",       null, null,     6260007001, null) ;
INSERT INTO StoreTbl VALUES ( 6260007001335,   "AV Appliance Services",                                     "1849 Hideaway Pl  Corona, CA 92881",                       "(951) 531-8500",       null, null,     6260007001, null) ;
INSERT INTO StoreTbl VALUES ( 6260007001336,   "Sani Service Trash Can Cleaning",                           "22275 Hayworth Ct  Corona, CA 92883",                      "(714) 306-9187",       null, null,     6260007001, null) ;  -- cleaning
INSERT INTO StoreTbl VALUES ( 6260007001337,   "Lupita's Jewelers",                                         "420 N McKinley St  Corona, CA 92879",                      "(951) 808-9730",       null, null,     6260007001, null) ;  -- jewels
INSERT INTO StoreTbl VALUES ( 6260007001338,   "Canyon Carpet",                                             "1694 Bel Air St  Corona, CA 92881",                        "(951) 520-8298",       null, null,     6260007001, null) ;
INSERT INTO StoreTbl VALUES ( 6260007001339,   "American Legion Post No 742",                               "1557 Yorba St  Corona, CA 92882",                          "(951) 737-5233",       null, null,     6260007001, null) ;
INSERT INTO StoreTbl VALUES ( 6260007001340,   "Ace's Custom Fab and Stripe",                               "Corona, CA 92882",                                         "(714) 264-6447",       null, null,     6260007001, null) ;
INSERT INTO StoreTbl VALUES ( 6260007001341,   "RT Graphic Solutions",                                      "Corona, CA 92877",                                         "(562) 686-3500",       null, null,     6260007001, null) ;
INSERT INTO StoreTbl VALUES ( 6260007001342,   "Sandra Manzo Notary",                                       "Corona, CA 92882",                                         "(714) 589-4864",       null, null,     6260007001, null) ;
INSERT INTO StoreTbl VALUES ( 6260007001343,   "H&M Appliances",                                            "1655 E 6th St  Corona, CA 92879",                          "(951) 734-1301",       null, null,     6260007001, null) ;
INSERT INTO StoreTbl VALUES ( 6260007001344,   "ADOTECH",                                                   "1492 W 6th St  Corona, CA 92882",                          "(951) 515-6752",       null, null,     6260007001, null) ;
INSERT INTO StoreTbl VALUES ( 6260007001345,   "CubeSmart Self Storage",                                    "3915 Green River Drive  Corona, CA 92880",                 "(951) 531-9397",       null, null,     6260007001, null) ;  -- storage
INSERT INTO StoreTbl VALUES ( 6260007001346,   "Southern Cal Moving & Storage",                             "1595 E 6th St  Corona, CA 92879",                          "(951) 520-8800",       null, null,     6260007001, null) ;  -- storage
INSERT INTO StoreTbl VALUES ( 6260007001347,   "Bella's Clothing & Alterations",                            "3848 N Mckinley St  Corona, CA 92879",                     "(951) 315-0588",       null, null,     6260007001, null) ;
INSERT INTO StoreTbl VALUES ( 6260007001348,   "Belltower Montessori Academy",                              "1187 Magnolia Ave  Corona, CA 92879",                      "(951) 432-7787",       null, null,     6260007001, null) ;
INSERT INTO StoreTbl VALUES ( 6260007001349,   "Appraisal House",                                           "1101 California Ave  Corona, CA 92881",                    "(951) 479-1569",       null, null,     6260007001, null) ;
INSERT INTO StoreTbl VALUES ( 6260007001350,   "Corodata",                                                  "2621 Research Dr.  Corona, CA 92882",                      "(951) 817-6800",       null, null,     6260007001, null) ;
INSERT INTO StoreTbl VALUES ( 6260007001351,   "Video Center TV Repair",                                    "24193 Watercress Dr  Corona, CA 92883",                    "(951) 254-3934",       null, null,     6260007001, null) ;  -- repair
INSERT INTO StoreTbl VALUES ( 6260007001352,   "Mail Outpost",                                              "750 S Lincoln Ave  Corona, CA 92882",                      "(951) 735-8990",       null, null,     6260007001, null) ;
INSERT INTO StoreTbl VALUES ( 6260007001353,   "Gumdropkids",                                               "4069 Wild Dunes Cir  Corona, CA 92883",                    "(951) 893-1736",       null, null,     6260007001, null) ;
INSERT INTO StoreTbl VALUES ( 6260007001354,   "Happy Carpet Cleaning",                                     "1893 Kingsford Dr  Corona, CA 92880",                      "(951) 316-7300",       null, null,     6260007001, null) ;  -- cleaning
INSERT INTO StoreTbl VALUES ( 6260007001355,   "Discover the World Learning Group",                         "13688 Northlands Rd  Corona, CA 92880",                    "(951) 356-5033",       null, null,     6260007001, null) ;
INSERT INTO StoreTbl VALUES ( 6260007001356,   "Trench Studios",                                            "1020 Cherry Hills Ct.  Corona, CA 92882",                  "(949) 633-9805",       null, null,     6260007001, null) ;
INSERT INTO StoreTbl VALUES ( 6260007001357,   "American Printing & Promotions",                            "14054 Vernal Springs Ct  Corona, CA 92880",                "(951) 279-0601",       null, null,     6260007001, null) ;
INSERT INTO StoreTbl VALUES ( 6260007001358,   "FoldedColor Packaging",                                     "1461 Railroad St  Corona, CA 92882",                       "(951) 736-4565",       null, null,     6260007001, null) ;
INSERT INTO StoreTbl VALUES ( 6260007001359,   "Hammond Family Daycare",                                    "3222 Evening Star Ln  Corona, CA 92881",                   "(951) 500-9097",       null, null,     6260007001, null) ;
INSERT INTO StoreTbl VALUES ( 6260007001360,   "Custom Fit Alterations",                                    "469 Magnolia Ave  Corona, CA 92879",                       "(951) 272-2205",       null, null,     6260007001, null) ;
INSERT INTO StoreTbl VALUES ( 6260007001361,   "Little Feathers",                                           "22904 Zinnia Cir  Corona, CA 92882",                       "(714) 889-8258",       null, null,     6260007001, null) ;
INSERT INTO StoreTbl VALUES ( 6260007001362,   "Precious Family Child Daycare",                             "Corona, CA 92881",                                         "(951) 314-5859",       null, null,     6260007001, null) ;
INSERT INTO StoreTbl VALUES ( 6260007001363,   "Bairco Saw Works",                                          "149 N Maple St  Corona, CA 92880",                         "(951) 371-4090",       null, null,     6260007001, null) ;
INSERT INTO StoreTbl VALUES ( 6260007001364,   "Universal Self Storage",                                    "2050 Compton Ave  Corona, CA 92881",                       "(951) 338-9832",       null, null,     6260007001, null) ;  -- storage
INSERT INTO StoreTbl VALUES ( 6260007001365,   "Universal Tailors, Inc.",                                   "2276 Griffin Way  Corona, CA 92879",                       "(951) 371-0489",       null, null,     6260007001, null) ;
INSERT INTO StoreTbl VALUES ( 6260007001366,   "Grizzly MFG.",                                              "1950 Compton Ave  Corona, CA 92881",                       "(951) 643-9391",       null, null,     6260007001, null) ;
INSERT INTO StoreTbl VALUES ( 6260007001367,   "Nu Aire Heating & Air Conditioning",                        "Corona, CA 92879",                                         "(951) 278-8764",       null, null,     6260007001, null) ;
INSERT INTO StoreTbl VALUES ( 6260007001368,   "PIP",                                                       "501 E 6th St  Corona, CA 92879",                           "(951) 737-1820",       null, null,     6260007001, null) ;
INSERT INTO StoreTbl VALUES ( 6260007001369,   "Dollar Self Storage",                                       "1065 E 3rd St  Corona, CA 92879",                          "(951) 738-9557",       null, null,     6260007001, null) ;  -- storage
INSERT INTO StoreTbl VALUES ( 6260007001370,   "El Sobrante Landfill",                                      "10910 Dawson Canyon Rd  Corona, CA 92883",                 "(951) 277-5100",       null, null,     6260007001, null) ;
INSERT INTO StoreTbl VALUES ( 6260007001371,   "Public Storage",                                            "1351 Pomona Rd  Corona, CA 92882",                         "(866) 677-5147",       null, null,     6260007001, null) ;  -- storage
INSERT INTO StoreTbl VALUES ( 6260007001372,   "MediWaste Disposal",                                        "235 Deininger Cir  Corona, CA 92880",                      "(323) 680-0012",       null, null,     6260007001, null) ;
INSERT INTO StoreTbl VALUES ( 6260007001373,   "Custom Upholstery and Interiors By R C",                    "1492 E 6th St  Corona, CA 92879",                          "(951) 237-2965",       null, null,     6260007001, null) ;
INSERT INTO StoreTbl VALUES ( 6260007001374,   "Corona Chamber of Commerce",                                "904 E 6th St  Corona, CA 92879",                           "(951) 737-3350",       null, null,     6260007001, null) ;
INSERT INTO StoreTbl VALUES ( 6260007001375,   "Studio One",                                                "1490 W Rincon St  Corona, CA 92880",                       "(951) 817-1946",       null, null,     6260007001, null) ;
INSERT INTO StoreTbl VALUES ( 6260007001376,   "TLC 4 Kids",                                                "1180 W 6th St  Corona, CA 92882",                          "(951) 737-6357",       null, null,     6260007001, null) ;
INSERT INTO StoreTbl VALUES ( 6260007001377,   "Positive Printiing Services",                               "979 Hemingway Dr  Corona, CA 92880",                       "(951) 582-0120",       null, null,     6260007001, null) ;
INSERT INTO StoreTbl VALUES ( 6260007001378,   "Cajalco Temescal Storage & RV Center",                      "20310 Temescal Canyon Rd  Corona, CA 92881",               "(951) 221-4220",       null, null,     6260007001, null) ;  -- storage
INSERT INTO StoreTbl VALUES ( 6260007001379,   "Kids In Bloom Preschool",                                   "3400 New York Dr  Corona, CA 92882",                       "(951) 284-8820",       null, null,     6260007001, null) ;
INSERT INTO StoreTbl VALUES ( 6260007001380,   "Extra Space Storage",                                       "250 N Cota St  Corona, CA 92880",                          "(951) 737-3970",       null, 0008,     6260007001, null) ;  -- cosm-- storage
INSERT INTO StoreTbl VALUES ( 6260007001381,   "AMC Septic Contractors",                                    "21657 Temescal Canyon Rd  Corona, CA 92883",               "(909) 721-2982",       null, null,     6260007001, null) ;
INSERT INTO StoreTbl VALUES ( 6260007001382,   "Creative Color Printing",                                   "1605 Railroad St  Corona, CA 92880",                       "(951) 737-4551",       null, null,     6260007001, null) ;
INSERT INTO StoreTbl VALUES ( 6260007001383,   "KidsPark",                                                  "280 Teller St  Corona, CA 92879",                          "(951) 520-8900",       null, null,     6260007001, null) ;
INSERT INTO StoreTbl VALUES ( 6260007001384,   "StorQuest Self Storage",                                    "3915 Green River Rd  Corona, CA 92880",                    "(951) 444-0955",       null, null,     6260007001, null) ;  -- storage
INSERT INTO StoreTbl VALUES ( 6260007001385,   "Randy Cleaners",                                            "1825 Hamner Ave  Norco, CA 92860",                         "(951) 278-0811",       null, 0006,     6260007001, null) ;  -- cleaners
INSERT INTO StoreTbl VALUES ( 6260007001386,   "Modern Day Child Care",                                     "25420 Mayhew Canyon Rd  Corona, CA 92883",                 "(951) 220-4273",       null, null,     6260007001, null) ;
INSERT INTO StoreTbl VALUES ( 6260007001387,   "Nicole Family Day Care",                                    "6323 Hazel St  Corona, CA 92880",                          "(626) 513-2254",       null, null,     6260007001, null) ;
INSERT INTO StoreTbl VALUES ( 6260007001388,   "Preferred Choice Printing",                                 "670 E Parkridge Ave  Corona, CA 92879",                    "(951) 549-0951",       null, null,     6260007001, null) ;
INSERT INTO StoreTbl VALUES ( 6260007001389,   "UBS Printing Group",                                        "2577 Research Dr  Corona, CA 92882",                       "(951) 273-7900",       null, null,     6260007001, null) ;
INSERT INTO StoreTbl VALUES ( 6260007001390,   "Loves Family Daycare",                                      "13359 Rowen Ct  Corona, CA 92880",                         "(951) 739-7758",       null, null,     6260007001, null) ;
INSERT INTO StoreTbl VALUES ( 6260007001391,   "Teichert Family Child Care",                                "Corona, CA 92880",                                         "(951) 454-7126",       null, null,     6260007001, null) ;
INSERT INTO StoreTbl VALUES ( 6260007001392,   "Ace Cleaners",                                              "387 Magnolia Ave  Corona, CA 92879",                       "(951) 736-5977",       null, 0006,     6260007001, null) ;  -- cleaners
INSERT INTO StoreTbl VALUES ( 6260007001393,   "Ready Set Grow Preschool/Daycare",                          "6386 Fern Ct  Corona, CA 92880",                           "(951) 735-4667",       null, null,     6260007001, null) ;
INSERT INTO StoreTbl VALUES ( 6260007001394,   "Corona Mini Storage",                                       "1051 Pomona Rd  Corona, CA 92882",                         "(951) 225-1198",       null, null,     6260007001, null) ;  -- storage
INSERT INTO StoreTbl VALUES ( 6260007001395,   "Stomp Design & Print",                                      "1701 Rimpau Ave  Corona, CA 92881",                        "(619) 777-8667",       null, null,     6260007001, null) ;
INSERT INTO StoreTbl VALUES ( 6260007001396,   "Little Bees Daycare",                                       "Corona, CA 92882",                                         "(951) 339-3082",       null, null,     6260007001, null) ;
INSERT INTO StoreTbl VALUES ( 6260007001397,   "American Cleaners",                                         "310 S Main St  Corona, CA 92882",                          "(951) 737-2812",       null, 0006,     6260007001, null) ;  -- cleaners
INSERT INTO StoreTbl VALUES ( 6260007001398,   "Public Storage",                                            "1510 Pomona Rd  Corona, CA 92880",                         "(866) 677-5147",       null, null,     6260007001, null) ;  -- storage
INSERT INTO StoreTbl VALUES ( 6260007001399,   "Appliance Solutions now",                                   "2160 Tehachapi Dr  Corona, CA 92879",                      "(951) 735-3641",       null, null,     6260007001, null) ;
INSERT INTO StoreTbl VALUES ( 6260007001400,   "Six-Pac Recycling",                                         "1430 E 6th St  Corona, CA 92879",                          "(951) 734-2910",       null, null,     6260007001, null) ;
INSERT INTO StoreTbl VALUES ( 6260007001401,   "Allsize Storage & RV Parking Corona",                       "2785 Palisades Dr  Corona, CA 92880",                      "(951) 808-5386",       null, null,     6260007001, null) ;  -- storage
INSERT INTO StoreTbl VALUES ( 6260007001402,   "Price Self Storage",                                        "2200 Cota Street  Norco, CA 92860",                        "(951) 279-7000",       null, null,     6260007001, null) ;  -- storage
INSERT INTO StoreTbl VALUES ( 6260007001403,   "Launderland Coin-Op Laundry",                               "1234 Border Ave  Corona, CA 92882",                        "(951) 735-8269",       null, 0006,     6260007001, null) ;  -- cleaners
INSERT INTO StoreTbl VALUES ( 6260007001404,   "Town & Country Cleaners & Shirt Laundry",                   "140 W Ontario Ave  Corona, CA 92882",                      "(951) 736-0155",       null, 0006,     6260007001, null) ;  -- cleaners
INSERT INTO StoreTbl VALUES ( 6260007001405,   "Moore's Sewing and Vacuum Centers",                         "591 N McKinley St  Corona, CA 92879",                      "(951) 736-5457",       null, null,     6260007001, null) ;
INSERT INTO StoreTbl VALUES ( 6260007001406,   "Mr Dry Clean",                                              "2621 Green River Rd  Corona, CA 92882",                    "(951) 737-9835",       null, null,     6260007001, null) ;
INSERT INTO StoreTbl VALUES ( 6260007001407,   "Tarver Family Child Care",                                  "6156 Mcintosh Ct  Corona, CA 92880",                       "(909) 930-5559",       null, null,     6260007001, null) ;
INSERT INTO StoreTbl VALUES ( 6260007001408,   "Printing Today",                                            "910 W 6th St  Corona, CA 92882",                           "(951) 272-9620",       null, null,     6260007001, null) ;
INSERT INTO StoreTbl VALUES ( 6260007001409,   "Gold N West Surplus",                                    "1121 California Ave  Corona, CA 92879",                    "(951) 371-2020",       null, null,     6260007001, null) ;
INSERT INTO StoreTbl VALUES ( 6260007001410,   "Healthy Home Carpet Cleaners",                              "12611 Bridgewater Dr  Corona, CA 92880",                   "(951) 402-4028",       null, 0006,     6260007001, null) ;  -- cleaners
INSERT INTO StoreTbl VALUES ( 6260007001411,   "Park Avenue Cleaners",                                      "129 N McKinley St  Corona, CA 92879",                      "(951) 734-8463",       null, 0006,     6260007001, null) ;  -- cleaners
INSERT INTO StoreTbl VALUES ( 6260007001412,   "AIM Mail Center",                                           "2279 Eagle Glen Pkwy  Corona, CA 92883",                   "(951) 817-2566",       null, null,     6260007001, null) ;
INSERT INTO StoreTbl VALUES ( 6260007001413,   "L & E Integrated Solutions",                                "Corona, CA 92883",                                         "(951) 333-4147",       null, null,     6260007001, null) ;
INSERT INTO StoreTbl VALUES ( 6260007001414,   "King's Tailor & Tuxedo",                                    "10384 Hole Ave  Riverside, CA 92505",                      "(951) 359-5185",       null, null,     6260007001, null) ;
INSERT INTO StoreTbl VALUES ( 6260007001415,   "Mimi's Tailoring & Tuxedo Rentals",                         "623 N Main St  Corona, CA 92880",                          "(951) 272-4507",       null, null,     6260007001, null) ;
INSERT INTO StoreTbl VALUES ( 6260007001416,   "KC Propane",                                                "26362 Earthmover Cir  Corona, CA 92883",                   "(951) 245-5757",       null, null,     6260007001, null) ;
INSERT INTO StoreTbl VALUES ( 6260007001417,   "Denette's Family Daycare",                                  "7279 Canopy Ln  Corona, CA 92880",                         "(951) 549-1813",       null, null,     6260007001, null) ;
INSERT INTO StoreTbl VALUES ( 6260007001418,   "Delete Pest Elimination",                                   "1320 Elderwood Dr  Corona, CA 92882",                      "(951) 340-1314",       null, null,     6260007001, null) ;
INSERT INTO StoreTbl VALUES ( 6260007001419,   "Major Carpet Cleaning",                                     "1560 Commerce St  Corona, CA 92880",                       "(951) 280-0695",       null, null,     6260007001, null) ;  -- cleaning
INSERT INTO StoreTbl VALUES ( 6260007001420,   "Starr Sign Design",                                         "1485 Pomona Rd  Corona, CA 92882",                         "(951) 268-0877",       null, null,     6260007001, null) ;
INSERT INTO StoreTbl VALUES ( 6260007001421,   "Countryside Montessori Center",                             "2266 Griffin Way  Corona, CA 92879",                       "(951) 340-2821",       null, null,     6260007001, null) ;
INSERT INTO StoreTbl VALUES ( 6260007001422,   "Storage Direct Self Storage",                               "1790 Pomona Rd  Corona, CA 92880",                         "(951) 356-0589",       null, null,     6260007001, null) ;  -- storage
INSERT INTO StoreTbl VALUES ( 6260007001423,   "Impact Appliance Repair",                                   "3775 Middleburg Pl  Corona, CA 92881",                     "(714) 476-1240",       null, null,     6260007001, null) ;  -- repair
INSERT INTO StoreTbl VALUES ( 6260007001424,   "Sticker Sign",                                              "541 N Main St  Corona, CA 92880",                          "(951) 454-7612",       null, null,     6260007001, null) ;
INSERT INTO StoreTbl VALUES ( 6260007001425,   "Grimes and Akes Family Funeral Home",                       "500 W 7th St  Corona, CA 92882",                           "(951) 737-3771",       null, null,     6260007001, null) ;
INSERT INTO StoreTbl VALUES ( 6260007001426,   "Corona Tv Repair",                                          "321 W 6 St  Corona, CA 92882",                             "(951) 256-7258",       null, null,     6260007001, null) ;  -- repair
INSERT INTO StoreTbl VALUES ( 6260007001427,   "Tru-Way Appliance",                                         "1141 Pomona Rd  Corona, CA 92882",                         "(951) 371-0822",       null, null,     6260007001, null) ;
INSERT INTO StoreTbl VALUES ( 6260007001428,   "Grace Korean Church Retreat Center",                        "11985 Indian Truck Trl  Corona, CA 92883",                 "(951) 277-1188",       null, null,     6260007001, null) ;
INSERT INTO StoreTbl VALUES ( 6260007001429,   "Casper Convenient Cleaners",                                "2666 Hamner Ave  Norco, CA 92860",                         "(951) 898-7972",       null, 0006,     6260007001, null) ;  -- cleaners
INSERT INTO StoreTbl VALUES ( 6260007001430,   "Magnolia Child Development Center",                         "13130 Magnolia Ave  Corona, CA 92879",                     "(951) 272-0977",       null, null,     6260007001, null) ;
INSERT INTO StoreTbl VALUES ( 6260007001431,   "Building Dreams",                                           "2475 Corydon Ave  Norco, CA 92860",                        "(310) 256-8617",       null, null,     6260007001, null) ;
INSERT INTO StoreTbl VALUES ( 6260007001432,   "Hartshorn TV & Appliance",                                  "108 River Rd  Corona, CA 92880",                           "(951) 737-2678",       null, null,     6260007001, null) ;
INSERT INTO StoreTbl VALUES ( 6260007001433,   "Tutor Time",                                                "1214 Magnolia Avenue Suite 101  Corona, CA 92881",         "(855) 210-7495",       null, null,     6260007001, null) ;
INSERT INTO StoreTbl VALUES ( 6260007001434,   "T L C 4 Kids",                                              "1585 E Ontario Ave  Corona, CA 92881",                     "(951) 737-6942",       null, null,     6260007001, null) ;
INSERT INTO StoreTbl VALUES ( 6260007001435,   "Launderland",                                               "715 S Main St  Corona, CA 92882",                          "(951) 736-7844",       null, null,     6260007001, null) ;
INSERT INTO StoreTbl VALUES ( 6260007001436,   "Jays Pallet Supply",                                        "Corona, CA 92879",                                         "(714) 323-7673",       null, null,     6260007001, null) ;
INSERT INTO StoreTbl VALUES ( 6260007001437,   "Postal Express",                                            "1240 E Ontario Ave  Corona, CA 92881",                     "(951) 278-8827",       null, null,     6260007001, null) ;
INSERT INTO StoreTbl VALUES ( 6260007001438,   "Impressive Exterminating",                                  "Corona, CA 92880",                                         "(951) 279-3100",       null, null,     6260007001, null) ;
INSERT INTO StoreTbl VALUES ( 6260007001439,   "Ablaze Powdercoating",                                      "1805 Commerce St  Norco, CA 92860",                        "(951) 549-9900",       null, null,     6260007001, null) ;
INSERT INTO StoreTbl VALUES ( 6260007001440,   "Corona Coin Laundry",                                       "685 E Grand Blvd 110  Corona, CA 92879",                   "(714) 421-3429",       null, 0006,     6260007001, null) ;  -- cleaners
INSERT INTO StoreTbl VALUES ( 6260007001441,   "Superior Leather Care",                                     "Corona, CA 92883",                                         "(951) 734-9540",       null, null,     6260007001, null) ;
INSERT INTO StoreTbl VALUES ( 6260007001442,   "Rockstars of Tomorrow",                                     "1900 Lampton Ln  Norco, CA 92860",                         "(951) 790-2765",       null, null,     6260007001, null) ;
INSERT INTO StoreTbl VALUES ( 6260007001443,   "Home Laundromat",                                           "650 W 6th St  Corona, CA 92882",                           "(951) 270-0659",       null, null,     6260007001, null) ;
INSERT INTO StoreTbl VALUES ( 6260007001444,   "MIS Refrigeration Corp",                                    "894 Cottonwood St  Corona, CA 92879",                      "(951) 808-0207",       null, null,     6260007001, null) ;
INSERT INTO StoreTbl VALUES ( 6260007001445,   "Sunnyslope-Corona Cemetery Assn",                           "1125 Rimpau Ave  Corona, CA 92879",                        "(951) 736-0460",       null, null,     6260007001, null) ;
INSERT INTO StoreTbl VALUES ( 6260007001446,   "Homecare Technical Services Inc",                           "125 Business Ctr Dr  Corona, CA 92880",                    "(951) 734-6440",       null, null,     6260007001, null) ;
INSERT INTO StoreTbl VALUES ( 6260007001447,   "American RV & Boat Storage",                                "1004 Parkridge Ave  Norco, CA 92860",                      "(951) 667-1157",       null, null,     6260007001, null) ;  -- storage
INSERT INTO StoreTbl VALUES ( 6260007001448,   "The Job Shop",                                              "1151 Pomona Rd  Corona, CA 92882",                         "(951) 734-3580",       null, null,     6260007001, null) ;
INSERT INTO StoreTbl VALUES ( 6260007001449,   "Business Telecommunication Systems",                        "549 Bateman Cir  Corona, CA 92880",                        "(951) 272-3100",       null, null,     6260007001, null) ;
INSERT INTO StoreTbl VALUES ( 6260007001450,   "Sunset Graphics",                                           "109 N Maple  Corona, CA 92880",                            "(951) 735-4002",       null, null,     6260007001, null) ;
INSERT INTO StoreTbl VALUES ( 6260007001451,   "Tripac Fasteners",                                          "475 Klug Cir  Corona, CA 92880",                           "(951) 280-4488",       null, null,     6260007001, null) ;
INSERT INTO StoreTbl VALUES ( 6260007001452,   "Contents Solutions",                                        "1771 N Delilah St  Corona, CA 92879",                      "(888) 420-9588",       null, null,     6260007001, null) ;
INSERT INTO StoreTbl VALUES ( 6260007001453,   "Janda Company",                                             "1275 Railroad St  Corona, CA 92882",                       "(951) 734-1935",       null, null,     6260007001, null) ;
INSERT INTO StoreTbl VALUES ( 6260007001454,   "Dry Clean Express",                                         "341 S Lincoln Ave  Corona, CA 92882",                      "(951) 272-3868",       null, null,     6260007001, null) ;
INSERT INTO StoreTbl VALUES ( 6260007001455,   "Pampered Panels",                                           "4018 Wild Dunes Cir  Corona, CA 92883",                    "(951) 279-8200",       null, null,     6260007001, null) ;
INSERT INTO StoreTbl VALUES ( 6260007001456,   "Corona-Norco Teachers Association",                         "1189 Mountain Ave  Norco, CA 92860",                       "(951) 737-3414",       null, null,     6260007001, null) ;
INSERT INTO StoreTbl VALUES ( 6260007001457,   "Software Doctor",                                           "221 E 6th St  Corona, CA 92879",                           "(951) 271-1291",       null, 0014,     6260007001, null) ;  -- med
INSERT INTO StoreTbl VALUES ( 6260007001458,   "SCIE",                                                      "587 N Smith Ave  Corona, CA 92880",                        "(951) 735-2905",       null, null,     6260007001, null) ;
INSERT INTO StoreTbl VALUES ( 6260007001459,   "American Industrial Control",                               "170 N Maple St  Corona, CA 92880",                         "(951) 520-0613",       null, null,     6260007001, null) ;
INSERT INTO StoreTbl VALUES ( 6260007001460,   "Joy's Cleaners",                                            "1191 Magnolia Ave  Corona, CA 92879",                      "(951) 272-9102",       null, 0006,     6260007001, null) ;  -- cleaners
INSERT INTO StoreTbl VALUES ( 6260007001461,   "Sears Outlet",                                              "2280 Griffin Way  Corona, CA 92879",                       "(951) 278-3290",       null, null,     6260007001, null) ;
INSERT INTO StoreTbl VALUES ( 6260007001462,   "A C Tax Services",                                          "1277 W 6th St  Corona, CA 92882",                          "(951) 738-1481",       null, null,     6260007001, null) ;
INSERT INTO StoreTbl VALUES ( 6260007001463,   "Corona Cleaners",                                           "782 N Main St  Corona, CA 92880",                          "(951) 371-8124",       null, 0006,     6260007001, null) ;  -- cleaners
INSERT INTO StoreTbl VALUES ( 6260007001464,   "Cass Computer and Laptop Repair",                           "947 Park Ln  Corona, CA 92879",                            "(951) 283-2864",       null, null,     6260007001, null) ;  -- repair
INSERT INTO StoreTbl VALUES ( 6260007001465,   "A Norco Storage Corral",                                    "1625 Hamner Ave  Norco, CA 92860",                         "(951) 738-8648",       null, null,     6260007001, null) ;  -- storage
INSERT INTO StoreTbl VALUES ( 6260007001466,   "FedEx Office Print & Ship Center",                          "1297 E Ontario Ave  Corona, CA 92881",                     "(951) 736-0838",       null, 0015,     6260007001, null) ;  -- office supply, printing
INSERT INTO StoreTbl VALUES ( 6260007001467,   "United Screening Crushing & Conveying Equipment",           "19885 Temescal Canyon Rd  Corona, CA 92881",               "(951) 682-7800",       null, null,     6260007001, null) ;
INSERT INTO StoreTbl VALUES ( 6260007001468,   "Homeshield Pest Control",                                   "Corona, CA",                                               "(916) 802-1234",       null, null,     6260007001, null) ;
INSERT INTO StoreTbl VALUES ( 6260007001469,   "Color Stitches",                                            "2175 Sampson Ave  Corona, CA 92879",                       "(951) 734-7894",       null, null,     6260007001, null) ;
INSERT INTO StoreTbl VALUES ( 6260007001470,   "Corona Aircraft Engines",                                   "1965A Aviation Dr  Corona, CA 92880",                      "(951) 736-6452",       null, null,     6260007001, null) ;
INSERT INTO StoreTbl VALUES ( 6260007001471,   "Ultra Haulers",                                             "158 Business Center Dr  Corona, CA 92880",                 "(951) 582-0422",       null, null,     6260007001, null) ;
INSERT INTO StoreTbl VALUES ( 6260007001472,   "Forum Info-Tech",                                           "160 W Foothill Pkwy  Corona, CA 92882",                    "(951) 256-4070",       null, null,     6260007001, null) ;
INSERT INTO StoreTbl VALUES ( 6260007001473,   "Minuteman Press Norco",                                     "1700 Hamner Ave  Norco, CA 92860",                         "(951) 520-8553",       null, null,     6260007001, null) ;
INSERT INTO StoreTbl VALUES ( 6260007001474,   "Empire Cleaners",                                           "2363 California Ave  Corona, CA 92881",                    "(951) 520-8888",       null, 0006,     6260007001, null) ;  -- cleaners
INSERT INTO StoreTbl VALUES ( 6260007001475,   "Rob Otto Computer Support",                                 "Corona, CA",                                               "(951) 768-0060",       null, null,     6260007001, null) ;
INSERT INTO StoreTbl VALUES ( 6260007001476,   "Kona Cleaners",                                             "330 W Foothill Pkwy  Corona, CA 92882",                    "(951) 738-1443",       null, 0006,     6260007001, null) ;  -- cleaners
INSERT INTO StoreTbl VALUES ( 6260007001477,   "Magnolia Cleaners",                                         "1191 Magnolia Ave  Corona, CA 92879",                      "(951) 272-9102",       null, 0006,     6260007001, null) ;  -- cleaners
INSERT INTO StoreTbl VALUES ( 6260007001478,   "Discount Cleaners",                                         "514 S Smith Ave  Corona, CA 92882",                        "(951) 279-8818",       null, 0006,     6260007001, null) ;  -- cleaners
INSERT INTO StoreTbl VALUES ( 6260007001479,   "StorQuest Self Storage",                                    "12530 Magnolia Ave  Riverside, CA 92503",                  "(951) 547-2023",       null, null,     6260007001, null) ;  -- storage
INSERT INTO StoreTbl VALUES ( 6260007001480,   "Highgrove KinderCare",                                      "1080 Highgrove St  Corona, CA 92882",                      "(800) 709-8814",       null, null,     6260007001, null) ;
INSERT INTO StoreTbl VALUES ( 6260007001481,   "Xtreme Design & Graphics",                                  "Riverside, CA 92505",                                      "(951) 893-0501",       null, null,     6260007001, null) ;
INSERT INTO StoreTbl VALUES ( 6260007001482,   "Supreme Computer Pros",                                     "370 W Grand Ave  Corona, CA 92882",                        "(888) 727-7774",       null, null,     6260007001, null) ;
INSERT INTO StoreTbl VALUES ( 6260007001483,   "5th Ave Make Up Studio",                                    "500 S Main St",                                            "(951) 403-3353",       null, null,     6260007001, null) ;
INSERT INTO StoreTbl VALUES ( 6260007001484,   "Lashes By Clarisa",                                         "2621 Green River Rd",                                      "(626) 626-5351",       null, null,     6260007001, null) ;
INSERT INTO StoreTbl VALUES ( 6260007001485,   "Rococo Sugaring & Spa",                                     "1492 W 6th St",                                            "(951) 692-3535",       null, 0008,     6260007001, null) ;  -- cosm
INSERT INTO StoreTbl VALUES ( 6260007001486,   "California Cosmetics",                                      "260 E Ontario Ave",                                        "(951) 768-6966",       null, null,     6260007001, null) ;
INSERT INTO StoreTbl VALUES ( 6260007001487,   "Sunergos Therapeutic Massage",                              "800 Magnolia Ave",                                         "(951) 565-6332",       null, null,     6260007001, null) ;
INSERT INTO StoreTbl VALUES ( 6260007001488,   "Family & Aesthetic Clinic",                                 "2791 Green River Rd",                                      "(951) 735-5570",       null, null,     6260007001, null) ;
INSERT INTO StoreTbl VALUES ( 6260007001489,   "Gorgeous Skincare & Day Spa",                               "1128 E 6th St",                                            "(951) 288-9792",       null, 0008,     6260007001, null) ;  -- cosm    -- cosm
INSERT INTO StoreTbl VALUES ( 6260007001490,   "Paris Women Spa",                                          "1501 Rimpau Ave",                                          "(951) 268-6400",       null, 0008,     6260007001, null) ;  -- cosm
INSERT INTO StoreTbl VALUES ( 6260007001491,   "Live Hair Studio",                                          "1307 W 6th St Suite129",                                   "(562) 688-0066",       null, null,     6260007001, null) ;
INSERT INTO StoreTbl VALUES ( 6260007001492,   "Alexanders Arman Salon & Spa",                             "284 Dupont St",                                            "(951) 284-0440",       null, 0008,     6260007001, null) ;  -- cosm
INSERT INTO StoreTbl VALUES ( 6260007001493,   "Solovisomd Facial Rejuvenation Centers",                    "1124 S Main St",                                           "(951) 737-6402",       null, null,     6260007001, null) ;
INSERT INTO StoreTbl VALUES ( 6260007001494,   "Mimis Hair Salon",                                         "608 W 6th St",                                             "(951) 371-8648",       null, null,     6260007001, null) ;
INSERT INTO StoreTbl VALUES ( 6260007001495,   "Supercuts",                                                 "1030 Hamner Ave",                                          "(951) 736-8166",       null, null,     6260007001, null) ;
INSERT INTO StoreTbl VALUES ( 6260007001496,   "5th Ave Make Up Studio",                                    "500 S Main St",                                            "(951) 403-3353",       null, null,     6260007001, null) ;
INSERT INTO StoreTbl VALUES ( 6260007001497,   "Aesthetics By Rose",                                        "284 Dupont St",                                            "(951) 858-0267",       null, null,     6260007001, null) ;
INSERT INTO StoreTbl VALUES ( 6260007001498,   "The Royal Thai Massage",                                    "2205 Vesper Cir",                                          "(951) 736-6666",       null, null,     6260007001, null) ;
INSERT INTO StoreTbl VALUES ( 6260007001499,   "Thairapy Salon & Blow Dry Bar",                             "3359 Grand Oaks",                                          "(951) 255-5337",       null, null,     6260007001, null) ;
INSERT INTO StoreTbl VALUES ( 6260007001500,   "Skin Solutions",                                            "2790 Cabot Dr",                                            "(951) 264-0945",       null, 0008,     6260007001, null) ;  -- cosm
INSERT INTO StoreTbl VALUES ( 6260007001501,   "Salon 180",                                                 "1275 Magnolia Ave",                                        "(951) 734-4030",       null, null,     6260007001, null) ;
INSERT INTO StoreTbl VALUES ( 6260007001502,   "Glen Ivy Hot Springs",                                      "25000 Glen Ivy Rd",                                        "(888) 453-6489",       null, null,     6260007001, null) ;
INSERT INTO StoreTbl VALUES ( 6260007001503,   "Bliss Aveda Salon & Spa",                                   "2540 Tuscany Way",                                         "(951) 279-3130",       null, 0008,     6260007001, null) ;  -- cosm
INSERT INTO StoreTbl VALUES ( 6260007001504,   "Azcar Sugaring Boutique",                                  "4280 Odyssey Dr",                                          "(909) 742-6212",       null, null,     6260007001, null) ;
INSERT INTO StoreTbl VALUES ( 6260007001505,   "Lacquer Nails & Spa",                                       "390 N McKinley St 116 Ste 22",                             "(951) 785-0665",       null, 0008,     6260007001, null) ;  -- cosm
INSERT INTO StoreTbl VALUES ( 6260007001506,   "Charisma Beauty Salon",                                     "11882 De Palma Rd",                                        "(951) 317-7993",       null, null,     6260007001, null) ;
INSERT INTO StoreTbl VALUES ( 6260007001507,   "I Love Nails",                                              "1411 S Rimpau Ave",                                        "(951) 356-5659",       null, 0008,     6260007001, null) ;  -- cosm
INSERT INTO StoreTbl VALUES ( 6260007001508,   "Delaines",                                                 "1240 E Ontario Ave",                                       "(951) 898-5840",       null, null,     6260007001, null) ;
INSERT INTO StoreTbl VALUES ( 6260007001509,   "Johns Barber Shop",                                        "1411 Rimpau Ave",                                          "(951) 318-5611",       null, 0002,     6260007001, null) ;  -- barber
INSERT INTO StoreTbl VALUES ( 6260007001510,   "MakeUp By Chelsea Pagnini",                                 "Corona, CA",                                               "(949) 689-1718",       null, null,     6260007001, null) ;
INSERT INTO StoreTbl VALUES ( 6260007001511,   "Citi Nails & Spa",                                          "360 West Foothill Pkwy",                                   "(951) 736-6616",       null, 0008,     6260007001, null) ;  -- cosm
INSERT INTO StoreTbl VALUES ( 6260007001512,   "Royal Beauty Salon",                                        "1112 W 6th St",                                            "(951) 340-2221",       null, null,     6260007001, null) ;
INSERT INTO StoreTbl VALUES ( 6260007001513,   "Electrolysis by Linda",                                     "1411 Rimpau Ave",                                          "(951) 515-2646",       null, null,     6260007001, null) ;
INSERT INTO StoreTbl VALUES ( 6260007001514,   "The Color Lab",                                             "390 N McKinley St",                                        "(951) 707-5537",       null, null,     6260007001, null) ;
INSERT INTO StoreTbl VALUES ( 6260007001515,   "Infinity Nails",                                            "1267 W 6th St",                                            "(951) 371-5157",       null, 0008,     6260007001, null) ;  -- cosm
INSERT INTO StoreTbl VALUES ( 6260007001516,   "Stephanie Hair Salon",                                      "320 S Main St Ste 101",                                    "(951) 898-0596",       null, null,     6260007001, null) ;
INSERT INTO StoreTbl VALUES ( 6260007001517,   "Heather & Hope Therapeutic Massage",                        "110 W 10th St",                                            "(951) 733-0912",       null, null,     6260007001, null) ;
INSERT INTO StoreTbl VALUES ( 6260007001518,   "4Evercuts Family Hairsalon and Barbershop",                 "80 W Grand Blvd",                                          "(951) 340-2244",       null, 0003,     6260007001, null) ;  -- barber
INSERT INTO StoreTbl VALUES ( 6260007001519,   "Hair By Jenna",                                             "511 N Main St",                                            "(951) 545-0723",       null, null,     6260007001, null) ;
INSERT INTO StoreTbl VALUES ( 6260007001520,   "Fannys Hair Salon",                                        "716 W Sixth St",                                           "(909) 234-9633",       null, null,     6260007001, null) ;
INSERT INTO StoreTbl VALUES ( 6260007001521,   "NV Makeup Art",                                             "1307 West 6th St",                                         "(818) 934-0885",       null, null,     6260007001, null) ;
INSERT INTO StoreTbl VALUES ( 6260007001522,   "The Finest Nails",                                          "135 E Ontario Ave",                                        "(951) 278-0382",       null, 0008,     6260007001, null) ;  -- cosm
INSERT INTO StoreTbl VALUES ( 6260007001523,   "CosmoProf",                                                 "541 N Main St",                                            "(951) 898-8769",       null, null,     6260007001, null) ;
INSERT INTO StoreTbl VALUES ( 6260007001524,   "Sherry W X Liu, Cosmetologist",                             "720 Magnolia Ave Ste B3",                                  "(951) 371-8888",       null, null,     6260007001, null) ;
INSERT INTO StoreTbl VALUES ( 6260007001525,   "Lisa Nails & Spa",                                          "1282 Border Ave",                                          "(951) 734-6261",       null, 0008,     6260007001, null) ;  -- cosm
INSERT INTO StoreTbl VALUES ( 6260007001526,   "V Star Nail & Spa",                                         "685 E Grand Blvd",                                         "(951) 734-8067",       null, 0008,     6260007001, null) ;  -- cosm
INSERT INTO StoreTbl VALUES ( 6260007001527,   "Eternal Impressions Hair & Nail Salon",                     "215 E 6th St",                                             "(951) 340-9515",       null, 0008,     6260007001, null) ;  -- cosm
INSERT INTO StoreTbl VALUES ( 6260007001528,   "Corona Day Spa",                                            "1344 W 6th St",                                            "(951) 734-3595",       null, null,     6260007001, null) ;  -- cosm
INSERT INTO StoreTbl VALUES ( 6260007001529,   "Avon Beauty Center",                                        "1180 Olympic Dr",                                          "(951) 808-8877",       null, null,     6260007001, null) ;
INSERT INTO StoreTbl VALUES ( 6260007001530,   "Star Nails & Spa",                                          "451 Magnolia Ave",                                         "(951) 817-1737",       null, null,     6260007001, null) ;  -- cosm
INSERT INTO StoreTbl VALUES ( 6260007001531,   "Studio 700 Salon & Spa",                                    "700 E Grand Blvd",                                         "(951) 279-7008",       null, null,     6260007001, null) ;  -- cosm
INSERT INTO StoreTbl VALUES ( 6260007001532,   "Great Clips",                                               "360 W Foothill Pkwy",                                      "(951) 737-5656",       null, null,     6260007001, null) ;
INSERT INTO StoreTbl VALUES ( 6260007001533,   "Waxing by Dawn",                                            "284 DuPont St #115",                                       "(714) 272-1816",       null, null,     6260007001, null) ;
INSERT INTO StoreTbl VALUES ( 6260007001534,   "Hair Sensationz",                                           "629 N Main St",                                            "(951) 272-4615",       null, null,     6260007001, null) ;
INSERT INTO StoreTbl VALUES ( 6260007001535,   "Nina Nails",                                                "617 N Main St",                                            "(951) 279-8003",       null, null,     6260007001, null) ;  -- cosm
INSERT INTO StoreTbl VALUES ( 6260007001536,   "VeronaCapri",                                               "390 Mckinley St, Ste 116",                                 "(951) 818-2171",       null, null,     6260007001, null) ;
INSERT INTO StoreTbl VALUES ( 6260007001537,   "Fantastic Sams Hair Salons",                                "387 Magnolia Ave",                                         "(951) 371-1905",       null, null,     6260007001, null) ;
INSERT INTO StoreTbl VALUES ( 6260007001538,   "The Sugar Gypsy",                                           "1128 East 6th St",                                         "(951) 847-4266",       null, null,     6260007001, null) ;
INSERT INTO StoreTbl VALUES ( 6260007001539,   "Corona Spa",                                                "1888 W 6th St",                                            "(951) 808-9270",       null, null,     6260007001, null) ;  -- cosm
INSERT INTO StoreTbl VALUES ( 6260007001540,   "Jolie Vous Hair & Makeup By Gigi",                          "511 N Main St",                                            "(951) 742-3731",       null, null,     6260007001, null) ;
INSERT INTO StoreTbl VALUES ( 6260007001541,   "Hypnotic Skin Art Tattoo",                                  "1690 West 6th St",                                         "(714) 463-6178",       null, null,     6260007001, null) ;  -- cosm    -- art
INSERT INTO StoreTbl VALUES ( 6260007001542,   "Hair by Dani",                                              "766 N Main St",                                            "(951) 858-3893",       null, null,     6260007001, null) ;
INSERT INTO StoreTbl VALUES ( 6260007001543,   "New Look Beauty Salon",                                     "1380 W 6th St",                                            "(951) 279-8929",       null, null,     6260007001, null) ;
INSERT INTO StoreTbl VALUES ( 6260007001544,   "Robertas Hair Trends",                                     "625 W Grand Blvd",                                         "(951) 735-7500",       null, null,     6260007001, null) ;
INSERT INTO StoreTbl VALUES ( 6260007001545,   "Hair Beauty by Rudi",                                       "591 N Mckinley St",                                        "(951) 496-6941",       null, null,     6260007001, null) ;
INSERT INTO StoreTbl VALUES ( 6260007001546,   "Victorias Top Care Acupunture",                            "612 W Grand Blvd",                                         "(951) 272-6318",       null, null,     6260007001, null) ;
INSERT INTO StoreTbl VALUES ( 6260007001547,   "A Salon For You",                                           "2200 Vesper Cir",                                          "(951) 273-7415",       null, null,     6260007001, null) ;
INSERT INTO StoreTbl VALUES ( 6260007001548,   "Malias Hair Kreation",                                     "1690 W 6 St",                                              "(626) 923-7591",       null, null,     6260007001, null) ;
INSERT INTO StoreTbl VALUES ( 6260007001549,   "Meghan Ashley Hair and Makeup",                             "390 N Mckinley St",                                        "(951) 741-9536",       null, null,     6260007001, null) ;
INSERT INTO StoreTbl VALUES ( 6260007001550,   "A Classy Nail & Spa",                                       "4300 Green River Rd",                                      "(951) 272-8382",       null, null,     6260007001, null) ;  -- cosm
INSERT INTO StoreTbl VALUES ( 6260007001551,   "Natural Effects Mobile Airbrush Tanning",                   "Corona, CA 92879",                                         "(951) 532-4247",       null, null,     6260007001, null) ;
INSERT INTO StoreTbl VALUES ( 6260007001552,   "Azure Nails",                                               "163 W Ontario Ave",                                        "(951) 520-0051",       null, null,     6260007001, null) ;  -- cosm
INSERT INTO StoreTbl VALUES ( 6260007001553,   "Lustful Hair",                                              "1690 W 6th St",                                            "(951) 531-8198",       null, null,     6260007001, null) ;
INSERT INTO StoreTbl VALUES ( 6260007001554,   "Palm Beach Tan",                                            "420 N McKinley",                                           "(951) 272-1234",       null, null,     6260007001, null) ;  -- beach
INSERT INTO StoreTbl VALUES ( 6260007001555,   "The Haircutters Barbershop",                                "2200 Vesper Cir",                                          "(951) 777-5947",       null, 0003,     6260007001, null) ;  -- barber
INSERT INTO StoreTbl VALUES ( 6260007001556,   "Fuse Hair & Beauty",                                        "Corona, CA",                                               "(951) 258-7806",       null, null,     6260007001, null) ;
INSERT INTO StoreTbl VALUES ( 6260007001557,   "Chiropractic Injury Care & Prevention Network",             "2250 S Main St",                                           "(951) 737-1252",       null, null,     6260007001, null) ;
INSERT INTO StoreTbl VALUES ( 6260007001558,   "Great Clips",                                               "1240 E Ontario Ave",                                       "(951) 737-5687",       null, null,     6260007001, null) ;
INSERT INTO StoreTbl VALUES ( 6260007001559,   "Stylush Hair Studio",                                       "591 Mckinley St",                                          "(951) 356-6821",       null, null,     6260007001, null) ;
INSERT INTO StoreTbl VALUES ( 6260007001560,   "Skin Care by Jessalyn",                                     "290 Corporate Tr Cir",                                     "(669) 232-2425",       null, null,     6260007001, null) ;
INSERT INTO StoreTbl VALUES ( 6260007001561,   "Hair By Tracy",                                             "284 Dupont St, Ste 115",                                   "(951) 284-9738",       null, null,     6260007001, null) ;
INSERT INTO StoreTbl VALUES ( 6260007001562,   "Moon Love Beauty Lounge",                                   "591 N McKinley St, Ste 103",                               "(951) 805-6998",       null, null,     6260007001, null) ;
INSERT INTO StoreTbl VALUES ( 6260007001563,   "Orchard Nails",                                             "2150 California Ave",                                      "(951) 898-7888",       null, null,     6260007001, null) ;  -- cosm
INSERT INTO StoreTbl VALUES ( 6260007001564,   "Natural Nails & Spa",                                       "650 S Lincoln Ave",                                        "(951) 735-4658",       null, null,     6260007001, null) ;  -- cosm
INSERT INTO StoreTbl VALUES ( 6260007001565,   "Samantha Does Hair",                                        "766 N Main St",                                            "(909) 240-6903",       null, null,     6260007001, null) ;
INSERT INTO StoreTbl VALUES ( 6260007001566,   "Helen Nail And Spa",                                        "511 N Main St",                                            "(951) 340-2772",       null, null,     6260007001, null) ;  -- cosm
INSERT INTO StoreTbl VALUES ( 6260007001567,   "Lucky Little Feet",                                         "1307 West 6th St",                                         "(951) 273-1778",       null, null,     6260007001, null) ;
INSERT INTO StoreTbl VALUES ( 6260007001568,   "Kneaded Therapy",                                           "110 W 10th St",                                            "(951) 371-4003",       null, null,     6260007001, null) ;
INSERT INTO StoreTbl VALUES ( 6260007001569,   "Hair Waves of California",                                  "2721 Green River Rd",                                      "(951) 808-4600",       null, null,     6260007001, null) ;
INSERT INTO StoreTbl VALUES ( 6260007001570,   "Hair & Beyond Supplies",                                    "2150 California Ave",                                      "(951) 582-9116",       null, null,     6260007001, null) ;
INSERT INTO StoreTbl VALUES ( 6260007001571,   "Perfections of CathyT",                                     "Corona, CA 92880",                                         "(209) 915-7001",       null, null,     6260007001, null) ;
INSERT INTO StoreTbl VALUES ( 6260007001572,   "Beauty By Michael",                                         "3359 Grand Oaks",                                          "(951) 675-7144",       null, null,     6260007001, null) ;
INSERT INTO StoreTbl VALUES ( 6260007001573,   "Amarinskincare",                                            "3359 Grand Oaks",                                          "(951) 322-9011",       null, null,     6260007001, null) ;
INSERT INTO StoreTbl VALUES ( 6260007001574,   "HairzMyLove By Chelly Seymour",                            "766 N Main St",                                            "(951) 377-7777",       null, null,     6260007001, null) ;
INSERT INTO StoreTbl VALUES ( 6260007001575,   "Vienna Hair Lounge",                                        "390 N McKinley St",                                        "(951) 334-1020",       null, null,     6260007001, null) ;
INSERT INTO StoreTbl VALUES ( 6260007001576,   "Chasmar Studios",                                           "Corona, CA 92881",                                         "(951) 833-7852",       null, null,     6260007001, null) ;
INSERT INTO StoreTbl VALUES ( 6260007001577,   "Fame Eyebrow Threading",                                    "944 W 6th St",                                             "(951) 739-2000",       null, null,     6260007001, null) ;
INSERT INTO StoreTbl VALUES ( 6260007001578,   "NH Beauty Supply",                                          "401 S Lincoln Ave",                                        "(951) 279-2774",       null, null,     6260007001, null) ;
INSERT INTO StoreTbl VALUES ( 6260007001579,   "6th Street Tattoo Parlor",                                  "1106 W 6th St",                                            "(951) 737-8282",       null, null,     6260007001, null) ;
INSERT INTO StoreTbl VALUES ( 6260007001580,   "Premier Body Care",                                         "1530 W 6th St",                                            "(951) 738-9078",       null, null,     6260007001, null) ;
INSERT INTO StoreTbl VALUES ( 6260007001581,   "Crystal Nails & Spa",                                       "1551 Ontario Ave",                                         "(951) 808-1110",       null, null,     6260007001, null) ;  -- cosm
INSERT INTO StoreTbl VALUES ( 6260007001582,   "Palm Beach Tan",                                            "469 Magnolia Ave",                                         "(951) 272-1343",       null, null,     6260007001, null) ;  -- beach
INSERT INTO StoreTbl VALUES ( 6260007001583,   "Nail Passion",                                              "1206 Magnolia Ave",                                        "(951) 340-9621",       null, null,     6260007001, null) ;  -- cosm
INSERT INTO StoreTbl VALUES ( 6260007001584,   "Riverwalk Aesthetics",                                      "1810 Fullerton Ave",                                       "(951) 351-1346",       null, null,     6260007001, null) ;
INSERT INTO StoreTbl VALUES ( 6260007001585,   "Skin Care & Threading By Neeru",                            "284 Dupont St",                                            "(951) 642-1694",       null, null,     6260007001, null) ;  -- cosm
INSERT INTO StoreTbl VALUES ( 6260007001586,   "Benefit Brow Bar at Ulta",                                  "2541 Tuscany Street",                                      "(951) 582-0833",       null, null,     6260007001, null) ;
INSERT INTO StoreTbl VALUES ( 6260007001587,   "Hair By Vannesa",                                           "Corona, CA 92879",                                         "(951) 707-3310",       null, null,     6260007001, null) ;
INSERT INTO StoreTbl VALUES ( 6260007001588,   "Phenix Salon Suites",                                       "591 N McKinley St",                                        "(858) 248-9133",       null, null,     6260007001, null) ;
INSERT INTO StoreTbl VALUES ( 6260007001589,   "Skin Care & Eyelash Extensions Studio",                     "251 Dupont St",                                            "(951) 734-9108",       null, null,     6260007001, null) ;  -- cosm
INSERT INTO StoreTbl VALUES ( 6260007001590,   "Aesthetic Advantage",                                       "2815 S Main St",                                           "(951) 268-8117",       null, null,     6260007001, null) ;
INSERT INTO StoreTbl VALUES ( 6260007001591,   "California Dream Spray Tanning",                            "Corona, CA 92881",                                         "(951) 818-4884",       null, null,     6260007001, null) ;
INSERT INTO StoreTbl VALUES ( 6260007001592,   "Cosmo Spa",                                                 "540 Hidden Valley Pkwy",                                   "(951) 272-0500",       null, null,     6260007001, null) ;  -- cosm
INSERT INTO StoreTbl VALUES ( 6260007001593,   "Diane Nails",                                               "301 W 6th St",                                             "(951) 817-9321",       null, null,     6260007001, null) ;  -- cosm
INSERT INTO StoreTbl VALUES ( 6260007001594,   "NAILtastic",                                                "1240 E Ontario Ave",                                       "(951) 340-2790",       null, null,     6260007001, null) ;  -- cosm
INSERT INTO StoreTbl VALUES ( 6260007001595,   "Beauty Creation by Sylvia",                                 "Corona, CA 92882",                                         "(951) 496-1225",       null, null,     6260007001, null) ;
INSERT INTO StoreTbl VALUES ( 6260007001596,   "Circle City Laser Enhancement Center",                      "2250 S Main St",                                           "(951) 737-8105",       null, null,     6260007001, null) ;
INSERT INTO StoreTbl VALUES ( 6260007001597,   "Tan Yer Hide & Tone It Too",                                "Corona, CA",                                               "(714) 402-8072",       null, null,     6260007001, null) ;
INSERT INTO StoreTbl VALUES ( 6260007001598,   "The Masters Touch",                                        "106 E 6th St",                                             "(951) 734-5091",       null, null,     6260007001, null) ;
INSERT INTO StoreTbl VALUES ( 6260007001599,   "Eagle Glen Hair Design",                                    "2225 Eagle Glen Pkwy",                                     "(951) 893-1676",       null, null,     6260007001, null) ;
INSERT INTO StoreTbl VALUES ( 6260007001600,   "Joes Barber Shop",                                         "1009 W 6th St",                                            "(951) 737-2357",       null, 0003,     6260007001, null) ;  -- barber
INSERT INTO StoreTbl VALUES ( 6260007001601,   "Hair By Nicole Perales",                                    "766 N Main St",                                            "(909) 670-4580",       null, null,     6260007001, null) ;
INSERT INTO StoreTbl VALUES ( 6260007001602,   "Bippity Boppity Bows",                                      "2157 Arden Cir",                                           "(951) 707-7336",       null, null,     6260007001, null) ;
INSERT INTO StoreTbl VALUES ( 6260007001603,   "The Wax Studio/ Skintastic951",                             "511 N Main St",                                            "(562) 881-6093",       null, null,     6260007001, null) ;  -- cosm
INSERT INTO StoreTbl VALUES ( 6260007001604,   "Carolinas Beauty Salon",                                   "450 S Main St",                                            "(951) 735-4591",       null, null,     6260007001, null) ;
INSERT INTO StoreTbl VALUES ( 6260007001605,   "Latinas Hair cut",                                         "625 W Grand Blvd",                                         "(951) 359-4068",       null, null,     6260007001, null) ;
INSERT INTO StoreTbl VALUES ( 6260007001606,   "One Touch Beauty",                                          "1535 E Ontario Ave",                                       "(951) 278-2689",       null, null,     6260007001, null) ;
INSERT INTO StoreTbl VALUES ( 6260007001607,   "Paulines human Hair",                                      "1411 S Rimpau Ave",                                        "(951) 432-7300",       null, null,     6260007001, null) ;
INSERT INTO StoreTbl VALUES ( 6260007001608,   "Nail Expo",                                                 "2276 Griffin Way",                                         "(951) 278-4263",       null, null,     6260007001, null) ;  -- cosm
INSERT INTO StoreTbl VALUES ( 6260007001609,   "Makeup by Nina",                                            "4429 Owens St",                                            "(909) 965-6777",       null, null,     6260007001, null) ;
INSERT INTO StoreTbl VALUES ( 6260007001610,   "HairByHuntley",                                             "390 N Mckinley",                                           "(951) 310-3135",       null, null,     6260007001, null) ;
INSERT INTO StoreTbl VALUES ( 6260007001611,   "Ageless Body",                                              "284 Dupont St",                                            "(951) 818-3030",       null, null,     6260007001, null) ;
INSERT INTO StoreTbl VALUES ( 6260007001612,   "Circle City Nails",                                         "1312 E Ontario Ave",                                       "(951) 493-6744",       null, null,     6260007001, null) ;  -- cosm
INSERT INTO StoreTbl VALUES ( 6260007001613,   "VIP Nails Spa & Hair",                                      "1411 S Rimpau Ave",                                        "(951) 898-9472",       null, null,     6260007001, null) ;  -- cosm
INSERT INTO StoreTbl VALUES ( 6260007001614,   "Ritz Nails",                                                "163 W Ontario Ave",                                        "(951) 735-1582",       null, null,     6260007001, null) ;  -- cosm
INSERT INTO StoreTbl VALUES ( 6260007001615,   "Gala Hair & Nails",                                         "401 S Lincoln Ave",                                        "(951) 279-2060",       null, null,     6260007001, null) ;  -- cosm
INSERT INTO StoreTbl VALUES ( 6260007001616,   "Fast Lane Tattoo & Piercing",                               "1426 W 6th St",                                            "(951) 272-8288",       null, null,     6260007001, null) ;
INSERT INTO StoreTbl VALUES ( 6260007001617,   "Liberty Nails",                                             "1520 W 6th St",                                            "(951) 808-9848",       null, null,     6260007001, null) ;  -- cosm
INSERT INTO StoreTbl VALUES ( 6260007001618,   "Supercuts",                                                 "2690 Tuscany St Ste D4-104",                               "(951) 279-1898",       null, null,     6260007001, null) ;
INSERT INTO StoreTbl VALUES ( 6260007001619,   "Afros & Fades",                                             "1218 Magnolia Ave",                                        "(951) 279-6240",       null, null,     6260007001, null) ;
INSERT INTO StoreTbl VALUES ( 6260007001620,   "Lucky Nails & Spa",                                         "1150 El Camino Ave",                                       "(951) 737-8999",       null, null,     6260007001, null) ;  -- cosm
INSERT INTO StoreTbl VALUES ( 6260007001621,   "Galaxy Nails",                                              "944 W 6th St",                                             "(951) 549-8469",       null, null,     6260007001, null) ;  -- cosm
INSERT INTO StoreTbl VALUES ( 6260007001622,   "Little Lash Studio",                                        "Corona, CA 92881",                                         "(909) 644-6580",       null, null,     6260007001, null) ;
INSERT INTO StoreTbl VALUES ( 6260007001623,   "Trusted Tattoo Company",                                    "430 River Rd",                                             "(951) 280-4465",       null, null,     6260007001, null) ;
INSERT INTO StoreTbl VALUES ( 6260007001624,   "Double OO Nails & Spa",                                     "80 W Grand Blvd",                                          "(951) 278-0235",       null, null,     6260007001, null) ;  -- cosm
INSERT INTO StoreTbl VALUES ( 6260007001625,   "The Electrolysis Lab",                                      "390 N Mckinley St",                                        "(951) 768-0936",       null, null,     6260007001, null) ;
INSERT INTO StoreTbl VALUES ( 6260007001626,   "Heavenly Hair Creations by Darlene",                        "390 N Mckinley St, Studio 19",                             "(909) 268-5350",       null, null,     6260007001, null) ;
INSERT INTO StoreTbl VALUES ( 6260007001627,   "Solo Salon Studios Heavenly Hair Creations by Darlene",     "390 N Mckinley St",                                        "(909) 268-5350",       null, null,     6260007001, null)  ;
INSERT INTO StoreTbl VALUES ( 6260007001628,   "Beauty By Lauren U",                                        "2780 Cabot Dr",                                            "(619) 252-8168",       null, null,     6260007001, null) ;
INSERT INTO StoreTbl VALUES ( 6260007001629,   "Tao Massage",                                               "210 W Grand Blvd",                                         "(951) 454-8330",       null, null,     6260007001, null) ;
INSERT INTO StoreTbl VALUES ( 6260007001630,   "Hair By Arri",                                              "284 Dupont St",                                            "(714) 313-1544",       null, null,     6260007001, null) ;
INSERT INTO StoreTbl VALUES ( 6260007001631,   "Walgreens",                                                 "120 W Parkridge Ave",                                      "(951) 278-1852",       null, null,     6260007001, null) ;
INSERT INTO StoreTbl VALUES ( 6260007001632,   "Studio 145 - Hair by Tara",                                 "2790 Cabot Dr",                                            "(909) 518-2385",       null, null,     6260007001, null) ;
INSERT INTO StoreTbl VALUES ( 6260007001633,   "Salon De Belleza Azteca",                                   "905 E 6th St",                                             "(951) 734-3523",       null, null,     6260007001, null) ;
INSERT INTO StoreTbl VALUES ( 6260007001634,   "Sally Beauty Supply",                                       "577 N McKinley St",                                        "(951) 735-9397",       null, null,     6260007001, null) ;
INSERT INTO StoreTbl VALUES ( 6260007001635,   "Relaxation Station Mobile Massage",                         "Corona, CA 92879",                                         "(951) 572-2234",       null, null,     6260007001, null) ;
INSERT INTO StoreTbl VALUES ( 6260007001636,   "Cali Nails & Spa",                                          "161 N Mc Kinley St",                                       "(951) 739-0710",       null, null,     6260007001, null) ;  -- cosm
INSERT INTO StoreTbl VALUES ( 6260007001637,   "Randi Rubin- Esthetics & Wellness",                         "Corona, CA 92883",                                         "(951) 808-1010",       null, null,     6260007001, null) ;
INSERT INTO StoreTbl VALUES ( 6260007001638,   "Makeup By Nathalie",                                        "Corona, CA 92879",                                         "(951) 316-7786",       null, null,     6260007001, null) ;
INSERT INTO StoreTbl VALUES ( 6260007001639,   "LUXE 9 Nail Spa",                                           "6987 Hamner Ave",                                          "(951) 280-9902",       null, null,     6260007001, null) ;  -- cosm
INSERT INTO StoreTbl VALUES ( 6260007001640,   "Fantastic Sams Hair Salons",                                "2621 Green River Rd",                                      "(951) 371-7045",       null, null,     6260007001, null) ;
INSERT INTO StoreTbl VALUES ( 6260007001641,   "Chop Shop Hair Salon",                                      "591 North McKinley St",                                    "(714) 900-0032",       null, null,     6260007001, null) ;
INSERT INTO StoreTbl VALUES ( 6260007001642,   "Hair By Yanira",                                            "511 N Main St",                                            "(714) 200-5408",       null, null,     6260007001, null) ;
INSERT INTO StoreTbl VALUES ( 6260007001643,   "Brookelyn & Company Color Specialty Salon",                 "766 N Main St",                                            "(951) 280-0480",       null, null,     6260007001, null) ;
INSERT INTO StoreTbl VALUES ( 6260007001644,   "Brag-A-Bout Hair Salon",                                    "511 N Main St",                                            "(951) 272-4247",       null, null,     6260007001, null) ;
INSERT INTO StoreTbl VALUES ( 6260007001645,   "Corona Tattoo & Piercing, Inc",                             "508 S Smith Ave",                                          "(951) 520-9597",       null, null,     6260007001, null) ;
INSERT INTO StoreTbl VALUES ( 6260007001646,   "Star Nails",                                                "488 N Main St",                                            "(951) 273-1156",       null, null,     6260007001, null) ;  -- cosm
INSERT INTO StoreTbl VALUES ( 6260007001647,   "Hair Full Service Salon & Extension Bar",                   "2780 Cabot Rd",                                            "(951) 427-4083",       null, null,     6260007001, null) ;
INSERT INTO StoreTbl VALUES ( 6260007001648,   "Lovely Nails",                                              "2791 Green River Rd",                                      "(951) 278-0667",       null, null,     6260007001, null) ;  -- cosm
INSERT INTO StoreTbl VALUES ( 6260007001649,   "True Touch Nail & Spa",                                     "2363 California Ave",                                      "(951) 278-2587",       null, null,     6260007001, null) ;  -- cosm
INSERT INTO StoreTbl VALUES ( 6260007001650,   "Fantastic Sams Hair Salons",                                "2150 California Ave.",                                     "(951) 270-0999",       null, null,     6260007001, null) ;
INSERT INTO StoreTbl VALUES ( 6260007001651,   "Amber Kiss Spray Tanning",                                  "535 Cedarbrook Ln",                                        "(949) 637-4772",       null, null,     6260007001, null) ;
INSERT INTO StoreTbl VALUES ( 6260007001652,   "Khattab Mostafa, DDS",                                      "807 W Grand Blvd",                                         "(951) 737-8737",       null, null,     6260007001, null) ;
INSERT INTO StoreTbl VALUES ( 6260007001653,   "Bellazzio",                                                 "340 N Mckinley St",                                        "(951) 737-9999",       null, null,     6260007001, null) ;
INSERT INTO StoreTbl VALUES ( 6260007001654,   "Walgreens",                                                 "100 W Ontario Ave",                                        "(951) 582-9551",       null, null,     6260007001, null) ;
INSERT INTO StoreTbl VALUES ( 6260007001655,   "Corona Dermatology Center",                                 "1810 Fullerton Ave Ste 101",                               "(951) 734-7900",       null, null,     6260007001, null) ;
INSERT INTO StoreTbl VALUES ( 6260007001656,   "Divine B cosmetics",                                        "Corona, CA",                                               "(818) 336-8972",       null, null,     6260007001, null) ;
INSERT INTO StoreTbl VALUES ( 6260007001657,   "Cymbolizebeauty",                                           "390 N McKinley St, Ste 116",                               "(786) 525-1069",       null, null,     6260007001, null) ;
INSERT INTO StoreTbl VALUES ( 6260007001658,   "Fantastic Sams",                                            "2279 Eagle Glen Pkwy",                                     "(951) 808-0200",       null, null,     6260007001, null) ;
INSERT INTO StoreTbl VALUES ( 6260007001659,   "Ely Beauty Salon",                                          "514 S Smith Ave",                                          "(951) 279-0328",       null, null,     6260007001, null) ;
INSERT INTO StoreTbl VALUES ( 6260007001660,   "Gils Glam",                                                "504 E 6th St",                                             "(951) 547-4436",       null, null,     6260007001, null) ;
INSERT INTO StoreTbl VALUES ( 6260007001661,   "Extreme Makeover Salon & Makeup Studio",                    "1690 W 6th St",                                            "(951) 279-5022",       null, null,     6260007001, null) ;
INSERT INTO StoreTbl VALUES ( 6260007001662,   "Corona Nails Salon",                                        "1690 W 6th St",                                            "(951) 292-9127",       null, null,     6260007001, null) ;  -- cosm
INSERT INTO StoreTbl VALUES ( 6260007001663,   "Navas Barber Shop",                                        "1510 W 6th St",                                            "(951) 520-9408",       null, 0003,     6260007001, null) ;  -- barber
INSERT INTO StoreTbl VALUES ( 6260007001664,   "Extensiones De Cabello BELLA",                              "1555 Border Ave",                                          "(714) 261-7705",       null, null,     6260007001, null) ;
INSERT INTO StoreTbl VALUES ( 6260007001665,   "Gracielas Hair Salon",                                     "440 River Rd",                                             "(951) 734-2718",       null, null,     6260007001, null) ;
INSERT INTO StoreTbl VALUES ( 6260007001666,   "Hair by Doreen",                                            "511 N Main St",                                            "(951) 847-1904",       null, null,     6260007001, null) ;
INSERT INTO StoreTbl VALUES ( 6260007001667,   "Nail Tyme",                                                 "420 N McKinley St",                                        "(951) 737-2385",       null, null,     6260007001, null) ;  -- cosm
INSERT INTO StoreTbl VALUES ( 6260007001668,   "Lovely Locks",                                              "390 N McKinley St",                                        "(949) 566-4413",       null, null,     6260007001, null) ;
INSERT INTO StoreTbl VALUES ( 6260007001669,   "Brian Heller, DC",                                          "1525 E Ontario Ave",                                       "(951) 279-8900",       null, null,     6260007001, null) ;
INSERT INTO StoreTbl VALUES ( 6260007001670,   "Massage Envy - Corona at Eagle Glen",                       "2225 Eagle Glen Pkwy",                                     "(951) 371-3689",       null, null,     6260007001, null) ;
INSERT INTO StoreTbl VALUES ( 6260007001671,   "Stripped Beauty Lounge",                                    "591 N Mckinley St",                                        "(951) 496-7553",       null, null,     6260007001, null) ;
INSERT INTO StoreTbl VALUES ( 6260007001672,   "Christrio Corporation",                                     "2420 Railroad St",                                         "(951) 808-4730",       null, null,     6260007001, null) ;
INSERT INTO StoreTbl VALUES ( 6260007001673,   "Eternal Impressions",                                       "110 W 10th St",                                            "(951) 750-8970",       null, null,     6260007001, null) ;
INSERT INTO StoreTbl VALUES ( 6260007001674,   "WoMe Nails Group",                                          "1690 W 6th St",                                            "(951) 220-1354",       null, null,     6260007001, null) ;  -- cosm
INSERT INTO StoreTbl VALUES ( 6260007001675,   "Mon Esprit Aveda",                                          "2780 Cabot Dr",                                            "(951) 603-0186",       null, null,     6260007001, null) ;
INSERT INTO StoreTbl VALUES ( 6260007001676,   "Glam Hair Lounge",                                          "624 E Grand St",                                           "(562) 688-0066",       null, null,     6260007001, null) ;
INSERT INTO StoreTbl VALUES ( 6260007001677,   "Gorgeous Lashes",                                           "1128 E 6th St",                                            "(714) 330-3174",       null, null,     6260007001, null) ;
INSERT INTO StoreTbl VALUES ( 6260007001678,   "Krystles Hair Affair",                                     "766 N Main St",                                            "(951) 280-0480",       null, null,     6260007001, null) ;
INSERT INTO StoreTbl VALUES ( 6260007001679,   "Shear Studio",                                              "Corona, CA 92504",                                         "(951) 440-7803",       null, null,     6260007001, null) ;
INSERT INTO StoreTbl VALUES ( 6260007001680,   "Selenas Lash Studio",                                      "161 North McKinley St",                                    "(951) 817-5611",       null, null,     6260007001, null) ;
INSERT INTO StoreTbl VALUES ( 6260007001681,   "Pin-Up Tan",                                                "Corona, CA",                                               "(951) 892-0826",       null, null,     6260007001, null) ;
INSERT INTO StoreTbl VALUES ( 6260007001682,   "Francis Beauty & Barber Salon",                             "315 W 6th St",                                             "(951) 737-2831",       null, 0003,     6260007001, null) ;  -- barber
INSERT INTO StoreTbl VALUES ( 6260007001683,   "Great Hair Day By Gladis",                                  "390 N Mckinley St",                                        "(951) 906-5083",       null, null,     6260007001, null) ;
INSERT INTO StoreTbl VALUES ( 6260007001684,   "The Hair Specialist",                                       "447 S Corona Mall",                                        "(951) 858-7404",       null, null,     6260007001, null) ;
INSERT INTO StoreTbl VALUES ( 6260007001685,   "Advance Beauty Tech Academy",                               "2191 Sampson Ave",                                         "(951) 817-2560",       null, null,     6260007001, null) ;
INSERT INTO StoreTbl VALUES ( 6260007001686,   "New Creations",                                             "351 Magnolia Ave",                                         "(951) 520-0101",       null, null,     6260007001, null) ;
INSERT INTO StoreTbl VALUES ( 6260007001687,   "Hair By Tischia",                                           "766 N Main St",                                            "(951) 314-2219",       null, null,     6260007001, null) ;
INSERT INTO StoreTbl VALUES ( 6260007001688,   "A B C Relaxing Massage",                                    "716 W 6th St",                                             "(951) 549-8429",       null, null,     6260007001, null) ;
INSERT INTO StoreTbl VALUES ( 6260007001689,   "Captivating Skin By Margo",                                 "19771 Grandview Dr",                                       "(951) 818-4808",       null, null,     6260007001, null) ;  -- cosm
INSERT INTO StoreTbl VALUES ( 6260007001690,   "Nails By Jessika",                                          "551 N Main St",                                            "(951) 329-8294",       null, null,     6260007001, null) ;  -- cosm
INSERT INTO StoreTbl VALUES ( 6260007001691,   "Nails by Julia",                                            "1128 E 6th St",                                            "(951) 317-9492",       null, null,     6260007001, null) ;  -- cosm
INSERT INTO StoreTbl VALUES ( 6260007001692,   "Cali Eyebrow Threading",                                    "612 W Grand Blvd",                                         "(951) 332-1350",       null, null,     6260007001, null) ;
INSERT INTO StoreTbl VALUES ( 6260007001693,   "FMK Labs",                                                  "1690 N Delilah St",                                        "(951) 736-1212",       null, null,     6260007001, null) ;
INSERT INTO StoreTbl VALUES ( 6260007001694,   "Relaxation Day Spa",                                        "1426 W 6th St",                                            "(951) 371-3885",       null, null,     6260007001, null) ;  -- cosm
INSERT INTO StoreTbl VALUES ( 6260007001695,   "Sun Nails",                                                 "2279 Eagle Glen Pkwy",                                     "(951) 737-6992",       null, null,     6260007001, null) ;  -- cosm
INSERT INTO StoreTbl VALUES ( 6260007001696,   "Steve Oyas",                                                "511 N Main St",                                            "(951) 205-4935",       null, null,     6260007001, null) ;
INSERT INTO StoreTbl VALUES ( 6260007001697,   "Personal Image By Therese",                                 "511 N Main St",                                            "(909) 786-5889",       null, null,     6260007001, null) ;
INSERT INTO StoreTbl VALUES ( 6260007001698,   "JK Hair & Nails",                                           "129 N McKinley St",                                        "(951) 735-4768",       null, null,     6260007001, null) ;  -- cosm
INSERT INTO StoreTbl VALUES ( 6260007001699,   "Hands On Nail Designs & Tanning",                           "440 River Rd",                                             "(951) 279-1013",       null, null,     6260007001, null) ;  -- cosm
INSERT INTO StoreTbl VALUES ( 6260007001700,   "Steve Oyas Colourist Etc",                                  "511 N Main",                                               "(951) 205-4935",       null, null,     6260007001, null) ;
INSERT INTO StoreTbl VALUES ( 6260007001701,   "Awas African Braiding",                                    "1670 Via Pacifica",                                        "(951) 756-2501",       null, null,     6260007001, null) ;
INSERT INTO StoreTbl VALUES ( 6260007001702,   "Nail Spa",                                                  "3848 N McKinley St",                                       "(951) 280-0054",       null, null,     6260007001, null) ;  -- cosm
INSERT INTO StoreTbl VALUES ( 6260007001703,   "Mimis Beauty Supply & Salon",                              "420 N McKinley St",                                        "(951) 272-1447",       null, null,     6260007001, null) ;
INSERT INTO StoreTbl VALUES ( 6260007001704,   "Tara Skin Care",                                            "540 Hidden Valley Pkwy",                                   "(855) 333-8272",       null, null,     6260007001, null) ;  -- cosm
INSERT INTO StoreTbl VALUES ( 6260007001705,   "Unlimited Cutz Barber Shop",                                "1690 W 6th St",                                            "(909) 953-6340",       null, 0003,     6260007001, null) ;  -- barber
INSERT INTO StoreTbl VALUES ( 6260007001706,   "Sharon Yum Hair Designs",                                   "2721 Green River Rd, Ste 105",                             "(951) 808-4600",       null, null,     6260007001, null) ;
INSERT INTO StoreTbl VALUES ( 6260007001707,   "Interstate Design Industries",                              "1631 Pomona Rd",                                           "(951) 736-0777",       null, null,     6260007001, null) ;
INSERT INTO StoreTbl VALUES ( 6260007001708,   "Jac-Lyn & Co",                                              "501 E 6th St",                                             "(951) 371-4247",       null, null,     6260007001, null) ;
INSERT INTO StoreTbl VALUES ( 6260007001709,   "Massage Green Spa",                                         "1312 E Ontario Ave",                                       "(951) 371-7918",       null, null,     6260007001, null) ;  -- cosm
INSERT INTO StoreTbl VALUES ( 6260007001710,   "House of Beauty Eyebrow Threading",                         "420 N McKinley",                                           "(951) 817-2668",       null, null,     6260007001, null) ;
INSERT INTO StoreTbl VALUES ( 6260007001711,   "Jessicas Miracle Hands",                                   "635 North Main Street",                                    "(951) 212-9527",       null, null,     6260007001, null) ;
INSERT INTO StoreTbl VALUES ( 6260007001712,   "Protective Styles",                                         "Corona, CA 92877",                                         "(310) 735-5877",       null, null,     6260007001, null) ;
INSERT INTO StoreTbl VALUES ( 6260007001713,   "Foxy Faces By Jen",                                         "1738 Tamarron Dr",                                         "(951) 454-0431",       null, null,     6260007001, null) ;
INSERT INTO StoreTbl VALUES ( 6260007001714,   "Fiore Hair Salon",                                          "211 Dupont St",                                            "(951) 736-9981",       null, null,     6260007001, null) ;
INSERT INTO StoreTbl VALUES ( 6260007001715,   "SLJ Beauty",                                                "Corona, CA 92881",                                         "(909) 240-6903",       null, null,     6260007001, null) ;
INSERT INTO StoreTbl VALUES ( 6260007001716,   "Esthetics By Elizabeth",                                    "13500 Silver Stirrup",                                     "(714) 225-1136",       null, null,     6260007001, null) ;
INSERT INTO StoreTbl VALUES ( 6260007001717,   "Afros & Fades",                                           "1218 Magnolia",                                            "(951) 254-3233",       null, null,     6260007001, null) ;
INSERT INTO StoreTbl VALUES ( 6260007001718,   "Estrella Aesthetics & Surgical Arts",                       "2550 Tuscany St",                                          "(951) 272-4455",       null, null,     6260007001, null) ;
INSERT INTO StoreTbl VALUES ( 6260007001719,   "Candace - Studio 145 Hair Salon",                           "2790 Cabot Dr",                                            "(951) 858-9899",       null, null,     6260007001, null) ;
INSERT INTO StoreTbl VALUES ( 6260007001720,   "Xtraordinary Hair",                                         "284 Dupont St",                                            "(310) 722-1532",       null, null,     6260007001, null) ;
INSERT INTO StoreTbl VALUES ( 6260007001721,   "Shear Art",                                                 "3279 Stargate Dr",                                         "(951) 553-8261",       null, null,     6260007001, null) ;
INSERT INTO StoreTbl VALUES ( 6260007001722,   "Gisselle Beauty Salon And Haircuts",                        "80 W Grand Ave",                                           "(951) 340-0919",       null, null,     6260007001, null) ;
INSERT INTO StoreTbl VALUES ( 6260007001723,   "Dianas Hair Salon & Barber",                               "1282 Border Ave",                                          "(951) 279-1744",       null, 0003,     6260007001, null) ;  -- barber
INSERT INTO StoreTbl VALUES ( 6260007001724,   "Happy Spa And Massage",                                     "900 S Main St",                                            "(951) 549-9848",       null, null,     6260007001, null) ;  -- cosm
INSERT INTO StoreTbl VALUES ( 6260007001725,   "One Touch Beauty Eyebrow Threading",                        "1535 E Ontario Ave",                                       "(951) 278-2689",       null, null,     6260007001, null) ;
INSERT INTO StoreTbl VALUES ( 6260007001726,   "Stefanie Alegria Hair Extension Techniques",                "Corona, CA 92879",                                         "(714) 342-0937",       null, null,     6260007001, null) ;
INSERT INTO StoreTbl VALUES ( 6260007001727,   "Got Glow Airbrush Tanning",                                 "Corona, CA 92879",                                         "(714) 926-3304",       null, null,     6260007001, null) ;
INSERT INTO StoreTbl VALUES ( 6260007001728,   "Quick Fix Spa & Tanning",                                   "720 Ramona Ave",                                           "(951) 898-8455",       null, null,     6260007001, null) ;  -- cosm
INSERT INTO StoreTbl VALUES ( 6260007001729,   "Mimi Beauty Supply and Salon",                              "420 N McKinley St",                                        "(951) 272-1447",       null, null,     6260007001, null) ;
INSERT INTO StoreTbl VALUES ( 6260007001730,   "Hair By Queen",                                             "Corona, CA",                                               "(888) 562-7952",       null, null,     6260007001, null) ;
INSERT INTO StoreTbl VALUES ( 6260007001731,   "Acquired Acrylic Nails",                                    "1655 E Sixth St",                                          "(951) 256-1960",       null, null,     6260007001, null) ;  -- cosm
INSERT INTO StoreTbl VALUES ( 6260007001732,   "Eyebrow Threading By Hetal",                                "2276 Griffin Way Ste 104",                                 "(951) 515-2328",       null, null,     6260007001, null) ;
INSERT INTO StoreTbl VALUES ( 6260007001733,   "Studio 6 Hair Salon",                                       "390 N Mckinley St",                                        "(949) 547-1168",       null, null,     6260007001, null) ;
INSERT INTO StoreTbl VALUES ( 6260007001734,   "Be You Hair Studio #8",                                     "390 n. McKinley st",                                       "(951) 941-4848",       null, null,     6260007001, null) ;
INSERT INTO StoreTbl VALUES ( 6260007001735,   "Bath & Body Works",                                         "2790 Cabot Dr",                                            "(951) 277-7459",       null, null,     6260007001, null) ;
INSERT INTO StoreTbl VALUES ( 6260007001736,   "Mary Paz Beauty Salon",                                     "1013 W 6th St",                                            "(951) 738-0214",       null, null,     6260007001, null) ;
INSERT INTO StoreTbl VALUES ( 6260007001737,   "Terrific Nails",                                            "944 W 6th St",                                             "(951) 549-8469",       null, null,     6260007001, null) ;  -- cosm
INSERT INTO StoreTbl VALUES ( 6260007001738,   "Central Healing",                                           "944 W 6th St",                                             "(951) 738-0218",       null, null,     6260007001, null) ;
INSERT INTO StoreTbl VALUES ( 6260007001739,   "Crown Pointe Beauty Salon",                                 "737 Magnolia Ave Ofc",                                     "(951) 737-7482",       null, null,     6260007001, null) ;
INSERT INTO StoreTbl VALUES ( 6260007001740,   "TriDerma",                                                  "341 N Delilah St",                                         "(800) 279-7282",       null, null,     6260007001, null) ;
INSERT INTO StoreTbl VALUES ( 6260007001741,   "New Wave Nailspa",                                          "1489 E Holt Ave",                                          "(909) 622-8880",       null, null,     6260007001, null) ;
INSERT INTO StoreTbl VALUES ( 6260007001742,   "Soft And Warm Massage",                                     "508 W Grand Blvd",                                         "(951) 898-9128",       null, null,     6260007001, null) ;
INSERT INTO StoreTbl VALUES ( 6260007001743,   "Palm Beach Tan",                                            "12672 Limonite St",                                        "(951) 272-2322",       null, null,     6260007001, null) ;  -- beach
INSERT INTO StoreTbl VALUES ( 6260007001744,   "Genuine Virgin Aloe",                                       "341 N Delilah St",                                         "(800) 279-7282",       null, null,     6260007001, null) ;
INSERT INTO StoreTbl VALUES ( 6260007001745,   "Aarons At Masters Touch",                                 "106 E 6th St",                                             "(951) 371-4302",       null, null,     6260007001, null) ;
INSERT INTO StoreTbl VALUES ( 6260007001746,   "Makeup By Dianis",                                          "Corona, CA",                                               "(951) 264-8072",       null, null,     6260007001, null) ;
INSERT INTO StoreTbl VALUES ( 6260007001747,   "MakeupByDianis",                                            "Corona, CA",                                               "(951) 317-0213",       null, null,     6260007001, null) ;
INSERT INTO StoreTbl VALUES ( 6260007001748,   "Ahairgenius",                                               "Corona, CA",                                               "(951) 271-2671",       null, null,     6260007001, null) ;
INSERT INTO StoreTbl VALUES ( 6260007001749,   "Studio 145 Hair By Amy Kelley",                             "2790 Cabot Dr",                                            "(951) 288-8585",       null, null,     6260007001, null) ;
INSERT INTO StoreTbl VALUES ( 6260007001750,   "Hair by Lorraine",                                          "140 Corona Mall",                                          "(951) 278-8699",       null, null,     6260007001, null) ;
INSERT INTO StoreTbl VALUES ( 6260007001751,   "Hair By Lasusie - Alexanders Arman Salon & Spa",           "284 Dupont St",                                            "(951) 284-0440",       null, null,     6260007001, null) ;  -- cosm
INSERT INTO StoreTbl VALUES ( 6260007001752,   "McPherson Kathy Hair Stylist",                              "1252 W 6th St",                                            "(951) 737-5330",       null, null,     6260007001, null) ;
INSERT INTO StoreTbl VALUES ( 6260007001753,   "Hair & Nail No 2",                                          "624 E Grand Blvd",                                         "(951) 737-7060",       null, null,     6260007001, null) ;  -- cosm
INSERT INTO StoreTbl VALUES ( 6260007001754,   "Candy Davider - Alexanders Arman Salon &Spa",              "284 Dupont St",                                            "(951) 284-0440",       null, null,     6260007001, null) ;  -- cosm
INSERT INTO StoreTbl VALUES ( 6260007001755,   "Hair Designs by Louie Vo",                                  "161 N McKinley St",                                        "(951) 736-1179",       null, null,     6260007001, null) ;
INSERT INTO StoreTbl VALUES ( 6260007001756,   "Makeup By Shinea",                                          "Corona, CA 92880",                                         "(714) 307-3677",       null, null,     6260007001, null) ;
INSERT INTO StoreTbl VALUES ( 6260007001757,   "Hair By Holly Uribe",                                       "284 Dupont St 115",                                        "(951) 808-7495",       null, null,     6260007001, null) ;
INSERT INTO StoreTbl VALUES ( 6260007001758,   "Brows 2 Brazilians By Misty",                               "3365 Grand Oaks",                                          "(951) 707-5293",       null, null,     6260007001, null) ;
INSERT INTO StoreTbl VALUES ( 6260007001759,   "Beauty Secrets Hair Salon",                                 "511 N Main St",                                            "(951) 272-6900",       null, null,     6260007001, null) ;
INSERT INTO StoreTbl VALUES ( 6260007001760,   "Top Hair & Nail",                                           "1690 W 6th St",                                            "(951) 279-5022",       null, null,     6260007001, null) ;  -- cosm
INSERT INTO StoreTbl VALUES ( 6260007001761,   "Classy Waxing Salon",                                       "591 N McKinley St",                                        "(951) 407-6820",       null, null,     6260007001, null) ;
INSERT INTO StoreTbl VALUES ( 6260007001762,   "Lederma Glenn Neil MD",                                     "1810 Fullerton Ave",                                       "(951) 734-7900",       null, null,     6260007001, null) ;
INSERT INTO StoreTbl VALUES ( 6260007001763,   "Hypnotique Creations",                                      "420 N McKinley St",                                        "(951) 382-0360",       null, null,     6260007001, null) ;
INSERT INTO StoreTbl VALUES ( 6260007001764,   "Head Turn-In Hair by Carmen",                               "420 N McKinley St",                                        "(951) 272-3830",       null, null,     6260007001, null) ;
INSERT INTO StoreTbl VALUES ( 6260007001765,   "Thee Mane Hair",                                            "390 N McKinley St",                                        "(714) 920-7229",       null, null,     6260007001, null) ;
INSERT INTO StoreTbl VALUES ( 6260007001766,   "Beautiful Reflections",                                     "591 N Mckinley St",                                        "(951) 768-2611",       null, null,     6260007001, null) ;
INSERT INTO StoreTbl VALUES ( 6260007001767,   "Hair By Eddie",                                             "211 Dupont St",                                            "(951) 269-7424",       null, null,     6260007001, null) ;
INSERT INTO StoreTbl VALUES ( 6260007001768,   "Temescal Valley Nails Salon",                               "24408 Temescal Canyon Rd",                                 "(951) 638-5007",       null, null,     6260007001, null) ;  -- cosm
INSERT INTO StoreTbl VALUES ( 6260007001769,   "Divine Healing Massage By Elaine, LCMT",                    "Corona, CA 92880",                                         "(951) 858-8320",       null, null,     6260007001, null) ;
INSERT INTO StoreTbl VALUES ( 6260007001770,   "Megan Watterson",                                           "284 Dupont St, Ste 115",                                   "(714) 349-5861",       null, null,     6260007001, null) ;
INSERT INTO StoreTbl VALUES ( 6260007001771,   "Oriental Health Center",                                    "508 S Smith Ave",                                          "(951) 280-0898",       null, null,     6260007001, null) ;
INSERT INTO StoreTbl VALUES ( 6260007001772,   "Relaxation",                                                "212 E Grand Blvd",                                         "(951) 280-0375",       null, null,     6260007001, null) ;
INSERT INTO StoreTbl VALUES ( 6260007001773,   "Beautiful Reflections",                                     "591 N McKinley St",                                        "(951) 800-7632",       null, null,     6260007001, null) ;
INSERT INTO StoreTbl VALUES ( 6260007001774,   "Serenity Health Center",                                    "1690 W 6th St",                                            "(951) 737-8251",       null, null,     6260007001, null) ;
INSERT INTO StoreTbl VALUES ( 6260007001775,   "Mahogany Designs Unlimited Salon",                          "3848 N McKinley St",                                       "(951) 898-6940",       null, null,     6260007001, null) ;
INSERT INTO StoreTbl VALUES ( 6260007001776,   "Sally Beauty Supply",                                       "722 N Main St",                                            "(951) 280-9267",       null, null,     6260007001, null) ;
INSERT INTO StoreTbl VALUES ( 6260007001777,   "Ultra Tan",                                                 "1191 Magnolia Ave",                                        "(951) 735-6889",       null, null,     6260007001, null) ;
INSERT INTO StoreTbl VALUES ( 6260007001778,   "Elsa Martinez 4 hair",                                      "511 N Main St",                                            "(951) 496-2056",       null, null,     6260007001, null) ;
INSERT INTO StoreTbl VALUES ( 6260007001779,   "Marandah Hair",                                             "3359 Grand Oaks",                                          "(951) 675-3223",       null, null,     6260007001, null) ;
INSERT INTO StoreTbl VALUES ( 6260007001780,   "Hair Designs by Stylist Mel",                               "1275 Magnolia Ave",                                        "(909) 238-9067",       null, null,     6260007001, null) ;
INSERT INTO StoreTbl VALUES ( 6260007001781,   "Pro-Nails",                                                 "1818 W 6th St",                                            "(951) 371-2886",       null, null,     6260007001, null) ;  -- cosm
INSERT INTO StoreTbl VALUES ( 6260007001782,   "Gold Nails",                                                "1181 Magnolia Ave",                                        "(951) 734-5885",       null, null,     6260007001, null) ;  -- cosm
INSERT INTO StoreTbl VALUES ( 6260007001783,   "Makeup Artistry by Daniel",                                 "Corona, CA 92882",                                         "(213) 375-8395",       null, null,     6260007001, null) ;
INSERT INTO StoreTbl VALUES ( 6260007001784,   "Image Hair Supply Store",                                   "4300 Green River Rd",                                      "(951) 444-5151",       null, null,     6260007001, null) ;
INSERT INTO StoreTbl VALUES ( 6260007001785,   "Jermaine Barber Stylist",                                   "1218 Magnolia Ave",                                        "(951) 279-0848",       null, 0003,     6260007001, null) ;  -- barber
INSERT INTO StoreTbl VALUES ( 6260007001786,   "Average Jane Beauty",                                       "4112 S Neece St.",                                         "(951) 999-7125",       null, null,     6260007001, null) ;
INSERT INTO StoreTbl VALUES ( 6260007001787,   "Glitter Body Art",                                          "Corona, CA",                                               "(714) 342-2503",       null, null,     6260007001, null) ;
INSERT INTO StoreTbl VALUES ( 6260007001788,   "Valentina Real",                                            "Corona, CA 92879",                                         "(951) 427-0534",       null, null,     6260007001, null) ;
INSERT INTO StoreTbl VALUES ( 6260007001789,   "Revol Nails and Spa",                                       "6987 Hamner Ave",                                          "(626) 642-4912",       null, null,     6260007001, null) ;  -- cosm
INSERT INTO StoreTbl VALUES ( 6260007001790,   "Honey Feao",                                                "1561 Ontario Ave, Ste 102",                                "(951) 227-9598",       null, null,     6260007001, null) ;
INSERT INTO StoreTbl VALUES ( 6260007001791,   "Galaxy Nail Products",                                      "4375 Prado Rd",                                            "(951) 270-2990",       null, null,     6260007001, null) ;  -- cosm
INSERT INTO StoreTbl VALUES ( 6260007001792,   "Developlus",                                                "235 Deininger Cir",                                        "(951) 738-8595",       null, null,     6260007001, null) ;
INSERT INTO StoreTbl VALUES ( 6260007001793,   "Malys",                                                    "629 N Main St",                                            "(951) 817-9828",       null, null,     6260007001, null) ;
INSERT INTO StoreTbl VALUES ( 6260007001794,   "Contours Express",                                          "2791 Green River Rd",                                      "(951) 273-9555",       null, null,     6260007001, null) ;
INSERT INTO StoreTbl VALUES ( 6260007001795,   "American Barber Shop",                                      "1551 E Ontario Ave",                                       "(951) 280-1366",       null, 0003,     6260007001, null) ;  -- barber
INSERT INTO StoreTbl VALUES ( 6260007001796,   "DeveloPlus",                                                "255 Deininger Cir",                                        "(951) 738-8595",       null, null,     6260007001, null) ;
INSERT INTO StoreTbl VALUES ( 6260007001797,   "House of Beauty Eyebrow Threading",                         "2150 California Ave",                                      "(951) 278-4400",       null, null,     6260007001, null) ;
INSERT INTO StoreTbl VALUES ( 6260007001798,   "Esteban & Francis Beauty Salon",                            "504 E 6th St",                                             "(951) 278-2673",       null, null,     6260007001, null) ;
INSERT INTO StoreTbl VALUES ( 6260007001799,   "Beauty Boutique the Hair Design Studio & Bty Spply",        "321 S Main St",                                            "(951) 737-9544",       null, null,     6260007001, null) ;
INSERT INTO StoreTbl VALUES ( 6260007001800,   "Leonti Hair Designs",                                       "141 Corona Mall",                                          "(951) 279-7911",       null, null,     6260007001, null) ;
INSERT INTO StoreTbl VALUES ( 6260007001801,   "La Belle Beauty Shop",                                      "815 S Main St",                                            "(951) 737-2932",       null, null,     6260007001, null) ;
INSERT INTO StoreTbl VALUES ( 6260007001802,   "Kims Nails",                                                "1252 W 6th St",                                            "(951) 279-5158",       null, null,     6260007001, null) ;  -- cosm
INSERT INTO StoreTbl VALUES ( 6260007001803,   "Divine Healing Massage By Elaine",                          "Corona, CA 92880",                                         "(951) 427-7738",       null, null,     6260007001, null) ;
INSERT INTO StoreTbl VALUES ( 6260007001804,   "Earthly Botanicals",                                        "Corona, CA 92879",                                         "(951) 279-2223",       null, null,     6260007001, null) ;
INSERT INTO StoreTbl VALUES ( 6260007001805,   "Mobile White Smile",                                        "Irvine, CA",                                               "(949) 444-1764",       null, null,     6260007001, null) ;
INSERT INTO StoreTbl VALUES ( 6260007001806,   "City Male Barbershop",                                      "420 N Mckinley St",                                        "(951) 549-0345",       null, 0003,     6260007001, null) ;  -- barber
INSERT INTO StoreTbl VALUES ( 6260007001807,   "Revol Nail Spa",                                            "7084 Archibald St",                                        "(951) 736-9249",       null, null,     6260007001, null) ;  -- cosm
INSERT INTO StoreTbl VALUES ( 6260007001808,   "Visions Salon",                                             "420 N McKinley St",                                        "(714) 835-1074",       null, null,     6260007001, null) ;
INSERT INTO StoreTbl VALUES ( 6260007001809,   "Monique M Artistry",                                        "7021 Ginko Ct",                                            "(909) 631-6087",       null, null,     6260007001, null) ;
INSERT INTO StoreTbl VALUES ( 6260007001810,   "Professionail and Spa",                                     "12648 Limonite Ave",                                       "(951) 898-6299",       null, null,     6260007001, null) ;  -- cosm
INSERT INTO StoreTbl VALUES ( 6260007001811,   "Ever Last Foot Therapy",                                    "11882 De Palma Rd",                                        "(951) 277-1888",       null, null,     6260007001, null) ;
INSERT INTO StoreTbl VALUES ( 6260007001812,   "MG Stylist",                                                "Kennedy Dr",                                               "(510) 690-4890",       null, null,     6260007001, null) ;
INSERT INTO StoreTbl VALUES ( 6260007001813,   "Spa Builders Support",                                      "9225 Stellar Ct",                                          "(951) 277-2979",       null, null,     6260007001, null) ;  -- cosm
INSERT INTO StoreTbl VALUES ( 6260007001814,   "Bare Body Laser Center",                                    "8506 E Chapman Ave",                                       "(714) 633-6466",       null, null,     6260007001, null) ;
INSERT INTO StoreTbl VALUES ( 6260007001815,   "Olala Foot Massage",                                       "129 N Mckinley St",                                        "(951) 808-9188",       null, null,     6260007001, null) ;
INSERT INTO StoreTbl VALUES ( 6260007001816,   "Divine Healing Massage",                                    "12965 Oakdale St",                                         "(951) 858-8320",       null, null,     6260007001, null) ;
INSERT INTO StoreTbl VALUES ( 6260007001817,   "Southern Comforts Soap",                                    "14021 Vernal Springs Ct",                                  "(951) 279-2006",       null, null,     6260007001, null) ;
INSERT INTO StoreTbl VALUES ( 6260007001818,   "My Kneaded Touch",                                          "2540 Tuscany St, Ste 105",                                 "(951) 808-2318",       null, null,     6260007001, null) ;
INSERT INTO StoreTbl VALUES ( 6260007001819,   "Lisas Lovely Locks Hair Extensions",                       "27338 Buffalo Trl",                                        "(951) 283-3036",       null, null,     6260007001, null) ;
INSERT INTO StoreTbl VALUES ( 6260007001820,   "Aloha Tanning",                                             "6987 Hamner Ave",                                          "(951) 549-6956",       null, null,     6260007001, null) ;
INSERT INTO StoreTbl VALUES ( 6260007001821,   "Hollys Nail & Spa",                                        "11762 De Palma Rd",                                        "(951) 277-2100",       null, null,     6260007001, null) ;  -- cosm
INSERT INTO StoreTbl VALUES ( 6260007001822,   "Essentials by Catalina",                                    "12781 Temescal Canyon Rd",                                 "(951) 674-4444",       null, null,     6260007001, null) ;
INSERT INTO StoreTbl VALUES ( 6260007001823,   "Proper Status Hair Salon",                                  "12850 Maryland Ave",                                       "(310) 419-5968",       null, null,     6260007001, null) ;
INSERT INTO StoreTbl VALUES ( 6260007001824,   "Palomares Extentions",                                      "Rich Springs Way",                                         "(951) 570-7488",       null, null,     6260007001, null) ;
INSERT INTO StoreTbl VALUES ( 6260007001825,   "Hair Bank",                                                 "27144 Calendula",                                          "(951) 623-3600",       null, null,     6260007001, null) ;

--  PASADENA

INSERT INTO PlazaTbl VALUES ( 6260021001,   "Others", 6260021 );
INSERT INTO StoreTbl VALUES ( 6260021001001,   "HM Warm Spa",                                               "1009 E Green St  Pasadena, CA 91106",                      "(626) 589-9690",       null, null,     6260021001, null) ;  -- cosm
INSERT INTO StoreTbl VALUES ( 6260021001002,   "Elstyle",                                                   "153 S Hudson Ave  Pasadena, CA 91101",                     "(626) 319-9000",       null, null,     6260021001, null) ;
INSERT INTO StoreTbl VALUES ( 6260021001003,   "Audrey B Hair Studio",                                      "799 E Green St  Pasadena, CA 91101",                       "(626) 696-5527",       null, null,     6260021001, null) ;
INSERT INTO StoreTbl VALUES ( 6260021001004,   "Organique Body & Skin",                                     "455 S Lake Ave  Pasadena, CA 91101",                       "(626) 421-8009",       null, null,     6260021001, null) ;  -- cosm
INSERT INTO StoreTbl VALUES ( 6260021001005,   "The Salt Studio",                                           "1380 E Walnut St  Pasadena, CA 91106",                     "(626) 765-6180",       null, null,     6260021001, null) ;
INSERT INTO StoreTbl VALUES ( 6260021001006,   "Salon Pascual",                                             "1059 East Green St  Pasadena, CA 91106",                   "(626) 793-8120",       null, null,     6260021001, null) ;
INSERT INTO StoreTbl VALUES ( 6260021001007,   "Blue Diamond Nail & Hair",                                  "3550 E Foothill  Pasadena, CA 91107",                      "(626) 449-1816",       null, null,     6260021001, null) ;  -- cosm
INSERT INTO StoreTbl VALUES ( 6260021001008,   "Spatini Skin Lounge",                                       "799 E Green St  Pasadena, CA 91101",                       "(626) 768-8781",       null, null,     6260021001, null) ;  -- cosm    -- cosm
INSERT INTO StoreTbl VALUES ( 6260021001009,   "Fantastic Sam's",                                           "502 S Lake Ave  Pasadena, CA 91101",                       "(626) 639-3737",       null, null,     6260021001, null) ;
INSERT INTO StoreTbl VALUES ( 6260021001010,   "Ela Var Studio",                                            "799 E Green St  Pasadena, CA 91101",                       "(323) 303-4110",       null, null,     6260021001, null) ;
INSERT INTO StoreTbl VALUES ( 6260021001011,   "Bodyworks By Elony",                                        "259 N Holliston Ave  Pasadena, CA 91106",                  "(818) 287-1322",       null, null,     6260021001, null) ;
INSERT INTO StoreTbl VALUES ( 6260021001012,   "Adriana's Body & Skin Care",                                "1202 East Green St  Pasadena, CA 91106",                   "(626) 840-8888",       null, null,     6260021001, null) ;  -- cosm
INSERT INTO StoreTbl VALUES ( 6260021001013,   "The Greater Good",                                          "49 S Catalina Ave  Pasadena, CA 91106",                    "(626) 460-3223",       null, null,     6260021001, null) ;
INSERT INTO StoreTbl VALUES ( 6260021001014,   "Alex V Hair Studio",                                        "799 E Green St  Pasadena, CA 91101",                       "(323) 479-5998",       null, null,     6260021001, null) ;
INSERT INTO StoreTbl VALUES ( 6260021001015,   "On Balance Massage Therapy",                                "Pasadena, CA 91101",                                       "(909) 560-6018",       null, null,     6260021001, null) ;
INSERT INTO StoreTbl VALUES ( 6260021001016,   "Le Reve Med Spa",                                           "150 N Hill Ave  Pasadena, CA 91106",                       "(626) 461-3357",       null, null,     6260021001, null) ;  -- cosm
INSERT INTO StoreTbl VALUES ( 6260021001017,   "Maggie Manley Hair Studio",                                 "799 E Green St  Pasadena, CA 91101",                       "(805) 459-6943",       null, null,     6260021001, null) ;
INSERT INTO StoreTbl VALUES ( 6260021001018,   "Tami's Skin and Lash",                                      "722 E Walnut St  Pasadena, CA 91101",                      "(626) 628-4350",       null, null,     6260021001, null) ;  -- cosm
INSERT INTO StoreTbl VALUES ( 6260021001019,   "William Santana Hair Design",                               "1374 E Walnut St  Pasadena, CA 91106",                     "(626) 568-3022",       null, null,     6260021001, null) ;
INSERT INTO StoreTbl VALUES ( 6260021001020,   "Wax Candy",                                                 "271 Shoppers Ln  Pasadena, CA 91101",                      "(626) 372-0989",       null, null,     6260021001, null) ;
INSERT INTO StoreTbl VALUES ( 6260021001021,   "Makeup By Jolene",                                          "Pasadena, CA 91106",                                       "(626) 632-4546",       null, null,     6260021001, null) ;
INSERT INTO StoreTbl VALUES ( 6260021001022,   "Evolutions Salon",                                          "973 E Green St  Pasadena, CA 91106",                       "(626) 795-0299",       null, null,     6260021001, null) ;
INSERT INTO StoreTbl VALUES ( 6260021001023,   "Jess The Barber",                                           "99 S Oak Knoll Ave  Pasadena, CA 91101",                   "(626) 756-7594",       null, 0003,     6260021001, null) ;  -- barber
INSERT INTO StoreTbl VALUES ( 6260021001024,   "Corte Studio",                                              "455 South Lake Ave  Pasadena, CA 91101",                   "(626) 380-7076",       null, null,     6260021001, null) ;
INSERT INTO StoreTbl VALUES ( 6260021001025,   "The Honey Queen Brazilian Wax",                             "799 E Green St  Pasadena, CA 91101",                       "(626) 354-8121",       null, null,     6260021001, null) ;
INSERT INTO StoreTbl VALUES ( 6260021001026,   "Hair Extension Specialist Brittini Brenes",                 "799 E Green St  Pasadena, CA 91101",                       "(626) 344-9074",       null, null,     6260021001, null) ;
INSERT INTO StoreTbl VALUES ( 6260021001027,   "Sincerely Mia",                                             "455 S Lake Ave  Pasadena, CA 91101",                       "(562) 644-2022",       null, null,     6260021001, null) ;
INSERT INTO StoreTbl VALUES ( 6260021001028,   "VIVI Eyelash Extension",                                    "88 N Fair Oaks Ave,  Pasadena, CA 91103",                  "(201) 665-6011",       null, null,     6260021001, null) ;
INSERT INTO StoreTbl VALUES ( 6260021001029,   "Rosh Hair Design",                                          "1044 E Green St  Pasadena, CA 91106",                      "(626) 405-1479",       null, null,     6260021001, null) ;
INSERT INTO StoreTbl VALUES ( 6260021001030,   "Letter B by Yuri Sinata",                                   "455 S Lake Ave  Pasadena, CA 91101",                       "(626) 552-9874",       null, null,     6260021001, null) ;
INSERT INTO StoreTbl VALUES ( 6260021001031,   "Maiden Color Salon",                                        "455 S Lake Ave  Pasadena, CA 91101",                       "(626) 628-4111",       null, null,     6260021001, null) ;
INSERT INTO StoreTbl VALUES ( 6260021001032,   "Evelyn The Makeup Artist",                                  "Pasadena, CA 91106",                                       "(323) 494-8790",       null, null,     6260021001, null) ;
INSERT INTO StoreTbl VALUES ( 6260021001033,   "The Studio By Rebecca Lucia",                               "799 E. Green St.  Pasadena, CA 91101",                     "(818) 402-4368",       null, null,     6260021001, null) ;
INSERT INTO StoreTbl VALUES ( 6260021001034,   "Randy Madden",                                              "112 South De Lacey Ave  Pasadena, CA 91103",               "(805) 338-1190",       null, null,     6260021001, null) ;
INSERT INTO StoreTbl VALUES ( 6260021001035,   "Vikki's Vanity Brow Boutique",                              "799 E Green St  Pasadena, CA 91101",                       "(626) 529-4649",       null, null,     6260021001, null) ;
INSERT INTO StoreTbl VALUES ( 6260021001036,   "Scizzor Group Ltd",                                         "117 W Green St  Pasadena, CA 91105",                       "(626) 422-2204",       null, null,     6260021001, null) ;
INSERT INTO StoreTbl VALUES ( 6260021001037,   "Demure Hair Studio",                                        "54 N Lake Ave  Pasadena, CA 91101",                        "(626) 394-7614",       null, null,     6260021001, null) ;
INSERT INTO StoreTbl VALUES ( 6260021001038,   "Evanthe Hair Salon",                                        "117 E. Colorado Blvd. Suite B13  Pasadena, CA 91105",      "(626) 304-0433",       null, null,     6260021001, null) ;
INSERT INTO StoreTbl VALUES ( 6260021001039,   "Collective Hair",                                           "233 E Colorado Blvd  Pasadena, CA 91101",                  "(626) 787-1336",       null, null,     6260021001, null) ;
INSERT INTO StoreTbl VALUES ( 6260021001040,   "Salon Bilal",                                               "191 N Hill Ave  Pasadena, CA 91106",                       "(626) 429-1005",       null, null,     6260021001, null) ;
INSERT INTO StoreTbl VALUES ( 6260021001041,   "Cynthia Staub, Esthetician",                                "427 S Marengo Ave  Pasadena, CA 91101",                    "(626) 755-1091",       null, null,     6260021001, null) ;
INSERT INTO StoreTbl VALUES ( 6260021001042,   "Energy Healing Bodyworks",                                  "117 W Bellevue Dr  Pasadena, CA 91105",                    "(626) 705-4226",       null, null,     6260021001, null) ;
INSERT INTO StoreTbl VALUES ( 6260021001043,   "AcuSpa",                                                    "1930 E Colorado Blvd  Pasadena, CA 91107",                 "(626) 578-9119",       null, null,     6260021001, null) ;  -- cosm
INSERT INTO StoreTbl VALUES ( 6260021001044,   "Yu Yan Beauty Wellness Center",                             "2889 E Colorado Blvd  Pasadena, CA 91107",                 "(626) 726-7253",       null, null,     6260021001, null) ;
INSERT INTO StoreTbl VALUES ( 6260021001045,   "Vartan Barber Shop",                                        "1732 E Washington Blvd  Pasadena, CA 91104",               "(626) 798-9865",       null, 0003,     6260021001, null) ;  -- barber
INSERT INTO StoreTbl VALUES ( 6260021001046,   "Luxelab Pasadena",                                          "42 S Fair Oaks Ave  Pasadena, CA 91105",                   "(626) 564-0001",       null, null,     6260021001, null) ;
INSERT INTO StoreTbl VALUES ( 6260021001047,   "Image Deux Nails and Spa",                                  "850 E Green St  Pasadena, CA 91101",                       "(626) 683-8682",       null, null,     6260021001, null) ;  -- cosm
INSERT INTO StoreTbl VALUES ( 6260021001048,   "Bella Beauty Supply & Salon",                               "127 W California Blvd  Pasadena, CA 91105",                "(626) 405-0230",       null, null,     6260021001, null) ;
INSERT INTO StoreTbl VALUES ( 6260021001049,   "Head Trip",                                                 "16 E Bellevue Dr  Pasadena, CA 91105",                     "(626) 578-0644",       null, null,     6260021001, null) ;
INSERT INTO StoreTbl VALUES ( 6260021001050,   "Cote d'Azur",                                               "41 W Bellevue Dr  Pasadena, CA 91105",                     "(626) 396-3030",       null, null,     6260021001, null) ;
INSERT INTO StoreTbl VALUES ( 6260021001051,   "Lizbeth Beauty Bar",                                        "799 E Green St  Pasadena, CA 91101",                       "(951) 543-1598",       null, null,     6260021001, null) ;
INSERT INTO StoreTbl VALUES ( 6260021001052,   "Sunflower Day Spa & Massage",                               "829 N Lake Ave  Pasadena, CA 91104",                       "(626) 808-9888",       null, null,     6260021001, null) ;  -- cosm
INSERT INTO StoreTbl VALUES ( 6260021001053,   "Dawson & Co",                                               "1059 E Green St  Pasadena, CA 91106",                      "(626) 714-7147",       null, null,     6260021001, null) ;
INSERT INTO StoreTbl VALUES ( 6260021001054,   "Vain Hair Studio",                                          "2563 E Colorado Blvd  Pasadena, CA 91107",                 "(626) 529-3180",       null, null,     6260021001, null) ;
INSERT INTO StoreTbl VALUES ( 6260021001055,   "Striking Eyes Lashes of Beaute",                            "151 S El Molino Ave  Pasadena, CA 91101",                  "(818) 636-2022",       null, null,     6260021001, null) ;
INSERT INTO StoreTbl VALUES ( 6260021001056,   "Whips Hair Studio",                                         "455 S Lake Ave  Pasadena, CA 91101",                       "(626) 765-1021",       null, null,     6260021001, null) ;
INSERT INTO StoreTbl VALUES ( 6260021001057,   "Luxx Loft",                                                 "799 E Green St  Pasadena, CA 91101",                       "(626) 644-5470",       null, null,     6260021001, null) ;
INSERT INTO StoreTbl VALUES ( 6260021001058,   "Hot Spot Laser Centers",                                    "2515 E Colorado Blvd  Pasadena, CA 91107",                 "(626) 568-8500",       null, null,     6260021001, null) ;
INSERT INTO StoreTbl VALUES ( 6260021001059,   "Massage On Green",                                          "761 E Green St  Pasadena, CA 91101",                       "(626) 657-7477",       null, null,     6260021001, null) ;
INSERT INTO StoreTbl VALUES ( 6260021001060,   "Stephen 4 Hair",                                            "902 Boston Ct  Pasadena, CA 91106",                        "(504) 400-2736",       null, null,     6260021001, null) ;
INSERT INTO StoreTbl VALUES ( 6260021001061,   "Christy Honsberger-Contreras",                              "770 S Arroyo Parkway Suite 100  Pasadena, CA 91105",       "(626) 676-5887",       null, null,     6260021001, null) ;
INSERT INTO StoreTbl VALUES ( 6260021001062,   "Chella Brow Bar - Pasadena",                                "799 E Green St  Pasadena, CA 91101",                       "(805) 236-4944",       null, null,     6260021001, null) ;
INSERT INTO StoreTbl VALUES ( 6260021001063,   "Chinese Medical Spa",                                       "887 N Lake Ave  Pasadena, CA 91104",                       "(626) 589-0321",       null, null,     6260021001, null) ;  -- cosm
INSERT INTO StoreTbl VALUES ( 6260021001064,   "Hair By Seda",                                              "1816 E Colorado Blvd  Pasadena, CA 91107",                 "(626) 356-4776",       null, null,     6260021001, null) ;
INSERT INTO StoreTbl VALUES ( 6260021001065,   "European Wax Center",                                       "569 S Lake Ave  Pasadena, CA 91101",                       "(626) 449-5000",       null, null,     6260021001, null) ;
INSERT INTO StoreTbl VALUES ( 6260021001066,   "The Vanity Room",                                           "455 S Lake Ave  Pasadena, CA 91101",                       "(626) 676-5157",       null, null,     6260021001, null) ;
INSERT INTO StoreTbl VALUES ( 6260021001067,   "Kelly Zhang Makeup & Hair Studio",                          "238 S Arroyo Pkwy  Pasadena, CA 91105",                    "(626) 710-4266",       null, null,     6260021001, null) ;
INSERT INTO StoreTbl VALUES ( 6260021001068,   "Salon Babette",                                             "88 N Fair Oaks Ave  Pasadena, CA 91103",                   "(323) 313-4248",       null, null,     6260021001, null) ;
INSERT INTO StoreTbl VALUES ( 6260021001069,   "FaceBody Essentials Skin Spa",                              "380 S Lake Ave  Pasadena, CA 91101",                       "(626) 379-6799",       null, null,     6260021001, null) ;  -- cosm    -- cosm
INSERT INTO StoreTbl VALUES ( 6260021001070,   "Hotheads",                                                  "2513 E Colorado Blvd  Pasadena, CA 91107",                 "(626) 577-1668",       null, null,     6260021001, null) ;
INSERT INTO StoreTbl VALUES ( 6260021001071,   "Ceres Wellness & Anti-Aging",                               "2693 E Washington Blvd  Pasadena, CA 91107",               "(626) 798-2000",       null, null,     6260021001, null) ;
INSERT INTO StoreTbl VALUES ( 6260021001072,   "LATHER",                                                    "17 E Colorado Blvd  Pasadena, CA 91103",                   "(626) 396-9636",       null, null,     6260021001, null) ;
INSERT INTO StoreTbl VALUES ( 6260021001073,   "Style Lounge",                                              "696 Colorado Blvd  Pasadena, CA 91101",                    "(626) 394-6691",       null, null,     6260021001, null) ;
INSERT INTO StoreTbl VALUES ( 6260021001074,   "Thomas Taylor, MD",                                         "960 E Green St  Pasadena, CA 91106",                       "(626) 577-7730",       null, null,     6260021001, null) ;
INSERT INTO StoreTbl VALUES ( 6260021001075,   "Scissors Paper Rock Salon",                                 "1387 E Washington Blvd  Pasadena, CA 91104",               "(626) 791-5354",       null, null,     6260021001, null) ;
INSERT INTO StoreTbl VALUES ( 6260021001076,   "Iluminar Nail Spa",                                         "107 S Fair Oaks Ave  Pasadena, CA 91105",                  "(626) 817-9779",       null, null,     6260021001, null) ;  -- cosm
INSERT INTO StoreTbl VALUES ( 6260021001077,   "Contempo Aesthetics",                                       "799 E Green St  Pasadena, CA 91101",                       "(626) 421-7909",       null, null,     6260021001, null) ;
INSERT INTO StoreTbl VALUES ( 6260021001078,   "Rachel Wright Beauty",                                      "455 S Lake Ave  Pasadena, CA 91101",                       "(909) 244-8946",       null, null,     6260021001, null) ;
INSERT INTO StoreTbl VALUES ( 6260021001079,   "Champion Cleaners",                                         "1537 E Washington Blvd  Pasadena, CA 91104",               "(626) 798-8152",       null, 0006,     6260021001, null) ;  -- cleaners
INSERT INTO StoreTbl VALUES ( 6260021001080,   "Print X-press & Copy Center",                               "1188 E Colorado Blvd  Pasadena, CA 91106",                 "(626) 440-9472",       null, null,     6260021001, null) ;
INSERT INTO StoreTbl VALUES ( 6260021001081,   "Your Appliance Repair",                                     "530 S. Lake Ave.  Pasadena, CA 91101",                     "(626) 486-9901",       null, null,     6260021001, null) ;  -- repair
INSERT INTO StoreTbl VALUES ( 6260021001082,   "All Star Appraisals - Real Estate Appraiser",               "185 N Hill Ave  Pasadena, CA 91106",                       "(626) 396-6920",       null, null,     6260021001, null) ;
INSERT INTO StoreTbl VALUES ( 6260021001083,   "EM Print Studio",                                           "680 E Colorado Blvd  Pasadena, CA 91101",                  "(626) 497-4209",       null, null,     6260021001, null) ;
INSERT INTO StoreTbl VALUES ( 6260021001084,   "Royal Shoe Shine Service",                                  "1465 E Walnut St  Pasadena, CA 91106",                     "(626) 354-6161",       null, null,     6260021001, null) ;
INSERT INTO StoreTbl VALUES ( 6260021001085,   "The Fretted Frog Acoustic Guitar Store",                    "1414 W Colorado Blvd  Pasadena, CA 91105",                 "(626) 844-5006",       null, null,     6260021001, null) ;
INSERT INTO StoreTbl VALUES ( 6260021001086,   "Eric's Clocks & Watches",                                   "500 N Allen Ave  Pasadena, CA 91106",                      "(626) 765-6665",       null, null,     6260021001, null) ;
INSERT INTO StoreTbl VALUES ( 6260021001087,   "Tony Koch Design",                                          "1782 Summit Ave  Pasadena, CA 91103",                      "(818) 416-5667",       null, null,     6260021001, null) ;
INSERT INTO StoreTbl VALUES ( 6260021001088,   "Mentor Avenue Preschool",                                   "308 N Mentor Ave  Pasadena, CA 91106",                     "(626) 396-7008",       null, null,     6260021001, null) ;
INSERT INTO StoreTbl VALUES ( 6260021001089,   "Pasadena Appliance Repair Team",                            "960 E Walnut St  Pasadena, CA 91106",                      "(626) 421-7874",       null, null,     6260021001, null) ;  -- repair
INSERT INTO StoreTbl VALUES ( 6260021001090,   "Magic Man Appliance Service",                               "Pasadena, CA 91106",                                       "(800) 943-9403",       null, null,     6260021001, null) ;
INSERT INTO StoreTbl VALUES ( 6260021001091,   "The Watch Buyers Group",                                    "380 South Lake Avenue  Pasadena, CA 91101",                "(626) 844-0170",       null, null,     6260021001, null) ;
INSERT INTO StoreTbl VALUES ( 6260021001092,   "Ricardo's Tax Services and Live Scan Fingerprinting",       "708 N Marengo Ave  Pasadena, CA 91103",                    "(626) 449-1583",       null, null,     6260021001, null) ;
INSERT INTO StoreTbl VALUES ( 6260021001093,   "Champion Cleaners",                                         "1537 E Washington Blvd  Pasadena, CA 91104",               "(626) 798-8152",       null, null,     6260021001, null) ;  -- cleaners
INSERT INTO StoreTbl VALUES ( 6260021001094,   "Print X-press & Copy Center",                               "1188 E Colorado Blvd  Pasadena, CA 91106",                 "(626) 440-9472",       null, null,     6260021001, null) ;
INSERT INTO StoreTbl VALUES ( 6260021001095,   "Your Appliance Repair",                                     "530 S. Lake Ave.  Pasadena, CA 91101",                     "(626) 486-9901",       null, null,     6260021001, null) ;  -- repair
INSERT INTO StoreTbl VALUES ( 6260021001096,   "All Star Appraisals - Real Estate Appraiser",               "185 N Hill Ave  Pasadena, CA 91106",                       "(626) 396-6920",       null, null,     6260021001, null) ;
INSERT INTO StoreTbl VALUES ( 6260021001097,   "EM Print Studio",                                           "680 E Colorado Blvd  Pasadena, CA 91101",                  "(626) 497-4209",       null, null,     6260021001, null) ;
INSERT INTO StoreTbl VALUES ( 6260021001098,   "Royal Shoe Shine Service",                                  "1465 E Walnut St  Pasadena, CA 91106",                     "(626) 354-6161",       null, null,     6260021001, null) ;
INSERT INTO StoreTbl VALUES ( 6260021001099,   "The Fretted Frog Acoustic Guitar Store",                    "1414 W Colorado Blvd  Pasadena, CA 91105",                 "(626) 844-5006",       null, null,     6260021001, null) ;
INSERT INTO StoreTbl VALUES ( 6260021001100,   "Eric's Clocks & Watches",                                   "500 N Allen Ave  Pasadena, CA 91106",                      "(626) 765-6665",       null, null,     6260021001, null) ;
INSERT INTO StoreTbl VALUES ( 6260021001101,   "A&A Computers and Technology",                              "1722 E Washington Blvd  Pasadena, CA 91104",               "(626) 225-8080",       null, null,     6260021001, null) ;
INSERT INTO StoreTbl VALUES ( 6260021001102,   "Caltech Recycling Center",                                  "1132 E Del Mar Blvd  Pasadena, CA 91126",                  "(626) 395-4738",       null, null,     6260021001, null) ;
INSERT INTO StoreTbl VALUES ( 6260021001103,   "A1 Computers",                                              "656 Lincoln Ave  Pasadena, CA 91103",                      "(626) 404-7676",       null, null,     6260021001, null) ;
INSERT INTO StoreTbl VALUES ( 6260021001104,   "Beyond Our Dreams Infant Care & Pre-School",                "416 N Altadena Dr  Pasadena, CA 91107",                    "(626) 219-6277",       null, null,     6260021001, null) ;
INSERT INTO StoreTbl VALUES ( 6260021001105,   "MUSE/IQUE",                                                 "300 E Green St, Fl 3  Pasadena, CA 91101",                 "(626) 539-7085",       null, null,     6260021001, null) ;
INSERT INTO StoreTbl VALUES ( 6260021001106,   "Around The Cycle",                                          "1270 Lincoln Ave  Pasadena, CA 91103",                     "(626) 765-6601",       null, null,     6260021001, null) ;
INSERT INTO StoreTbl VALUES ( 6260021001107,   "Perfect Impressions Printing",                              "2053 E Foothill Blvd  Pasadena, CA 91107",                 "(626) 792-9526",       null, null,     6260021001, null) ;
INSERT INTO StoreTbl VALUES ( 6260021001108,   "Private Car Storage",                                       "38 N Chester Ave  Pasadena, CA 91107",                     "(626) 437-6838",       null, null,     6260021001, null) ;  -- storage
INSERT INTO StoreTbl VALUES ( 6260021001109,   "American Instant Signs",                                    "24 S Vinedo Ave  Pasadena, CA 91107",                      "(626) 792-1012",       null, null,     6260021001, null) ;
INSERT INTO StoreTbl VALUES ( 6260021001110,   "Mail Box Planet",                                           "530 S Lake Ave  Pasadena, CA 91101",                       "(626) 744-0420",       null, null,     6260021001, null) ;
INSERT INTO StoreTbl VALUES ( 6260021001111,   "Apex Carpet Care",                                          "1992 Juanita Ave  Pasadena, CA 91104",                     "(626) 356-9433",       null, null,     6260021001, null) ;
INSERT INTO StoreTbl VALUES ( 6260021001112,   "Econoprint",                                                "1765 E Colorado Blvd  Pasadena, CA 91106",                 "(626) 795-1000",       null, null,     6260021001, null) ;
INSERT INTO StoreTbl VALUES ( 6260021001113,   "Esquivel Family Childcare",                                 "Pasadena, CA 91104",                                       "(626) 807-3037",       null, null,     6260021001, null) ;
INSERT INTO StoreTbl VALUES ( 6260021001114,   "Alex Shoe Repair",                                          "947 N Orange Grove Blvd  Pasadena, CA 91103",              "(626) 440-9126",       null, null,     6260021001, null) ;  -- repair
INSERT INTO StoreTbl VALUES ( 6260021001115,   "Concierge Cleaners",                                        "2389 E Colorado Blvd  Pasadena, CA 91107",                 "(626) 356-0034",       null, null,     6260021001, null) ;  -- cleaners
INSERT INTO StoreTbl VALUES ( 6260021001116,   "Paris Tailors",                                             "2448 E Foothill Blvd  Pasadena, CA 91107",                 "(626) 577-1283",       null, null,     6260021001, null) ;
INSERT INTO StoreTbl VALUES ( 6260021001117,   "Jewels On Lake",                                            "415 S Lake Ave  Pasadena, CA 91101",                       "(626) 356-4242",       null, null,     6260021001, null) ;  -- jewels
INSERT INTO StoreTbl VALUES ( 6260021001118,   "Impressions USA",                                           "3320 E Colorado Blvd  Pasadena, CA 91107",                 "(626) 463-0035",       null, null,     6260021001, null) ;
INSERT INTO StoreTbl VALUES ( 6260021001119,   "Junior League of Pasadena",                                 "149 S Madison Ave  Pasadena, CA 91101",                    "(626) 796-0244",       null, null,     6260021001, null) ;
INSERT INTO StoreTbl VALUES ( 6260021001120,   "JHM JEWELRY",                                               "Pasadena, CA 91101",                                       "(626) 791-1409",       null, null,     6260021001, null) ;  -- jewels
INSERT INTO StoreTbl VALUES ( 6260021001121,   "Man Of Steel Sharpening",                                   "Pasadena, CA 91107",                                       "(510) 502-4165",       null, null,     6260021001, null) ;
INSERT INTO StoreTbl VALUES ( 6260021001122,   "Pro Print",                                                 "1139 S Fair Oaks Ave  Pasadena, CA 91105",                 "(626) 840-2956",       null, null,     6260021001, null) ;
INSERT INTO StoreTbl VALUES ( 6260021001123,   "Waterland of Pasadena",                                     "1424 E Washington Blvd  Pasadena, CA 91104",               "(626) 365-1065",       null, null,     6260021001, null) ;
INSERT INTO StoreTbl VALUES ( 6260021001124,   "The Den Recorders",                                         "995 East Green St  Pasadena, CA 91106",                    "(626) 529-3066",       null, null,     6260021001, null) ;
INSERT INTO StoreTbl VALUES ( 6260021001125,   "Shant's Clock and Watch Repair",                            "8 E Holly St  Pasadena, CA 91103",                         "(626) 304-4874",       null, null,     6260021001, null) ;  -- repair
INSERT INTO StoreTbl VALUES ( 6260021001126,   "Bee Removal Specialist",                                    "556 S Fair Oaks Ave  Pasadena, CA 91105",                  "(626) 376-9249",       null, null,     6260021001, null) ;
INSERT INTO StoreTbl VALUES ( 6260021001127,   "Nature's Cleaners",                                         "1707 E Washington Blvd  Pasadena, CA 91104",               "(626) 797-9737",       null, null,     6260021001, null) ;  -- cleaners
INSERT INTO StoreTbl VALUES ( 6260021001128,   "Pasadena Vacuum & Sewing Center",                           "1244 E Colorado Blvd  Pasadena, CA 91106",                 "(626) 795-3231",       null, null,     6260021001, null) ;
INSERT INTO StoreTbl VALUES ( 6260021001129,   "Oak Knoll Cleaners",                                        "1162 E Colorado Blvd  Pasadena, CA 91106",                 "(626) 793-6704",       null, null,     6260021001, null) ;  -- cleaners
INSERT INTO StoreTbl VALUES ( 6260021001130,   "Magic Cleaners & Laundry",                                  "89 N Lake Ave  Pasadena, CA 91101",                        "(626) 796-1975",       null, null,     6260021001, null) ;  -- cleaners
INSERT INTO StoreTbl VALUES ( 6260021001131,   "Convalescent Aid Society",                                  "3255 E Foothill Blvd  Pasadena, CA 91107",                 "(626) 793-1696",       null, null,     6260021001, null) ;
INSERT INTO StoreTbl VALUES ( 6260021001132,   "Cabot & Sons",                                              "27 Chestnut St  Pasadena, CA 91103",                       "(626) 793-7159",       null, null,     6260021001, null) ;
INSERT INTO StoreTbl VALUES ( 6260021001133,   "Novis Orthopedic Shoes",                                    "1836 E Colorado Blvd  Pasadena, CA 91107",                 "(626) 796-4971",       null, null,     6260021001, null) ;
INSERT INTO StoreTbl VALUES ( 6260021001134,   "Allied Crane Service, Inc",                                 "3202 E Foothill Blvd  Pasadena, CA 91107",                 "(626) 792-6019",       null, null,     6260021001, null) ;
INSERT INTO StoreTbl VALUES ( 6260021001135,   "Pasadena Woodwind Repair",                                  "261 E Colorado Blvd  Pasadena, CA 91101",                  "(626) 376-3447",       null, null,     6260021001, null) ;  -- repair
INSERT INTO StoreTbl VALUES ( 6260021001136,   "Fibrenew - Pasadena",                                       "Pasadena, CA 91107",                                       "(626) 487-4003",       null, null,     6260021001, null) ;
INSERT INTO StoreTbl VALUES ( 6260021001137,   "Empire Bike Shop",                                          "546 N Fair Oaks Ave  Pasadena, CA 91103",                  "(626) 578-9350",       null, null,     6260021001, null) ;
INSERT INTO StoreTbl VALUES ( 6260021001138,   "Bertrands Old Town Music",                                  "145 Vista Avenue  Pasadena, CA 91107",                     "(626) 793-4730",       null, null,     6260021001, null) ;
INSERT INTO StoreTbl VALUES ( 6260021001139,   "South Lake Tailor",                                         "380 S Lake Ave  Pasadena, CA 91101",                       "(626) 792-1514",       null, null,     6260021001, null) ;
INSERT INTO StoreTbl VALUES ( 6260021001140,   "Arroyo Parkway Self Storage",                               "411 S Arroyo Pkwy  Pasadena, CA 91105",                    "(626) 539-9649",       null, null,     6260021001, null) ;  -- storage
INSERT INTO StoreTbl VALUES ( 6260021001141,   "Gold Knox Jewelry",                                         "3556 E Foothill Blvd  Pasadena, CA 91107",                 "(626) 396-1935",       null, null,     6260021001, null) ;  -- jewels
INSERT INTO StoreTbl VALUES ( 6260021001142,   "Professional Child Development Associates",                 "620 N Lake Ave  Pasadena, CA 91101",                       "(626) 793-7350",       null, null,     6260021001, null) ;
INSERT INTO StoreTbl VALUES ( 6260021001143,   "Pasadena Appliance Repair",                                 "Pasadena, CA 91107",                                       "(626) 376-4990",       null, null,     6260021001, null) ;  -- repair
INSERT INTO StoreTbl VALUES ( 6260021001144,   "Image Quest Plus, LLC",                                     "215 North Marengo Ave  Pasadena, CA 91101",                "(626) 744-1333",       null, null,     6260021001, null) ;
INSERT INTO StoreTbl VALUES ( 6260021001145,   "Centerpointe Branding",                                     "530 S Lake Ave  Pasadena, CA 91106",                       "(626) 310-4170",       null, null,     6260021001, null) ;
INSERT INTO StoreTbl VALUES ( 6260021001146,   "Time Essentials",                                           "2680 E Colorado Blvd  Pasadena, CA 91107",                 "(626) 844-7807",       null, null,     6260021001, null) ;
INSERT INTO StoreTbl VALUES ( 6260021001147,   "Post & Package Center Unlimited",                           "995 E Green St  Pasadena, CA 91106",                       "(626) 792-0191",       null, null,     6260021001, null) ;
INSERT INTO StoreTbl VALUES ( 6260021001148,   "Tournament of Roses",                                       "391 S Orange Blvd  Pasadena, CA 91184",                    "(626) 449-4100",       null, null,     6260021001, null) ;
INSERT INTO StoreTbl VALUES ( 6260021001149,   "LA Mobile Bicycle Services",                                "330 W California Blvd  Pasadena, CA 91105",                "(626) 344-6789",       null, null,     6260021001, null) ;
INSERT INTO StoreTbl VALUES ( 6260021001150,   "The Laundry Room",                                          "1828 E Colorado Blvd  Pasadena, CA 91107",                 "(626) 200-8078",       null, null,     6260021001, null) ;  -- cleaners
INSERT INTO StoreTbl VALUES ( 6260021001151,   "The Wine Grotto",                                           "2233 E Foothill Blvd  Pasadena, CA 91107",                 "(626) 817-6469",       null, null,     6260021001, null) ;
INSERT INTO StoreTbl VALUES ( 6260021001152,   "Box City",                                                  "1230 E Colorado Blvd  Pasadena, CA 91106",                 "(626) 432-1678",       null, null,     6260021001, null) ;
INSERT INTO StoreTbl VALUES ( 6260021001153,   "Arakelyan Family Child Care",                               "1245 N Sierra Bonita Ave  Pasadena, CA 91104",             "(626) 487-7226",       null, null,     6260021001, null) ;
INSERT INTO StoreTbl VALUES ( 6260021001154,   "Signarama",                                                 "1385 N Lake Ave  Pasadena, CA 91104",                      "(626) 794-1625",       null, null,     6260021001, null) ;
INSERT INTO StoreTbl VALUES ( 6260021001155,   "Union Station Homeless Services",                           "235 E Holly St  Pasadena, CA 91101",                       "(626) 240-4550",       null, null,     6260021001, null) ;
INSERT INTO StoreTbl VALUES ( 6260021001156,   "Hart 2 Hart Plumbing",                                      "Pasadena, CA 91101",                                       "(626) 437-8042",       null, null,     6260021001, null) ;
INSERT INTO StoreTbl VALUES ( 6260021001157,   "The UPS Store #6622",                                       "254 N Lake Ave  Pasadena, CA 91101",                       "(626) 229-9981",       null, null,     6260021001, null) ;
INSERT INTO StoreTbl VALUES ( 6260021001158,   "Maya & Company",                                            "1559 Forest Ave  Pasadena, CA 91103",                      "(626) 584-0500",       null, null,     6260021001, null) ;
INSERT INTO StoreTbl VALUES ( 6260021001159,   "Milano Shoe Service",                                       "728 E Green St  Pasadena, CA 91101",                       "(626) 449-9905",       null, null,     6260021001, null) ;
INSERT INTO StoreTbl VALUES ( 6260021001160,   "Public Storage",                                            "1240 N Lincoln Ave  Pasadena, CA 91103",                   "(866) 677-5147",       null, null,     6260021001, null) ;  -- storage
INSERT INTO StoreTbl VALUES ( 6260021001161,   "PC House",                                                  "1776 E Colorado Blvd  Pasadena, CA 91106",                 "(626) 568-8585",       null, null,     6260021001, null) ;
INSERT INTO StoreTbl VALUES ( 6260021001162,   "Girls on the Run of Los Angeles County",                    "556 S Fair Oaks Ave  Pasadena, CA 91105",                  "(626) 590-4770",       null, null,     6260021001, null) ;
INSERT INTO StoreTbl VALUES ( 6260021001163,   "Discovery Days Early Learning Center",                      "72 W Bellevue Dr  Pasadena, CA 91105",                     "(626) 510-6033",       null, null,     6260021001, null) ;
INSERT INTO StoreTbl VALUES ( 6260021001164,   "Wonderful Appliance Repair",                                "Pasadena, CA 91101",                                       "(626) 513-8245",       null, null,     6260021001, null) ;  -- repair
INSERT INTO StoreTbl VALUES ( 6260021001165,   "EZ Cleaners",                                               "2308 E Colorado Blvd  Pasadena, CA 91107",                 "(626) 449-7134",       null, null,     6260021001, null) ;  -- cleaners
INSERT INTO StoreTbl VALUES ( 6260021001166,   "Union Station Homeless Services",                           "825 E Orange Grove Blvd  Pasadena, CA 91104",              "(626) 240-4550",       null, null,     6260021001, null) ;
INSERT INTO StoreTbl VALUES ( 6260021001167,   "Arnold's Fine Jewelry",                                     "350 S Lake Ave  Pasadena, CA 91101",                       "(626) 795-8647",       null, null,     6260021001, null) ;  -- jewels
INSERT INTO StoreTbl VALUES ( 6260021001168,   "PMX Print & Copy Center",                                   "739 E Walnut St  Pasadena, CA 91101",                      "(626) 344-9973",       null, null,     6260021001, null) ;
INSERT INTO StoreTbl VALUES ( 6260021001169,   "Las Americas Iia",                                          "953 N Orange Grove Blvd  Pasadena, CA 91103",              "(626) 405-0644",       null, null,     6260021001, null) ;
INSERT INTO StoreTbl VALUES ( 6260021001170,   "Amirian Family Childcare",                                  "2681 E Orange Grove Blvd  Pasadena, CA 91107",             "(626) 844-4661",       null, null,     6260021001, null) ;
INSERT INTO StoreTbl VALUES ( 6260021001171,   "Penpoint Architectural Signs",                              "953 S Raymond Ave  Pasadena, CA 91105",                    "(626) 799-3122",       null, null,     6260021001, null) ;
INSERT INTO StoreTbl VALUES ( 6260021001172,   "Tip Top Cleaners Inc",                                      "565 S Lake Ave  Pasadena, CA 91101",                       "(626) 796-6777",       null, null,     6260021001, null) ;  -- cleaners
INSERT INTO StoreTbl VALUES ( 6260021001173,   "Tiny World Preschool",                                      "1977 E Villa St  Pasadena, CA 91107",                      "(626) 568-8469",       null, null,     6260021001, null) ;
INSERT INTO StoreTbl VALUES ( 6260021001174,   "Western Justice Center Foundation",                         "55 S Grand Ave  Pasadena, CA 91105",                       "(626) 584-7494",       null, null,     6260021001, null) ;
INSERT INTO StoreTbl VALUES ( 6260021001175,   "Arthurs Auto Upholstery",                                   "1487 E Washington Blvd  Pasadena, CA 91104",               "(626) 791-5882",       null, null,     6260021001, null) ;
INSERT INTO StoreTbl VALUES ( 6260021001176,   "Summit Rehearsal & Recording",                              "2016 Lincoln Ave  Pasadena, CA 91103",                     "(626) 486-2685",       null, null,     6260021001, null) ;
INSERT INTO StoreTbl VALUES ( 6260021001177,   "SoCal Self Storage",                                        "2581 E Colorado Blvd  Pasadena, CA 91107",                 "(626) 771-2517",       null, null,     6260021001, null) ;  -- storage
INSERT INTO StoreTbl VALUES ( 6260021001178,   "Typecraft, Wood, & Jones",                                  "2040 E Walnut St  Pasadena, CA 91107",                     "(626) 795-8093",       null, null,     6260021001, null) ;
INSERT INTO StoreTbl VALUES ( 6260021001179,   "Hilltop Cleaners",                                          "945 N Michillinda Ave  Pasadena, CA 91107",                "(626) 351-9886",       null, null,     6260021001, null) ;  -- cleaners
INSERT INTO StoreTbl VALUES ( 6260021001180,   "Huntington Rare Coins & Precious Metals",                   "31 W Del Mar Blvd  Pasadena, CA 91105",                    "(626) 793-8686",       null, null,     6260021001, null) ;
INSERT INTO StoreTbl VALUES ( 6260021001181,   "Oaks Cleaners",                                             "131 W California Blvd  Pasadena, CA 91105",                "(626) 577-2161",       null, null,     6260021001, null) ;  -- cleaners
INSERT INTO StoreTbl VALUES ( 6260021001182,   "California Linen Services",                                 "40 E California Blvd  Pasadena, CA 91105",                 "(626) 564-4576",       null, null,     6260021001, null) ;
INSERT INTO StoreTbl VALUES ( 6260021001183,   "Pasadena Embroidery and Silkscreening",                     "1625 E Walnut St  Pasadena, CA 91106",                     "(626) 564-2702",       null, null,     6260021001, null) ;
INSERT INTO StoreTbl VALUES ( 6260021001184,   "Pasadena Kid's Zone",                                       "430 Martelo Ave  Pasadena, CA 91107",                      "(626) 796-1386",       null, null,     6260021001, null) ;
INSERT INTO StoreTbl VALUES ( 6260021001185,   "Choice Pest Control",                                       "1731 Paloma St  Pasadena, CA 91104",                       "(626) 535-9053",       null, null,     6260021001, null) ;
INSERT INTO StoreTbl VALUES ( 6260021001186,   "Raymond Avenue Self Storage",                               "421 S Raymond Ave  Pasadena, CA 91105",                    "(626) 449-9215",       null, null,     6260021001, null) ;  -- storage
INSERT INTO StoreTbl VALUES ( 6260021001187,   "Eco-Clean Dry Cleaners",                                    "2708 Colorado Blvd  Pasadena, CA 91107",                   "(626) 844-9382",       null, null,     6260021001, null) ;  -- cleaners
INSERT INTO StoreTbl VALUES ( 6260021001188,   "Tailoring Plus",                                            "463 N Lake Ave  Pasadena, CA 91101",                       "(626) 577-4101",       null, null,     6260021001, null) ;
INSERT INTO StoreTbl VALUES ( 6260021001189,   "Norbert's Rug Gallery",                                     "43 W Del Mar Blvd  Pasadena, CA 91105",                    "(626) 795-7589",       null, null,     6260021001, null) ;
INSERT INTO StoreTbl VALUES ( 6260021001190,   "Pasadena Propane",                                          "250 N Altadena Dr  Pasadena, CA 91107",                    "(626) 793-7372",       null, null,     6260021001, null) ;
INSERT INTO StoreTbl VALUES ( 6260021001191,   "Lanzetti Custom Upholstery",                                "1039 N Allen Ave  Pasadena, CA 91104",                     "(626) 798-7472",       null, null,     6260021001, null) ;
INSERT INTO StoreTbl VALUES ( 6260021001192,   "Pasadena Jaycees",                                          "150 N Madison Ave  Pasadena, CA 91101",                    "(626) 792-5146",       null, null,     6260021001, null) ;
INSERT INTO StoreTbl VALUES ( 6260021001193,   "Side Street Projects",                                      "Casitas Ave & Canada Ave  Pasadena, CA 91103",             "(626) 798-7774",       null, null,     6260021001, null) ;
INSERT INTO StoreTbl VALUES ( 6260021001194,   "Mobile Cleaners",                                           "Pasadena, CA 91107",                                       "(626) 278-5155",       null, null,     6260021001, null) ;  -- cleaners
INSERT INTO StoreTbl VALUES ( 6260021001195,   "Color Dots",                                                "2307 E Colorado Blvd  Pasadena, CA 91107",                 "(626) 585-8575",       null, null,     6260021001, null) ;
INSERT INTO StoreTbl VALUES ( 6260021001196,   "Frank's Shoe Repair And Tailoring",                         "350 S Lake Ave  Pasadena, CA 91101",                       "(626) 796-6995",       null, null,     6260021001, null) ;  -- repair
INSERT INTO StoreTbl VALUES ( 6260021001197,   "Corner Cleaners",                                           "2498 E Colorado  Pasadena, CA 91107",                      "(626) 440-9003",       null, null,     6260021001, null) ;  -- cleaners
INSERT INTO StoreTbl VALUES ( 6260021001198,   "Montoya Noe Academy Tailor Shop",                           "23 N Catalina Ave  Pasadena, CA 91106",                    "(626) 578-1027",       null, null,     6260021001, null) ;
INSERT INTO StoreTbl VALUES ( 6260021001199,   "2GoNotary",                                                 "Pasadena, CA 91101",                                       "(626) 415-8246",       null, null,     6260021001, null) ;
INSERT INTO StoreTbl VALUES ( 6260021001200,   "French Hand Laundry & Dry Cleaning",                        "606 S Lake Ave  Pasadena, CA 91106",                       "(626) 792-3881",       null, null,     6260021001, null) ;  -- cleaners -- cleaning
INSERT INTO StoreTbl VALUES ( 6260021001201,   "HDT Computers",                                             "1030 E Green St  Pasadena, CA 91106",                      "(626) 568-3833",       null, null,     6260021001, null) ;
INSERT INTO StoreTbl VALUES ( 6260021001202,   "Computer Phone Superstore",                                 "2604 E Colorado Blvd  Pasadena, CA 91107",                 "(626) 304-4838",       null, null,     6260021001, null) ;
INSERT INTO StoreTbl VALUES ( 6260021001203,   "velofix",                                                   "Pasadena, CA 91105",                                       "(626) 482-0772",       null, null,     6260021001, null) ;
INSERT INTO StoreTbl VALUES ( 6260021001204,   "Super Dry Cleaners",                                        "1798 E Washington Blvd  Pasadena, CA 91104",               "(626) 797-5069",       null, null,     6260021001, null) ;  -- cleaners
INSERT INTO StoreTbl VALUES ( 6260021001205,   "Wheaton 7-Day Mobile Notary Service",                       "Pasadena, CA 91107",                                       "(626) 584-7004",       null, null,     6260021001, null) ;
INSERT INTO StoreTbl VALUES ( 6260021001206,   "Public Storage",                                            "150 N Halstead St  Pasadena, CA 91107",                    "(866) 677-5147",       null, null,     6260021001, null) ;  -- storage
INSERT INTO StoreTbl VALUES ( 6260021001207,   "Sam Hart",                                                  "1245 E Walnut  Pasadena, CA 91106",                        "(626) 840-5993",       null, null,     6260021001, null) ;
INSERT INTO StoreTbl VALUES ( 6260021001208,   "Jackie's Alterations and Cleaners",                         "1310 Dominion Ave  Pasadena, CA 91104",                    "(626) 345-9202",       null, null,     6260021001, null) ;  -- cleaners
INSERT INTO StoreTbl VALUES ( 6260021001209,   "Shoetorium Shoe Repair",                                    "1313 N Hill Ave  Pasadena, CA 91104",                      "(626) 791-1032",       null, null,     6260021001, null) ;  -- repair
INSERT INTO StoreTbl VALUES ( 6260021001210,   "Door Of Hope",                                              "669 N Los Robles Ave  Pasadena, CA 91101",                 "(626) 304-9130",       null, null,     6260021001, null) ;
INSERT INTO StoreTbl VALUES ( 6260021001211,   "Micro Trends",                                              "2122 E Walnut St  Pasadena, CA 91107",                     "(626) 432-5990",       null, null,     6260021001, null) ;
INSERT INTO StoreTbl VALUES ( 6260021001212,   "Legit Print",                                               "Pasadena, CA 91103",                                       "(805) 285-3448",       null, null,     6260021001, null) ;
INSERT INTO StoreTbl VALUES ( 6260021001213,   "Green St Cleaners",                                         "726 E Green St  Pasadena, CA 91101",                       "(626) 449-5057",       null, null,     6260021001, null) ;  -- cleaners
INSERT INTO StoreTbl VALUES ( 6260021001214,   "Jannette Sanchez Graphics Studio",                          "1146 N Mentor Ave  Pasadena, CA 91104",                    "(818) 915-5473",       null, null,     6260021001, null) ;
INSERT INTO StoreTbl VALUES ( 6260021001215,   "Pouch Self Storage - Pasadena",                             "1885 Locust St  Pasadena, CA 91107",                       "(626) 808-4322",       null, null,     6260021001, null) ;  -- storage
INSERT INTO StoreTbl VALUES ( 6260021001216,   "AMPM Appliance Services",                                   "319 S Arroyo Pkwy  Pasadena, CA 91105",                    "(626) 795-5758",       null, null,     6260021001, null) ;
INSERT INTO StoreTbl VALUES ( 6260021001217,   "Swan Cleaners",                                             "319 S Arroyo Pkwy  Pasadena, CA 91105",                    "(626) 405-0600",       null, null,     6260021001, null) ;  -- cleaners
INSERT INTO StoreTbl VALUES ( 6260021001218,   "ABS Computer Services",                                     "711 E Walnut St  Pasadena, CA 91101",                      "(626) 356-9833",       null, null,     6260021001, null) ;
INSERT INTO StoreTbl VALUES ( 6260021001219,   "Retrofit TV Mounting",                                      "Los Angeles, CA 90042",                                    "(323) 805-3323",       null, null,     6260021001, null) ;
INSERT INTO StoreTbl VALUES ( 6260021001220,   "Antiques by Val",                                           "1559 Forest Ave  Pasadena, CA 91103",                      "(818) 755-8887",       null, null,     6260021001, null) ;
INSERT INTO StoreTbl VALUES ( 6260021001221,   "Classic Furniture Refinishing",                             "1521 E Washington Blvd  Pasadena, CA 91104",               "(626) 791-5062",       null, null,     6260021001, null) ;
INSERT INTO StoreTbl VALUES ( 6260021001222,   "Computer Plus",                                             "2366 E Foothill Blvd  Pasadena, CA 91107",                 "(626) 577-7600",       null, null,     6260021001, null) ;
INSERT INTO StoreTbl VALUES ( 6260021001223,   "Ray's Electronics",                                         "1393 E Washington Blvd  Pasadena, CA 91104",               "(626) 798-4811",       null, null,     6260021001, null) ;
INSERT INTO StoreTbl VALUES ( 6260021001224,   "Box & Ship",                                                "319 S Arroyo Pkwy  Pasadena, CA 91105",                    "(626) 389-9793",       null, null,     6260021001, null) ;
INSERT INTO StoreTbl VALUES ( 6260021001225,   "Arroyo Cleaners",                                           "633 S Arroyo Pkwy  Pasadena, CA 91105",                    "(626) 304-1100",       null, null,     6260021001, null) ;  -- cleaners
INSERT INTO StoreTbl VALUES ( 6260021001226,   "The S & P Group",                                           "1000 E Walnut St  Pasadena, CA 91106",                     "(626) 304-1101",       null, null,     6260021001, null) ;
INSERT INTO StoreTbl VALUES ( 6260021001227,   "The House of Printing",                                     "3336 E Colorado Blvd  Pasadena, CA 91107",                 "(626) 793-7034",       null, null,     6260021001, null) ;
INSERT INTO StoreTbl VALUES ( 6260021001228,   "Good Bye Junk",                                             "Pasadena, CA 91109",                                       "(626) 676-9995",       null, null,     6260021001, null) ;
INSERT INTO StoreTbl VALUES ( 6260021001229,   "Fyt-Tailoring & Alterations",                               "139 W California Blvd  Pasadena, CA 91105",                "(626) 683-3249",       null, null,     6260021001, null) ;
INSERT INTO StoreTbl VALUES ( 6260021001230,   "Pasadena Jewelers",                                         "1864 E Washington Blvd  Pasadena, CA 91104",               "(626) 798-4403",       null, null,     6260021001, null) ;  -- jewels
INSERT INTO StoreTbl VALUES ( 6260021001231,   "Pasadena Laundry",                                          "2585 E Colorado Blvd  Pasadena, CA 91107",                 "(626) 744-2948",       null, null,     6260021001, null) ;  -- cleaners
INSERT INTO StoreTbl VALUES ( 6260021001232,   "AbilityFirst - Pasadena",                                   "2570 E Foothill Blvd  Pasadena, CA 91107",                 "(626) 449-5662",       null, null,     6260021001, null) ;
INSERT INTO StoreTbl VALUES ( 6260021001233,   "South Pasadena Computer repair",                            "1730 Grevelia St  South Pasadena, CA 91030",               "(626) 789-7789",       null, null,     6260021001, null) ;  -- repair
INSERT INTO StoreTbl VALUES ( 6260021001234,   "American Cancer Society",                                   "50 N Hill Ave  Pasadena, CA 91106",                        "(626) 795-7774",       null, null,     6260021001, null) ;
INSERT INTO StoreTbl VALUES ( 6260021001235,   "Inky Doodle Printing & Mailing",                            "980 S Arroyo Pkwy  Pasadena, CA 91105",                    "(877) 624-5237",       null, null,     6260021001, null) ;
INSERT INTO StoreTbl VALUES ( 6260021001236,   "Trainer Walter",                                            "100 West Villa St  Pasadena, CA 91103",                    "(805) 660-3392",       null, null,     6260021001, null) ;
INSERT INTO StoreTbl VALUES ( 6260021001237,   "Pasadena Roving Archers",                                   "415 S Arroyo Blvd  Pasadena, CA 91105",                    "(626) 460-0520",       null, null,     6260021001, null) ;
INSERT INTO StoreTbl VALUES ( 6260021001238,   "Pasadena Hiking Pacers",                                    "Pasadena, CA",                                             "(626) 792-1221",       null, null,     6260021001, null) ;
INSERT INTO StoreTbl VALUES ( 6260021001239,   "Arlington Garden",                                          "295 Arlington Dr  Pasadena, CA 91105",                     "(626) 441-4478",       null, null,     6260021001, null) ;
INSERT INTO StoreTbl VALUES ( 6260021001240,   "Reflex Performance",                                        "117 W Bellevue Dr  Pasadena, CA 91105",                    "(626) 765-9083",       null, null,     6260021001, null) ;
INSERT INTO StoreTbl VALUES ( 6260021001241,   "Teamxplosive Fitness Training",                             "2620 E Walnut St  Pasadena, CA 91107",                     "(323) 570-8879",       null, null,     6260021001, null) ;
INSERT INTO StoreTbl VALUES ( 6260021001242,   "Victory Cheer",                                             "325 N Altadena Dr  Pasadena, CA 91107",                    "(626) 793-5678",       null, null,     6260021001, null) ;
INSERT INTO StoreTbl VALUES ( 6260021001243,   "Bodyworks By Elony",                                        "259 N Holliston Ave  Pasadena, CA 91106",                  "(818) 287-1322",       null, null,     6260021001, null) ;
INSERT INTO StoreTbl VALUES ( 6260021001244,   "SoulCycle - Pasadena",                                      "140 S Lake Ave  Pasadena, CA 91101",                       "(626) 408-3000",       null, null,     6260021001, null) ;
INSERT INTO StoreTbl VALUES ( 6260021001245,   "Physique Factor",                                           "117 W Bellevue  Pasadena, CA 91105",                       "(626) 808-7270",       null, null,     6260021001, null) ;
INSERT INTO StoreTbl VALUES ( 6260021001246,   "ZR Team Pasadena",                                          "117 W Bellevue Dr  Pasadena, CA 91105",                    "(626) 716-5111",       null, null,     6260021001, null) ;
INSERT INTO StoreTbl VALUES ( 6260021001247,   "Lion Heart Jiu Jitsu Academy",                              "2176 E Colorado Blvd  Pasadena, CA 91107",                 "(626) 219-0341",       null, null,     6260021001, null) ;
INSERT INTO StoreTbl VALUES ( 6260021001248,   "Stretch Therapy Pasadena",                                  "117 W Bellevue Dr  Pasadena, CA 91105",                    "(626) 890-4062",       null, null,     6260021001, null) ;
INSERT INTO StoreTbl VALUES ( 6260021001249,   "Basecamp Fitness",                                          "38 S El Molino Ave  Pasadena, CA 91101",                   "(626) 714-7600",       null, null,     6260021001, null) ;
INSERT INTO StoreTbl VALUES ( 6260021001250,   "Robinson Park",                                             "1081 N Fair Oaks Blvd  Pasadena, CA 91103",                "(626) 744-7330",       null, null,     6260021001, null) ;
INSERT INTO StoreTbl VALUES ( 6260021001251,   "The WellBeings Company",                                    "960 E Green St  Pasadena, CA 91106",                       "(626) 373-8165",       null, null,     6260021001, null) ;
INSERT INTO StoreTbl VALUES ( 6260021001252,   "Meishan Universal Fitness",                                 "Pasadena, CA 91104",                                       "(626) 487-0188",       null, null,     6260021001, null) ;
INSERT INTO StoreTbl VALUES ( 6260021001253,   "La Casita Del Arroyo",                                      "177 S Arroyo Blvd  Pasadena, CA 91105",                    "(626) 744-7199",       null, null,     6260021001, null) ;
INSERT INTO StoreTbl VALUES ( 6260021001254,   "STRIDE",                                                    "906 Granite Dr  Pasadena, CA 91101",                       "(626) 737-8588",       null, null,     6260021001, null) ;
INSERT INTO StoreTbl VALUES ( 6260021001255,   "Primal Kinetix",                                            "Pasadena, CA 91101",                                       "(818) 524-9992",       null, null,     6260021001, null) ;
INSERT INTO StoreTbl VALUES ( 6260021001256,   "Trainer Walter",                                            "100 West Villa St  Pasadena, CA 91103",                    "(805) 660-3392",       null, null,     6260021001, null) ;
INSERT INTO StoreTbl VALUES ( 6260021001257,   "Pasadena Roving Archers",                                   "415 S Arroyo Blvd  Pasadena, CA 91105",                    "(626) 460-0520",       null, null,     6260021001, null) ;
INSERT INTO StoreTbl VALUES ( 6260021001258,   "Pasadena Hiking Pacers",                                    "Pasadena, CA",                                             "(626) 792-1221",       null, null,     6260021001, null) ;
INSERT INTO StoreTbl VALUES ( 6260021001259,   "Arlington Garden",                                          "295 Arlington Dr  Pasadena, CA 91105",                     "(626) 441-4478",       null, null,     6260021001, null) ;
INSERT INTO StoreTbl VALUES ( 6260021001260,   "Reflex Performance",                                        "117 W Bellevue Dr  Pasadena, CA 91105",                    "(626) 765-9083",       null, null,     6260021001, null) ;
INSERT INTO StoreTbl VALUES ( 6260021001261,   "Teamxplosive Fitness Training",                             "2620 E Walnut St  Pasadena, CA 91107",                     "(323) 570-8879",       null, null,     6260021001, null) ;
INSERT INTO StoreTbl VALUES ( 6260021001262,   "Victory Cheer",                                             "325 N Altadena Dr  Pasadena, CA 91107",                    "(626) 793-5678",       null, null,     6260021001, null) ;
INSERT INTO StoreTbl VALUES ( 6260021001263,   "Bodyworks By Elony",                                        "259 N Holliston Ave  Pasadena, CA 91106",                  "(818) 287-1322",       null, null,     6260021001, null) ;
INSERT INTO StoreTbl VALUES ( 6260021001264,   "SoulCycle - Pasadena",                                      "140 S Lake Ave  Pasadena, CA 91101",                       "(626) 408-3000",       null, null,     6260021001, null) ;
INSERT INTO StoreTbl VALUES ( 6260021001265,   "Physique Factor",                                           "117 W Bellevue  Pasadena, CA 91105",                       "(626) 808-7270",       null, null,     6260021001, null) ;
INSERT INTO StoreTbl VALUES ( 6260021001266,   "Vision for Enrichment",                                     "695 S. Raymond Ave  Pasadena, CA 91105",                   "(310) 200-4348",       null, null,     6260021001, null) ;
INSERT INTO StoreTbl VALUES ( 6260021001267,   "Rich Fitness Studio",                                       "174 E Bellevue Dr  Pasadena, CA 91105",                    "(626) 993-7042",       null, null,     6260021001, null) ;
INSERT INTO StoreTbl VALUES ( 6260021001268,   "Perennial Strength",                                        "Pasadena, CA 91114",                                       "(626) 241-6096",       null, null,     6260021001, null) ;
INSERT INTO StoreTbl VALUES ( 6260021001269,   "EVMFIT",                                                    "2620 E Walnut St  Pasadena, CA 91107",                     "(323) 327-5706",       null, null,     6260021001, null) ;
INSERT INTO StoreTbl VALUES ( 6260021001270,   "FS2 Training",                                              "2176 E Colorado Blvd  Pasadena, CA 91107",                 "(424) 276-0440",       null, null,     6260021001, null) ;
INSERT INTO StoreTbl VALUES ( 6260021001271,   "LoveBug & Me Music",                                        "1359 N Hill Ave  Pasadena, CA 91104",                      "(310) 356-8363",       null, null,     6260021001, null) ;
INSERT INTO StoreTbl VALUES ( 6260021001272,   "Essence of Motion - Pilates & Wellness Studio",             "1041 E Green St  Pasadena, CA 91106",                      "(626) 583-9089",       null, null,     6260021001, null) ;
INSERT INTO StoreTbl VALUES ( 6260021001273,   "YogaHop",                                                   "450 S Arroyo Pky  Pasadena, CA 91105",                     "(626) 844-7222",       null, null,     6260021001, null) ;
INSERT INTO StoreTbl VALUES ( 6260021001274,   "Villa Park",                                                "363 E Villa St  Pasadena, CA 91101",                       "(626) 744-6530",       null, null,     6260021001, null) ;
INSERT INTO StoreTbl VALUES ( 6260021001275,   "Lifelong Integrated Fitness Training",                      "117 W Bellevue Dr  Pasadena, CA 91105",                    "(818) 653-5620",       null, null,     6260021001, null) ;
INSERT INTO StoreTbl VALUES ( 6260021001276,   "Santos Integrated Fitness",                                 "2620 E Walnut St  Pasadena, CA 91107",                     "(626) 941-4905",       null, null,     6260021001, null) ;
INSERT INTO StoreTbl VALUES ( 6260021001277,   "Elevate Personal Training",                                 "2176 E Colorado Blvd  Pasadena, CA 91107",                 "(626) 232-3557",       null, null,     6260021001, null) ;
INSERT INTO StoreTbl VALUES ( 6260021001278,   "Ultimate Fitness Breakthrough",                             "1139 S Fair Oaks Ave  Pasadena, CA 91105",                 "(626) 390-2684",       null, null,     6260021001, null) ;
INSERT INTO StoreTbl VALUES ( 6260021001279,   "The Pasadena Atelier Art Studio",                           "440 Mercury Ln  Pasadena, CA 91107",                       "(626) 319-4863",       null, null,     6260021001, null) ;  -- art
INSERT INTO StoreTbl VALUES ( 6260021001280,   "Candie Sripipatana - Fitness Professional",                 "Pasadena, CA",                                             "(626) 625-3112",       null, null,     6260021001, null) ;
INSERT INTO StoreTbl VALUES ( 6260021001281,   "Archery Division",                                          "Pasadena, CA 91106",                                       "(626) 808-4912",       null, null,     6260021001, null) ;
INSERT INTO StoreTbl VALUES ( 6260021001282,   "Evelyn Meinz Ballroom Dance",                               "169 N Halstead St  Pasadena, CA 91107",                    "(626) 817-6255",       null, null,     6260021001, null) ;
INSERT INTO StoreTbl VALUES ( 6260021001283,   "Justin Hunter elite personal training",                     "542 North Fair Oaks Ave  Pasadena, CA 91103",              "(323) 767-4058",       null, null,     6260021001, null) ;
INSERT INTO StoreTbl VALUES ( 6260021001284,   "CrossFit Born With It",                                     "250 N Lake Ave  Pasadena, CA 91101",                       "(626) 683-1242",       null, null,     6260021001, null) ;
INSERT INTO StoreTbl VALUES ( 6260021001285,   "Hot 8 Yoga",                                                "177 E Colorado Blvd  Pasadena, CA 91101",                  "(626) 463-0200",       null, null,     6260021001, null) ;
INSERT INTO StoreTbl VALUES ( 6260021001286,   "Get Fit By MJ",                                             "171 S Los Robles Ave  Pasadena, CA 91101",                 "(626) 304-9900",       null, null,     6260021001, null) ;
INSERT INTO StoreTbl VALUES ( 6260021001287,   "1UP Personal Training",                                     "2620 E Walnut St  Pasadena, CA 91107",                     "(626) 219-0214",       null, null,     6260021001, null) ;
INSERT INTO StoreTbl VALUES ( 6260021001288,   "The Bunker Experience",                                     "20 North Raymond Ave  Pasadena, CA 91103",                 "(714) 423-0932",       null, null,     6260021001, null) ;
INSERT INTO StoreTbl VALUES ( 6260021001289,   "Finchfit",                                                  "1010 Armada Dr  Pasadena, CA 91103",                       "(626) 524-6690",       null, null,     6260021001, null) ;
INSERT INTO StoreTbl VALUES ( 6260021001290,   "Craig Mills Fitness",                                       "2176 E Colorado Blvd  Pasadena, CA 91107",                 "(818) 274-6686",       null, null,     6260021001, null) ;
INSERT INTO StoreTbl VALUES ( 6260021001291,   "Washington Park",                                           "700 Washington Blvd  Pasadena, CA 91104",                  "(626) 744-4724",       null, null,     6260021001, null) ;
INSERT INTO StoreTbl VALUES ( 6260021001292,   "Hybrid Fitness",                                            "542 N Fair Oaks Ave  Pasadena, CA 91103",                  "(301) 916-8961",       null, null,     6260021001, null) ;
INSERT INTO StoreTbl VALUES ( 6260021001293,   "Braun Fitness",                                             "100 W Villa St  Pasadena, CA 91103",                       "(626) 486-2563",       null, null,     6260021001, null) ;
INSERT INTO StoreTbl VALUES ( 6260021001294,   "BabyRoo Fitness",                                           "57 Palmetto Dr  Pasadena, CA 91105",                       "(626) 200-0412",       null, null,     6260021001, null) ;
INSERT INTO StoreTbl VALUES ( 6260021001295,   "Next Level Fitness",                                        "900 S Arroyo Pkwy  Pasadena, CA 91202",                    "(626) 461-8985",       null, null,     6260021001, null) ;
INSERT INTO StoreTbl VALUES ( 6260021001296,   "Tutu School Pasadena",                                      "696 E Colorado Blvd  Pasadena, CA 91105",                  "(626) 657-8889",       null, null,     6260021001, null) ;
INSERT INTO StoreTbl VALUES ( 6260021001297,   "Living Pilates",                                            "2061 N Los Robles Ave  Pasadena, CA 91104",                "(626) 833-4168",       null, null,     6260021001, null) ;
INSERT INTO StoreTbl VALUES ( 6260021001298,   "Victory Park Recreation Center",                            "2575 Paloma St  Pasadena, CA 91107",                       "(626) 744-7500",       null, null,     6260021001, null) ;
INSERT INTO StoreTbl VALUES ( 6260021001299,   "Vina Vieja Park",                                           "3026 E Orange Grove Blvd  Pasadena, CA 91102",             "(626) 744-4321",       null, null,     6260021001, null) ;
INSERT INTO StoreTbl VALUES ( 6260021001300,   "Fitness by Tiger",                                          "Pasadena, CA 91103",                                       "(626) 676-4663",       null, null,     6260021001, null) ;
INSERT INTO StoreTbl VALUES ( 6260021001301,   "Poise Bodyworks",                                           "Pasadena, CA 91107",                                       "(626) 788-3444",       null, null,     6260021001, null) ;
INSERT INTO StoreTbl VALUES ( 6260021001302,   "MC2 Fit",                                                   "460 S Arroyo Pkwy  Pasadena, CA 91105",                    "(626) 838-1403",       null, null,     6260021001, null) ;
INSERT INTO StoreTbl VALUES ( 6260021001303,   "Classic Kickboxing",                                        "91 E Union St  Pasadena, CA 91103",                        "(626) 796-6387",       null, null,     6260021001, null) ;
INSERT INTO StoreTbl VALUES ( 6260021001304,   "Rachel Godwin - Personal Trainer",                          "345 S Lake Ave  Pasadena, CA 91101",                       "(860) 209-1694",       null, null,     6260021001, null) ;
INSERT INTO StoreTbl VALUES ( 6260021001305,   "The Strength Shoppe",                                       "350 S Lake Ave  Pasadena, CA 91101",                       "(626) 999-4850",       null, null,     6260021001, null) ;
INSERT INTO StoreTbl VALUES ( 6260021001306,   "Le Studio Fitness",                                         "236 W Mountain St  Pasadena, CA 91103",                    "(626) 792-9866",       null, null,     6260021001, null) ;
INSERT INTO StoreTbl VALUES ( 6260021001307,   "Wolfe Fitness",                                             "2620 E Walnut St  Pasadena, CA 91107",                     "(310) 350-8054",       null, null,     6260021001, null) ;
INSERT INTO StoreTbl VALUES ( 6260021001308,   "From Obese To Beast",                                       "2176 E Colorado Blvd  Pasadena, CA 91107",                 "(310) 424-8341",       null, null,     6260021001, null) ;
INSERT INTO StoreTbl VALUES ( 6260021001309,   "Yoga House",                                                "11 W State St  Pasadena, CA 91105",                        "(626) 403-3961",       null, null,     6260021001, null) ;
INSERT INTO StoreTbl VALUES ( 6260021001310,   "Khalsa Chiropractic Center",                                "2801 E Foothill Blvd  Pasadena, CA 91107",                 "(626) 345-9750",       null, null,     6260021001, null) ;
INSERT INTO StoreTbl VALUES ( 6260021001311,   "KERR MMA",                                                  "3202 E Foothill Blvd  Pasadena, CA 91107",                 "(626) 319-8151",       null, null,     6260021001, null) ;
INSERT INTO StoreTbl VALUES ( 6260021001312,   "MJ Athletics",                                              "2620 E Walnut St  Pasadena, CA 91107",                     "(951) 867-8330",       null, null,     6260021001, null) ;
INSERT INTO StoreTbl VALUES ( 6260021001313,   "LASN: Pasadena Kickball League",                            "2575 Paloma St  Pasadena, CA 91107",                       "(310) 699-7021",       null, null,     6260021001, null) ;
INSERT INTO StoreTbl VALUES ( 6260021001314,   "Gaucho's Boxing Club",                                      "633 S Arroyo Pkwy  Pasadena, CA 91105",                    "(626) 795-1790",       null, null,     6260021001, null) ;
INSERT INTO StoreTbl VALUES ( 6260021001315,   "ifitnessjunkie - Delivering in-home fitness training",      "Pasadena, CA 91105",                                       "(626) 437-2453",       null, null,     6260021001, null) ;
INSERT INTO StoreTbl VALUES ( 6260021001316,   "Shan Tung Kung Fu",                                         "1192 E Colorado Blvd  Pasadena, CA 91106",                 "(626) 577-0525",       null, null,     6260021001, null) ;
INSERT INTO StoreTbl VALUES ( 6260021001317,   "Peaceful Medusa Yoga",                                      "Pasadena, CA 91107",                                       "(323) 203-9212",       null, null,     6260021001, null) ;
INSERT INTO StoreTbl VALUES ( 6260021001318,   "Rose Bowl Hockey",                                          "1001 Rose Bowl Dr  Pasadena, CA 91103",                    "(626) 744-4000",       null, null,     6260021001, null) ;
INSERT INTO StoreTbl VALUES ( 6260021001319,   "Sharon Yegiaian, MD",                                       "139 S Los Robles Ave B20  Pasadena, CA 91101",             "(626) 626-7670",       null, null,     6260021001, null) ;
INSERT INTO StoreTbl VALUES ( 6260021001320,   "FormuL.A. Fit",                                             "2176 E Colorado Blvd  Pasadena, CA 91107",                 "(818) 426-4660",       null, null,     6260021001, null) ;
INSERT INTO StoreTbl VALUES ( 6260021001321,   "CrossFit 626",                                              "1167 S Fair Oaks Ave  Pasadena, CA 91105",                 "(626) 765-1348",       null, null,     6260021001, null) ;
INSERT INTO StoreTbl VALUES ( 6260021001322,   "B Fit Lab",                                                 "2176 E Colorado Blvd  Pasadena, CA 91107",                 "(626) 622-4125",       null, null,     6260021001, null) ;
INSERT INTO StoreTbl VALUES ( 6260021001323,   "Kids Klub Pasadena",                                        "380 S Raymond Ave  Pasadena, CA 91105",                    "(626) 795-2501",       null, null,     6260021001, null) ;
INSERT INTO StoreTbl VALUES ( 6260021001324,   "Chris Fabian Fitness",                                      "2620 E Walnut St  Pasadena, CA 91107",                     "(323) 855-8154",       null, null,     6260021001, null) ;
INSERT INTO StoreTbl VALUES ( 6260021001325,   "Rose Bowl Aquatics Crossfit",                               "360 N Arroyo Blvd  Pasadena, CA 91103",                    "(626) 564-0330",       null, null,     6260021001, null) ;
INSERT INTO StoreTbl VALUES ( 6260021001326,   "The Vault Dance Studio",                                    "57 Palmetto Drive  Pasadena, CA 91105",                    "(818) 472-6477",       null, null,     6260021001, null) ;
INSERT INTO StoreTbl VALUES ( 6260021001327,   "Heather Christine Fitness",                                 "2176 E Colorado Blvd  Pasadena, CA 91107",                 "(323) 553-1810",       null, null,     6260021001, null) ;
INSERT INTO StoreTbl VALUES ( 6260021001328,   "Morning Crunch - Pasadena Boot Camp",                       "366 N Arroyo Blvd  Pasadena, CA 91103",                    "(310) 408-0949",       null, null,     6260021001, null) ;
INSERT INTO StoreTbl VALUES ( 6260021001329,   "Camp Kids Klub",                                            "380 S Raymond Ave  Pasadena, CA 91105",                    "(626) 941-5583",       null, null,     6260021001, null) ;
INSERT INTO StoreTbl VALUES ( 6260021001330,   "Race for the Rescues 5K/10K",                               "1001 Rose Bowl Dr  Pasadena, CA 91103",                    "(323) 899-5640",       null, null,     6260021001, null) ;
INSERT INTO StoreTbl VALUES ( 6260021001331,   "Salsa Feroz",                                               "1052 N Allen Ave  Pasadena, CA 91101",                     "(310) 980-5734",       null, null,     6260021001, null) ;
INSERT INTO StoreTbl VALUES ( 6260021001332,   "Lacy Park",                                                 "1485 Virginia Rd  San Marino, CA 91108",                   "(626) 304-9648",       null, null,     6260021001, null) ;
INSERT INTO StoreTbl VALUES ( 6260021001333,   "Kathy Cho Golf",                                            "1133 Rosemont Ave  Pasadena, CA 91103",                    "(818) 636-6477",       null, null,     6260021001, null) ;
INSERT INTO StoreTbl VALUES ( 6260021001334,   "The Process",                                               "2620 E Walnut St  Pasadena, CA 91107",                     "(909) 272-7452",       null, null,     6260021001, null) ;
INSERT INTO StoreTbl VALUES ( 6260021001335,   "Train 2 Maintain",                                          "2620 E Walnut St  Pasadena, CA 91107",                     "(818) 261-8928",       null, null,     6260021001, null) ;
INSERT INTO StoreTbl VALUES ( 6260021001336,   "Smarter Fat Loss",                                          "2176 E Colorado Blvd  Pasadena, CA 91107",                 "(626) 757-0486",       null, null,     6260021001, null) ;
INSERT INTO StoreTbl VALUES ( 6260021001337,   "Tennis Lessons LA",                                         "150 S Hill Ave  Pasadena, CA 90037",                       "(626) 429-4334",       null, null,     6260021001, null) ;
INSERT INTO StoreTbl VALUES ( 6260021001338,   "Ocean Safari Scuba",                                        "125 E Las Tunas Dr  San Gabriel, CA 91776",                "(626) 287-6283",       null, null,     6260021001, null) ;
INSERT INTO StoreTbl VALUES ( 6260021001339,   "Eaton Canyon Natural Area",                                 "1750 N Altadena Dr  Pasadena, CA 91107",                   "(626) 398-5420",       null, null,     6260021001, null) ;
INSERT INTO StoreTbl VALUES ( 6260021001340,   "RCJ Machado Jiu Jitsu Pasadena",                            "977 E Colorado Blvd  Pasadena, CA 91106",                  "(626) 792-5050",       null, null,     6260021001, null) ;
INSERT INTO StoreTbl VALUES ( 6260021001341,   "Seetal Cheema wellness",                                    "65 N Madison Ave  Pasadena, CA 91101",                     "(855) 713-0334",       null, null,     6260021001, null) ;
INSERT INTO StoreTbl VALUES ( 6260021001342,   "Mommy & Moi",                                               "30 N Marion Ave  Pasadena, CA 91106",                      "(310) 922-0873",       null, null,     6260021001, null) ;
INSERT INTO StoreTbl VALUES ( 6260021001343,   "Bodyscape Integrative Physical Therapy",                    "3018 E Colorado Blvd  Pasadena, CA 91107",                 "(626) 449-3900",       null, null,     6260021001, null) ;
INSERT INTO StoreTbl VALUES ( 6260021001344,   "Power Dance",                                               "121 Waverly Dr  Pasadena, CA 91105",                       "(626) 644-4845",       null, null,     6260021001, null) ;
INSERT INTO StoreTbl VALUES ( 6260021001345,   "Parisi Speed School - Pasadena",                            "345 S Lake Ave  Pasadena, CA 91101",                       "(626) 396-1708",       null, null,     6260021001, null) ;
INSERT INTO StoreTbl VALUES ( 6260021001346,   "Z Fencing Los Angeles",                                     "3740 E Foothill Blvd  Pasadena, CA 91107",                 "(213) 321-0683",       null, null,     6260021001, null) ;
INSERT INTO StoreTbl VALUES ( 6260021001347,   "PlanetBravo Techno-tainment Camp - Pasadena",               "240 Allendale Rd  Pasadena, CA 91106",                     "(310) 443-7607",       null, null,     6260021001, null) ;
INSERT INTO StoreTbl VALUES ( 6260021001348,   "Studio K Pilates",                                          "55 Waverly Dr  Pasadena, CA 91105",                        "(626) 664-8964",       null, null,     6260021001, null) ;
INSERT INTO StoreTbl VALUES ( 6260021001349,   "Yoga Paz",                                                  "1365 N Hill Ave  Pasadena, CA 91104",                      "(626) 817-9703",       null, null,     6260021001, null) ;
INSERT INTO StoreTbl VALUES ( 6260021001350,   "Annandale Golf Club",                                       "1 N San Rafael Ave  Pasadena, CA 91105",                   "(626) 796-6125",       null, null,     6260021001, null) ;
INSERT INTO StoreTbl VALUES ( 6260021001351,   "Tournament Park",                                           "1200 E California Blvd  Pasadena, CA 91125",               "(626) 395-4481",       null, null,     6260021001, null) ;
INSERT INTO StoreTbl VALUES ( 6260021001352,   "Zoe: A Pilates Studio",                                     "22 S Oakland Ave  Pasadena, CA 91101",                     "(626) 585-8853",       null, null,     6260021001, null) ;
INSERT INTO StoreTbl VALUES ( 6260021001353,   "SMac Fitness",                                              "Pasadena, CA 91107",                                       "(323) 896-8433",       null, null,     6260021001, null) ;
INSERT INTO StoreTbl VALUES ( 6260021001354,   "Liz McQuitty Fitness",                                      "2620 E Walnut St  Pasadena, CA 91107",                     "(214) 725-0504",       null, null,     6260021001, null) ;
INSERT INTO StoreTbl VALUES ( 6260021001355,   "Pride Fitness LA",                                          "2620 E Walnut St.  Pasadena, CA 91107",                    "(626) 274-6795",       null, null,     6260021001, null) ;
INSERT INTO StoreTbl VALUES ( 6260021001356,   "LoveBug & Me Music",                                        "459 E Colorado Blvd  Pasadena, CA 91101",                  "(310) 356-8363",       null, null,     6260021001, null) ;
INSERT INTO StoreTbl VALUES ( 6260021001357,   "BranmanFitness",                                            "2176 E Colorado  Pasadena, CA 91107",                      "(626) 221-5644",       null, null,     6260021001, null) ;
INSERT INTO StoreTbl VALUES ( 6260021001358,   "Stability Before Strength",                                 "Pasadena, CA 91103",                                       "(760) 809-3793",       null, null,     6260021001, null) ;
INSERT INTO StoreTbl VALUES ( 6260021001359,   "Red Blossom Fitness",                                       "87 Fraser Alley  Pasadena, CA 91105",                      "(323) 572-4244",       null, null,     6260021001, null) ;
INSERT INTO StoreTbl VALUES ( 6260021001360,   "American Kenpo Karate",                                     "36 S Los Robles Ave  Pasadena, CA 91101",                  "(626) 793-8575",       null, null,     6260021001, null) ;
INSERT INTO StoreTbl VALUES ( 6260021001361,   "Pasadena Classic Kids",                                     "1864 E Washington Blvd  Pasadena, CA 91104",               "(626) 798-8430",       null, null,     6260021001, null) ;
INSERT INTO StoreTbl VALUES ( 6260021001362,   "Tatum Larry Kenpo Karate",                                  "111 W Green St  Pasadena, CA 91105",                       "(626) 796-4029",       null, null,     6260021001, null) ;
INSERT INTO StoreTbl VALUES ( 6260021001363,   "Mike and Raven's Personal Training",                        "2176 E Colorado Blvd  Pasadena, CA 91107",                 "(805) 279-9431",       null, null,     6260021001, null) ;
INSERT INTO StoreTbl VALUES ( 6260021001364,   "Rose Bowl Loop Track",                                      "500 Seco  Pasadena, CA 91103",                             "(626) 744-4000",       null, null,     6260021001, null) ;
INSERT INTO StoreTbl VALUES ( 6260021001365,   "FitwithSebastian.com",                                      "271 Bellevue Dr  Pasadena, CA 91101",                      "(626) 375-6744",       null, null,     6260021001, null) ;
INSERT INTO StoreTbl VALUES ( 6260021001366,   "Gomotionfitness",                                           "Pasadena, CA 91107",                                       "(626) 759-0171",       null, null,     6260021001, null) ;
INSERT INTO StoreTbl VALUES ( 6260021001367,   "Operation 300 By Eric Gonzalez",                            "2620 E Walnut St  Pasadena, CA 91107",                     "(626) 318-6622",       null, null,     6260021001, null) ;
INSERT INTO StoreTbl VALUES ( 6260021001368,   "Bollywood Fitness with Richa",                              "676 S Rosemead Blvd  Pasadena, CA 91107",                  "(661) 670-7254",       null, null,     6260021001, null) ;
INSERT INTO StoreTbl VALUES ( 6260021001369,   "Curves",                                                    "1633 E Washington Blvd  Pasadena, CA 91104",               "(626) 794-5294",       null, null,     6260021001, null) ;
INSERT INTO StoreTbl VALUES ( 6260021001370,   "Gold Line Pilates",                                         "501 S Arroyo Pkwy  Pasadena, CA 91105",                    "(626) 360-5999",       null, null,     6260021001, null) ;
INSERT INTO StoreTbl VALUES ( 6260021001371,   "Xtend Barre Pasadena",                                      "2535 E Washington Blvd  Pasadena, CA 91105",               "(626) 460-8750",       null, null,     6260021001, null) ;
INSERT INTO StoreTbl VALUES ( 6260021001372,   "Pilates with Paige",                                        "Pasadena, CA 91104",                                       "(818) 482-6376",       null, null,     6260021001, null) ;
INSERT INTO StoreTbl VALUES ( 6260021001373,   "In Home Personal Fitness Training By Ulli",                 "Pasadena, CA 91105",                                       "(213) 925-8554",       null, null,     6260021001, null) ;
INSERT INTO StoreTbl VALUES ( 6260021001374,   "U2Fitness",                                                 "183 E Glenarm St  Pasadena, CA 91105",                     "(323) 867-5579",       null, null,     6260021001, null) ;
INSERT INTO StoreTbl VALUES ( 6260021001375,   "Functional Fitness",                                        "2245 E Colorado Blvd  Pasadena, CA 91107",                 "(626) 449-9181",       null, null,     6260021001, null) ;
INSERT INTO StoreTbl VALUES ( 6260021001376,   "Pasadena Health & Fitness Expo",                            "1133 Rosemont Ave  Pasadena, CA 91103",                    "(818) 512-5374",       null, null,     6260021001, null) ;
INSERT INTO StoreTbl VALUES ( 6260021001377,   "Michillinda Park",                                          "3800 Michillinda Dr  Pasadena, CA 91107",                  "(626) 961-6393",       null, null,     6260021001, null) ;
INSERT INTO StoreTbl VALUES ( 6260021001378,   "AMNA Dance",                                                "676 S Rosemead Blvd  Pasadena, CA 91107",                  "(855) 678-2662",       null, null,     6260021001, null) ;
INSERT INTO StoreTbl VALUES ( 6260021001379,   "Play Hard Baseball Club",                                   "2812 E Walnut St  Pasadena, CA 91107",                     "(626) 399-7532",       null, null,     6260021001, null) ;
INSERT INTO StoreTbl VALUES ( 6260021001380,   "ZR Team Pasadena",                                          "117 W Bellevue Dr  Pasadena, CA 91105",                    "(626) 716-5111",       null, null,     6260021001, null) ;
INSERT INTO StoreTbl VALUES ( 6260021001381,   "Marnella Stout Personal Fitness Trainer",                   "2620 E Walnut St  Pasadena, CA 91107",                     "(310) 384-2123",       null, null,     6260021001, null) ;
INSERT INTO StoreTbl VALUES ( 6260021001382,   "Boot Camp Pasadena",                                        "1840 N Lake Ave  Altadena, CA 91001",                      "(626) 609-7399",       null, null,     6260021001, null) ;
INSERT INTO StoreTbl VALUES ( 6260021001383,   "Caltech Braun Athletic Center",                             "1200 E California Blvd  Pasadena, CA 91106",               "(626) 395-6146",       null, null,     6260021001, null) ;
INSERT INTO StoreTbl VALUES ( 6260021001384,   "Caltech Ballet",                                            "1200 E California Blvd  Pasadena, CA 91125",               "(213) 446-0580",       null, null,     6260021001, null) ;
INSERT INTO StoreTbl VALUES ( 6260021001385,   "Fit2fly Fitness",                                           "2620 E Walnut St  Pasadena, CA 91107",                     "(323) 250-0088",       null, null,     6260021001, null) ;
INSERT INTO StoreTbl VALUES ( 6260021001386,   "New Concepts - Personal Training",                          "2620 E Walnut  Pasadena, CA 91107",                        "(626) 376-2716",       null, null,     6260021001, null) ;
INSERT INTO StoreTbl VALUES ( 6260021001387,   "Performing Arts Workshops",                                 "301 N Orange Grove Blvd  Pasadena, CA 91103",              "(310) 827-8827",       null, null,     6260021001, null) ;
INSERT INTO StoreTbl VALUES ( 6260021001388,   "Rose Bowl Tennis Center",                                   "360 N Arroyo Blvd  Pasadena, CA 91103",                    "(626) 325-8366",       null, null,     6260021001, null) ;
INSERT INTO StoreTbl VALUES ( 6260021001389,   "Margie Trains",                                             "235 Bellefontaine St  Pasadena, CA 91105",                 "(626) 319-1083",       null, null,     6260021001, null) ;
INSERT INTO StoreTbl VALUES ( 6260021001390,   "Pilates of Pasadena",                                       "990 S Arroyo Pkwy  Pasadena, CA 91105",                    "(626) 765-6500",       null, null,     6260021001, null) ;
INSERT INTO StoreTbl VALUES ( 6260021001391,   "Rose Bowl Half Marathon",                                   "839-849 N Arroyo Blvd  Pasadena, CA 91103",                "(626) 577-3100",       null, null,     6260021001, null) ;
INSERT INTO StoreTbl VALUES ( 6260021001392,   "The Pasadena Japanese Cultural Institute",                  "595 Lincoln Ave  Pasadena, CA 91103",                      "(626) 449-5487",       null, null,     6260021001, null) ;
INSERT INTO StoreTbl VALUES ( 6260021001393,   "Pasadena Adult Soccer League",                              "Pasadena, CA 91116",                                       "(234) 752-9762",       null, null,     6260021001, null) ;
INSERT INTO StoreTbl VALUES ( 6260021001394,   "Lumina Academy",                                            "1052 N Allen Ave  Pasadena, CA 91104",                     "(626) 296-2812",       null, null,     6260021001, null) ;
INSERT INTO StoreTbl VALUES ( 6260021001395,   "Creek Yoga",                                                "Pasadena, CA",                                             "(626) 502-6266",       null, null,     6260021001, null) ;
INSERT INTO StoreTbl VALUES ( 6260021001396,   "Body Exchange Fitness",                                     "2620 E Walnut Blvd  Pasadena, CA 91107",                   "(806) 584-1384",       null, null,     6260021001, null) ;
INSERT INTO StoreTbl VALUES ( 6260021001397,   "Meditation & Modern Buddhism",                              "301 N Orange Grove Blvd  Pasadena, CA 91103",              "(310) 740-0204",       null, null,     6260021001, null) ;
INSERT INTO StoreTbl VALUES ( 6260021001398,   "Maze Rooms",                                                "132 S Vermont Ave  Los Angeles, CA 90004",                 "(323) 497-9776",       null, null,     6260021001, null) ;
INSERT INTO StoreTbl VALUES ( 6260021001399,   "WaterWaves",                                                "Pasadena, CA 91109",                                       "(626) 294-9084",       null, null,     6260021001, null) ;
INSERT INTO StoreTbl VALUES ( 6260021001400,   "Pilates Pasadena",                                          "1384 E Walnut St  Pasadena, CA 91106",                     "(626) 463-8477",       null, null,     6260021001, null) ;
INSERT INTO StoreTbl VALUES ( 6260021001401,   "Kim's Hapkido Jang Mu Won",                                 "3324 E Colorado Blvd  Pasadena, CA 91107",                 "(626) 578-9779",       null, null,     6260021001, null) ;
INSERT INTO StoreTbl VALUES ( 6260021001402,   "Body & Brain Yoga  Tai Chi - Pasadena",                   "250 N Lake Ave  Pasadena, CA 91101",                       "(626) 844-0433",       null, null,     6260021001, null) ;
INSERT INTO StoreTbl VALUES ( 6260021001403,   "CrossFit Resistance",                                       "695 S Raymond Ave  Pasadena, CA 91105",                    "(626) 800-3872",       null, null,     6260021001, null) ;
INSERT INTO StoreTbl VALUES ( 6260021001404,   "PPC Fitness",                                               "1304 E Colorado Blvd  Pasadena, CA 91106",                 "(626) 765-1772",       null, null,     6260021001, null) ;
INSERT INTO StoreTbl VALUES ( 6260021001405,   "RBAC Yoga",                                                 "360 N Arroyo Blvd  Pasadena, CA 91103",                    "(626) 564-0330",       null, null,     6260021001, null) ;
INSERT INTO StoreTbl VALUES ( 6260021001406,   "Pasadena Shotokan Karate",                                  "595 Lincoln Ave  Pasadena, CA 91103",                      "(508) 951-0790",       null, null,     6260021001, null) ;
INSERT INTO StoreTbl VALUES ( 6260021001407,   "JLX Fitness",                                               "900 S Arroyo Pkwy  Pasadena, CA 91105",                    "(626) 283-7253",       null, null,     6260021001, null) ;
INSERT INTO StoreTbl VALUES ( 6260021001408,   "Legacy Kenpo Academy",                                      "2062 Lincoln Ave  Pasadena, CA 91103",                     "(626) 460-8099",       null, null,     6260021001, null) ;
INSERT INTO StoreTbl VALUES ( 6260021001409,   "Elevate",                                                   "2176 E Colorado Blvd  Pasadena, CA 91107",                 "(626) 628-5192",       null, null,     6260021001, null) ;
INSERT INTO StoreTbl VALUES ( 6260021001410,   "TITLE Boxing Club Old Pasadena",                            "87 Fraser Alley  Pasadena, CA 91105",                      "(626) 340-2500",       null, null,     6260021001, null) ;
INSERT INTO StoreTbl VALUES ( 6260021001411,   "Dance Conservatory of Pasadena",                            "66 Waverly Dr  Pasadena, CA 91105",                        "(626) 396-1744",       null, null,     6260021001, null) ;
INSERT INTO StoreTbl VALUES ( 6260021001412,   "Stronger Training",                                         "2176 E Colorado Blvd  Pasadena, CA 91107",                 "(626) 524-0540",       null, null,     6260021001, null) ;
INSERT INTO StoreTbl VALUES ( 6260021001413,   "Summer Of Surf",                                            "2351 Braeburn Rd  Altadena, CA 91001",                     "(818) 433-2694",       null, null,     6260021001, null) ;
INSERT INTO StoreTbl VALUES ( 6260021001414,   "Fore Kids Golf Academy",                                    "1150 Sierra Madre Villa Ave  Pasadena, CA 91107",          "(323) 947-9164",       null, null,     6260021001, null) ;
INSERT INTO StoreTbl VALUES ( 6260021001415,   "Girls on the Run of Los Angeles County",                    "556 S Fair Oaks Ave  Pasadena, CA 91105",                  "(626) 590-4770",       null, null,     6260021001, null) ;
INSERT INTO StoreTbl VALUES ( 6260021001416,   "626Drift",                                                  "South Pasadena, CA 91030",                                 "(626) 344-7501",       null, null,     6260021001, null) ;
INSERT INTO StoreTbl VALUES ( 6260021001417,   "Fit-Fax",                                                   "1003 Diamond Ave  South Pasadena, CA 91030",               "(626) 603-3028",       null, null,     6260021001, null) ;
INSERT INTO StoreTbl VALUES ( 6260021001418,   "Prime Fitness Pasadena",                                    "2620 E Walnut St  Pasadena, CA 91107",                     "(818) 419-1778",       null, null,     6260021001, null) ;
INSERT INTO StoreTbl VALUES ( 6260021001419,   "Boys & Girls Clubs of Pasadena",                            "3230 E Del Mar Blvd  Pasadena, CA 91107",                  "(626) 449-1953",       null, null,     6260021001, null) ;
INSERT INTO StoreTbl VALUES ( 6260021001420,   "iTennis Los Angeles",                                       "725 S Bixel St  Los Angeles, CA 90017",                    "(213) 222-8913",       null, null,     6260021001, null) ;
INSERT INTO StoreTbl VALUES ( 6260021001421,   "JitsuFit Jiu Jitsu Karate and Mixed Martial Arts",          "603 N Lake Ave  Pasadena, CA 91101",                       "(626) 683-9978",       null, null,     6260021001, null) ;
INSERT INTO StoreTbl VALUES ( 6260021001422,   "Education Through Nature",                                  "Pasadena, CA",                                             "(818) 249-0236",       null, null,     6260021001, null) ;
INSERT INTO StoreTbl VALUES ( 6260021001423,   "Stadium Fitness",                                           "1001 Rose Bowl Dr  Pasadena, CA 91103",                    "(626) 799-5800",       null, null,     6260021001, null) ;
INSERT INTO StoreTbl VALUES ( 6260021001424,   "Valley Hunt Club",                                          "520 S Orange Grove Blvd  Pasadena, CA 91105",              "(626) 793-7134",       null, null,     6260021001, null) ;
INSERT INTO StoreTbl VALUES ( 6260021001425,   "QuayFit",                                                   "2176 E Colorado Blvd  Pasadena, CA 91104",                 "(626) 720-3417",       null, null,     6260021001, null) ;
INSERT INTO StoreTbl VALUES ( 6260021001426,   "Pasadena Pacers",                                           "360 N Arroyo Blvd  Pasadena, CA 91103",                    "(626) 792-1221",       null, null,     6260021001, null) ;
INSERT INTO StoreTbl VALUES ( 6260021001427,   "Freestyle Fitness",                                         "1017 Mission St  South Pasadena, CA 91030",                "(626) 441-1133",       null, null,     6260021001, null) ;
INSERT INTO StoreTbl VALUES ( 6260021001428,   "The WellRock",                                              "2460 N Lake Ave  Altadena, CA 91001",                      "(626) 657-0883",       null, null,     6260021001, null) ;
INSERT INTO StoreTbl VALUES ( 6260021001429,   "Stadium Fitness Yoga",                                      "990 S Arroyo Pkwy  Pasadena, CA 91105",                    "(626) 799-5800",       null, null,     6260021001, null) ;
INSERT INTO StoreTbl VALUES ( 6260021001430,   "Pasadena Weight Loss Center",                               "774 N Lake Ave  Pasadena, CA 91104",                       "(626) 844-4686",       null, null,     6260021001, null) ;
INSERT INTO StoreTbl VALUES ( 6260021001431,   "Castuera Universal Fitness Group",                          "Pasadena, CA 91104",                                       "(626) 926-0171",       null, null,     6260021001, null) ;
INSERT INTO StoreTbl VALUES ( 6260021001432,   "Body Possible",                                             "2451 Mission St  San Marino, CA 91108",                    "(310) 279-8117",       null, null,     6260021001, null) ;
INSERT INTO StoreTbl VALUES ( 6260021001433,   "Eagle Rock Canyon Trail",                                   "Eagle Rock View Dr  Los Angeles, CA 90041",                "(323) 452-3720",       null, null,     6260021001, null) ;
INSERT INTO StoreTbl VALUES ( 6260021001434,   "Max Fit Pasadena",                                          "2176 E Colorado Blvd  Pasadena, CA 91107",                 "(661) 547-4809",       null, null,     6260021001, null) ;
INSERT INTO StoreTbl VALUES ( 6260021001435,   "Orangetheory Fitness Pasadena",                             "2091 E Colorado Blvd  Pasadena, CA 91107",                 "(626) 788-9755",       null, null,     6260021001, null) ;
INSERT INTO StoreTbl VALUES ( 6260021001436,   "Francesca Fitness",                                         "2620 E Walnut St  Pasadena, CA 91107",                     "(626) 399-5070",       null, null,     6260021001, null) ;
INSERT INTO StoreTbl VALUES ( 6260021001437,   "Ready Wellness - Fitness, Health and Wellness",             "South Pasadena, CA 91030",                                 "(626) 622-1226",       null, null,     6260021001, null) ;
INSERT INTO StoreTbl VALUES ( 6260021001438,   "Sculpted Physiques By Leila",                               "117 W Bellevue  Pasadena, CA 91105",                       "(818) 272-3459",       null, null,     6260021001, null) ;
INSERT INTO StoreTbl VALUES ( 6260021001439,   "All-Star Baseball School",                                  "660 Stoney Dr  South Pasadena, CA 91030",                  "(626) 441-4454",       null, null,     6260021001, null) ;
INSERT INTO StoreTbl VALUES ( 6260021001440,   "Arcade Lane Pasadena",                                      "696 E Colorado Blvd  Pasadena, CA 91101",                  "(626) 577-4527",       null, null,     6260021001, null) ;
INSERT INTO StoreTbl VALUES ( 6260021001441,   "Brookside Park",                                            "360 N Arroyo Blvd  Pasadena, CA 91103",                    "(818) 771-5544",       null, null,     6260021001, null) ;
INSERT INTO StoreTbl VALUES ( 6260021001442,   "Ignite Sports and Fitness",                                 "2176 E Colorado Blvd  Pasadena, CA 91107",                 "(626) 283-5625",       null, null,     6260021001, null) ;
INSERT INTO StoreTbl VALUES ( 6260021001443,   "Primal Play",                                               "117 W Bellevue  Los Angeles, CA 91105",                    "(626) 808-7270",       null, null,     6260021001, null) ;
INSERT INTO StoreTbl VALUES ( 6260021001444,   "Stardancers",                                               "2333 N Lake Ave  Altadena, CA 91001",                      "(818) 203-5068",       null, null,     6260021001, null) ;
INSERT INTO StoreTbl VALUES ( 6260021001445,   "Pasadena Senior Center",                                    "85 E Holly St  Pasadena, CA 91103",                        "(626) 795-4331",       null, null,     6260021001, null) ;
INSERT INTO StoreTbl VALUES ( 6260021001446,   "Memorial Park",                                             "222 W Sierra Madre Blvd  Sierra Madre, CA 91024",          "(626) 396-5890",       null, null,     6260021001, null) ;
INSERT INTO StoreTbl VALUES ( 6260021001447,   "Theatre 360",                                               "75 N Marengo Ave  Pasadena, CA 91101",                     "(626) 577-5922",       null, null,     6260021001, null) ;
INSERT INTO StoreTbl VALUES ( 6260021001448,   "SPIN Movement",                                             "2309 Huntington Dr  San Marino, CA 91108",                 "(626) 399-0428",       null, null,     6260021001, null) ;
INSERT INTO StoreTbl VALUES ( 6260021001449,   "Pasadena Lawn Bowling Club",                                "275 S Raymond Ave  Pasadena, CA 91105",                    "(626) 578-9165",       null, null,     6260021001, null) ;
INSERT INTO StoreTbl VALUES ( 6260021001450,   "Ace Performance Training",                                  "2620 E Walnut St  Pasadena, CA 91107",                     "(626) 848-2145",       null, null,     6260021001, null) ;
INSERT INTO StoreTbl VALUES ( 6260021001451,   "Gymboree Play & Music",                                     "345 S Lake Ave  Pasadena, CA 91101",                       "(626) 799-2545",       null, null,     6260021001, null) ;
INSERT INTO StoreTbl VALUES ( 6260021001452,   "Waterworks Aquatics",                                       "2290 E Foothill Blvd  Pasadena, CA 91107",                 "(626) 836-1200",       null, null,     6260021001, null) ;
INSERT INTO StoreTbl VALUES ( 6260021001453,   "Johnny's Sport Shop",                                       "1402 Lincoln Ave  Pasadena, CA 91103",                     "(626) 797-8839",       null, null,     6260021001, null) ;
INSERT INTO StoreTbl VALUES ( 6260021001454,   "GymnastiKids",                                              "2237 E Colorado Blvd  Pasadena, CA 91107",                 "(626) 796-5437",       null, null,     6260021001, null) ;
INSERT INTO StoreTbl VALUES ( 6260021001455,   "Fight Academy - Pasadena",                                  "36 W Colorado Blvd  Pasadena, CA 91105",                   "(626) 737-0442",       null, null,     6260021001, null) ;
INSERT INTO StoreTbl VALUES ( 6260021001456,   "The Dance Family Studio",                                   "2333 Lake Ave  Altadena, CA 91001",                        "(626) 568-3764",       null, null,     6260021001, null) ;
INSERT INTO StoreTbl VALUES ( 6260021001457,   "Young Park Taekwondo-Karate",                               "1774 E Colorado Blvd  Pasadena, CA 91106",                 "(626) 796-3481",       null, null,     6260021001, null) ;
INSERT INTO StoreTbl VALUES ( 6260021001458,   "Gary Heshiki Fitness",                                      "2620 E Walnut St  Pasadena, CA 91107",                     "(818) 394-0401",       null, null,     6260021001, null) ;
INSERT INTO StoreTbl VALUES ( 6260021001459,   "Pasadena Dance Theatre",                                    "1985 Locust St  Pasadena, CA 91107",                       "(626) 683-3459",       null, null,     6260021001, null) ;
INSERT INTO StoreTbl VALUES ( 6260021001460,   "Kallpachay Spanish Immersion",                              "1610 E Elizabeth St  Pasadena, CA 91104",                  "(323) 309-8420",       null, null,     6260021001, null) ;  -- cosm
INSERT INTO StoreTbl VALUES ( 6260021001461,   "The Stand",                                                 "36 S El Molino Ave",                                       "(626) 714-7117",       null, null,     6260021001, null) ;
INSERT INTO StoreTbl VALUES ( 6260021001462,   "Roy's Restaurant",                                          "641 E Colorado Blvd",                                      "(626) 356-4066",       null, null,     6260021001, null) ;  -- rst
INSERT INTO StoreTbl VALUES ( 6260021001463,   "Union",                                                     "37 E Union St",                                            "(626) 795-5841",       null, null,     6260021001, null) ;
INSERT INTO StoreTbl VALUES ( 6260021001464,   "Matsuri",                                                   "1065 E Green St",                                          "(626) 844-2900",       null, null,     6260021001, null) ;
INSERT INTO StoreTbl VALUES ( 6260021001465,   "Paul Martin's American Grill",                              "455 S Lake Ave",                                           "(626) 773-7600",       null, null,     6260021001, null) ;  -- rst
INSERT INTO StoreTbl VALUES ( 6260021001466,   "Arroyo Chop House",                                         "536 S Arroyo Pkwy",                                        "(626) 577-7463",       null, null,     6260021001, null) ;
INSERT INTO StoreTbl VALUES ( 6260021001467,   "Plate 38",                                                  "2361 E Colorado Blvd",                                     "(626) 793-7100",       null, null,     6260021001, null) ;
INSERT INTO StoreTbl VALUES ( 6260021001468,   "Gale's",                                                    "452 S Fair Oaks Ave",                                      "(626) 432-6705",       null, null,     6260021001, null) ;
INSERT INTO StoreTbl VALUES ( 6260021001469,   "El Portal",                                                 "695 E Green St",                                           "(626) 795-8553",       null, null,     6260021001, null) ;
INSERT INTO StoreTbl VALUES ( 6260021001470,   "Lucky Boy Drive-In",                                        "640 S Arroyo Pkwy",                                        "(626) 793-0120",       null, null,     6260021001, null) ;
INSERT INTO StoreTbl VALUES ( 6260021001471,   "Tarantino's Pizzeria",                                      "784 E Green St",                                           "(626) 796-7836",       null, null,     6260021001, null) ;
INSERT INTO StoreTbl VALUES ( 6260021001472,   "Lunasia Dim Sum House",                                     "239 E Colorado Blvd",                                      "(626) 793-8822",       null, null,     6260021001, null) ;
INSERT INTO StoreTbl VALUES ( 6260021001473,   "Edwin Mills by Equator",                                    "22 Mills Pl",                                              "(626) 564-8656",       null, null,     6260021001, null) ;
INSERT INTO StoreTbl VALUES ( 6260021001474,   "The Stand",                                                 "36 S El Molino Ave",                                       "(626) 714-7117",       null, null,     6260021001, null) ;
INSERT INTO StoreTbl VALUES ( 6260021001475,   "Roy's Restaurant",                                          "641 E Colorado Blvd",                                      "(626) 356-4066",       null, null,     6260021001, null) ;  -- rst
INSERT INTO StoreTbl VALUES ( 6260021001476,   "Union",                                                     "37 E Union St",                                            "(626) 795-5841",       null, null,     6260021001, null) ;
INSERT INTO StoreTbl VALUES ( 6260021001477,   "Matsuri",                                                   "1065 E Green St",                                          "(626) 844-2900",       null, null,     6260021001, null) ;
INSERT INTO StoreTbl VALUES ( 6260021001478,   "Paul Martin's American Grill",                              "455 S Lake Ave",                                           "(626) 773-7600",       null, null,     6260021001, null) ;  -- rst
INSERT INTO StoreTbl VALUES ( 6260021001479,   "Arroyo Chop House",                                         "536 S Arroyo Pkwy",                                        "(626) 577-7463",       null, null,     6260021001, null) ;
INSERT INTO StoreTbl VALUES ( 6260021001480,   "Plate 38",                                                  "2361 E Colorado Blvd",                                     "(626) 793-7100",       null, null,     6260021001, null) ;
INSERT INTO StoreTbl VALUES ( 6260021001481,   "Gale's",                                                    "452 S Fair Oaks Ave",                                      "(626) 432-6705",       null, null,     6260021001, null) ;
INSERT INTO StoreTbl VALUES ( 6260021001482,   "El Portal",                                                 "695 E Green St",                                           "(626) 795-8553",       null, null,     6260021001, null) ;
INSERT INTO StoreTbl VALUES ( 6260021001483,   "Lucky Boy Drive-In",                                        "640 S Arroyo Pkwy",                                        "(626) 793-0120",       null, null,     6260021001, null) ;
INSERT INTO StoreTbl VALUES ( 6260021001484,   "Tarantino's Pizzeria",                                      "784 E Green St",                                           "(626) 796-7836",       null, null,     6260021001, null) ;
INSERT INTO StoreTbl VALUES ( 6260021001485,   "Lunasia Dim Sum House",                                     "239 E Colorado Blvd",                                      "(626) 793-8822",       null, null,     6260021001, null) ;
INSERT INTO StoreTbl VALUES ( 6260021001486,   "Edwin Mills by Equator",                                    "22 Mills Pl",                                              "(626) 564-8656",       null, null,     6260021001, null) ;
INSERT INTO StoreTbl VALUES ( 6260021001487,   "The Stand",                                                 "36 S El Molino Ave",                                       "(626) 714-7117",       null, null,     6260021001, null) ;
INSERT INTO StoreTbl VALUES ( 6260021001488,   "Roy's Restaurant",                                          "641 E Colorado Blvd",                                      "(626) 356-4066",       null, null,     6260021001, null) ;  -- rst
INSERT INTO StoreTbl VALUES ( 6260021001489,   "O2 Sushi",                                                  "245 E Colorado Blvd",                                      "(626) 844-0239",       null, null,     6260021001, null) ;  -- sushi
INSERT INTO StoreTbl VALUES ( 6260021001490,   "Pinocchio's Pizza",                                         "1449 N Lake Ave",                                          "(626) 791-7591",       null, null,     6260021001, null) ;
INSERT INTO StoreTbl VALUES ( 6260021001491,   "Plate 38",                                                  "2361 E Colorado Blvd",                                     "(626) 793-7100",       null, null,     6260021001, null) ;
INSERT INTO StoreTbl VALUES ( 6260021001492,   "Super Burger",                                              "458 N Altadena Dr",                                        "(626) 449-8818",       null, null,     6260021001, null) ;
INSERT INTO StoreTbl VALUES ( 6260021001493,   "Saladang",                                                  "363 S Fair Oaks Ave",                                      "(626) 793-8123",       null, null,     6260021001, null) ;
INSERT INTO StoreTbl VALUES ( 6260021001494,   "Domenico's Italian Restaurant",                             "2411 E Washington Blvd",                                   "(626) 797-6459",       null, null,     6260021001, null) ;  -- rst
INSERT INTO StoreTbl VALUES ( 6260021001495,   "Conrads Restaurant Pasadena",                               "861 E Walnut St",                                          "(626) 577-7603",       null, null,     6260021001, null) ;  -- rst
INSERT INTO StoreTbl VALUES ( 6260021001496,   "Copa Vida",                                                 "70 S Raymond Ave",                                         "(626) 213-3952",       null, null,     6260021001, null) ;
INSERT INTO StoreTbl VALUES ( 6260021001497,   "Porta Via Italian Foods",                                   "1 W California Blvd",                                      "(626) 793-9000",       null, null,     6260021001, null) ;
INSERT INTO StoreTbl VALUES ( 6260021001498,   "Mijares Mexican Restaurant",                                "145 Palmetto Dr",                                          "(626) 792-2763",       null, null,     6260021001, null) ;  -- rst
INSERT INTO StoreTbl VALUES ( 6260021001499,   "Edwin Mills by Equator",                                    "22 Mills Pl",                                              "(626) 564-8656",       null, null,     6260021001, null) ;
INSERT INTO StoreTbl VALUES ( 6260021001500,   "The Stand",                                                 "36 S El Molino Ave",                                       "(626) 714-7117",       null, null,     6260021001, null) ;
INSERT INTO StoreTbl VALUES ( 6260021001501,   "Roy's Restaurant",                                          "641 E Colorado Blvd",                                      "(626) 356-4066",       null, null,     6260021001, null) ;  -- rst
INSERT INTO StoreTbl VALUES ( 6260021001502,   "Cameron's Seafood",                                         "1978 E Colorado Blvd",                                     "(626) 793-3474",       null, null,     6260021001, null) ;
INSERT INTO StoreTbl VALUES ( 6260021001503,   "Mijares Mexican Restaurant",                                "145 Palmetto Dr",                                          "(626) 792-2763",       null, null,     6260021001, null) ;  -- rst
INSERT INTO StoreTbl VALUES ( 6260021001504,   "O2 Sushi",                                                  "245 E Colorado Blvd",                                      "(626) 844-0239",       null, null,     6260021001, null) ;  -- sushi
INSERT INTO StoreTbl VALUES ( 6260021001505,   "Himalayan Cafe",                                            "36 S Fair Oaks Ave",                                       "(626) 564-1560",       null, null,     6260021001, null) ;
INSERT INTO StoreTbl VALUES ( 6260021001506,   "Lunasia Dim Sum House",                                     "239 E Colorado Blvd",                                      "(626) 793-8822",       null, null,     6260021001, null) ;
INSERT INTO StoreTbl VALUES ( 6260021001507,   "Rodney's Ribs",                                             "385-425 W Woodbury Rd",                                    "(626) 818-7427",       null, null,     6260021001, null) ;
INSERT INTO StoreTbl VALUES ( 6260021001508,   "Margaritas",                                                "155 S Rosemead Blvd",                                      "(626) 449-4193",       null, null,     6260021001, null) ;
INSERT INTO StoreTbl VALUES ( 6260021001509,   "Pie 'n Burger",                                             "913 E California Blvd",                                    "(626) 795-1123",       null, null,     6260021001, null) ;
INSERT INTO StoreTbl VALUES ( 6260021001510,   "Saladang",                                                  "363 S Fair Oaks Ave",                                      "(626) 793-8123",       null, null,     6260021001, null) ;
INSERT INTO StoreTbl VALUES ( 6260021001511,   "Aux Delices French Bakery & Cafe",                          "16 W Colorado Blvd",                                       "(626) 796-1630",       null, null,     6260021001, null) ;
INSERT INTO StoreTbl VALUES ( 6260021001512,   "Edwin Mills by Equator",                                    "22 Mills Pl",                                              "(626) 564-8656",       null, null,     6260021001, null) ;
INSERT INTO StoreTbl VALUES ( 6260021001513,   "The Stand",                                                 "36 S El Molino Ave",                                       "(626) 714-7117",       null, null,     6260021001, null) ;
INSERT INTO StoreTbl VALUES ( 6260021001514,   "Roy's Restaurant",                                          "641 E Colorado Blvd",                                      "(626) 356-4066",       null, null,     6260021001, null) ;  -- rst
INSERT INTO StoreTbl VALUES ( 6260021001515,   "Aux Delices French Bakery & Cafe",                          "16 W Colorado Blvd",                                       "(626) 796-1630",       null, null,     6260021001, null) ;
INSERT INTO StoreTbl VALUES ( 6260021001516,   "San Marino Seafood",                                        "2150 Huntington Dr",                                       "(626) 943-8862",       null, null,     6260021001, null) ;
INSERT INTO StoreTbl VALUES ( 6260021001517,   "Twohey's Restaurant",                                       "1224 N Atlantic Blvd",                                     "(626) 284-7387",       null, null,     6260021001, null) ;  -- rst
INSERT INTO StoreTbl VALUES ( 6260021001518,   "The Coffee Gallery",                                        "2029 Lake Ave",                                            "(626) 398-7917",       null, null,     6260021001, null) ;
INSERT INTO StoreTbl VALUES ( 6260021001519,   "Pizza Of Venice",                                           "2545 N Fair Oaks Ave",                                     "(626) 460-1900",       null, null,     6260021001, null) ;
INSERT INTO StoreTbl VALUES ( 6260021001520,   "Hi Life Burgers",                                           "1326 Fair Oaks Ave",                                       "(626) 799-5401",       null, null,     6260021001, null) ;
INSERT INTO StoreTbl VALUES ( 6260021001521,   "Granville",                                                 "807 Americana Way",                                        "(818) 550-0472",       null, null,     6260021001, null) ;
INSERT INTO StoreTbl VALUES ( 6260021001522,   "Nonna Pizzeria",                                            "818 Fair Oaks Ave",                                        "(626) 403-4100",       null, null,     6260021001, null) ;
INSERT INTO StoreTbl VALUES ( 6260021001523,   "SinBala Restaurant",                                        "651 W Duarte Rd",                                          "(626) 446-0886",       null, null,     6260021001, null) ;  -- rst
INSERT INTO StoreTbl VALUES ( 6260021001524,   "Everest",                                                   "2314 Lake Ave",                                            "(626) 797-8204",       null, null,     6260021001, null) ;
INSERT INTO StoreTbl VALUES ( 6260021001525,   "Edwin Mills by Equator",                                    "22 Mills Pl",                                              "(626) 564-8656",       null, null,     6260021001, null) ;
INSERT INTO StoreTbl VALUES ( 6260021001526,   "The Stand",                                                 "36 S El Molino Ave",                                       "(626) 714-7117",       null, null,     6260021001, null) ;
INSERT INTO StoreTbl VALUES ( 6260021001527,   "Bull And Barrell",                                          "111 N Los Robles Ave",                                     "(626) 486-1111",       null, null,     6260021001, null) ;
INSERT INTO StoreTbl VALUES ( 6260021001528,   "The Munch Company",                                         "1028 Mission St",                                          "(626) 441-1036",       null, null,     6260021001, null) ;
INSERT INTO StoreTbl VALUES ( 6260021001529,   "The Flintridge Proper",                                     "464 Foothill Blvd",                                        "(818) 790-4888",       null, null,     6260021001, null) ;
INSERT INTO StoreTbl VALUES ( 6260021001530,   "President Square Food Court",                               "1220 S Golden W Ave",                                      "",                     null, null,     6260021001, null) ;
INSERT INTO StoreTbl VALUES ( 6260021001531,   "Granville",                                                 "807 Americana Way",                                        "(818) 550-0472",       null, null,     6260021001, null) ;
INSERT INTO StoreTbl VALUES ( 6260021001532,   "Happy Family Restaurant",                                   "500 N Atlantic Blvd",                                      "(626) 282-8986",       null, null,     6260021001, null) ;  -- rst
INSERT INTO StoreTbl VALUES ( 6260021001533,   "Bean Town",                                                 "45 N Baldwin Ave",                                         "(626) 355-1596",       null, null,     6260021001, null) ;
INSERT INTO StoreTbl VALUES ( 6260021001534,   "Masa of Echo Park",                                         "1800 W Sunset Blvd",                                       "(213) 989-1558",       null, null,     6260021001, null) ;
INSERT INTO StoreTbl VALUES ( 6260021001535,   "Commonwealth Restaurant",                                   "222 S Glenoaks Blvd",                                      "(818) 845-2225",       null, null,     6260021001, null) ;  -- rst
INSERT INTO StoreTbl VALUES ( 6260021001536,   "Tea Barrel",                                                "405 W Main St",                                            "(626) 570-1689",       null, null,     6260021001, null) ;
INSERT INTO StoreTbl VALUES ( 6260021001537,   "The Village Bakery and Cafe",                               "3119 Los Feliz Blvd",                                      "(323) 662-8600",       null, null,     6260021001, null) ;
INSERT INTO StoreTbl VALUES ( 6260021001538,   "Roy's Restaurant",                                          "641 E Colorado Blvd",                                      "(626) 356-4066",       null, null,     6260021001, null) ;  -- rst
INSERT INTO StoreTbl VALUES ( 6260021001539,   "The Stand",                                                 "36 S El Molino Ave",                                       "(626) 714-7117",       null, null,     6260021001, null) ;
INSERT INTO StoreTbl VALUES ( 6260021001540,   "Bull And Barrell",                                          "111 N Los Robles Ave",                                     "(626) 486-1111",       null, null,     6260021001, null) ;
INSERT INTO StoreTbl VALUES ( 6260021001541,   "Boat House",                                                "25 W Valley Blvd",                                         "(626) 282-2888",       null, null,     6260021001, null) ;
INSERT INTO StoreTbl VALUES ( 6260021001542,   "The Village Bakery and Cafe",                               "3119 Los Feliz Blvd",                                      "(323) 662-8600",       null, null,     6260021001, null) ;
INSERT INTO StoreTbl VALUES ( 6260021001543,   "Tea Barrel",                                                "405 W Main St",                                            "(626) 570-1689",       null, null,     6260021001, null) ;
INSERT INTO StoreTbl VALUES ( 6260021001544,   "Taylor's Steakhouse",                                       "901 Foothill Blvd",                                        "(818) 790-7668",       null, null,     6260021001, null) ;
INSERT INTO StoreTbl VALUES ( 6260021001545,   "Just Grillin'",                                             "1129 S Fremont Ave",                                       "(626) 576-1111",       null, null,     6260021001, null) ;  -- rst
INSERT INTO StoreTbl VALUES ( 6260021001546,   "The Deli Box",                                              "9208 Flair Dr",                                            "(626) 569-0904",       null, null,     6260021001, null) ;
INSERT INTO StoreTbl VALUES ( 6260021001547,   "The Loose Teas Cafe and Gifts",                             "666 W Huntington Dr",                                      "(626) 303-2283",       null, null,     6260021001, null) ;
INSERT INTO StoreTbl VALUES ( 6260021001548,   "Michelangelo Ristorante",                                   "2742 Rowena Ave",                                          "(323) 660-4843",       null, null,     6260021001, null) ;
INSERT INTO StoreTbl VALUES ( 6260021001549,   "Zankou Chicken",                                            "1415 E Colorado St",                                       "(818) 244-2237",       null, null,     6260021001, null) ;
INSERT INTO StoreTbl VALUES ( 6260021001550,   "Gold Star Hamburgers",                                      "1623 S Brand Blvd",                                        "(818) 243-6261",       null, null,     6260021001, null) ;
INSERT INTO StoreTbl VALUES ( 6260021001551,   "Roy's Restaurant",                                          "641 E Colorado Blvd",                                      "(626) 356-4066",       null, null,     6260021001, null) ;  -- rst
INSERT INTO StoreTbl VALUES ( 6260021001552,   "The Stand",                                                 "36 S El Molino Ave",                                       "(626) 714-7117",       null, null,     6260021001, null) ;
INSERT INTO StoreTbl VALUES ( 6260021001553,   "Roy's Restaurant",                                          "641 E Colorado Blvd",                                      "(626) 356-4066",       null, null,     6260021001, null) ;  -- rst
INSERT INTO StoreTbl VALUES ( 6260021001554,   "Black Cow Cafe",                                            "2219 Honolulu Ave",                                        "(818) 957-5282",       null, null,     6260021001, null) ;
INSERT INTO StoreTbl VALUES ( 6260021001555,   "Tam's Junior Burger No 2",                                  "5801 N Figueroa St",                                       "(323) 257-7399",       null, null,     6260021001, null) ;
INSERT INTO StoreTbl VALUES ( 6260021001556,   "Peach Cafe",                                                "141 E Colorado Blvd",                                      "(626) 599-9092",       null, null,     6260021001, null) ;
INSERT INTO StoreTbl VALUES ( 6260021001557,   "The Loose Teas Cafe and Gifts",                             "666 W Huntington Dr",                                      "(626) 303-2283",       null, null,     6260021001, null) ;
INSERT INTO StoreTbl VALUES ( 6260021001558,   "The Deli Box",                                              "9208 Flair Dr",                                            "(626) 569-0904",       null, null,     6260021001, null) ;
INSERT INTO StoreTbl VALUES ( 6260021001559,   "Michelangelo Ristorante",                                   "2742 Rowena Ave",                                          "(323) 660-4843",       null, null,     6260021001, null) ;
INSERT INTO StoreTbl VALUES ( 6260021001560,   "Adana Restaurant",                                          "6918 San Fernando Rd",                                     "(818) 843-6237",       null, null,     6260021001, null) ;  -- rst
INSERT INTO StoreTbl VALUES ( 6260021001561,   "Zankou Chicken",                                            "1415 E Colorado St",                                       "(818) 244-2237",       null, null,     6260021001, null) ;
INSERT INTO StoreTbl VALUES ( 6260021001562,   "Troy Burgers",                                              "4738 York Blvd",                                           "(323) 259-8060",       null, null,     6260021001, null) ;
INSERT INTO StoreTbl VALUES ( 6260021001563,   "El Morfi Grill",                                            "241 N Brand Blvd",                                         "(818) 547-4420",       null, null,     6260021001, null) ;  -- rst
INSERT INTO StoreTbl VALUES ( 6260021001564,   "Edwin Mills by Equator",                                    "22 Mills Pl",                                              "(626) 564-8656",       null, null,     6260021001, null) ;
INSERT INTO StoreTbl VALUES ( 6260021001565,   "The Stand",                                                 "36 S El Molino Ave",                                       "(626) 714-7117",       null, null,     6260021001, null) ;
INSERT INTO StoreTbl VALUES ( 6260021001566,   "Roy's Restaurant",                                          "641 E Colorado Blvd",                                      "(626) 356-4066",       null, null,     6260021001, null) ;  -- rst
INSERT INTO StoreTbl VALUES ( 6260021001567,   "Centanni Trattoria",                                        "117 N Victory Blvd",                                       "(818) 561-4643",       null, null,     6260021001, null) ;
INSERT INTO StoreTbl VALUES ( 6260021001568,   "Le Roy's Restaurant",                                       "523 W Huntington Dr",                                      "(626) 357-5076",       null, null,     6260021001, null) ;  -- rst
INSERT INTO StoreTbl VALUES ( 6260021001569,   "Dal Rae Restaurant",                                        "9023 Washington Blvd",                                     "(562) 949-2444",       null, null,     6260021001, null) ;  -- rst
INSERT INTO StoreTbl VALUES ( 6260021001570,   "Sena On Myrtle",                                            "409 S Myrtle Ave",                                         "(626) 359-9463",       null, null,     6260021001, null) ;
INSERT INTO StoreTbl VALUES ( 6260021001571,   "George's Cucina Italiana",                                  "1418 W Kenneth Rd",                                        "(818) 246-7777",       null, null,     6260021001, null) ;
INSERT INTO StoreTbl VALUES ( 6260021001572,   "Olive Garden Italian Restaurant",                           "430 E Huntington Dr",                                      "(626) 821-0636",       null, null,     6260021001, null) ;  -- rst
INSERT INTO StoreTbl VALUES ( 6260021001573,   "Sushi Joint",                                               "6320 San Fernando Rd",                                     "(818) 548-0688",       null, null,     6260021001, null) ;  -- sushi
INSERT INTO StoreTbl VALUES ( 6260021001574,   "Gold Star Hamburgers",                                      "1623 S Brand Blvd",                                        "(818) 243-6261",       null, null,     6260021001, null) ;
INSERT INTO StoreTbl VALUES ( 6260021001575,   "Granville",                                                 "121 N San Fernando Blvd",                                  "(818) 848-4726",       null, null,     6260021001, null) ;
INSERT INTO StoreTbl VALUES ( 6260021001576,   "Claim Jumper",                                              "820 W Huntington Dr",                                      "(626) 359-0463",       null, null,     6260021001, null) ;
INSERT INTO StoreTbl VALUES ( 6260021001577,   "Edwin Mills by Equator",                                    "22 Mills Pl",                                              "(626) 564-8656",       null, null,     6260021001, null) ;
INSERT INTO StoreTbl VALUES ( 6260021001578,   "The Stand",                                                 "36 S El Molino Ave",                                       "(626) 714-7117",       null, null,     6260021001, null) ;
INSERT INTO StoreTbl VALUES ( 6260021001579,   "Roy's Restaurant",                                          "641 E Colorado Blvd",                                      "(626) 356-4066",       null, null,     6260021001, null) ;  -- rst
INSERT INTO StoreTbl VALUES ( 6260021001580,   "Everest",                                                   "241 N Central Ave",                                        "(818) 550-9401",       null, null,     6260021001, null) ;
INSERT INTO StoreTbl VALUES ( 6260021001581,   "Mi Corazon",                                                "1402 W Kenneth Rd",                                        "(818) 500-8100",       null, null,     6260021001, null) ;
INSERT INTO StoreTbl VALUES ( 6260021001582,   "Baguette City",                                             "9505 Garvey Ave",                                          "(626) 350-7099",       null, null,     6260021001, null) ;
INSERT INTO StoreTbl VALUES ( 6260021001583,   "La Cevicheria",                                             "3809 W Pico Blvd",                                         "(323) 732-1253",       null, null,     6260021001, null) ;
INSERT INTO StoreTbl VALUES ( 6260021001584,   "Big Al's Pizzeria",                                         "6044 Atlantic Blvd",                                       "(323) 364-7722",       null, null,     6260021001, null) ;
INSERT INTO StoreTbl VALUES ( 6260021001585,   "Hamburger Dan's 4",                                         "3764 S Normandie Ave",                                     "(323) 737-1522",       null, null,     6260021001, null) ;
INSERT INTO StoreTbl VALUES ( 6260021001586,   "The Oak and Vine",                                          "117 E Harvard St",                                         "(818) 507-7011",       null, null,     6260021001, null) ;
INSERT INTO StoreTbl VALUES ( 6260021001587,   "Cafe Los Feliz",                                            "2118 Hillhurst Ave",                                       "(323) 664-7111",       null, null,     6260021001, null) ;
INSERT INTO StoreTbl VALUES ( 6260021001588,   "Mustard Seed Caf",                                         "1948 Hillhurst Ave",                                       "(323) 660-0670",       null, null,     6260021001, null) ;
INSERT INTO StoreTbl VALUES ( 6260021001589,   "The Cheesecake Factory",                                    "511 Americana Way",                                        "(818) 550-7505",       null, null,     6260021001, null) ;
INSERT INTO StoreTbl VALUES ( 6260021001590,   "Edwin Mills by Equator",                                    "22 Mills Pl",                                              "(626) 564-8656",       null, null,     6260021001, null) ;
INSERT INTO StoreTbl VALUES ( 6260021001591,   "The Stand",                                                 "36 S El Molino Ave",                                       "(626) 714-7117",       null, null,     6260021001, null) ;
INSERT INTO StoreTbl VALUES ( 6260021001592,   "Bull And Barrell",                                          "111 N Los Robles Ave",                                     "(626) 486-1111",       null, null,     6260021001, null) ;
INSERT INTO StoreTbl VALUES ( 6260021001593,   "Knight Restaurant",                                         "138 N San Fernando Blvd",                                  "(818) 845-4516",       null, null,     6260021001, null) ;  -- rst
INSERT INTO StoreTbl VALUES ( 6260021001594,   "Cypress Best Burgers",                                      "3240 N Figueroa St",                                       "(323) 223-1505",       null, null,     6260021001, null) ;
INSERT INTO StoreTbl VALUES ( 6260021001595,   "Lancers Restaurant",                                        "697 N Victory Blvd",                                       "(818) 843-3433",       null, null,     6260021001, null) ;  -- rst
INSERT INTO StoreTbl VALUES ( 6260021001596,   "Grain Lab",                                                 "1737 N Victory Pl",                                        "(818) 841-8839",       null, null,     6260021001, null) ;
INSERT INTO StoreTbl VALUES ( 6260021001597,   "Fleming's Prime Steakhouse & Wine Bar",                     "800 W Olympic Blvd",                                       "(213) 745-9911",       null, null,     6260021001, null) ;
INSERT INTO StoreTbl VALUES ( 6260021001598,   "G&K Burgers",                                               "4466 E Live Oak Ave",                                      "(626) 446-1690",       null, null,     6260021001, null) ;
INSERT INTO StoreTbl VALUES ( 6260021001599,   "Mama Hong's Vietnamese Kitchen",                            "211 N San Fernando Blvd",                                  "(818) 558-6262",       null, null,     6260021001, null) ;
INSERT INTO StoreTbl VALUES ( 6260021001600,   "Bibigo Fresh Korean Kitchen",                               "1125 Glendale Galleria",                                   "(818) 551-0011",       null, null,     6260021001, null) ;
INSERT INTO StoreTbl VALUES ( 6260021001601,   "Season Thai Cuisine",                                       "166 E Orange Grove Ave",                                   "(818) 845-7387",       null, null,     6260021001, null) ;
INSERT INTO StoreTbl VALUES ( 6260021001602,   "Chadaka Thai",                                              "310 N San Fernando Blvd",                                  "(818) 848-8520",       null, null,     6260021001, null) ;
INSERT INTO StoreTbl VALUES ( 6260021001603,   "Roy's Restaurant",                                          "641 E Colorado Blvd",                                      "(626) 356-4066",       null, null,     6260021001, null) ;  -- rst
INSERT INTO StoreTbl VALUES ( 6260021001604,   "The Stand",                                                 "36 S El Molino Ave",                                       "(626) 714-7117",       null, null,     6260021001, null) ;
INSERT INTO StoreTbl VALUES ( 6260021001605,   "Roy's Restaurant",                                          "641 E Colorado Blvd",                                      "(626) 356-4066",       null, null,     6260021001, null) ;  -- rst
INSERT INTO StoreTbl VALUES ( 6260021001606,   "Deli Sis",                                                  "3069 Foothill Blvd",                                       "(818) 248-6648",       null, null,     6260021001, null) ;
INSERT INTO StoreTbl VALUES ( 6260021001607,   "La Indiana Restaurant",                                     "144 N 1st St",                                             "(626) 336-2466",       null, null,     6260021001, null) ;  -- rst
INSERT INTO StoreTbl VALUES ( 6260021001608,   "Ostioneria Colima",                                         "1136 S Hacienda Blvd",                                     "(626) 333-8017",       null, null,     6260021001, null) ;
INSERT INTO StoreTbl VALUES ( 6260021001609,   "Gene's Grinders",                                           "800 S Myrtle Ave",                                         "(626) 358-8016",       null, null,     6260021001, null) ;
INSERT INTO StoreTbl VALUES ( 6260021001610,   "The Blue Star",                                             "2200 E 15th St",                                           "(213) 627-2022",       null, null,     6260021001, null) ;
INSERT INTO StoreTbl VALUES ( 6260021001611,   "TAP Buns and Bowls",                                        "1001 N San Fernando Blvd",                                 "(818) 736-5037",       null, null,     6260021001, null) ;
INSERT INTO StoreTbl VALUES ( 6260021001612,   "Fish Only",                                                 "1832 Marengo St",                                          "(323) 223-5064",       null, null,     6260021001, null) ;
INSERT INTO StoreTbl VALUES ( 6260021001613,   "Sharky's Woodfired Mexican Grill",                          "1791 N Victory Pl",                                        "(818) 840-9080",       null, null,     6260021001, null) ;  -- rst
INSERT INTO StoreTbl VALUES ( 6260021001614,   "Gourmet 88 Burbank",                                        "230 N San Fernando Blvd",                                  "(818) 848-8688",       null, null,     6260021001, null) ;
INSERT INTO StoreTbl VALUES ( 6260021001615,   "Blu Elefant Cafe",                                          "2024 W Washington Blvd",                                   "(323) 641-0466",       null, null,     6260021001, null) ;
INSERT INTO StoreTbl VALUES ( 6260021001616,   "Edwin Mills by Equator",                                    "22 Mills Pl",                                              "(626) 564-8656",       null, null,     6260021001, null) ;


-- LONG BEACH

INSERT INTO PlazaTbl VALUES ( 6260013001,   "Others", 6260013 );

INSERT INTO StoreTbl VALUES ( 6260013001001,   "Tavern On 2",                                               "5110 E 2nd St",                                            "(562) 856-4000",       null, null,     6260013001, null) ;
INSERT INTO StoreTbl VALUES ( 6260013001002,   "Utopia Good Food & Fine Art",                               "445 E 1st St",                                             "(562) 432-6888",       null, null,     6260013001, null) ;
INSERT INTO StoreTbl VALUES ( 6260013001003,   "Caadas Grill",                                             "3721 E Anaheim St",                                        "(562) 494-4903",       null, null,     6260013001, null) ;  -- rst
INSERT INTO StoreTbl VALUES ( 6260013001004,   "Baba Ghanouj",                                              "4276 Atlantic Ave",                                        "(562) 424-4567",       null, null,     6260013001, null) ;
INSERT INTO StoreTbl VALUES ( 6260013001005,   "Steamed Organic Vegetarian Cuisine",                        "801 E 3rd St",                                             "(562) 437-1122",       null, null,     6260013001, null) ;
INSERT INTO StoreTbl VALUES ( 6260013001006,   "The Coffee Cup Cafe",                                       "3734 E 4th St",                                            "(562) 433-3292",       null, null,     6260013001, null) ;
INSERT INTO StoreTbl VALUES ( 6260013001007,   "Lola's Mexican Cuisine",                                    "2030 E 4th St",                                            "(562) 343-5506",       null, null,     6260013001, null) ;
INSERT INTO StoreTbl VALUES ( 6260013001008,   "LW Pizza",                                                  "2201 N Lakewood Blvd",                                     "(562) 494-6900",       null, null,     6260013001, null) ;
INSERT INTO StoreTbl VALUES ( 6260013001009,   "Enrique's Mexican Restaurant",                              "6210 E Pacific Coast Hwy",                                 "(562) 498-3622",       null, null,     6260013001, null) ;  -- rst
INSERT INTO StoreTbl VALUES ( 6260013001010,   "George's Greek Cafe",                                       "135 Pine Ave",                                             "(562) 437-1184",       null, null,     6260013001, null) ;
INSERT INTO StoreTbl VALUES ( 6260013001011,   "Deli News Pizza",                                           "5555 Stearns St",                                          "(562) 598-2123",       null, null,     6260013001, null) ;
INSERT INTO StoreTbl VALUES ( 6260013001012,   "Pier 76 Fish Grill",                                        "95 Pine Ave",                                              "(562) 983-1776",       null, null,     6260013001, null) ;  -- rst
INSERT INTO StoreTbl VALUES ( 6260013001013,   "Elbows Mac n Cheese",                                       "11405 South St",                                           "(562) 865-9999",       null, null,     6260013001, null) ;
INSERT INTO StoreTbl VALUES ( 6260013001014,   "Starling Diner",                                            "4114 E 3rd St",                                            "(562) 433-2041",       null, null,     6260013001, null) ;
INSERT INTO StoreTbl VALUES ( 6260013001015,   "The Habit Burger Grill",                                    "3801 N Lakewood Blvd",                                     "(562) 425-1500",       null, null,     6260013001, null) ;  -- rst
INSERT INTO StoreTbl VALUES ( 6260013001016,   "Golden Eagle Restaurant",                                   "2101 E Willow St",                                         "(562) 492-1336",       null, null,     6260013001, null) ;  -- rst
INSERT INTO StoreTbl VALUES ( 6260013001017,   "Beach City Deli & BBQ",                                     "1714 Clark Ave",                                           "(562) 676-6753",       null, null,     6260013001, null) ;  -- wbq-- beach
INSERT INTO StoreTbl VALUES ( 6260013001018,   "The Attic",                                                 "3441 E Broadway",                                          "(562) 433-0153",       null, null,     6260013001, null) ;
INSERT INTO StoreTbl VALUES ( 6260013001019,   "James Republic",                                            "500 E 1st St",                                             "(562) 901-0235",       null, null,     6260013001, null) ;
INSERT INTO StoreTbl VALUES ( 6260013001020,   "Egg Heaven Cafe",                                           "4358 E 4th St",                                            "(562) 433-9277",       null, null,     6260013001, null) ;
INSERT INTO StoreTbl VALUES ( 6260013001021,   "Weiland Brewery Restaurant",                                "4354 Atlantic Ave",                                        "(562) 595-5700",       null, null,     6260013001, null) ;
INSERT INTO StoreTbl VALUES ( 6260013001022,   "Louis Burgers III",                                         "555 Atlantic Ave",                                         "(562) 437-4078",       null, null,     6260013001, null) ;
INSERT INTO StoreTbl VALUES ( 6260013001023,   "Domenico's Belmont Shore",                                  "5339 E 2nd St",                                            "(562) 439-0261",       null, null,     6260013001, null) ;
INSERT INTO StoreTbl VALUES ( 6260013001024,   "Twins Smoke House BBQ",                                     "1555 W Willow St",                                         "(562) 427-4800",       null, null,     6260013001, null) ;  -- wbq
INSERT INTO StoreTbl VALUES ( 6260013001025,   "Berlin Bistro",                                             "420 E 4th St",                                             "(562) 435-0600",       null, null,     6260013001, null) ;  -- rst, bistro
INSERT INTO StoreTbl VALUES ( 6260013001026,   "Ahimsa Vegan Cafe",                                         "340 E 4th St",                                             "(562) 435-7113",       null, null,     6260013001, null) ;
INSERT INTO StoreTbl VALUES ( 6260013001027,   "The Original Park Pantry",                                  "2104 E Broadway",                                          "(562) 434-0451",       null, null,     6260013001, null) ;
INSERT INTO StoreTbl VALUES ( 6260013001028,   "Portfolio Coffeehouse",                                     "2300 E 4th St",                                            "(562) 434-2486",       null, null,     6260013001, null) ;
INSERT INTO StoreTbl VALUES ( 6260013001029,   "Yummy Garden",                                              "2741 E 4th St",                                            "(562) 433-6185",       null, null,     6260013001, null) ;
INSERT INTO StoreTbl VALUES ( 6260013001030,   "Omelette Inn",                                              "318 Pine Ave",                                             "(562) 437-5625",       null, null,     6260013001, null) ;
INSERT INTO StoreTbl VALUES ( 6260013001031,   "Jim's Burgers",                                             "3639 E 7th St",                                            "(562) 342-4834",       null, null,     6260013001, null) ;
INSERT INTO StoreTbl VALUES ( 6260013001032,   "Golden Burger",                                             "2301 E 4th St",                                            "(562) 434-2625",       null, null,     6260013001, null) ;
INSERT INTO StoreTbl VALUES ( 6260013001033,   "Yard House",                                                "401 Shoreline Village Dr",                                 "(562) 628-0455",       null, null,     6260013001, null) ;
INSERT INTO StoreTbl VALUES ( 6260013001034,   "Nam Vietnamese Eatery",                                     "5716 E 7th St",                                            "(562) 494-3888",       null, null,     6260013001, null) ;
INSERT INTO StoreTbl VALUES ( 6260013001035,   "Mitaki Restaurant",                                         "149 E 4th St",                                             "(562) 432-3220",       null, null,     6260013001, null) ;  -- rst
INSERT INTO StoreTbl VALUES ( 6260013001036,   "The Small Caf",                                            "5656 E 2nd St",                                            "(562) 434-0226",       null, null,     6260013001, null) ;
INSERT INTO StoreTbl VALUES ( 6260013001037,   "Tru Nature Juice Bar",                                      "2225 Broadway Ave",                                        "(562) 433-4100",       null, null,     6260013001, null) ;
INSERT INTO StoreTbl VALUES ( 6260013001038,   "Broadway Pizza & Grill",                                    "120 E Broadway",                                           "(562) 901-9690",       null, null,     6260013001, null) ;  -- rst
INSERT INTO StoreTbl VALUES ( 6260013001039,   "P F Chang's China Bistro",                                  "340 S Pine Ave",                                           "(562) 308-1025",       null, null,     6260013001, null) ;
INSERT INTO StoreTbl VALUES ( 6260013001040,   "Canadian Pizza & Grill",                                    "1241 E 4th St",                                            "(562) 980-7605",       null, null,     6260013001, null) ;  -- rst
INSERT INTO StoreTbl VALUES ( 6260013001041,   "Bigmista's Barbecue & Sammich Shop",                        "3444 N Los Coyotes Diagonal",                              "(562) 452-6565",       null, null,     6260013001, null) ;
INSERT INTO StoreTbl VALUES ( 6260013001042,   "Long Beach Pizza",                                          "3430 E Broadway",                                          "(562) 433-0000",       null, null,     6260013001, null) ;
INSERT INTO StoreTbl VALUES ( 6260013001043,   "Belmont Burgers",                                           "4400 E 4th St",                                            "(562) 856-8597",       null, null,     6260013001, null) ;
INSERT INTO StoreTbl VALUES ( 6260013001044,   "McDonald's",                                                "2290 N Bellflower Blvd",                                   "(562) 430-3500",       null, null,     6260013001, null) ;
INSERT INTO StoreTbl VALUES ( 6260013001045,   "Aroma Di Roma",                                             "4708 E 2nd St",                                            "(562) 439-7662",       null, null,     6260013001, null) ;
INSERT INTO StoreTbl VALUES ( 6260013001046,   "Humblebrags Eatery",                                        "3225 Carson St",                                           "(562) 429-3161",       null, null,     6260013001, null) ;
INSERT INTO StoreTbl VALUES ( 6260013001047,   "Shenanigans Irish Pub & Grille",                            "423 Shoreline Village Dr",                                 "(562) 437-3734",       null, null,     6260013001, null) ;  -- rst
INSERT INTO StoreTbl VALUES ( 6260013001048,   "Acapulco Mexican Restaurant Y Cantina",                     "6270 E Pacific Coast Hwy",                                 "(562) 596-3371",       null, null,     6260013001, null) ;  -- rst
INSERT INTO StoreTbl VALUES ( 6260013001049,   "Sunrise Caf",                                              "4101 Lakewood Blvd",                                       "(562) 377-1234",       null, null,     6260013001, null) ;
INSERT INTO StoreTbl VALUES ( 6260013001050,   "Papa John's Pizza",                                         "1957 E 4th St",                                            "(562) 495-7272",       null, null,     6260013001, null) ;
INSERT INTO StoreTbl VALUES ( 6260013001051,   "Outback Steakhouse",                                        "20 W Shoreline Dr",                                        "(562) 435-0002",       null, null,     6260013001, null) ;
INSERT INTO StoreTbl VALUES ( 6260013001052,   "Fantasy Burgers",                                           "1320 E South St",                                          "(562) 422-2313",       null, null,     6260013001, null) ;
INSERT INTO StoreTbl VALUES ( 6260013001053,   "Fortune Cookies Restaurant",                                "11151 Los Alamitos Blvd",                                  "(562) 493-0058",       null, null,     6260013001, null) ;  -- rst
INSERT INTO StoreTbl VALUES ( 6260013001054,   "Kabab Crush",                                               "18300 Gridley Rd",                                         "(562) 860-4777",       null, null,     6260013001, null) ;
INSERT INTO StoreTbl VALUES ( 6260013001055,   "Cafe Del Sol",                                              "3251 Katella Ave",                                         "(562) 431-8873",       null, null,     6260013001, null) ;
INSERT INTO StoreTbl VALUES ( 6260013001056,   "Me-N-Ed's Pizza Parlor",                                    "4115 Paramount Blvd",                                      "(562) 421-8908",       null, null,     6260013001, null) ;
INSERT INTO StoreTbl VALUES ( 6260013001057,   "The Crema Caf & Artisan Bakery",                           "322 Main St",                                              "(562) 493-2501",       null, null,     6260013001, null) ;
INSERT INTO StoreTbl VALUES ( 6260013001058,   "Red Lobster",                                               "4333 Candlewood St",                                       "(562) 634-3474",       null, null,     6260013001, null) ;
INSERT INTO StoreTbl VALUES ( 6260013001059,   "Bakers & Baristas",                                         "11700 South St",                                           "(562) 865-6903",       null, null,     6260013001, null) ;
INSERT INTO StoreTbl VALUES ( 6260013001060,   "Umaya Ramen",                                               "11318 South St",                                           "(562) 924-4242",       null, null,     6260013001, null) ;
INSERT INTO StoreTbl VALUES ( 6260013001061,   "BRIO Coastal Bar and Kitchen",                              "21532 Hawthorne Blvd",                                     "(310) 214-1628",       null, null,     6260013001, null) ;
INSERT INTO StoreTbl VALUES ( 6260013001062,   "A'Roma Ristorante",                                         "30 Centerpointe Dr",                                       "(714) 523-3729",       null, null,     6260013001, null) ;
INSERT INTO StoreTbl VALUES ( 6260013001063,   "Xa Sweet & Savory Cafe",                                    "21202 Beach Boulevard",                                    "(714) 969-2900",       null, null,     6260013001, null) ;
INSERT INTO StoreTbl VALUES ( 6260013001064,   "Mazara Trattoria",                                          "18027 Beach Blvd",                                         "(714) 465-4874",       null, null,     6260013001, null) ;
INSERT INTO StoreTbl VALUES ( 6260013001065,   "Gaetano's Restaurant",                                      "2731 Pacific Coast Hwy",                                   "(310) 326-3354",       null, null,     6260013001, null) ;  -- rst
INSERT INTO StoreTbl VALUES ( 6260013001066,   "Domenick's Pizza House",                                    "24209 Avalon Blvd",                                        "(310) 834-8990",       null, null,     6260013001, null) ;
INSERT INTO StoreTbl VALUES ( 6260013001067,   "Sam's Grill",                                               "3240 W Lincoln Ave",                                       "(714) 236-5585",       null, null,     6260013001, null) ;  -- rst
INSERT INTO StoreTbl VALUES ( 6260013001068,   "Uncle Pete's Cafe",                                         "14276 Beach Blvd",                                         "(714) 893-4991",       null, null,     6260013001, null) ;
INSERT INTO StoreTbl VALUES ( 6260013001069,   "Fish Camp",                                                 "16600 Pacific Coast Hwy",                                  "(562) 592-2267",       null, null,     6260013001, null) ;
INSERT INTO StoreTbl VALUES ( 6260013001070,   "Yummy Spot",                                                "24416 Crenshaw Blvd",                                      "(310) 325-0776",       null, null,     6260013001, null) ;
INSERT INTO StoreTbl VALUES ( 6260013001071,   "Wood Ranch BBQ & Grill",                                    "12801 Towne Center Dr",                                    "(562) 865-0202",       null, null,     6260013001, null) ;  -- wbq-- rst
INSERT INTO StoreTbl VALUES ( 6260013001072,   "Tj's Submarines",                                           "11820 Artesia Blvd",                                       "(562) 860-8396",       null, null,     6260013001, null) ;
INSERT INTO StoreTbl VALUES ( 6260013001073,   "Los Compadres",                                             "11600 Rosecrans Ave",                                      "(562) 929-0061",       null, null,     6260013001, null) ;
INSERT INTO StoreTbl VALUES ( 6260013001074,   "Lucky Guys No 2",                                           "12801 Bellflower Blvd",                                    "(562) 803-3036",       null, null,     6260013001, null) ;
INSERT INTO StoreTbl VALUES ( 6260013001075,   "Harbor House Cafe",                                         "16341 Pacific Coast Hwy",                                  "(562) 592-5404",       null, null,     6260013001, null) ;
INSERT INTO StoreTbl VALUES ( 6260013001076,   "Avenue 3 Pizza, Subs & Catering",                           "12612 South St",                                           "(562) 865-9215",       null, null,     6260013001, null) ;
INSERT INTO StoreTbl VALUES ( 6260013001077,   "Hong Kong Garden",                                          "21718 S Vermont Ave",                                      "(310) 320-8802",       null, null,     6260013001, null) ;
INSERT INTO StoreTbl VALUES ( 6260013001078,   "Grinder Restaurants - San Pedro",                           "511 S Harbor Blvd",                                        "(310) 832-1267",       null, null,     6260013001, null) ;  -- rst
INSERT INTO StoreTbl VALUES ( 6260013001079,   "Kotohira Restaurant",                                       "1747 W Redondo Beach Blvd",                                "(310) 323-3966",       null, null,     6260013001, null) ;  -- rst
INSERT INTO StoreTbl VALUES ( 6260013001080,   "Park Ave Restaurant",                                       "11200 Beach Blvd",                                         "(714) 901-4400",       null, null,     6260013001, null) ;  -- rst
INSERT INTO StoreTbl VALUES ( 6260013001081,   "Seafood Zone - Mistral Hunter",                             "6441 McFadden Ave",                                        "(714) 891-1981",       null, null,     6260013001, null) ;
INSERT INTO StoreTbl VALUES ( 6260013001082,   "Bangkok Avenue",                                            "17221 Beach Blvd",                                         "(714) 841-9567",       null, null,     6260013001, null) ;
INSERT INTO StoreTbl VALUES ( 6260013001083,   "Deli-Licious",                                              "16582 Gothard St",                                         "(714) 841-2435",       null, null,     6260013001, null) ;
INSERT INTO StoreTbl VALUES ( 6260013001084,   "Angels Burger",                                             "11767 S St",                                               "(562) 924-5473",       null, null,     6260013001, null) ;
INSERT INTO StoreTbl VALUES ( 6260013001085,   "Sunny's Family Restaurant",                                 "7148 Edinger Ave",                                         "(714) 841-9934",       null, null,     6260013001, null) ;  -- rst
INSERT INTO StoreTbl VALUES ( 6260013001086,   "Great Maple",                                               "21434 Hawthorne Blvd",                                     "(310) 542-1001",       null, null,     6260013001, null) ;
INSERT INTO StoreTbl VALUES ( 6260013001087,   "The Pan",                                                   "16601 S Western Ave",                                      "(310) 329-7266",       null, null,     6260013001, null) ;
INSERT INTO StoreTbl VALUES ( 6260013001088,   "Aristo Cafe",                                               "3768 W 242nd St",                                          "(310) 375-1600",       null, null,     6260013001, null) ;
INSERT INTO StoreTbl VALUES ( 6260013001089,   "Dalton's Cafe",                                             "5591 Lincoln Ave",                                         "(714) 229-8101",       null, null,     6260013001, null) ;
INSERT INTO StoreTbl VALUES ( 6260013001090,   "Tropicana Bakery & Cuban Caf",                             "10218 Paramount Blvd",                                     "(562) 806-8343",       null, null,     6260013001, null) ;
INSERT INTO StoreTbl VALUES ( 6260013001091,   "La Choza Restaurant",                                       "7402 Edinger Ave",                                         "(714) 842-7888",       null, null,     6260013001, null) ;  -- rst
INSERT INTO StoreTbl VALUES ( 6260013001092,   "Aunt Yese's",                                               "12444 Brookhurst St",                                      "(714) 512-6150",       null, null,     6260013001, null) ;
INSERT INTO StoreTbl VALUES ( 6260013001093,   "Caf Westminster",                                          "6260 Westminster Blvd",                                    "(714) 895-4485",       null, null,     6260013001, null) ;
INSERT INTO StoreTbl VALUES ( 6260013001094,   "Monks Charburgers",                                         "22726 S Vermont Ave",                                      "(310) 320-7400",       null, null,     6260013001, null) ;
INSERT INTO StoreTbl VALUES ( 6260013001095,   "Curry House CoCo Ichibanya",                                "2455 Sepulveda Blvd",                                      "(310) 294-5315",       null, null,     6260013001, null) ;
INSERT INTO StoreTbl VALUES ( 6260013001096,   "Jim's Super Burgers",                                       "3500 W Ball Rd",                                           "(714) 527-0244",       null, null,     6260013001, null) ;
INSERT INTO StoreTbl VALUES ( 6260013001097,   "ZeroZero39 Pizzeria",                                       "221 Main St",                                              "(714) 969-2929",       null, null,     6260013001, null) ;
INSERT INTO StoreTbl VALUES ( 6260013001098,   "Hawkins House of Burgers",                                  "11603 Slater St",                                          "(323) 563-1129",       null, null,     6260013001, null) ;
INSERT INTO StoreTbl VALUES ( 6260013001099,   "The Corner",                                                "8961 Adams Ave",                                           "(714) 968-6800",       null, null,     6260013001, null) ;
INSERT INTO StoreTbl VALUES ( 6260013001100,   "Big Rob's Pizzeria",                                        "13452 Goldenwest St",                                      "(714) 891-1148",       null, null,     6260013001, null) ;
INSERT INTO StoreTbl VALUES ( 6260013001101,   "3rd Street Coffee",                                         "8221 3rd St",                                              "(562) 622-1023",       null, null,     6260013001, null) ;
INSERT INTO StoreTbl VALUES ( 6260013001102,   "Angelina's Famous Pizza",                                   "12553 Alondra Blvd",                                       "(562) 921-6619",       null, null,     6260013001, null) ;
INSERT INTO StoreTbl VALUES ( 6260013001103,   "Tokyo Garden",                                              "11946 S Paramount Blvd",                                   "(562) 923-2715",       null, null,     6260013001, null) ;
INSERT INTO StoreTbl VALUES ( 6260013001104,   "Lazy Dog Restaurant & Bar",                                 "16310 Beach Blvd",                                         "(714) 500-1140",       null, null,     6260013001, null) ;  -- rst
INSERT INTO StoreTbl VALUES ( 6260013001105,   "King's Fish House",                                         "7691 Edinger Ave",                                         "(714) 793-1177",       null, null,     6260013001, null) ;
INSERT INTO StoreTbl VALUES ( 6260013001106,   "El Torito",                                                 "23225 Hawthorne Blvd",                                     "(310) 378-0331",       null, null,     6260013001, null) ;
INSERT INTO StoreTbl VALUES ( 6260013001107,   "Happy Bowl",                                                "12327 Imperial Hwy",                                       "(562) 863-3213",       null, null,     6260013001, null) ;
INSERT INTO StoreTbl VALUES ( 6260013001108,   "Sweet Elle Caf",                                           "7251 Warner Ave",                                          "(714) 841-1270",       null, null,     6260013001, null) ;
INSERT INTO StoreTbl VALUES ( 6260013001109,   "Casa Gamino",                                               "1228 S Brookhurst St",                                     "(714) 956-1120",       null, null,     6260013001, null) ;
INSERT INTO StoreTbl VALUES ( 6260013001110,   "Myungdong Tofu House",                                      "5446 Beach Blvd",                                          "(714) 994-4008",       null, null,     6260013001, null) ;
INSERT INTO StoreTbl VALUES ( 6260013001111,   "Buena Pizza",                                               "2940 W Lincoln Ave",                                       "(714) 826-4663",       null, null,     6260013001, null) ;
INSERT INTO StoreTbl VALUES ( 6260013001112,   "Taco Grill",                                                "8481 Heil Ave",                                            "(714) 841-2444",       null, null,     6260013001, null) ;  -- rst
INSERT INTO StoreTbl VALUES ( 6260013001113,   "Lucille's Smokehouse Bar-B-Que",                            "21420 Hawthorne Blvd, Ste 401 B",                          "(310) 370-7427",       null, null,     6260013001, null) ;
INSERT INTO StoreTbl VALUES ( 6260013001114,   "Applebee's",                                                "12129 Imperial Hwy",                                       "(562) 863-8931",       null, null,     6260013001, null) ;
INSERT INTO StoreTbl VALUES ( 6260013001115,   "The Cheesecake Factory",                                    "7871 Edinger Avenue",                                      "(714) 889-1500",       null, null,     6260013001, null) ;
INSERT INTO StoreTbl VALUES ( 6260013001116,   "Mae's Cafe",                                                "9062 Trask Ave",                                           "(714) 898-7044",       null, null,     6260013001, null) ;
INSERT INTO StoreTbl VALUES ( 6260013001117,   "Benihana",                                                  "21327 Hawthorne Blvd",                                     "(310) 316-7777",       null, null,     6260013001, null) ;
INSERT INTO StoreTbl VALUES ( 6260013001118,   "Pancake Corner",                                            "8938 Atlantic Ave",                                        "(323) 564-7112",       null, null,     6260013001, null) ;
INSERT INTO StoreTbl VALUES ( 6260013001119,   "Tamarack Inn",                                              "9257 Slauson Ave",                                         "(562) 949-1668",       null, null,     6260013001, null) ;
INSERT INTO StoreTbl VALUES ( 6260013001120,   "Rod's Char Burger",                                         "2600 Artesia Blvd",                                        "(310) 376-5124",       null, null,     6260013001, null) ;
INSERT INTO StoreTbl VALUES ( 6260013001121,   "Sugar Shack Caf",                                          "213 Main St",                                              "(714) 536-0355",       null, null,     6260013001, null) ;
INSERT INTO StoreTbl VALUES ( 6260013001122,   "Pizzamania",                                                "13547 Telegraph Rd",                                       "(562) 944-8803",       null, null,     6260013001, null) ;
INSERT INTO StoreTbl VALUES ( 6260013001123,   "Taco Nazo",                                                 "121 S Beach Blvd",                                         "(562) 690-8078",       null, null,     6260013001, null) ;
INSERT INTO StoreTbl VALUES ( 6260013001124,   "Farmer Boys",                                               "6001 Lincoln Ave",                                         "(714) 826-2280",       null, null,     6260013001, null) ;
INSERT INTO StoreTbl VALUES ( 6260013001125,   "Romano's Macaroni Grill",                                   "7901 Edinger Ave",                                         "(714) 901-4481",       null, null,     6260013001, null) ;  -- rst
INSERT INTO StoreTbl VALUES ( 6260013001126,   "Larry's Hamburgers",                                        "639 W Channel St",                                         "(310) 514-8518",       null, null,     6260013001, null) ;
INSERT INTO StoreTbl VALUES ( 6260013001127,   "Mandy's Family Restaurant",                                 "13510 Inglewood Ave",                                      "(310) 676-1399",       null, null,     6260013001, null) ;  -- rst
INSERT INTO StoreTbl VALUES ( 6260013001128,   "Centerfield Sports Lounge",                                 "17296 Beach Blvd",                                         "(714) 848-0113",       null, null,     6260013001, null) ;
INSERT INTO StoreTbl VALUES ( 6260013001129,   "Double or Nothing Pizza",                                   "14992-14998 Mulberry Dr",                                  "(562) 941-0989",       null, null,     6260013001, null) ;
INSERT INTO StoreTbl VALUES ( 6260013001130,   "Rubi's Grill and Frosty Freeze",                            "11401 Washington Blvd",                                    "(562) 699-1470",       null, null,     6260013001, null) ;  -- rst
INSERT INTO StoreTbl VALUES ( 6260013001131,   "China Orange Chicken",                                      "10721 Atlantic Ave",                                       "(310) 638-7117",       null, null,     6260013001, null) ;
INSERT INTO StoreTbl VALUES ( 6260013001132,   "Placement Helpers",                                         "4698 E Pacific Coast Hwy  Long Beach, CA 90804",           "(888) 650-5773",       null, null,     6260013001, null) ;
INSERT INTO StoreTbl VALUES ( 6260013001133,   "Mark Paul Fine Jewelry",                                    "3401 Orange Ave  Long Beach, CA 90807",                    "(562) 612-3610",       null, null,     6260013001, null) ;  -- jewels
INSERT INTO StoreTbl VALUES ( 6260013001134,   "Groove Coin",                                               "4618 E Pacific Coast Hwy  Long Beach, CA 90804",           "(714) 220-7583",       null, null,     6260013001, null) ;
INSERT INTO StoreTbl VALUES ( 6260013001135,   "4th Street Postal",                                         "2436 E 4th St  Long Beach, CA 90814",                      "(562) 343-5344",       null, null,     6260013001, null) ;
INSERT INTO StoreTbl VALUES ( 6260013001136,   "Pacific ConnecTeq",                                         "2740 E Spring St  Long Beach, CA 90806",                   "(562) 800-0260",       null, null,     6260013001, null) ;
INSERT INTO StoreTbl VALUES ( 6260013001137,   "Colorvision Media",                                         "811 E 7th St  Long Beach, CA 90813",                       "(562) 366-8678",       null, null,     6260013001, null) ;
INSERT INTO StoreTbl VALUES ( 6260013001138,   "The Cog and Crank",                                         "4250 Atlantic Ave  Long Beach, CA 90807",                  "(562) 424-7433",       null, null,     6260013001, null) ;
INSERT INTO StoreTbl VALUES ( 6260013001139,   "Dons Appliances",                                          "Long Beach, CA 90755",                                     "(562) 437-6666",       null, null,     6260013001, null) ;
INSERT INTO StoreTbl VALUES ( 6260013001140,   "Placement Helpers",                                         "4698 E Pacific Coast Hwy  Long Beach, CA 90804",           "(888) 650-5773",       null, null,     6260013001, null) ;
INSERT INTO StoreTbl VALUES ( 6260013001141,   "Golden State Tech Consulting",                              "Long Beach, CA 90801",                                     "(562) 481-6846",       null, null,     6260013001, null) ;
INSERT INTO StoreTbl VALUES ( 6260013001142,   "California Business Systems",                               "342 W Willow St  Long Beach, CA 90806",                    "(562) 989-5429",       null, null,     6260013001, null) ;
INSERT INTO StoreTbl VALUES ( 6260013001143,   "Primo Appliance Repair",                                    "Long Beach, CA 90803",                                     "(562) 314-3272",       null, null,     6260013001, null) ;  -- repair
INSERT INTO StoreTbl VALUES ( 6260013001144,   "Long Beach Ronald McDonald House",                          "500 East 27th St  Long Beach, CA 90806",                   "(562) 285-4300",       null, null,     6260013001, null) ;
INSERT INTO StoreTbl VALUES ( 6260013001145,   "Mason Cycle Werks",                                         "Long Beach, CA 90814",                                     "(562) 449-5789",       null, null,     6260013001, null) ;
INSERT INTO StoreTbl VALUES ( 6260013001146,   "Planet 9 Pinball",                                          "Long Beach, CA",                                           "(562) 522-5111",       null, null,     6260013001, null) ;
INSERT INTO StoreTbl VALUES ( 6260013001147,   "Otometric Labs",                                            "4216 Atlantic Ave  Long Beach, CA 90807",                  "(562) 427-4737",       null, null,     6260013001, null) ;
INSERT INTO StoreTbl VALUES ( 6260013001148,   "Burials At Sea By Captain Johnnie Lee",                     "330 S Pine Ave Dock 5 Rainbow Harbor Marina,Long Beach CA","(310) 387-0587",       null, null,     6260013001, null) ;
INSERT INTO StoreTbl VALUES ( 6260013001149,   "Marsteez Productions",                                      "Long Beach, CA 90806",                                     "(562) 818-9275",       null, null,     6260013001, null) ;
INSERT INTO StoreTbl VALUES ( 6260013001150,   "Joses Carpet Cleaning",                                    "Long Beach, CA 90815",                                     "(562) 326-4585",       null, null,     6260013001, null) ;  -- cleaning
INSERT INTO StoreTbl VALUES ( 6260013001151,   "US Post Office",                                            "5405 E Village Rd  Long Beach, CA 90808",                  "(562) 420-6531",       null, null,     6260013001, null) ;
INSERT INTO StoreTbl VALUES ( 6260013001152,   "The Bicycle Stand",                                         "2740 E Broadway  Long Beach, CA 90803",                    "(562) 279-4936",       null, null,     6260013001, null) ;
INSERT INTO StoreTbl VALUES ( 6260013001153,   "Long Beach Appliance Repair",                               "2600 E Anaheim St  Long Beach, CA 90804",                  "(562) 239-3760",       null, null,     6260013001, null) ;  -- repair
INSERT INTO StoreTbl VALUES ( 6260013001154,   "Long Beach Stor-All Inc",                                   "2009 E Pacific Coast Hwy  Long Beach, CA 90804",           "(562) 434-3591",       null, null,     6260013001, null) ;
INSERT INTO StoreTbl VALUES ( 6260013001155,   "Long Beach Direct To Garment Printing",                     "2680 Atlantic Ave  Long Beach, CA 90806",                  "(562) 485-7695",       null, null,     6260013001, null) ;
INSERT INTO StoreTbl VALUES ( 6260013001156,   "Allen Printing & Graphic Design",                           "3244 E Willow St  Signal Hill, CA 90755",                  "(562) 988-1234",       null, null,     6260013001, null) ;
INSERT INTO StoreTbl VALUES ( 6260013001157,   "Ampwerx Repair",                                            "1935 E 7th St  Long Beach, CA 90813",                      "(562) 591-1423",       null, null,     6260013001, null) ;  -- repair
INSERT INTO StoreTbl VALUES ( 6260013001158,   "Pouch Self Storage and RV - Long Beach",                    "1856 Cherry Ave  Long Beach, CA 90806",                    "(562) 344-6029",       null, null,     6260013001, null) ;  -- storage
INSERT INTO StoreTbl VALUES ( 6260013001159,   "Signarama",                                                 "2926 E 7th St  Long Beach, CA 90804",                      "(562) 219-4286",       null, null,     6260013001, null) ;
INSERT INTO StoreTbl VALUES ( 6260013001160,   "Bal Jagat - Childrens World",                              "5199 E Pacific Coast Hwy  Long Beach, CA 90804",           "(562) 597-5029",       null, null,     6260013001, null) ;
INSERT INTO StoreTbl VALUES ( 6260013001161,   "Jack the Shoe Shine Man",                                   "Long Beach, CA 90807",                                     "(714) 356-6045",       null, null,     6260013001, null) ;
INSERT INTO StoreTbl VALUES ( 6260013001162,   "Sunnyside Cemetery",                                        "1095 E Willow St  Long Beach, CA 90806",                   "(562) 595-9392",       null, null,     6260013001, null) ;
INSERT INTO StoreTbl VALUES ( 6260013001163,   "BASTA",                                                     "333 W Broadway  Long Beach, CA 90802",                     "(562) 590-0200",       null, null,     6260013001, null) ;
INSERT INTO StoreTbl VALUES ( 6260013001164,   "Pond Doctor",                                               "Long Beach, CA 90801",                                     "(562) 208-2987",       null, 0014,     6260013001, null) ;  -- med
INSERT INTO StoreTbl VALUES ( 6260013001165,   "Storage Etc - Long Beach",                                  "2911 Redondo Ave  Long Beach, CA 90806",                   "(562) 205-8643",       null, null,     6260013001, null) ;  -- storage
INSERT INTO StoreTbl VALUES ( 6260013001166,   "Mari Pats Needlework Shop",                                "3926 Atlantic Ave  Long Beach, CA 90807",                  "(562) 427-2880",       null, null,     6260013001, null) ;
INSERT INTO StoreTbl VALUES ( 6260013001167,   "I & E Solutions - Document Preparation Service",            "2207 E Broadway  Long Beach, CA 90803",                    "(562) 259-7320",       null, null,     6260013001, null) ;
INSERT INTO StoreTbl VALUES ( 6260013001168,   "Luyben Dilday Mortuary",                                    "5161 E Arbor Rd  Long Beach, CA 90808",                    "(562) 425-6401",       null, null,     6260013001, null) ;
INSERT INTO StoreTbl VALUES ( 6260013001169,   "Minuteman Press of Long Beach",                             "137 W 5th St  Long Beach, CA 90802",                       "(562) 436-8500",       null, null,     6260013001, null) ;
INSERT INTO StoreTbl VALUES ( 6260013001170,   "Fix My PC Please",                                          "3831 Atlantic Ave  Long Beach, CA 90807",                  "(562) 473-0050",       null, null,     6260013001, null) ;
INSERT INTO StoreTbl VALUES ( 6260013001171,   "Torres Mobile Appliance Repair",                            "Long Beach, CA 90806",                                     "(562) 246-4968",       null, null,     6260013001, null) ;  -- repair
INSERT INTO StoreTbl VALUES ( 6260013001172,   "Pacific Coast Appliance Repair",                            "348 Cerritos Ave  Long Beach, CA 90802",                   "(562) 473-0303",       null, null,     6260013001, null) ;  -- repair
INSERT INTO StoreTbl VALUES ( 6260013001173,   "codeKiss Technologies",                                     "Pine Ave & 5th St  Long Beach, CA 90802",                  "(562) 753-5086",       null, null,     6260013001, null) ;
INSERT INTO StoreTbl VALUES ( 6260013001174,   "The Dragon Technologies",                                   "2436 E 4th St  Long Beach, CA 90814",                      "(562) 551-8619",       null, null,     6260013001, null) ;
INSERT INTO StoreTbl VALUES ( 6260013001175,   "Jefferson Bangtens",                                       "210 Pine Ave  Long Beach, CA 90802",                       "(702) 331-1890",       null, null,     6260013001, null) ;
INSERT INTO StoreTbl VALUES ( 6260013001176,   "Sanctus Sound Recording Company",                           "Long Beach, CA 90813",                                     "(562) 999-1332",       null, null,     6260013001, null) ;
INSERT INTO StoreTbl VALUES ( 6260013001177,   "The Extreme Consultant",                                    "5318 E 2nd St No 370  Long Beach, CA 90803",               "(562) 438-1587",       null, null,     6260013001, null) ;
INSERT INTO StoreTbl VALUES ( 6260013001178,   "7even Studios Rehearsal Studios",                           "1793 E 28th St  Signal Hill, CA 90755",                    "(562) 988-7771",       null, null,     6260013001, null) ;
INSERT INTO StoreTbl VALUES ( 6260013001179,   "Pacific Vacuum Cleaners",                                   "2189 Pacific Ave  Long Beach, CA 90806",                   "(562) 591-3149",       null, null,     6260013001, null) ;  -- cleaners
INSERT INTO StoreTbl VALUES ( 6260013001180,   "Premium Termite & Pest Control",                            "3916 Conquista Ave  Long Beach, CA 90808",                 "(562) 283-5524",       null, null,     6260013001, null) ;
INSERT INTO StoreTbl VALUES ( 6260013001181,   "The Angels Ashes",                                          "5150 E Pacific Coast Hwy  Long Beach, CA 90804",           "(714) 393-9999",       null, null,     6260013001, null) ;
INSERT INTO StoreTbl VALUES ( 6260013001182,   "Mkott Pich Jewelry",                                        "2120 E Anaheim St  Long Beach, CA 90804",                  "(562) 433-3530",       null, null,     6260013001, null) ;  -- jewels
INSERT INTO StoreTbl VALUES ( 6260013001183,   "Store for less Self Storage",                               "5400 Paramount Blvd  Long Beach, CA 90805",                "(562) 633-9990",       null, null,     6260013001, null) ;  -- storage
INSERT INTO StoreTbl VALUES ( 6260013001184,   "Benchmark Information Technology",                          "3454 E Anaheim St  Long Beach, CA 90804",                  "(562) 508-4170",       null, null,     6260013001, null) ;
INSERT INTO StoreTbl VALUES ( 6260013001185,   "Titan Technology Consulting",                               "4195 Viking Way  Long Beach, CA 90808",                    "(310) 230-5376",       null, null,     6260013001, null) ;
INSERT INTO StoreTbl VALUES ( 6260013001186,   "The LGBTQ Center of Long Beach",                            "2017 E 4th St  Long Beach, CA 90814",                      "(562) 434-4455",       null, null,     6260013001, null) ;
INSERT INTO StoreTbl VALUES ( 6260013001187,   "Tech Solutions",                                            "4000 Long Beach Blvd  Long Beach, CA 90807",               "(562) 265-8989",       null, null,     6260013001, null) ;
INSERT INTO StoreTbl VALUES ( 6260013001188,   "Speedy G Delivery",                                         "Long Beach, CA 90803",                                     "(562) 433-3348",       null, null,     6260013001, null) ;
INSERT INTO StoreTbl VALUES ( 6260013001189,   "Coast Copier Service",                                      "3180 Pasadena Ave  Long Beach, CA 90807",                  "(562) 595-6530",       null, null,     6260013001, null) ;
INSERT INTO StoreTbl VALUES ( 6260013001190,   "Mimos Jewelry and Watches",                                "2744 E Broadway  Long Beach, CA 90803",                    "(562) 438-8292",       null, null,     6260013001, null) ;  -- jewels
INSERT INTO StoreTbl VALUES ( 6260013001191,   "AAA Quality Self Storage",                                  "3390 Long Beach Blvd  Long Beach, CA 90807",               "(562) 426-8002",       null, null,     6260013001, null) ;  -- storage
INSERT INTO StoreTbl VALUES ( 6260013001192,   "Blue Alien Guitar Repair",                                  "3280 Industry Dr  Signal Hill, CA 90755",                  "(562) 743-2829",       null, null,     6260013001, null) ;  -- repair
INSERT INTO StoreTbl VALUES ( 6260013001193,   "Martas Tailor Shop",                                       "4115 E 7th St  Long Beach, CA 90804",                      "(562) 438-5722",       null, null,     6260013001, null) ;
INSERT INTO StoreTbl VALUES ( 6260013001194,   "Delta Phone Service",                                       "2345 E Anaheim St  Long Beach, CA 90804",                  "(562) 434-6888",       null, null,     6260013001, null) ;
INSERT INTO StoreTbl VALUES ( 6260013001195,   "Gems & Jewels Fine Jewelry and Repair",                     "4130 Atlantic Ave  Long Beach, CA 90807",                  "(562) 426-8601",       null, null,     6260013001, null) ;  -- jewels -- repair
INSERT INTO StoreTbl VALUES ( 6260013001196,   "Perfect Edge Knife Sharpening",                             "Long Beach, CA 90804",                                     "(877) 403-3871",       null, null,     6260013001, null) ;
INSERT INTO StoreTbl VALUES ( 6260013001197,   "Big Studio",                                                "1247 E Hill St  Long Beach, CA 90755",                     "(562) 989-2444",       null, null,     6260013001, null) ;
INSERT INTO StoreTbl VALUES ( 6260013001198,   "Dennises Learning Center",                                 "Long Beach, CA 90813",                                     "(562) 857-8480",       null, null,     6260013001, null) ;
INSERT INTO StoreTbl VALUES ( 6260013001199,   "Mobile Notary",                                             "Long Beach, CA 90804",                                     "(562) 277-3628",       null, null,     6260013001, null) ;
INSERT INTO StoreTbl VALUES ( 6260013001200,   "Murre Cleaners",                                            "1100 Redondo Ave  Long Beach, CA 90804",                   "(562) 439-3768",       null, null,     6260013001, null) ;  -- cleaners
INSERT INTO StoreTbl VALUES ( 6260013001201,   "Ruiz Family Day Care",                                      "611 Obispo Ave  Long Beach, CA 90814",                     "(562) 434-5117",       null, null,     6260013001, null) ;
INSERT INTO StoreTbl VALUES ( 6260013001202,   "Extra Space Storage",                                       "2101 E Carson St  Long Beach, CA 90807",                   "(562) 988-0511",       null, null,     6260013001, null) ;  -- cosm-- storage
INSERT INTO StoreTbl VALUES ( 6260013001203,   "Long Beach Graphix - Basic Plan",                           "406 Ximeno Ave  Long Beach, CA 90814",                     "(562) 433-5358",       null, null,     6260013001, null) ;
INSERT INTO StoreTbl VALUES ( 6260013001204,   "The Box Zone - Long Beach",                                 "5541 E Spring St  Long Beach, CA 90808",                   "(562) 377-0135",       null, null,     6260013001, null) ;
INSERT INTO StoreTbl VALUES ( 6260013001205,   "U-Haul of Long Beach",                                      "1600 E Pacific Coast Hwy  Long Beach, CA 90806",           "(562) 591-7651",       null, null,     6260013001, null) ;
INSERT INTO StoreTbl VALUES ( 6260013001206,   "Poohs Corner House Daycare",                               "3345 San Anseline Ave  Long Beach, CA 90808",              "(562) 477-1615",       null, null,     6260013001, null) ;
INSERT INTO StoreTbl VALUES ( 6260013001207,   "Vega Tax & Insurance Services",                             "2810 E. Anaheim St.  Long Beach, CA 90804",                "(562) 433-7664",       null, null,     6260013001, null) ;
INSERT INTO StoreTbl VALUES ( 6260013001208,   "Long Beach Guitar Repair",                                  "2930 E 7th St  Long Beach, CA 90804",                      "(562) 621-9000",       null, null,     6260013001, null) ;  -- repair
INSERT INTO StoreTbl VALUES ( 6260013001209,   "LBCT",                                                      "1171 Pier F Ave  Long Beach, CA 90802",                    "(562) 435-8585",       null, null,     6260013001, null) ;
INSERT INTO StoreTbl VALUES ( 6260013001210,   "Stor-It Self Storage",                                      "2601 E South St  Long Beach, CA 90805",                    "(562) 422-5333",       null, null,     6260013001, null) ;  -- storage
INSERT INTO StoreTbl VALUES ( 6260013001211,   "Sprint",                                                    "100 E Willow St  Long Beach, CA 90806",                    "(562) 336-1414",       null, null,     6260013001, null) ;
INSERT INTO StoreTbl VALUES ( 6260013001212,   "The Academy Denim & Tailoring",                             "429 E 1st St  Long Beach, CA 90802",                       "(562) 373-5112",       null, null,     6260013001, null) ;
INSERT INTO StoreTbl VALUES ( 6260013001213,   "Cleantime",                                                 "3450 E Spring St  Long Beach, CA 90806",                   "(562) 421-2010",       null, null,     6260013001, null) ;
INSERT INTO StoreTbl VALUES ( 6260013001214,   "Bill Cheney",                                               "1511 Greenbrier Rd  Long Beach, CA 90815",                 "(562) 818-0696",       null, null,     6260013001, null) ;
INSERT INTO StoreTbl VALUES ( 6260013001215,   "Als Fingerprinting & Photography Service",                 "435 E 3rd St  Long Beach, CA 90802",                       "(562) 437-1591",       null, null,     6260013001, null) ;
INSERT INTO StoreTbl VALUES ( 6260013001216,   "Phillips Steel",                                            "1368 W Anaheim St  Long Beach, CA 90813",                  "(562) 435-7571",       null, null,     6260013001, null) ;
INSERT INTO StoreTbl VALUES ( 6260013001217,   "Sound & Vibe Recording Studio",                             "Long Beach, CA 90806",                                     "(248) 854-7685",       null, null,     6260013001, null) ;
INSERT INTO StoreTbl VALUES ( 6260013001218,   "Long Beach Computer Repair",                                "4378 Atlantic Ave  Long Beach, CA 90807",                  "(562) 424-9684",       null, null,     6260013001, null) ;  -- repair
INSERT INTO StoreTbl VALUES ( 6260013001219,   "Hamilton Cleaners",                                         "9572 Hamilton Ave  Huntington Beach, CA 92646",            "(714) 968-3633",       null, null,     6260013001, null) ;  -- cleaners
INSERT INTO StoreTbl VALUES ( 6260013001220,   "U-Haul at Cherry Ave",                                      "4045 Cherry Av  Long Beach, CA 90807",                     "(562) 595-6318",       null, null,     6260013001, null) ;
INSERT INTO StoreTbl VALUES ( 6260013001221,   "European Tailoring",                                        "497 W Willow St  Long Beach, CA 90806",                    "(562) 424-0245",       null, null,     6260013001, null) ;
INSERT INTO StoreTbl VALUES ( 6260013001222,   "McKenzie Cremation And Burial",                             "3843 E Anaheim St  Long Beach, CA 90804",                  "(562) 961-9301",       null, null,     6260013001, null) ;
INSERT INTO StoreTbl VALUES ( 6260013001223,   "Love Laundry",                                              "6663 Long Beach Blvd  Long Beach, CA 90805",               "(818) 259-0690",       null, null,     6260013001, null) ;  -- cleaners
INSERT INTO StoreTbl VALUES ( 6260013001224,   "KNBC Graphics",                                             "Long Beach, CA 90815",                                     "(562) 494-4609",       null, null,     6260013001, null) ;
INSERT INTO StoreTbl VALUES ( 6260013001225,   "Jax Bicycle Center",                                        "3000 N Bellflower Blvd  Long Beach, CA 90808",             "(562) 421-4646",       null, null,     6260013001, null) ;
INSERT INTO StoreTbl VALUES ( 6260013001226,   "FixMyGDpc",                                                 "3733 California Ave  Long Beach, CA 90028",                "(424) 244-9024",       null, null,     6260013001, null) ;
INSERT INTO StoreTbl VALUES ( 6260013001227,   "Betty Brite Cleaners",                                      "3901 E Broadway  Long Beach, CA 90803",                    "(562) 434-2383",       null, null,     6260013001, null) ;  -- cleaners
INSERT INTO StoreTbl VALUES ( 6260013001228,   "Colour My Energy",                                          "Long Beach, CA 90802",                                     "(562) 999-1862",       null, null,     6260013001, null) ;
INSERT INTO StoreTbl VALUES ( 6260013001229,   "Luckys Laundry",                                           "1001 E Pacific Coast Hwy  Long Beach, CA 90806",           "(562) 489-1740",       null, null,     6260013001, null) ;  -- cleaners
INSERT INTO StoreTbl VALUES ( 6260013001230,   "Atlantic Mail Plus",                                        "404 E 1st St  Long Beach, CA 90802",                       "(562) 590-0503",       null, null,     6260013001, null) ;
INSERT INTO StoreTbl VALUES ( 6260013001231,   "Family Shoe Wash",                                          "4114 Orange Ave  Long Beach, CA 90807",                    "(562) 290-0046",       null, null,     6260013001, null) ;
INSERT INTO StoreTbl VALUES ( 6260013001232,   "Betty Brite Cleaners",                                      "5520 E 2nd St Ste 1  Long Beach, CA 90803",                "(562) 438-6129",       null, null,     6260013001, null) ;  -- cleaners
INSERT INTO StoreTbl VALUES ( 6260013001233,   "Kid Works Childrens Center",                               "3621 E Broadway  Long Beach, CA 90803",                    "(562) 438-4904",       null, null,     6260013001, null) ;
INSERT INTO StoreTbl VALUES ( 6260013001234,   "Goodwill Attended Donation Center",                         "3908 Woodruff Ave  Long Beach, CA 90808",                  "(562) 435-3411",       null, null,     6260013001, null) ;
INSERT INTO StoreTbl VALUES ( 6260013001235,   "Dells TV Services",                                        "3328 E Anaheim St  Long Beach, CA 90804",                  "(562) 433-0639",       null, null,     6260013001, null) ;
INSERT INTO StoreTbl VALUES ( 6260013001236,   "Famous Appliance Repair",                                   "6741 N Long Beach Blvd  Long Beach, CA 90805",             "(562) 392-8834",       null, null,     6260013001, null) ;  -- repair
INSERT INTO StoreTbl VALUES ( 6260013001237,   "SayIt Promos",                                              "Long Beach, CA 90815",                                     "(562) 528-5194",       null, null,     6260013001, null) ;
INSERT INTO StoreTbl VALUES ( 6260013001238,   "A1 Speedy Appliance",                                       "22341 N Bellflower Blvd  Long Beach, CA 90815",            "(562) 421-0707",       null, null,     6260013001, null) ;
INSERT INTO StoreTbl VALUES ( 6260013001239,   "Susan European Dressmaker",                                 "3319 E 7th St  Long Beach, CA 90804",                      "(562) 439-7435",       null, null,     6260013001, null) ;
INSERT INTO StoreTbl VALUES ( 6260013001240,   "McCartys Jewelry",                                          "5011 E 2nd St  Long Beach, CA 90803",                      "(562) 438-1581",       null, null,     6260013001, null) ;  -- jewels
INSERT INTO StoreTbl VALUES ( 6260013001241,   "Bikestation Long Beach",                                    "223 E 1st St  Long Beach, CA 90802",                       "(562) 436-2453",       null, null,     6260013001, null) ;
INSERT INTO StoreTbl VALUES ( 6260013001242,   "Noble Termite",                                             "1511 E Anaheim St.  Long Beach, CA 90813",                 "(562) 218-7685",       null, null,     6260013001, null) ;
INSERT INTO StoreTbl VALUES ( 6260013001243,   "SoCal Harvest",                                             "Long Beach, CA 90813",                                     "(323) 678-6036",       null, null,     6260013001, null) ;
INSERT INTO StoreTbl VALUES ( 6260013001244,   "Cash 4 Gold",                                               "412 Cherry Ave  Long Beach, CA 90802",                     "(562) 856-1400",       null, null,     6260013001, null) ;
INSERT INTO StoreTbl VALUES ( 6260013001245,   "LBTechGuy",                                                 "Long Beach, CA 90814",                                     "(562) 735-3677",       null, null,     6260013001, null) ;
INSERT INTO StoreTbl VALUES ( 6260013001246,   "Wrinkle Free IT",                                           "Long Beach, CA 90807",                                     "(562) 999-2563",       null, null,     6260013001, null) ;
INSERT INTO StoreTbl VALUES ( 6260013001247,   "Power Computer",                                            "3212 E Willow St  Signal Hill, CA 90755",                  "(562) 595-8918",       null, null,     6260013001, null) ;
INSERT INTO StoreTbl VALUES ( 6260013001248,   "International City Studios",                                "3280 Industry Dr  Signal Hill, CA 90755",                  "(562) 494-6100",       null, null,     6260013001, null) ;
INSERT INTO StoreTbl VALUES ( 6260013001249,   "Juan Sandoval Sprinklers",                                  "1080 E 60th St  Long Beach, CA 90805",                     "(562) 608-8761",       null, null,     6260013001, null) ;
INSERT INTO StoreTbl VALUES ( 6260013001250,   "Crown Cleaners",                                            "3581 N Los Coyotes Diagonal  Long Beach, CA 90808",        "(562) 420-3510",       null, null,     6260013001, null) ;  -- cleaners
INSERT INTO StoreTbl VALUES ( 6260013001251,   "Barenos Home Day Care",                                     "4807 6th Street  Long Beach, CA 90814",                    "(310) 489-7480",       null, null,     6260013001, null) ;
INSERT INTO StoreTbl VALUES ( 6260013001252,   "Saenz Income Tax",                                          "5422 Long Beach Blvd  Long Beach, CA 90805",               "(562) 428-9885",       null, null,     6260013001, null) ;
INSERT INTO StoreTbl VALUES ( 6260013001253,   "Allen & Son Refrigeration",                                 "4067 Hardwick St  Long Beach, CA 90802",                   "(562) 684-1337",       null, null,     6260013001, null) ;
INSERT INTO StoreTbl VALUES ( 6260013001254,   "Stay Clean Laundry",                                        "1910 E Pacific Coast Hwy  Long Beach, CA 90806",           "(213) 289-6792",       null, null,     6260013001, null) ;  -- cleaners
INSERT INTO StoreTbl VALUES ( 6260013001255,   "CSULB Isabel Patterson Child Development Center",           "5700 E Atherton St  Long Beach, CA 90815",                 "(562) 985-5333",       null, null,     6260013001, null) ;
INSERT INTO StoreTbl VALUES ( 6260013001256,   "Red Eye Media",                                             "3550 Long Beach Blvd  Long Beach, CA 90807",               "(562) 896-3080",       null, null,     6260013001, null) ;
INSERT INTO StoreTbl VALUES ( 6260013001257,   "Silver Bear Preschool",                                     "2700 E 7th St  Long Beach, CA 90804",                      "(562) 434-1400",       null, null,     6260013001, null) ;
INSERT INTO StoreTbl VALUES ( 6260013001258,   "The Mail Box",                                              "6475 E Pacific Coast Hwy  Long Beach, CA 90803",           "(562) 493-2489",       null, null,     6260013001, null) ;
INSERT INTO StoreTbl VALUES ( 6260013001259,   "Gruipp",                                                    "1738 East Broadway  Long Beach, CA 90802",                 "(323) 509-8254",       null, null,     6260013001, null) ;
INSERT INTO StoreTbl VALUES ( 6260013001260,   "One Stop LB",                                               "2600 E Anaheim St  Long Beach, CA 90804",                  "(562) 434-6283",       null, null,     6260013001, null) ;
INSERT INTO StoreTbl VALUES ( 6260013001261,   "Tanenbaums Treasures Estate Sales & Appraisals",           "Long Beach, CA",                                           "(562) 209-5046",       null, null,     6260013001, null) ;
INSERT INTO StoreTbl VALUES ( 6260013001262,   "Goyette Sound and Video",                                   "Long Beach, CA",                                           "(562) 743-8555",       null, null,     6260013001, null) ;
INSERT INTO StoreTbl VALUES ( 6260013001263,   "PostalAnnex+",                                              "6444 E Spring St  Long Beach, CA 90815",                   "(562) 270-5644",       null, null,     6260013001, null) ;
INSERT INTO StoreTbl VALUES ( 6260013001264,   "Aristotext",                                                "3937 E Anaheim St  Long Beach, CA 90804",                  "(562) 498-7100",       null, null,     6260013001, null) ;
INSERT INTO StoreTbl VALUES ( 6260013001265,   "Long Beach Rescue Mission",                                 "1430 Pacific Ave  Long Beach, CA 90813",                   "(562) 591-1292",       null, null,     6260013001, null) ;
INSERT INTO StoreTbl VALUES ( 6260013001266,   "The Washing Machine",                                       "4339 E 4th St  Long Beach, CA 90814",                      "(562) 989-0270",       null, null,     6260013001, null) ;
INSERT INTO StoreTbl VALUES ( 6260013001267,   "American Red Cross",                                        "3150 E 29th St  Long Beach, CA 90806",                     "(562) 595-6341",       null, null,     6260013001, null) ;
INSERT INTO StoreTbl VALUES ( 6260013001268,   "Lees Appliances",                                           "2820 E Anaheim St  Long Beach, CA 90804",                  "(562) 433-4877",       null, null,     6260013001, null) ;
INSERT INTO StoreTbl VALUES ( 6260013001269,   "ASI Recycling Center",                                      "5800 Atherton St  Long Beach, CA 90840",                   "(562) 985-5461",       null, null,     6260013001, null) ;
INSERT INTO StoreTbl VALUES ( 6260013001270,   "Crystal Cleaners",                                          "1232 Obispo Ave  Long Beach, CA 90804",                    "(562) 961-5998",       null, null,     6260013001, null) ;  -- cleaners
INSERT INTO StoreTbl VALUES ( 6260013001271,   "CEN7 Design",                                               "Long Beach, CA 90808",                                     "(562) 243-6618",       null, null,     6260013001, null) ;
INSERT INTO StoreTbl VALUES ( 6260013001272,   "Ace Mobile Notary Services",                                "5318 E 2nd St  Long Beach, CA 90803",                      "(562) 708-2222",       null, null,     6260013001, null) ;
INSERT INTO StoreTbl VALUES ( 6260013001273,   "Dorothy Ahrens Nursery School",                             "4960 Long Beach Blvd  Long Beach, CA 90805",               "(562) 423-3880",       null, null,     6260013001, null) ;
INSERT INTO StoreTbl VALUES ( 6260013001274,   "Softone Dry Cleaning",                                      "4474 California Pl  Long Beach, CA 90807",                 "(562) 422-3289",       null, null,     6260013001, null) ;  -- cleaning
INSERT INTO StoreTbl VALUES ( 6260013001275,   "1-800-GOT-JUNK",                                            "Long Beach, CA 90807",                                     "(800) 468-5865",       null, null,     6260013001, null) ;
INSERT INTO StoreTbl VALUES ( 6260013001276,   "Paramount Cleaners",                                        "1711 E Broadway  Long Beach, CA 90802",                    "(562) 436-2094",       null, null,     6260013001, null) ;  -- cleaners
INSERT INTO StoreTbl VALUES ( 6260013001277,   "Kidz R US Community Child",                                 "1115 E Market St  Long Beach, CA 90805",                   "(562) 423-0333",       null, null,     6260013001, null) ;
INSERT INTO StoreTbl VALUES ( 6260013001278,   "Assured Quality Carpet Cleaning",                           "3520 Long Beach Blvd  Long Beach, CA 90807",               "(562) 424-6100",       null, null,     6260013001, null) ;  -- cleaning
INSERT INTO StoreTbl VALUES ( 6260013001279,   "Fit & Style",                                               "6545 E Pacific Coast Hwy  Long Beach, CA 90803",           "(562) 431-6503",       null, null,     6260013001, null) ;
INSERT INTO StoreTbl VALUES ( 6260013001280,   "Storco Self Storage",                                       "3050 Orange Ave  Long Beach, CA 90807",                    "(562) 595-6358",       null, null,     6260013001, null) ;  -- storage
INSERT INTO StoreTbl VALUES ( 6260013001281,   "Cameron Welding Supply",                                    "1690 Cota Ave  Long Beach, CA 90813",                      "(562) 428-3440",       null, null,     6260013001, null) ;
INSERT INTO StoreTbl VALUES ( 6260013001282,   "4th & Temple Laundromat",                                   "2805 E 4th St  Long Beach, CA 90814",                      "(562) 438-5864",       null, null,     6260013001, null) ;
INSERT INTO StoreTbl VALUES ( 6260013001283,   "Public Storage",                                            "2506 Atlantic Ave  Long Beach, CA 90806",                  "(866) 677-5147",       null, null,     6260013001, null) ;  -- storage
INSERT INTO StoreTbl VALUES ( 6260013001284,   "Erwins Custom Upholstery",                                 "3990 Cherry Ave  Long Beach, CA 90807",                    "(562) 424-0981",       null, null,     6260013001, null) ;
INSERT INTO StoreTbl VALUES ( 6260013001285,   "The UPS Store",                                             "4712 E 2Nd St  Long Beach, CA 90803",                      "(562) 433-8900",       null, null,     6260013001, null) ;
INSERT INTO StoreTbl VALUES ( 6260013001286,   "SoCal TechMasters",                                         "Long Beach, CA",                                           "(562) 257-6893",       null, null,     6260013001, null) ;
INSERT INTO StoreTbl VALUES ( 6260013001287,   "Katella Cleaners",                                          "5748 E 2nd St  Long Beach, CA 90803",                      "(562) 434-8344",       null, null,     6260013001, null) ;  -- cleaners
INSERT INTO StoreTbl VALUES ( 6260013001288,   "Dare To Care For the Homeless",                             "4508 Atlantic Ave  Long Beach, CA 90807",                  "(562) 334-2971",       null, null,     6260013001, null) ;
INSERT INTO StoreTbl VALUES ( 6260013001289,   "US Storage Centers",                                        "6655 Atlantic Ave  Long Beach, CA 90805",                  "(562) 344-5897",       null, null,     6260013001, null) ;  -- storage
INSERT INTO StoreTbl VALUES ( 6260013001290,   "The Trend Machine",                                         "Long Beach, CA 90805",                                     "(562) 999-2095",       null, null,     6260013001, null) ;
INSERT INTO StoreTbl VALUES ( 6260013001291,   "Certified Tax & Financial Services",                        "3703 Long Beach Blvd  Long Beach, CA 90807",               "(562) 426-1585",       null, null,     6260013001, null) ;
INSERT INTO StoreTbl VALUES ( 6260013001292,   "Js Cleaners",                                              "5714 E 7th St  Long Beach, CA 90803",                      "(562) 494-0909",       null, null,     6260013001, null) ;  -- cleaners
INSERT INTO StoreTbl VALUES ( 6260013001293,   "Panda Memorials",                                           "6145 Cherry Ave  Long Beach, CA 90805",                    "(562) 726-3241",       null, null,     6260013001, null) ;
INSERT INTO StoreTbl VALUES ( 6260013001294,   "Nice Alterations & Tailoring",                              "2745 E Broadway  Long Beach, CA 90803",                    "(562) 439-7650",       null, null,     6260013001, null) ;
INSERT INTO StoreTbl VALUES ( 6260013001295,   "Deep Cleaning Experts",                                     "Long Beach, CA 90802",                                     "(562) 213-6738",       null, null,     6260013001, null) ;  -- cleaning
INSERT INTO StoreTbl VALUES ( 6260013001296,   "Bail Hotline Bail Bonds",                                   "507 East Broadway  Long Beach, CA 90802",                  "(562) 612-7407",       null, null,     6260013001, null) ;
INSERT INTO StoreTbl VALUES ( 6260013001297,   "Long Beach Maytag",                                         "967 E 4th St  Long Beach, CA 90802",                       "(562) 590-9411",       null, null,     6260013001, null) ;
INSERT INTO StoreTbl VALUES ( 6260013001298,   "Sears Appliance Repair",                                    "2100N Bellflower Blvd  Long Beach, CA 90815",              "(562) 320-8999",       null, null,     6260013001, null) ;  -- repair
INSERT INTO StoreTbl VALUES ( 6260013001299,   "Elite Buyer Corp",                                          "135 E 9th St  Long Beach, CA 90813",                       "(562) 366-4177",       null, null,     6260013001, null) ;
INSERT INTO StoreTbl VALUES ( 6260013001300,   "Globe Gas Corporation",                                     "5843 N Paramount Blvd  Long Beach, CA 90805",              "(562) 422-0405",       null, null,     6260013001, null) ;
INSERT INTO StoreTbl VALUES ( 6260013001301,   "The UPS Store",                                             "3553 Atlantic Ave  Long Beach, CA 90807",                  "(562) 981-6245",       null, null,     6260013001, null) ;
INSERT INTO StoreTbl VALUES ( 6260013001302,   "Zoeys Place Rescue",                                       "Long Beach, CA 90808",                                     "(310) 897-9422",       null, null,     6260013001, null) ;
INSERT INTO StoreTbl VALUES ( 6260013001303,   "A Plus Tech Support",                                       "Long Beach, CA 90814",                                     "(714) 660-3448",       null, null,     6260013001, null) ;
INSERT INTO StoreTbl VALUES ( 6260013001304,   "Beacon For Him Ministries",                                 "439 W. Anaheim St  Long Beach, CA 90813",                  "(562) 591-2299",       null, null,     6260013001, null) ;
INSERT INTO StoreTbl VALUES ( 6260013001305,   "Macbook Repair",                                            "133 E 9th St  Long Beach, CA 90813",                       "(310) 906-0665",       null, null,     6260013001, null) ;  -- repair
INSERT INTO StoreTbl VALUES ( 6260013001306,   "Paris Tailors & Cleaners",                                  "5003 2nd St  Long Beach, CA 90803",                        "(562) 621-1508",       null, null,     6260013001, null) ;  -- cleaners
INSERT INTO StoreTbl VALUES ( 6260013001307,   "Dionne Family Child Care",                                  "3514 Bellflower Blvd  Long Beach, CA 90808",               "(562) 519-3330",       null, null,     6260013001, null) ;
INSERT INTO StoreTbl VALUES ( 6260013001308,   "Red Eye Printing",                                          "532 E 4th St  Long Beach, CA 90802",                       "(562) 436-3433",       null, null,     6260013001, null) ;
INSERT INTO StoreTbl VALUES ( 6260013001309,   "Mail Services ETC",                                         "2892 N Bellflower Blvd  Long Beach, CA 90815",             "(562) 377-1212",       null, null,     6260013001, null) ;
INSERT INTO StoreTbl VALUES ( 6260013001310,   "Long Beach Christian Day Care & Preschool",                 "5559 E Wardlow Rd  Long Beach, CA 90808",                  "(562) 429-0551",       null, null,     6260013001, null) ;
INSERT INTO StoreTbl VALUES ( 6260013001311,   "The Woodshed",                                              "Long Beach, CA 90815",                                     "(562) 522-9095",       null, null,     6260013001, null) ;
INSERT INTO StoreTbl VALUES ( 6260013001312,   "Backyard Friends Child Care",                               "Long Beach, CA 90815",                                     "(562) 421-9560",       null, null,     6260013001, null) ;
INSERT INTO StoreTbl VALUES ( 6260013001313,   "Perfect Dry Cleaners",                                      "4374 Atlantic Ave  Long Beach, CA 90807",                  "(562) 988-1300",       null, null,     6260013001, null) ;  -- cleaners
INSERT INTO StoreTbl VALUES ( 6260013001314,   "Staples",                                                   "4600 E Pacific Coast Hwy  Long Beach, CA 90804",           "(562) 597-1922",       null, null,     6260013001, null) ;
INSERT INTO StoreTbl VALUES ( 6260013001315,   "Shore Business Center",                                     "5318 E 2nd St  Long Beach, CA 90803",                      "(562) 987-4777",       null, null,     6260013001, null) ;
INSERT INTO StoreTbl VALUES ( 6260013001316,   "Douglass Family Day Care",                                  "6040 Los Arcos St  Long Beach, CA 90815",                  "(562) 596-2456",       null, null,     6260013001, null) ;
INSERT INTO StoreTbl VALUES ( 6260013001317,   "Operation Jump Start",                                      "3515 Linden Ave  Long Beach, CA 90807",                    "(562) 988-2131",       null, null,     6260013001, null) ;
INSERT INTO StoreTbl VALUES ( 6260013001318,   "Buena Ventures",                                            "Long Beach, CA",                                           "(805) 331-9564",       null, null,     6260013001, null) ;
INSERT INTO StoreTbl VALUES ( 6260013001319,   "Spin Cycle",                                                "715 Termino Ave  Long Beach, CA 90804",                    "(562) 439-1049",       null, null,     6260013001, null) ;
INSERT INTO StoreTbl VALUES ( 6260013001320,   "SewVac Ltd.",                                               "1762 Clark Ave  Long Beach, CA 90815",                     "(562) 498-6684",       null, null,     6260013001, null) ;
INSERT INTO StoreTbl VALUES ( 6260013001321,   "Alterations & Design",                                      "6491 E Pacific Coast Hwy  Long Beach, CA 90803",           "(562) 856-9633",       null, null,     6260013001, null) ;
INSERT INTO StoreTbl VALUES ( 6260013001322,   "Stitches To Scenes",                                        "2834 Monogram Ave  Long Beach, CA 90815",                  "(562) 420-1364",       null, null,     6260013001, null) ;
INSERT INTO StoreTbl VALUES ( 6260013001323,   "Pacific Ocean Dry Cleaners",                                "906 E Pacific Coast Hwy  Long Beach, CA 90806",            "(562) 612-3400",       null, null,     6260013001, null) ;  -- cleaners
INSERT INTO StoreTbl VALUES ( 6260013001324,   "Long Beach Aids Foundation",                                "2630 E 4th St  Long Beach, CA 90814",                      "(562) 987-5200",       null, null,     6260013001, null) ;
INSERT INTO StoreTbl VALUES ( 6260013001325,   "Batteries Plus Bulbs",                                      "2520 Cherry Ave  Signal Hill, CA 90755",                   "(562) 294-4494",       null, null,     6260013001, null) ;
INSERT INTO StoreTbl VALUES ( 6260013001326,   "New Generation Empowerment Group",                          "2698 Junipero Ave  Signal Hill, CA 90755",                 "(310) 936-5667",       null, null,     6260013001, null) ;
INSERT INTO StoreTbl VALUES ( 6260013001327,   "Mailbox Plus",                                              "2201 E Willow St  Signal Hill, CA 90755",                  "(562) 426-5869",       null, null,     6260013001, null) ;
INSERT INTO StoreTbl VALUES ( 6260013001328,   "American Industrial Services",                              "5626 Cherry Ave  Long Beach, CA 90805",                    "(800) 500-3881",       null, null,     6260013001, null) ;
INSERT INTO StoreTbl VALUES ( 6260013001329,   "Antique Stoves",                                            "4901 E Conant St  Long Beach, CA 90808",                   "(562) 326-4945",       null, null,     6260013001, null) ;
INSERT INTO StoreTbl VALUES ( 6260013001330,   "Extra Space Storage",                                       "8150 E. Wardlow Rd  Long Beach, CA 90808",                 "(562) 799-9900",       null, null,     6260013001, null) ;  -- cosm-- storage
INSERT INTO StoreTbl VALUES ( 6260013001331,   "Iron Cobras Fabrication",                                   "1390 E Burnett St  Signal Hill, CA 90755",                 "(562) 310-9793",       null, null,     6260013001, null) ;
INSERT INTO StoreTbl VALUES ( 6260013001332,   "Special Olympics of Long Beach",                            "3520 Monogram Ave  Long Beach, CA 90808",                  "(562) 999-6019",       null, null,     6260013001, null) ;
INSERT INTO StoreTbl VALUES ( 6260013001333,   "My Appliance Service",                                      "6285 East Spring St  Long Beach, CA 90808",                "(888) 273-5162",       null, null,     6260013001, null) ;
INSERT INTO StoreTbl VALUES ( 6260013001334,   "Final Legacy",                                              "1900 E Artesia Blvd  Long Beach, CA 90805",                "(888) 845-5195",       null, null,     6260013001, null) ;
INSERT INTO StoreTbl VALUES ( 6260013001335,   "CSULB Foundation",                                          "1430 El Mirador Ave  Long Beach, CA 90815",                "(562) 597-8098",       null, null,     6260013001, null) ;
INSERT INTO StoreTbl VALUES ( 6260013001336,   "Mamas Coin Laundry",                                       "6163 Atlantic Ave  Long Beach, CA 90805",                  "(562) 416-3330",       null, null,     6260013001, null) ;  -- cleaners
INSERT INTO StoreTbl VALUES ( 6260013001337,   "The Dry Cleaner",                                           "3427 E Anaheim St  Long Beach, CA 90804",                  "(562) 498-1134",       null, null,     6260013001, null) ;  -- cleaners
INSERT INTO StoreTbl VALUES ( 6260013001338,   "Solace State Design & Marketing Solutions",                 "111 W Ocean Blvd  Long Beach, CA 90802",                   "(323) 678-6273",       null, null,     6260013001, null) ;
INSERT INTO StoreTbl VALUES ( 6260013001339,   "The Copy Place",                                            "3450 E Spring St  Long Beach, CA 90806",                   "(562) 426-6626",       null, null,     6260013001, null) ;
INSERT INTO StoreTbl VALUES ( 6260013001340,   "Tiny Auto Detailing",                                       "2330 E 7th St  Long Beach, CA 90804",                      "(562) 386-2434",       null, null,     6260013001, null) ;
INSERT INTO StoreTbl VALUES ( 6260013001341,   "We Can Do It Transportation",                               "3671 Industry Ave  Lakewood, CA 90712",                    "(562) 519-4273",       null, null,     6260013001, null) ;
INSERT INTO StoreTbl VALUES ( 6260013001342,   "Harbor Diesel & Equip",                                     "537 W Anaheim St  Long Beach, CA 90813",                   "(562) 591-5665",       null, null,     6260013001, null) ;
INSERT INTO StoreTbl VALUES ( 6260013001343,   "Security Mini Storage",                                     "1336 Newport Ave  Long Beach, CA 90804",                   "(562) 498-3740",       null, null,     6260013001, null) ;  -- storage
INSERT INTO StoreTbl VALUES ( 6260013001344,   "Bischoff Sheet Metal",                                      "1336 Newport Ave  Long Beach, CA 90804",                   "(562) 498-6563",       null, null,     6260013001, null) ;
INSERT INTO StoreTbl VALUES ( 6260013001345,   "Phnom Pich Jewelry",                                        "1569 E Anaheim St  Long Beach, CA 90813",                  "(562) 591-6264",       null, null,     6260013001, null) ;  -- jewels
INSERT INTO StoreTbl VALUES ( 6260013001346,   "HOPE Inside Long Beach",                                    "1900 Atlantic Ave  Long Beach, CA 90806",                  "(562) 218-5011",       null, null,     6260013001, null) ;
INSERT INTO StoreTbl VALUES ( 6260013001347,   "Gilmore Music Store",                                       "1935 E 7th St  Long Beach, CA 90813",                      "(562) 599-1369",       null, null,     6260013001, null) ;
INSERT INTO StoreTbl VALUES ( 6260013001348,   "Best Printing",                                             "1628 E Anaheim St  Long Beach, CA 90813",                  "(562) 599-4048",       null, null,     6260013001, null) ;
INSERT INTO StoreTbl VALUES ( 6260013001349,   "Integrity Termite",                                         "2801 Junipero Ave  Signal Hill, CA 90755",                 "(562) 988-1170",       null, null,     6260013001, null) ;
INSERT INTO StoreTbl VALUES ( 6260013001350,   "Orchid Cleaners & Laundry",                                 "2706 E Broadway  Long Beach, CA 90803",                    "(562) 434-0918",       null, null,     6260013001, null) ;  -- cleaners
INSERT INTO StoreTbl VALUES ( 6260013001351,   "Go Girl Mobile Notary",                                     "Long Beach, CA 90804",                                     "(310) 600-9467",       null, null,     6260013001, null) ;
INSERT INTO StoreTbl VALUES ( 6260013001352,   "Whip - World Harvest Immigration Project",                  "Long Beach, CA 90804",                                     "(562) 800-0247",       null, null,     6260013001, null) ;
INSERT INTO StoreTbl VALUES ( 6260013001353,   "Angels Carpet Cleaning",                                   "Long Beach, CA 90804",                                     "(562) 439-2058",       null, null,     6260013001, null) ;  -- cleaning
INSERT INTO StoreTbl VALUES ( 6260013001354,   "Blue Ribbon Cleaners",                                      "640 Redondo Ave  Long Beach, CA 90814",                    "(562) 438-6878",       null, null,     6260013001, null) ;  -- cleaners
INSERT INTO StoreTbl VALUES ( 6260013001355,   "Villa Valet Cleaners",                                      "1001 E Broadway  Long Beach, CA 90802",                    "(562) 437-4069",       null, null,     6260013001, null) ;  -- cleaners
INSERT INTO StoreTbl VALUES ( 6260013001356,   "Long Beach Apparel",                                        "2667 E 28th St  Signal Hill, CA 90755",                    "(562) 607-3432",       null, null,     6260013001, null) ;
INSERT INTO StoreTbl VALUES ( 6260013001357,   "Best Shoe Repair & Keys",                                   "3203 E Anaheim St  Long Beach, CA 90804",                  "(562) 985-0442",       null, null,     6260013001, null) ;  -- repair
INSERT INTO StoreTbl VALUES ( 6260013001358,   "Set Free Tax & Professional Services",                      "6159 Atlantic Ave  Long Beach, CA 90805",                  "(562) 646-6185",       null, null,     6260013001, null) ;
INSERT INTO StoreTbl VALUES ( 6260013001359,   "AT&T Authorized Retailer",                                  "6336 E Spring St  Long Beach, CA 90808",                   "(562) 982-9013",       null, null,     6260013001, null) ;
INSERT INTO StoreTbl VALUES ( 6260013001360,   "California Heights United Methodist Childrens Ctr",        "3759 Orange Ave  Long Beach, CA 90807",                    "(562) 595-0056",       null, null,     6260013001, null) ;
INSERT INTO StoreTbl VALUES ( 6260013001361,   "Kit Cellular Phone",                                        "1010 Alamitos Ave  Long Beach, CA 90813",                  "(562) 666-7117",       null, null,     6260013001, null) ;
INSERT INTO StoreTbl VALUES ( 6260013001362,   "The Morgue - Recording Studio",                             "1935 E 7th St  Long Beach, CA 90813",                      "(714) 653-2049",       null, null,     6260013001, null) ;
INSERT INTO StoreTbl VALUES ( 6260013001363,   "Pack, Ship & Post",                                         "1716 Clark Ave  Long Beach, CA 90815",                     "(562) 494-1704",       null, null,     6260013001, null) ;
INSERT INTO StoreTbl VALUES ( 6260013001364,   "In a click prints",                                         "3138 E 7th St  Long Beach, CA 90804",                      "(562) 243-1530",       null, null,     6260013001, null) ;
INSERT INTO StoreTbl VALUES ( 6260013001365,   "Long Beach Storage Center",                                 "1700 Santa Fe Ave  Long Beach, CA 90813",                  "(562) 247-3050",       null, null,     6260013001, null) ;  -- storage
INSERT INTO StoreTbl VALUES ( 6260013001366,   "Long Beach Embroidery",                                     "Long Beach, CA 90808",                                     "(562) 756-8520",       null, null,     6260013001, null) ;
INSERT INTO StoreTbl VALUES ( 6260013001367,   "Salvation Army",                                            "455 E Spring St  Long Beach, CA 90806",                    "(562) 426-7637",       null, null,     6260013001, null) ;
INSERT INTO StoreTbl VALUES ( 6260013001368,   "Long Beach Rescue Mission",                                 "1335 Pacific Ave  Long Beach, CA 90813",                   "(562) 591-5116",       null, null,     6260013001, null) ;
INSERT INTO StoreTbl VALUES ( 6260013001369,   "CubeSmart Self Storage",                                    "198 W Artesia Blvd  Long Beach, CA 90805",                 "(562) 999-4443",       null, null,     6260013001, null) ;  -- storage
INSERT INTO StoreTbl VALUES ( 6260013001370,   "Night Owl Printing",                                        "814 W Willow St  Long Beach, CA 90806",                    "(562) 989-2944",       null, null,     6260013001, null) ;
INSERT INTO StoreTbl VALUES ( 6260013001371,   "Village Toss N Tumble Laundromat",                          "4201 Montair Ave  Long Beach, CA 90808",                   "(562) 243-5656",       null, null,     6260013001, null) ;
INSERT INTO StoreTbl VALUES ( 6260013001372,   "Wrap the Kids",                                             "Long Beach, CA 90805",                                     "(562) 661-3881",       null, null,     6260013001, null) ;
INSERT INTO StoreTbl VALUES ( 6260013001373,   "Alpha Entertainment Technology Center",                     "6691 Downey Ave  Long Beach, CA 90805",                    "(310) 505-6862",       null, null,     6260013001, null) ;
INSERT INTO StoreTbl VALUES ( 6260013001374,   "StorQuest Self Storage",                                    "2318 E South St  Long Beach, CA 90805",                    "(562) 287-8651",       null, null,     6260013001, null) ;  -- storage
INSERT INTO StoreTbl VALUES ( 6260013001375,   "Long Beach Adult Day Heath Care",                           "1773 E 4th St  Long Beach, CA 90802",                      "(562) 590-9083",       null, null,     6260013001, null) ;
INSERT INTO StoreTbl VALUES ( 6260013001376,   "Ss Battery & Grand Father Clock Repair",                    "1324 Pine Ave  Long Beach, CA 90813",                      "(562) 591-2222",       null, null,     6260013001, null) ;  -- repair
INSERT INTO StoreTbl VALUES ( 6260013001377,   "Fixitech",                                                  "6444 E Spring St  Long Beach, CA 90815",                   "(562) 794-8755",       null, null,     6260013001, null) ;
INSERT INTO StoreTbl VALUES ( 6260013001378,   "Bail Bonds Direct",                                         "444 W Ocean Ave  Long Beach, CA 90802",                    "(562) 453-4200",       null, null,     6260013001, null) ;
INSERT INTO StoreTbl VALUES ( 6260013001379,   "Grace Lutheran PreSchool",                                  "245 W Wardlow Rd  Long Beach, CA 90807",                   "(562) 424-7668",       null, null,     6260013001, null) ;
INSERT INTO StoreTbl VALUES ( 6260013001380,   "Miro Accounting",                                           "1624 E Burnett St  Signal Hill, CA 90755",                 "(562) 595-0804",       null, null,     6260013001, null) ;
INSERT INTO StoreTbl VALUES ( 6260013001381,   "TRA Consulting",                                            "375 Redondo Ave  Long Beach, CA 90814",                    "(562) 225-4222",       null, null,     6260013001, null) ;
INSERT INTO StoreTbl VALUES ( 6260013001382,   "The Dry Cleaners",                                          "3427 E Anaheim St  Long Beach, CA 90804",                  "(562) 498-1134",       null, null,     6260013001, null) ;  -- cleaners
INSERT INTO StoreTbl VALUES ( 6260013001383,   "Pipe Works Fabrication",                                    "1471 Cota Ave  Long Beach, CA 90813",                      "(562) 432-6826",       null, null,     6260013001, null) ;
INSERT INTO StoreTbl VALUES ( 6260013001384,   "Prestige Clock Repair",                                     "Bluff Heights  Long Beach, CA 90814",                      "(714) 898-2562",       null, null,     6260013001, null) ;  -- repair
INSERT INTO StoreTbl VALUES ( 6260013001385,   "Belmont Heights Child Care",                                "4430 E 4th St  Long Beach, CA 90814",                      "(562) 433-3274",       null, null,     6260013001, null) ;
INSERT INTO StoreTbl VALUES ( 6260013001386,   "Out of the Box",                                            "375 Redondo Ave  Long Beach, CA 90814",                    "(562) 434-2756",       null, null,     6260013001, null) ;
INSERT INTO StoreTbl VALUES ( 6260013001387,   "Autoland",                                                  "5000 E Lew Davis St  Long Beach, CA 90808",                "(800) 234-6999",       null, null,     6260013001, null) ;
INSERT INTO StoreTbl VALUES ( 6260013001388,   "Laundry Land Coin Laundry",                                 "1321 E Carson St  Long Beach, CA 90807",                   "(562) 989-8957",       null, null,     6260013001, null) ;  -- cleaners
INSERT INTO StoreTbl VALUES ( 6260013001389,   "DRHH Graphics",                                             "1739 E 1st St  Long Beach, CA 90802",                      "(949) 212-8628",       null, null,     6260013001, null) ;
INSERT INTO StoreTbl VALUES ( 6260013001390,   "Algalita Marine Research Foundation",                       "148 N Marina Dr  Long Beach, CA 90803",                    "(562) 598-4889",       null, null,     6260013001, null) ;
INSERT INTO StoreTbl VALUES ( 6260013001391,   "Central Child Development Center",                          "1133 E Rhea St  Long Beach, CA 90806",                     "(562) 591-7717",       null, null,     6260013001, null) ;
INSERT INTO StoreTbl VALUES ( 6260013001392,   "Bridal Gown Care",                                          "2206 N. Lakewood Blvd.  Long Beach, CA 90815",             "(562) 494-3200",       null, null,     6260013001, null) ;
INSERT INTO StoreTbl VALUES ( 6260013001393,   "Augustine Clean",                                           "Long Beach, CA 90815",                                     "(562) 305-1278",       null, null,     6260013001, null) ;
INSERT INTO StoreTbl VALUES ( 6260013001394,   "Long Beach City Plus Pass",                                 "100 W Broadway  Long Beach, CA 90802",                     "(562) 980-7566",       null, null,     6260013001, null) ;
INSERT INTO StoreTbl VALUES ( 6260013001395,   "Classic Tailoring",                                         "5242 Atlantic Ave  Long Beach, CA 90805",                  "(562) 423-0047",       null, null,     6260013001, null) ;
INSERT INTO StoreTbl VALUES ( 6260013001396,   "Temple Laundromat",                                         "2730 E 10th St  Long Beach, CA 90804",                     "(562) 433-9848",       null, null,     6260013001, null) ;
INSERT INTO StoreTbl VALUES ( 6260013001397,   "Willow Cleaners & Laundry",                                 "440 W Willow St  Long Beach, CA 90806",                    "(562) 424-5032",       null, null,     6260013001, null) ;  -- cleaners
INSERT INTO StoreTbl VALUES ( 6260013001398,   "Gath Design",                                               "Long Beach, CA 90801",                                     "(562) 883-3283",       null, null,     6260013001, null) ;
INSERT INTO StoreTbl VALUES ( 6260013001399,   "Creightons Cleaners",                                      "5951 E Spring St  Long Beach, CA 90808",                   "(562) 429-9399",       null, null,     6260013001, null) ;  -- cleaners
INSERT INTO StoreTbl VALUES ( 6260013001400,   "United Cambodian Community",                                "2338 E Anaheim St  Long Beach, CA 90804",                  "(562) 433-2490",       null, null,     6260013001, null) ;
INSERT INTO StoreTbl VALUES ( 6260013001401,   "One Dollar Quality Cleaners",                               "5453 E Stearns St  Long Beach, CA 90815",                  "(562) 494-8451",       null, null,     6260013001, null) ;  -- cleaners
INSERT INTO StoreTbl VALUES ( 6260013001402,   "Friends of Long Beach Animals",                             "3815 Atlantic Ave  Long Beach, CA 90809",                  "(562) 988-7647",       null, null,     6260013001, null) ;
INSERT INTO StoreTbl VALUES ( 6260013001403,   "Public Storage",                                            "3207 South St  Long Beach, CA 90805",                      "(866) 677-5147",       null, null,     6260013001, null) ;  -- storage
INSERT INTO StoreTbl VALUES ( 6260013001404,   "Pacific Coin Op Laundry",                                   "3200 E Pacific Coast Hwy  Long Beach, CA 90804",           "(562) 985-3432",       null, null,     6260013001, null) ;  -- cleaners
INSERT INTO StoreTbl VALUES ( 6260013001405,   "Geekman To The Rescue",                                     "Long Beach, CA 90802",                                     "(562) 433-5626",       null, null,     6260013001, null) ;
INSERT INTO StoreTbl VALUES ( 6260013001406,   "Computer Resource Center",                                  "2187 Pacific Ave  Long Beach, CA 90806",                   "(562) 489-1616",       null, null,     6260013001, null) ;
INSERT INTO StoreTbl VALUES ( 6260013001407,   "U-Haul Moving & Storage of North Long Beach",               "5880 Paramount Blvd  Long Beach, CA 90805",                "(562) 531-1954",       null, null,     6260013001, null) ;  -- storage
INSERT INTO StoreTbl VALUES ( 6260013001408,   "Leslies Family Childcare",                                 "Long Beach, CA 90815",                                     "(562) 596-2421",       null, null,     6260013001, null) ;
INSERT INTO StoreTbl VALUES ( 6260013001409,   "A Scale Place",                                             "1356 W Cowles St  Long Beach, CA 90813",                   "(562) 436-6271",       null, null,     6260013001, null) ;
INSERT INTO StoreTbl VALUES ( 6260013001410,   "Fresh Prints Design",                                       "3926 N Virginia Rd  Long Beach, CA 90807",                 "(562) 612-4600",       null, null,     6260013001, null) ;
INSERT INTO StoreTbl VALUES ( 6260013001411,   "Spoiled Rotten Day Care",                                   "Long Beach, CA",                                           "(562) 856-8844",       null, null,     6260013001, null) ;
INSERT INTO StoreTbl VALUES ( 6260013001412,   "GH Building Consultants",                                   "Long Beach, CA",                                           "(562) 852-5206",       null, null,     6260013001, null) ;
INSERT INTO StoreTbl VALUES ( 6260013001413,   "Heartwell Community Center",                                "5801 E Parkcrest  Long Beach, CA 90808",                   "(562) 570-1635",       null, null,     6260013001, null) ;
INSERT INTO StoreTbl VALUES ( 6260013001414,   "Spotless Dry Cleaners",                                     "499 W Willow St  Long Beach, CA 90806",                    "(562) 427-3068",       null, null,     6260013001, null) ;  -- cleaners
INSERT INTO StoreTbl VALUES ( 6260013001415,   "Sams Laundromat",                                          "1756 Pacific Ave  Long Beach, CA 90813",                   "(562) 599-0986",       null, null,     6260013001, null) ;
INSERT INTO StoreTbl VALUES ( 6260013001416,   "Foasberg Cleaners at Wardlow",                              "640 E Wardlow Rd  Long Beach, CA 90807",                   "(562) 426-7345",       null, null,     6260013001, null) ;  -- cleaners
INSERT INTO StoreTbl VALUES ( 6260013001417,   "Boy Scouts of America Long Beach Area Council",             "401 E 37th St  Long Beach, CA 90807",                      "(562) 427-0911",       null, null,     6260013001, null) ;
INSERT INTO StoreTbl VALUES ( 6260013001418,   "Meals On Wheels of Long Beach",                             "317 Termino Ave  Long Beach, CA 90814",                    "(562) 433-0232",       null, null,     6260013001, null) ;
INSERT INTO StoreTbl VALUES ( 6260013001419,   "US Post Office",                                            "3540 E 4th St  Long Beach, CA 90803",                      "(562) 434-9919",       null, null,     6260013001, null) ;
INSERT INTO StoreTbl VALUES ( 6260013001420,   "Bixby Early Learning Childcare",                            "4610 Falcon Ave  Long Beach, CA 90807",                    "(562) 427-1749",       null, null,     6260013001, null) ;
INSERT INTO StoreTbl VALUES ( 6260013001421,   "Mills Shoe Repair",                                         "2883 Santa Fe Ave  Long Beach, CA 90810",                  "(562) 426-1894",       null, null,     6260013001, null) ;  -- repair
INSERT INTO StoreTbl VALUES ( 6260013001422,   "Boyd Computer Imaging",                                     "911 E Wardlow Rd  Long Beach, CA 90807",                   "(562) 426-0374",       null, null,     6260013001, null) ;
INSERT INTO StoreTbl VALUES ( 6260013001423,   "Regal Tailoring & Regal Dry Cleaning",                      "371 Redondo Ave  Long Beach, CA 90814",                    "(562) 434-2131",       null, null,     6260013001, null) ;  -- cleaning
INSERT INTO StoreTbl VALUES ( 6260013001424,   "Montgomery Cleaners",                                       "1180 N Studebaker Rd  Long Beach, CA 90815",               "(562) 431-0823",       null, null,     6260013001, null) ;  -- cleaners
INSERT INTO StoreTbl VALUES ( 6260013001425,   "Instant Impressions",                                       "1905 E 29th St  Signal Hill, CA 90755",                    "(562) 424-0982",       null, null,     6260013001, null) ;
INSERT INTO StoreTbl VALUES ( 6260013001426,   "Orellana Family Daycare",                                   "4709 Hersholt Ave  Long Beach, CA 90808",                  "(562) 496-2811",       null, null,     6260013001, null) ;
INSERT INTO StoreTbl VALUES ( 6260013001427,   "Blue Diamond Jeweler",                                      "4814 E 2nd St  Long Beach, CA 90803",                      "(562) 433-8222",       null, null,     6260013001, null) ;  -- jewels
INSERT INTO StoreTbl VALUES ( 6260013001428,   "Neighborhood Business Center",                              "6590 Long Beach Blvd  Long Beach, CA 90805",               "(562) 428-8748",       null, null,     6260013001, null) ;
INSERT INTO StoreTbl VALUES ( 6260013001429,   "Avalon Vending Service",                                    "Long Beach, CA 90808",                                     "(562) 500-0295",       null, null,     6260013001, null) ;
INSERT INTO StoreTbl VALUES ( 6260013001430,   "Courtesy Cleaners",                                         "3303 E Artesia Blvd  Long Beach, CA 90805",                "(562) 634-2448",       null, null,     6260013001, null) ;  -- cleaners
INSERT INTO StoreTbl VALUES ( 6260013001431,   "US Vets",                                                   "2001 River Ave  Long Beach, CA 90810",                     "(562) 200-7300",       null, null,     6260013001, null) ;
INSERT INTO StoreTbl VALUES ( 6260013001432,   "Sunflower Playschool",                                      "Hersholt Ave  Long Beach, CA 90808",                       "(562) 354-6032",       null, null,     6260013001, null) ;
INSERT INTO StoreTbl VALUES ( 6260013001433,   "Ship To Shore Interior Steam Cleaning",                     "5447 Sorrento  Long Beach, CA 90803",                      "(562) 305-6610",       null, null,     6260013001, null) ;  -- cleaning
INSERT INTO StoreTbl VALUES ( 6260013001434,   "Howards TV & Appliance",                                    "3300 E Willow St  Long Beach, CA 90755",                   "(562) 427-0984",       null, null,     6260013001, null) ;
INSERT INTO StoreTbl VALUES ( 6260013001435,   "Kings Bicycle Store",                                       "3960 Studebaker Rd  Long Beach, CA 90808",                 "(562) 421-9500",       null, null,     6260013001, null) ;
INSERT INTO StoreTbl VALUES ( 6260013001436,   "Speedis Dry Cleaners",                                     "354 E 4th St  Long Beach, CA 90802",                       "(562) 436-4282",       null, null,     6260013001, null) ;  -- cleaners
INSERT INTO StoreTbl VALUES ( 6260013001437,   "Trammells Notary Tax Services and More",                   "5263 Atlantic Ave  Long Beach, CA 90805",                  "(562) 422-4300",       null, null,     6260013001, null) ;
INSERT INTO StoreTbl VALUES ( 6260013001438,   "Yano Family Daycre",                                        "3051 Lees Ave  Long Beach, CA 90808",                      "(562) 421-5604",       null, null,     6260013001, null) ;
INSERT INTO StoreTbl VALUES ( 6260013001439,   "Bonilla Family Child Care",                                 "6809 E. DeLeon Street  Long Beach, CA 90815",              "(562) 431-6518",       null, null,     6260013001, null) ;
INSERT INTO StoreTbl VALUES ( 6260013001440,   "Partners For Growth",                                       "475 E Market St  Long Beach, CA 90805",                    "(562) 584-6631",       null, null,     6260013001, null) ;
INSERT INTO StoreTbl VALUES ( 6260013001441,   "Set Up My Cell",                                            "5318 E. 2nd St  Long Beach, CA 90803",                     "(888) 628-1119",       null, null,     6260013001, null) ;
INSERT INTO StoreTbl VALUES ( 6260013001442,   "Tina Hoover Saddle Fitter",                                 "7216 S Marina Pacifica  Long Beach, CA 90803",             "(626) 422-7382",       null, null,     6260013001, null) ;
INSERT INTO StoreTbl VALUES ( 6260013001443,   "Cell City",                                                 "2150 E South St  Long Beach, CA 90805",                    "(562) 408-2888",       null, null,     6260013001, null) ;
INSERT INTO StoreTbl VALUES ( 6260013001444,   "AT&T Authorized Retailer",                                  "1899 E Willow St  Signal Hill, CA 90755",                  "(562) 997-9898",       null, null,     6260013001, null) ;
INSERT INTO StoreTbl VALUES ( 6260013001445,   "Gem Shoe Repair & Leather Goods",                           "4922 E 2nd St  Long Beach, CA 90803",                      "(562) 439-7524",       null, null,     6260013001, null) ;  -- repair
INSERT INTO StoreTbl VALUES ( 6260013001446,   "Affordable Cell Long Beach",                                "1330 E South St  Long Beach, CA 90805",                    "(562) 688-1320",       null, null,     6260013001, null) ;
INSERT INTO StoreTbl VALUES ( 6260013001447,   "Marine Landing Day Camp",                                   "5865 E Appian Way  Long Beach, CA 90803",                  "(626) 677-2219",       null, null,     6260013001, null) ;
INSERT INTO StoreTbl VALUES ( 6260013001448,   "National Cleaners & Laundry",                               "6620 Cherry Ave  Long Beach, CA 90805",                    "(562) 529-7590",       null, null,     6260013001, null) ;  -- cleaners
INSERT INTO StoreTbl VALUES ( 6260013001449,   "AT&T Authorized Retailer",                                  "515 Pine Ave  Long Beach, CA 90802",                       "(562) 612-1020",       null, null,     6260013001, null) ;
INSERT INTO StoreTbl VALUES ( 6260013001450,   "Simpsons Family Mortuary",                                 "5443 Long Beach Blvd  Long Beach, CA 90805",               "(562) 513-1210",       null, null,     6260013001, null) ;
INSERT INTO StoreTbl VALUES ( 6260013001451,   "SG and Sons Demolition",                                    "Long Beach, CA 90805",                                     "(562) 472-6911",       null, null,     6260013001, null) ;
INSERT INTO StoreTbl VALUES ( 6260013001452,   "Printmasters of Long Beach",                                "3636 Atlantic Ave  Long Beach, CA 90807",                  "(562) 595-0231",       null, null,     6260013001, null) ;
INSERT INTO StoreTbl VALUES ( 6260013001453,   "The Phone Connection",                                      "1424 E 33rd St  Signal Hill, CA 90755",                    "(562) 490-0176",       null, null,     6260013001, null) ;
INSERT INTO StoreTbl VALUES ( 6260013001454,   "Goodwill Store & Donation Center",                          "2610 Atlantic Ave  Long Beach, CA 90806",                  "(562) 989-3630",       null, null,     6260013001, null) ;
INSERT INTO StoreTbl VALUES ( 6260013001455,   "Forest Lawn - Long Beach",                                  "1500 E San Antonio Dr  Long Beach, CA 90807",              "(888) 204-3131",       null, null,     6260013001, null) ;
INSERT INTO StoreTbl VALUES ( 6260013001456,   "AirX Ferguson",                                             "6226 Cherry Ave  Long Beach, CA 90805",                    "(562) 428-3300",       null, null,     6260013001, null) ;
INSERT INTO StoreTbl VALUES ( 6260013001457,   "J Graphix Studio",                                          "Long Beach, CA 90802",                                     "(562) 685-6936",       null, null,     6260013001, null) ;
INSERT INTO StoreTbl VALUES ( 6260013001458,   "Long Beach City Bike Messenger",                            "Long Beach, CA 90802",                                     "(562) 446-3073",       null, null,     6260013001, null) ;
INSERT INTO StoreTbl VALUES ( 6260013001459,   "Creative Tax",                                              "3255 E South St  Long Beach, CA 90805",                    "(562) 251-1300",       null, null,     6260013001, null) ;
INSERT INTO StoreTbl VALUES ( 6260013001460,   "Affordable Furniture",                                      "5536 Atlantic Ave  Long Beach, CA 90805",                  "(562) 422-0143",       null, null,     6260013001, null) ;
INSERT INTO StoreTbl VALUES ( 6260013001461,   "Copywise",                                                  "1950 E 220th St  Long Beach, CA 90810",                    "(310) 847-7899",       null, null,     6260013001, null) ;
INSERT INTO StoreTbl VALUES ( 6260013001462,   "Los Altos Shoe Repair",                                     "2131 N Bellflower Blvd  Long Beach, CA 90815",             "(562) 597-2922",       null, null,     6260013001, null) ;  -- repair
INSERT INTO StoreTbl VALUES ( 6260013001463,   "Long Beach Security Storage",                               "1430 E Anaheim St  Long Beach, CA 90813",                  "(562) 218-7867",       null, null,     6260013001, null) ;  -- storage
INSERT INTO StoreTbl VALUES ( 6260013001464,   "US Post Office",                                            "1920 Pacific Ave  Long Beach, CA 90806",                   "(562) 591-3840",       null, null,     6260013001, null) ;
INSERT INTO StoreTbl VALUES ( 6260013001465,   "Worldwise Education",                                       "235 E Broadway  Long Beach, CA 90802",                     "(562) 432-5900",       null, null,     6260013001, null) ;
INSERT INTO StoreTbl VALUES ( 6260013001466,   "Lb Fresh Drinking Water",                                   "1556 W Willow St  Long Beach, CA 90810",                   "(562) 427-8399",       null, null,     6260013001, null) ;
INSERT INTO StoreTbl VALUES ( 6260013001467,   "Baggetts Carpet Care",                                      "2124 E 2nd St  Long Beach, CA 90803",                      "(562) 438-6700",       null, null,     6260013001, null) ;
INSERT INTO StoreTbl VALUES ( 6260013001468,   "Tell Steel",                                                "2345 W 17th St  Long Beach, CA 90813",                     "(562) 435-4826",       null, null,     6260013001, null) ;
INSERT INTO StoreTbl VALUES ( 6260013001469,   "Lakewood Self Storage",                                     "3969 Paramount Blvd  Lakewood, CA 90712",                  "(562) 623-4446",       null, null,     6260013001, null) ;  -- storage
INSERT INTO StoreTbl VALUES ( 6260013001470,   "Bixby Knolls Cleaners",                                     "3840 Atlantic Ave  Long Beach, CA 90807",                  "(562) 426-6818",       null, null,     6260013001, null) ;  -- cleaners
INSERT INTO StoreTbl VALUES ( 6260013001471,   "Public Storage",                                            "4140 Cherry Ave  Long Beach, CA 90807",                    "(866) 677-5147",       null, null,     6260013001, null) ;  -- storage
INSERT INTO StoreTbl VALUES ( 6260013001472,   "Alliance Of Abilities",                                     "999 E Willow St  Signal Hill, CA 90755",                   "(562) 988-8169",       null, null,     6260013001, null) ;
INSERT INTO StoreTbl VALUES ( 6260013001473,   "Carson Shoe Repair & Dry Cleaning",                         "559 E Carson St  Carson, CA 90745",                        "(310) 830-0845",       null, null,     6260013001, null) ;  -- repair -- cleaning
INSERT INTO StoreTbl VALUES ( 6260013001474,   "Coast Appliance Parts",                                     "6250 Cherry Ave  Long Beach, CA 90805",                    "(562) 423-8688",       null, null,     6260013001, null) ;
INSERT INTO StoreTbl VALUES ( 6260013001475,   "Marketink",                                                 "1406 E 33rd St  Signal Hill, CA 90755",                    "(562) 283-1022",       null, null,     6260013001, null) ;
INSERT INTO StoreTbl VALUES ( 6260013001476,   "Studio Tee Merch",                                          "1416 E Burnett St  Signal Hill, CA 90755",                 "(562) 981-3322",       null, null,     6260013001, null) ;
INSERT INTO StoreTbl VALUES ( 6260013001477,   "ICTF Railroad",                                             "2401 E Sepulveda Blvd  Long Beach, CA 90810",              "(800) 877-5123",       null, null,     6260013001, null) ;
INSERT INTO StoreTbl VALUES ( 6260013001478,   "Lakewood Appliance Experts",                                "Lakewood, CA 90712",                                       "(562) 653-4246",       null, null,     6260013001, null) ;
INSERT INTO StoreTbl VALUES ( 6260013001479,   "Naples Cleaners",                                           "5660 E 2nd St  Long Beach, CA 90803",                      "(562) 433-1842",       null, null,     6260013001, null) ;  -- cleaners
INSERT INTO StoreTbl VALUES ( 6260013001480,   "Gatx Tank Storage Terminal",                                "2000 E Sepulveda Blvd  Long Beach, CA 90810",              "(310) 518-7700",       null, null,     6260013001, null) ;  -- storage
INSERT INTO StoreTbl VALUES ( 6260013001481,   "Stricklin/Snively Mortuary",                                "1952 Long Beach Blvd  Long Beach, CA 90806",               "(562) 350-0496",       null, null,     6260013001, null) ;
INSERT INTO StoreTbl VALUES ( 6260013001482,   "Continental Cleaners",                                      "2630 N Los Coyotes Diagonal  Long Beach, CA 90815",        "(562) 420-6474",       null, null,     6260013001, null) ;  -- cleaners
INSERT INTO StoreTbl VALUES ( 6260013001483,   "Evergreen Cleaners",                                        "3211 Carson St  Lakewood, CA 90712",                       "(562) 421-1600",       null, null,     6260013001, null) ;  -- cleaners
INSERT INTO StoreTbl VALUES ( 6260013001484,   "Genus Services",                                            "4047 Long Beach Blvd  Long Beach, CA 90807",               "(562) 989-4666",       null, null,     6260013001, null) ;
INSERT INTO StoreTbl VALUES ( 6260013001485,   "Liftech Elevator Services",                                 "1901 E 29th St  Signal Hill, CA 90755",                    "(562) 997-3639",       null, null,     6260013001, null) ;
INSERT INTO StoreTbl VALUES ( 6260013001486,   "Wilson Signs",                                              "716 W Willow St  Long Beach, CA 90806",                    "(562) 424-4746",       null, null,     6260013001, null) ;
INSERT INTO StoreTbl VALUES ( 6260013001487,   "I AM Community LB",                                         "730 Magnolia Ave  Long Beach, CA 90813",                   "(310) 237-3102",       null, null,     6260013001, null) ;
INSERT INTO StoreTbl VALUES ( 6260013001488,   "Respect Bail Bonds",                                        "Long Beach, CA",                                           "(800) 524-2245",       null, null,     6260013001, null) ;
INSERT INTO StoreTbl VALUES ( 6260013001489,   "Store-N-Save",                                              "319 Olive Ave  Long Beach, CA 90802",                      "(562) 437-7792",       null, null,     6260013001, null) ;
INSERT INTO StoreTbl VALUES ( 6260013001490,   "Xpress Cell Repair",                                        "4320 South St  Lakewood, CA 90712",                        "(562) 788-3738",       null, null,     6260013001, null) ;  -- repair
INSERT INTO StoreTbl VALUES ( 6260013001491,   "US Post Office - Bixby Station",                            "4470 Atlantic Ave  Long Beach, CA 90807",                  "(562) 983-3073",       null, null,     6260013001, null) ;
INSERT INTO StoreTbl VALUES ( 6260013001492,   "Vils Fashion Design",                                      "4137 Norse Way  Long Beach, CA 90808",                     "(562) 425-4224",       null, null,     6260013001, null) ;
INSERT INTO StoreTbl VALUES ( 6260013001493,   "Virginia Cleaners",                                         "4145 Long Beach Blvd  Long Beach, CA 90807",               "(562) 988-1228",       null, null,     6260013001, null) ;  -- cleaners
INSERT INTO StoreTbl VALUES ( 6260013001494,   "AbilityFirst - Long Beach Center",                          "3770 E Willow St  Long Beach, CA 90815",                   "(562) 426-6161",       null, null,     6260013001, null) ;
INSERT INTO StoreTbl VALUES ( 6260013001495,   "EDCO Waste & Recycling Transfer Station",                   "2755 California Ave  Signal Hill, CA 90755",               "(562) 997-1122",       null, null,     6260013001, null) ;
INSERT INTO StoreTbl VALUES ( 6260013001496,   "The Undershirt, Inc",                                       "931 E 27th St  Signal Hill, CA 90755",                     "(562) 426-8939",       null, null,     6260013001, null) ;
INSERT INTO StoreTbl VALUES ( 6260013001497,   "Staples",                                                   "3515 Atlantic Ave  Long Beach, CA 90807",                  "(562) 427-6477",       null, null,     6260013001, null) ;
INSERT INTO StoreTbl VALUES ( 6260013001498,   "L And B #2 Coin Laundry",                                   "910 E Pacific Coast Hwy  Long Beach, CA 90806",            "(714) 757-0008",       null, null,     6260013001, null) ;  -- cleaners
INSERT INTO StoreTbl VALUES ( 6260013001499,   "Roxies",                                                   "4701 E 2nd St  Long Beach, CA 90803",                      "(562) 438-4941",       null, null,     6260013001, null) ;
INSERT INTO StoreTbl VALUES ( 6260013001500,   "Long Beach Compressor Service",                             "1312 E 29th St  Signal Hill, CA 90755",                    "(562) 595-0595",       null, null,     6260013001, null) ;
INSERT INTO StoreTbl VALUES ( 6260013001501,   "Krishna Copy Professional",                                 "1785 Palo Verde Ave  Long Beach, CA 90815",                "(562) 431-9974",       null, null,     6260013001, null) ;
INSERT INTO StoreTbl VALUES ( 6260013001502,   "Young Horizons",                                            "11A W 49th St  Long Beach, CA 90805",                      "(562) 984-3801",       null, null,     6260013001, null) ;
INSERT INTO StoreTbl VALUES ( 6260013001503,   "Kristin Dunn Bookbinding and Design",                       "Long Beach, CA 90802",                                     "(562) 506-8548",       null, null,     6260013001, null) ;
INSERT INTO StoreTbl VALUES ( 6260013001504,   "Pacific Coin-Op Laundry",                                   "2200 Pacific Ave  Long Beach, CA 90806",                   "(562) 426-4758",       null, null,     6260013001, null) ;  -- cleaners
INSERT INTO StoreTbl VALUES ( 6260013001505,   "Pacific Crane Maintenance",                                 "1200 W Pier E St  Long Beach, CA 90802",                   "(562) 436-4448",       null, null,     6260013001, null) ;
INSERT INTO StoreTbl VALUES ( 6260013001506,   "Heng Heng Laundry Mat",                                     "1176 E 10th St  Long Beach, CA 90813",                     "(562) 599-0965",       null, null,     6260013001, null) ;  -- cleaners
INSERT INTO StoreTbl VALUES ( 6260013001507,   "Js Cleaners & Laundry",                                    "6451 E Pacific Coast Hwy  Long Beach, CA 90803",           "(562) 596-2541",       null, null,     6260013001, null) ;  -- cleaners
INSERT INTO StoreTbl VALUES ( 6260013001508,   "All Souls Mortuary",                                        "4400 Cherry Ave  Long Beach, CA 90807",                    "(562) 304-9724",       null, null,     6260013001, null) ;
INSERT INTO StoreTbl VALUES ( 6260013001509,   "APL",                                                       "180 E Ocean Blvd Ste 800  Long Beach, CA 90802",           "(562) 624-5600",       null, null,     6260013001, null) ;
INSERT INTO StoreTbl VALUES ( 6260013001510,   "ARC Recycling Center",                                      "5674 Cherry Ave  Long Beach, CA 90805",                    "(562) 984-7080",       null, null,     6260013001, null) ;
INSERT INTO StoreTbl VALUES ( 6260013001511,   "Garcias Appliance",                                        "741 E Artesia Blvd  Long Beach, CA 90805",                 "(562) 423-8133",       null, null,     6260013001, null) ;
INSERT INTO StoreTbl VALUES ( 6260013001512,   "Long Beach Bike Shop",                                      "540 E Broadway  Long Beach, CA 90802",                     "(562) 436-7447",       null, null,     6260013001, null) ;
INSERT INTO StoreTbl VALUES ( 6260013001513,   "Bixby Oaks Children Center",                                "3832 Long Beach Blvd  Long Beach, CA 90807",               "(562) 424-2233",       null, null,     6260013001, null) ;
INSERT INTO StoreTbl VALUES ( 6260013001514,   "Muscular Dystrophy Association",                            "4510 E Pacific Coast Hwy  Long Beach, CA 90804",           "(562) 498-4923",       null, null,     6260013001, null) ;
INSERT INTO StoreTbl VALUES ( 6260013001515,   "Christensens Upholstery",                                  "3140 E 10th St  Long Beach, CA 90804",                     "(562) 434-6259",       null, null,     6260013001, null) ;
INSERT INTO StoreTbl VALUES ( 6260013001516,   "Fairfield Family Branch YMCA",                              "4949 Atlantic Ave  Long Beach, CA 90805",                  "(562) 423-0491",       null, null,     6260013001, null) ;
INSERT INTO StoreTbl VALUES ( 6260013001517,   "Extra Space Storage",                                       "2035 W Wardlow Rd  Long Beach, CA 90810",                  "(310) 549-5288",       null, null,     6260013001, null) ;  -- cosm-- storage
INSERT INTO StoreTbl VALUES ( 6260013001518,   "El Rey Express",                                            "2020 Pacific Ave  Long Beach, CA 90806",                   "(562) 912-7115",       null, null,     6260013001, null) ;
INSERT INTO StoreTbl VALUES ( 6260013001519,   "Happy Cleaners",                                            "4919 Long Beach Blvd  Long Beach, CA 90805",               "(562) 428-5183",       null, null,     6260013001, null) ;  -- cleaners
INSERT INTO StoreTbl VALUES ( 6260013001520,   "Matson",                                                    "1521 Pier C St.  Long Beach, CA 90802",                    "(510) 628-4000",       null, null,     6260013001, null) ;
INSERT INTO StoreTbl VALUES ( 6260013001521,   "Goodwill Store & Donation Center",                          "1130 Redondo Ave  Long Beach, CA 90804",                   "(562) 498-0040",       null, null,     6260013001, null) ;
INSERT INTO StoreTbl VALUES ( 6260013001522,   "Goodwill Last Chance Auction House & Clearance Store"       , "730 W Esther St  Long Beach, CA 90813",                  "(562) 435-4761",       null, null,     6260013001, null) ;
INSERT INTO StoreTbl VALUES ( 6260013001523,   "123Notary",                                                 "Long Beach, CA 90807",                                     "(562) 688-5721",       null, null,     6260013001, null) ;
INSERT INTO StoreTbl VALUES ( 6260013001524,   "LBC Matt Iron and Junk Removal",                            "8141 E Torin St  Long Beach, CA 90808",                    "(562) 794-4466",       null, null,     6260013001, null) ;
INSERT INTO StoreTbl VALUES ( 6260013001525,   "Computer Repair Long Beach",                                "4740 E 7th St  Long Beach, CA 90804",                      "(562) 433-3000",       null, null,     6260013001, null) ;  -- repair
INSERT INTO StoreTbl VALUES ( 6260013001526,   "The UPS Store",                                             "4508 Atlantic Ave  Long Beach, CA 90807",                  "(562) 428-7774",       null, null,     6260013001, null) ;
INSERT INTO StoreTbl VALUES ( 6260013001527,   "Fair Housing Foundation",                                   "3605 Long Beach Blvd  Long Beach, CA 90807",               "(562) 989-1206",       null, null,     6260013001, null) ;
INSERT INTO StoreTbl VALUES ( 6260013001528,   "Coronado Computers",                                        "416 Cherry Ave  Long Beach, CA 90802",                     "(562) 438-9285",       null, null,     6260013001, null) ;
INSERT INTO StoreTbl VALUES ( 6260013001529,   "Tdi Signs",                                                 "1419 Seabright Ave  Long Beach, CA 90813",                 "(562) 436-5188",       null, null,     6260013001, null) ;
INSERT INTO StoreTbl VALUES ( 6260013001530,   "Creative Arts Preschool",                                   "1423 Walnut Ave  Long Beach, CA 90813",                    "(562) 591-2508",       null, null,     6260013001, null) ;
INSERT INTO StoreTbl VALUES ( 6260013001531,   "California Appliance Tech, Inc.",                           "4425 Atlantic Ave  Long Beach, CA 90807",                  "(562) 428-9977",       null, null,     6260013001, null) ;
INSERT INTO StoreTbl VALUES ( 6260013001532,   "Affordable Burial & Cremation Service",                     "6510 Cherry Ave  Long Beach, CA 90805",                    "(562) 428-9772",       null, null,     6260013001, null) ;
INSERT INTO StoreTbl VALUES ( 6260013001533,   "Circle Dry Cleaners",                                       "1938 N Lakewood Blvd  Long Beach, CA 90815",               "(562) 494-1552",       null, null,     6260013001, null) ;  -- cleaners
INSERT INTO StoreTbl VALUES ( 6260013001534,   "Encore Welding Supply",                                     "2675 Temple Ave  Signal Hill, CA 90755",                   "(562) 612-4757",       null, null,     6260013001, null) ;
INSERT INTO StoreTbl VALUES ( 6260013001535,   "Extra Space Storage",                                       "194 E Artesia Blvd  Long Beach, CA 90805",                 "(562) 428-6688",       null, null,     6260013001, null) ;  -- cosm-- storage
INSERT INTO StoreTbl VALUES ( 6260013001536,   "CSULB Beach Fund",                                          "6300 E State University, Ste 100  Long Beach, CA 90815",   "(562) 985-5294",       null, null,     6260013001, null) ;  -- beach
INSERT INTO StoreTbl VALUES ( 6260013001537,   "Super Suds Laundromat & Wash and Fold",                     "250 Alamitos Ave  Long Beach, CA 90802",                   "(562) 436-1859",       null, null,     6260013001, null) ;
INSERT INTO StoreTbl VALUES ( 6260013001538,   "Bates Family Home Child Care",                              "3211 Lemon Ave  Signal Hill, CA 90755",                    "(562) 988-3633",       null, null,     6260013001, null) ;
INSERT INTO StoreTbl VALUES ( 6260013001539,   "US Post Office",                                            "2234 N Bellflower Blvd  Long Beach, CA 90815",             "(562) 596-7153",       null, null,     6260013001, null) ;
INSERT INTO StoreTbl VALUES ( 6260013001540,   "Cleaners Orio",                                             "3142 E 7th St  Long Beach, CA 90804",                      "(562) 433-2388",       null, null,     6260013001, null) ;  -- cleaners
INSERT INTO StoreTbl VALUES ( 6260013001541,   "AG Appliance",                                              "Los Angeles, CA 91403",                                    "(818) 633-8804",       null, null,     6260013001, null) ;
INSERT INTO StoreTbl VALUES ( 6260013001542,   "Special Cleaners",                                          "1338 E Artesia Blvd  Long Beach, CA 90805",                "(562) 984-9517",       null, null,     6260013001, null) ;  -- cleaners
INSERT INTO StoreTbl VALUES ( 6260013001543,   "Craftsman Jewelry",                                         "111 Lakewood Ctr Mall  Lakewood, CA 90712",                "(562) 602-6500",       null, null,     6260013001, null) ;  -- jewels
INSERT INTO StoreTbl VALUES ( 6260013001544,   "D.M. Gremlin Productions",                                  "6053 Atlantic Ave  Long Beach, CA 90805",                  "(866) 334-4364",       null, null,     6260013001, null) ;
INSERT INTO StoreTbl VALUES ( 6260013001545,   "Ks Coin Laundry",                                          "1004 E Anaheim St  Long Beach, CA 90813",                  "(562) 612-0212",       null, null,     6260013001, null) ;  -- cleaners
INSERT INTO StoreTbl VALUES ( 6260013001546,   "AR&C",                                                      "4519 E Stearns St  Long Beach, CA 90815",                  "(562) 597-4396",       null, null,     6260013001, null) ;
INSERT INTO StoreTbl VALUES ( 6260013001547,   "Affordable Cell",                                           "1330 E South St  Long Beach, CA 90805",                    "(562) 688-1320",       null, null,     6260013001, null) ;
INSERT INTO StoreTbl VALUES ( 6260013001548,   "Corridor Recycling",                                        "22500 S Alameda St  Long Beach, CA 90810",                 "(310) 464-4250",       null, null,     6260013001, null) ;
INSERT INTO StoreTbl VALUES ( 6260013001549,   "Sunshine Coin-Op Laundry",                                  "3003 Pacific Ave  Long Beach, CA 90806",                   "(310) 595-5352",       null, null,     6260013001, null) ;  -- cleaners
INSERT INTO StoreTbl VALUES ( 6260013001550,   "National Cleaners & Laundry",                               "3344 E Pacific Coast Hwy  Long Beach, CA 90804",           "(562) 494-0351",       null, null,     6260013001, null) ;  -- cleaners
INSERT INTO StoreTbl VALUES ( 6260013001551,   "Allison Training Perspectives and Service",                 "4067 Hardwick St  Lakewood, CA 90712",                     "(562) 212-1069",       null, null,     6260013001, null) ;
INSERT INTO StoreTbl VALUES ( 6260013001552,   "US Post Office",                                            "5050 E 2Nd St  Long Beach, CA 90803",                      "(562) 439-7474",       null, null,     6260013001, null) ;
INSERT INTO StoreTbl VALUES ( 6260013001553,   "ABC Cleaners",                                              "4120 E Anaheim St  Long Beach, CA 90804",                  "(562) 985-3119",       null, null,     6260013001, null) ;  -- cleaners
INSERT INTO StoreTbl VALUES ( 6260013001554,   "Broadway Tailor Shop",                                      "1702 E Broadway  Long Beach, CA 90802",                    "(562) 495-0083",       null, null,     6260013001, null) ;
INSERT INTO StoreTbl VALUES ( 6260013001555,   "Custom Silkscreen Prints",                                  "Long Beach, CA 90755",                                     "(310) 569-2291",       null, null,     6260013001, null) ;
INSERT INTO StoreTbl VALUES ( 6260013001556,   "VW Quality Maintenance & Janitorial",                       "Long Beach, CA 90755",                                     "(844) 500-2679",       null, null,     6260013001, null) ;
INSERT INTO StoreTbl VALUES ( 6260013001557,   "Air Duct Cleaning Long Beach",                              "3850 E Gilman St  Long Beach, CA 90815",                   "(310) 362-9202",       null, null,     6260013001, null) ;  -- cleaning
INSERT INTO StoreTbl VALUES ( 6260013001558,   "USPS",                                                      "1690 W 23Rd St  Long Beach, CA 90810",                     "(562) 989-1011",       null, null,     6260013001, null) ;
INSERT INTO StoreTbl VALUES ( 6260013001559,   "Tinos Appliance Repair",                                   "Carson, CA 90745",                                         "(424) 703-3510",       null, null,     6260013001, null) ;  -- repair
INSERT INTO StoreTbl VALUES ( 6260013001560,   "Roman Hauling",                                             "Long Beach, CA 90802",                                     "(562) 276-6609",       null, null,     6260013001, null) ;
INSERT INTO StoreTbl VALUES ( 6260013001561,   "Watch & Clock Center",                                      "4800 E 2nd St  Long Beach, CA 90803",                      "(562) 434-9393",       null, null,     6260013001, null) ;
INSERT INTO StoreTbl VALUES ( 6260013001562,   "Long Beach Maytag Home Appliance Center",                   "5457 Del Amo Blvd  Lakewood, CA 90712",                    "(562) 590-9411",       null, null,     6260013001, null) ;
INSERT INTO StoreTbl VALUES ( 6260013001563,   "EcoVantage Reprographics",                                  "1653 E 28th St  Signal Hill, CA 90755",                    "(562) 989-5500",       null, null,     6260013001, null) ;
INSERT INTO StoreTbl VALUES ( 6260013001564,   "Super Cleaners No 2",                                       "4501 E Carson St  Long Beach, CA 90808",                   "(562) 377-0538",       null, null,     6260013001, null) ;  -- cleaners
INSERT INTO StoreTbl VALUES ( 6260013001565,   "Shipco Transport",                                          "100 W Victoria St  Long Beach, CA 90805",                  "(562) 295-2900",       null, null,     6260013001, null) ;
INSERT INTO StoreTbl VALUES ( 6260013001566,   "Coin Laundry Family",                                       "1994 Atlantic Ave  Long Beach, CA 90806",                  "(562) 599-1136",       null, null,     6260013001, null) ;  -- cleaners
INSERT INTO StoreTbl VALUES ( 6260013001567,   "Store For Less Self Storage",                               "1012 W Carson St  Long Beach, CA 90810",                   "(562) 633-7500",       null, null,     6260013001, null) ;  -- storage
INSERT INTO StoreTbl VALUES ( 6260013001568,   "Master Cleaners",                                           "1018 N Western Ave  San Pedro, CA 90732",                  "(310) 833-3803",       null, null,     6260013001, null) ;  -- cleaners
INSERT INTO StoreTbl VALUES ( 6260013001569,   "Ambitions House",                                           "3290 E Spring St  Long Beach, CA 90806",                   "(562) 988-8175",       null, null,     6260013001, null) ;
INSERT INTO StoreTbl VALUES ( 6260013001570,   "Total Storage Space",                                       "3430 E Airport Way  Long Beach, CA 90806",                 "(424) 625-4591",       null, null,     6260013001, null) ;  -- cosm-- storage
INSERT INTO StoreTbl VALUES ( 6260013001571,   "Luckys Laundrymart",                                       "1001 E Pacific Coast Hwy  Long Beach, CA 90806",           "(562) 599-0722",       null, null,     6260013001, null) ;  -- cleaners
INSERT INTO StoreTbl VALUES ( 6260013001572,   "Office Depot",                                              "2301 E Willow St  Signal Hill, CA 90755",                  "(562) 427-6333",       null, 0015,     6260013001, null) ;  -- office
INSERT INTO StoreTbl VALUES ( 6260013001573,   "Alfitrano Cleaners",                                        "2150 E South St  Long Beach, CA 90805",                    "(562) 633-8700",       null, null,     6260013001, null) ;  -- cleaners
INSERT INTO StoreTbl VALUES ( 6260013001574,   "Royal Jet Care",                                            "2801 E Spring St  Long Beach, CA 90806",                   "(562) 229-4911",       null, null,     6260013001, null) ;
INSERT INTO StoreTbl VALUES ( 6260013001575,   "Pacific Coin Laundry",                                      "1002 Pacific Ave  Long Beach, CA 90813",                   "(562) 432-5268",       null, null,     6260013001, null) ;  -- cleaners
INSERT INTO StoreTbl VALUES ( 6260013001576,   "Sprint Store",                                              "4800 Airport Plaza Dr  Long Beach, CA 90815",              "(562) 668-3107",       null, null,     6260013001, null) ;
INSERT INTO StoreTbl VALUES ( 6260013001577,   "Goodwill Store & Donation Center",                          "8155 East Wardlow Road  Long Beach, CA 90808",             "(562) 719-9242",       null, null,     6260013001, null) ;
INSERT INTO StoreTbl VALUES ( 6260013001578,   "Handy Storage",                                             "3470 E Spring St  Long Beach, CA 90806",                   "(562) 424-3590",       null, null,     6260013001, null) ;  -- storage
INSERT INTO StoreTbl VALUES ( 6260013001579,   "3F Netconnect",                                             "3361 Pine Ave  Long Beach, CA 90807",                      "(562) 490-0357",       null, null,     6260013001, null) ;
INSERT INTO StoreTbl VALUES ( 6260013001580,   "Long Beach City College- Child Development Center",         "1305 E Pacific Coast Hwy  Long Beach, CA 90806",           "(562) 938-3079",       null, null,     6260013001, null) ;
INSERT INTO StoreTbl VALUES ( 6260013001581,   "Animal Solutions",                                          "1730 Coronado Ave  Long Beach, CA 90804",                  "(714) 640-7099",       null, null,     6260013001, null) ;
INSERT INTO StoreTbl VALUES ( 6260013001582,   "Gadget Fix",                                                "2013 E 7th St  Long Beach, CA 90804",                      "(323) 490-8904",       null, null,     6260013001, null) ;
INSERT INTO StoreTbl VALUES ( 6260013001583,   "Flynn Signs & Graphics",                                    "1345 Coronado Ave  Long Beach, CA 90804",                  "(562) 498-6655",       null, null,     6260013001, null) ;
INSERT INTO StoreTbl VALUES ( 6260013001584,   "Master Cleaners",                                           "2776 E Anaheim St  Long Beach, CA 90804",                  "(562) 438-7704",       null, null,     6260013001, null) ;  -- cleaners
INSERT INTO StoreTbl VALUES ( 6260013001585,   "A2Z Cell Phone & Computer Repair",                          "3205 E Anaheim St  Long Beach, CA 90804",                  "(562) 597-8200",       null, null,     6260013001, null) ;  -- repair
INSERT INTO StoreTbl VALUES ( 6260013001586,   "Moreys Music Store Inc",                                   "4834 Woodruff Ave  Lakewood, CA 90713",                    "(562) 420-9532",       null, null,     6260013001, null) ;
INSERT INTO StoreTbl VALUES ( 6260013001587,   "Mondial Tailor & Dress Makers",                             "1700 E Anaheim St  Long Beach, CA 90813",                  "(562) 338-2577",       null, null,     6260013001, null) ;

-- SANTA MONICA
INSERT INTO PlazaTbl VALUES ( 6260026001,   "Others", 6260026 );

INSERT INTO StoreTbl VALUES ( 6260026001001,   "Box Brothers",                                              "2113 Wilshire Blvd",                                       "(310) 453-1532",       null, null,     6260026001, null) ;
INSERT INTO StoreTbl VALUES ( 6260026001002,   "iPrint Reprographics",                                      "1453 14th St",                                             "(310) 593-0911",       null, null,     6260026001, null) ;
INSERT INTO StoreTbl VALUES ( 6260026001003,   "Auto Mediator Diminished Value Auto Appraisal Experts",     "1427 Lincoln Blvd",                                        "(310) 907-5559",       null, null,     6260026001, null) ;
INSERT INTO StoreTbl VALUES ( 6260026001004,   "Metropolitan Cleaners",                                     "2003 Lincoln Blvd",                                        "(310) 452-3443",       null, null,     6260026001, null) ;  -- cleaners
INSERT INTO StoreTbl VALUES ( 6260026001005,   "MD Tailoring",                                              "Santa Monica, CA 90404",                                   "(213) 308-0515",       null, null,     6260026001, null) ;
INSERT INTO StoreTbl VALUES ( 6260026001006,   "Magnus Pettersson Hand Knife Sharpening",                   "1423 Euclid St",                                           "(310) 486-6068",       null, null,     6260026001, null) ;
INSERT INTO StoreTbl VALUES ( 6260026001007,   "RyTECHan Mac/PC Consultation",                              "604 Arizona Ave",                                          "(310) 853-0009",       null, null,     6260026001, null) ;
INSERT INTO StoreTbl VALUES ( 6260026001008,   "Tees On Demand",                                            "1840 Lincoln Blvd",                                        "(310) 795-7174",       null, null,     6260026001, null) ;
INSERT INTO StoreTbl VALUES ( 6260026001009,   "Swift Chip",                                                "604 Arizona Ave",                                          "(866) 326-2008",       null, null,     6260026001, null) ;
INSERT INTO StoreTbl VALUES ( 6260026001010,   "The Ticket Angels",                                         "1112 Montana Ave",                                         "(310) 598-7301",       null, null,     6260026001, null) ;
INSERT INTO StoreTbl VALUES ( 6260026001011,   "CCS Productions",                                           "Santa Monica, CA 90405",                                   "(424) 259-1862",       null, null,     6260026001, null) ;
INSERT INTO StoreTbl VALUES ( 6260026001012,   "The Mac Studio",                                            "2633 Lincoln Blvd",                                        "(855) 622-3497",       null, null,     6260026001, null) ;
INSERT INTO StoreTbl VALUES ( 6260026001013,   "Robs Organic Carpet Cleaning",                             "Santa Monica, CA 90405",                                   "(310) 729-2931",       null, null,     6260026001, null) ;  -- cleaning
INSERT INTO StoreTbl VALUES ( 6260026001014,   "Stans Tech Garage",                                        "1622 Wilshire Blvd",                                       "(310) 294-3822",       null, null,     6260026001, null) ;
INSERT INTO StoreTbl VALUES ( 6260026001015,   "Toastmasters Sand and Sea Speakers",                        "1220 2nd St",                                              "(310) 929-7368",       null, null,     6260026001, null) ;
INSERT INTO StoreTbl VALUES ( 6260026001016,   "Larson Family Mortuary and Cremation Los Angeles",          "1828 Broadway",                                            "(310) 883-8733",       null, null,     6260026001, null) ;
INSERT INTO StoreTbl VALUES ( 6260026001017,   "Church Of Type",                                            "3215 Pico Blvd",                                           "(310) 310-3951",       null, null,     6260026001, null) ;
INSERT INTO StoreTbl VALUES ( 6260026001018,   "Precious Metal Arts",                                       "2510 Main St",                                             "(310) 581-4844",       null, null,     6260026001, null) ;
INSERT INTO StoreTbl VALUES ( 6260026001019,   "Art Lewin Bespoke Tailors - Santa Monica",                  "120 Broadway",                                             "(310) 310-8201",       null, null,     6260026001, null) ;
INSERT INTO StoreTbl VALUES ( 6260026001020,   "Eden Tailor & Alterations",                                 "2835 Wilshire Blvd",                                       "(310) 829-9338",       null, null,     6260026001, null) ;
INSERT INTO StoreTbl VALUES ( 6260026001021,   "Montana Clock Shop",                                        "1617 Montana Ave",                                         "(310) 394-0711",       null, null,     6260026001, null) ;
INSERT INTO StoreTbl VALUES ( 6260026001022,   "Westside Mobile Knife Sharpening",                          "Santa Monica, CA 90403",                                   "(310) 395-3075",       null, null,     6260026001, null) ;
INSERT INTO StoreTbl VALUES ( 6260026001023,   "Casey White",                                               "Santa Monica, CA 90408",                                   "(310) 397-5342",       null, null,     6260026001, null) ;
INSERT INTO StoreTbl VALUES ( 6260026001024,   "Cuddle Bear Day Care",                                      "Santa Monica, CA 90404",                                   "(310) 829-1400",       null, null,     6260026001, null) ;
INSERT INTO StoreTbl VALUES ( 6260026001025,   "Santa Monica Copy & Printing",                              "2108 Wilshire Blvd",                                       "(310) 315-2803",       null, null,     6260026001, null) ;
INSERT INTO StoreTbl VALUES ( 6260026001026,   "Post Tel Business Center",                                  "2118 Wilshire Blvd",                                       "(310) 828-8645",       null, null,     6260026001, null) ;
INSERT INTO StoreTbl VALUES ( 6260026001027,   "T J Cleaners",                                              "2441 Santa Monica Blvd",                                   "(310) 315-1010",       null, null,     6260026001, null) ;  -- cleaners
INSERT INTO StoreTbl VALUES ( 6260026001028,   "Performance Bicycle",                                       "1314 Wilshire Blvd",                                       "(310) 451-9977",       null, null,     6260026001, null) ;
INSERT INTO StoreTbl VALUES ( 6260026001029,   "Santa Monica Mailbox Rental",                               "1507 7th St",                                              "(310) 904-3253",       null, null,     6260026001, null) ;
INSERT INTO StoreTbl VALUES ( 6260026001030,   "Smith & Lee",                                               "1321 Santa Monica Blvd",                                   "(310) 395-1652",       null, null,     6260026001, null) ;
INSERT INTO StoreTbl VALUES ( 6260026001031,   "DSJ Printing",                                              "3103 Pico Blvd",                                           "(310) 828-8051",       null, null,     6260026001, null) ;
INSERT INTO StoreTbl VALUES ( 6260026001032,   "Imperial Media Services",                                   "3202 Pennsylvania Ave",                                    "(310) 396-2008",       null, null,     6260026001, null) ;
INSERT INTO StoreTbl VALUES ( 6260026001033,   "velofix",                                                   "Santa Monica, CA 90410",                                   "(310) 947-0743",       null, null,     6260026001, null) ;
INSERT INTO StoreTbl VALUES ( 6260026001034,   "Raleigh Santa Monica",                                      "2803 Main St",                                             "(310) 310-8846",       null, null,     6260026001, null) ;
INSERT INTO StoreTbl VALUES ( 6260026001035,   "Jacks Jewelers",                                           "415 Santa Monica Blvd",                                    "(310) 394-6585",       null, null,     6260026001, null) ;  -- jewels
INSERT INTO StoreTbl VALUES ( 6260026001036,   "Postal Place",                                              "1626 Montana Ave",                                         "(310) 266-9110",       null, null,     6260026001, null) ;
INSERT INTO StoreTbl VALUES ( 6260026001037,   "Sub-Zero Wolf Service Repair",                              "1112 7th St",                                              "(310) 433-7915",       null, null,     6260026001, null) ;  -- repair
INSERT INTO StoreTbl VALUES ( 6260026001038,   "Euro Time & Jewels",                                        "1230 Montana Ave",                                         "(310) 395-3205",       null, null,     6260026001, null) ;  -- jewels
INSERT INTO StoreTbl VALUES ( 6260026001039,   "PC Pros of California",                                     "2500 Broadway",                                            "(323) 835-1699",       null, null,     6260026001, null) ;
INSERT INTO StoreTbl VALUES ( 6260026001040,   "Murat S European Custom",                                   "1113 Montana Ave",                                         "(310) 393-9219",       null, null,     6260026001, null) ;
INSERT INTO StoreTbl VALUES ( 6260026001041,   "Neutral Support",                                           "Santa Monica, CA 90403",                                   "(424) 256-8846",       null, null,     6260026001, null) ;
INSERT INTO StoreTbl VALUES ( 6260026001042,   "Signal Electronics",                                        "2412 Wilshire Bblvd",                                      "(310) 394-5262",       null, null,     6260026001, null) ;
INSERT INTO StoreTbl VALUES ( 6260026001043,   "StreetSmart Messengers",                                    "604 Arizona Ave",                                          "(310) 390-2710",       null, null,     6260026001, null) ;
INSERT INTO StoreTbl VALUES ( 6260026001044,   "Santa Monica Mini Storage",                                 "1620 14th St",                                             "(310) 450-1515",       null, null,     6260026001, null) ;  -- storage
INSERT INTO StoreTbl VALUES ( 6260026001045,   "4th Street Recording Studio",                               "1211 4th St Rear",                                         "(310) 395-9114",       null, null,     6260026001, null) ;
INSERT INTO StoreTbl VALUES ( 6260026001046,   "Ontime Appliance Repair",                                   "Santa Monica, CA 90402",                                   "(818) 600-2559",       null, null,     6260026001, null) ;  -- repair
INSERT INTO StoreTbl VALUES ( 6260026001047,   "Montalvo on Montana Custom-Made Shirts & Suits",            "1628 Montana Ave",                                         "(310) 828-7748",       null, null,     6260026001, null) ;
INSERT INTO StoreTbl VALUES ( 6260026001048,   "Angelos Shoe Repair",                                      "724 Montana Ave",                                          "(310) 394-7237",       null, null,     6260026001, null) ;  -- repair
INSERT INTO StoreTbl VALUES ( 6260026001049,   "Advanced TV Repair",                                        "1507 7th St",                                              "(310) 372-1100",       null, null,     6260026001, null) ;  -- repair
INSERT INTO StoreTbl VALUES ( 6260026001050,   "Kapow 3D",                                                  "1636 19th St",                                             "(310) 591-2964",       null, null,     6260026001, null) ;
INSERT INTO StoreTbl VALUES ( 6260026001051,   "Rene French Cleaners",                                      "2037 Wilshire Blvd",                                       "(310) 829-9667",       null, null,     6260026001, null) ;  -- cleaners
INSERT INTO StoreTbl VALUES ( 6260026001052,   "GrannyStone Design & Print",                                "1247 Lincoln Blvd",                                        "(310) 260-7683",       null, null,     6260026001, null) ;
INSERT INTO StoreTbl VALUES ( 6260026001053,   "Ocean Park Community Center",                               "503 Olympic Blvd",                                         "(310) 450-4050",       null, null,     6260026001, null) ;
INSERT INTO StoreTbl VALUES ( 6260026001054,   "Eco Coastal Cleaners",                                      "Santa Monica, CA 90405",                                   "(310) 450-7878",       null, null,     6260026001, null) ;  -- cleaners
INSERT INTO StoreTbl VALUES ( 6260026001055,   "Zone 3 Multisport",                                         "3216 Santa Monica Blvd",                                   "(310) 828-0313",       null, null,     6260026001, null) ;
INSERT INTO StoreTbl VALUES ( 6260026001056,   "The Wedding Gown Specialists",                              "1203 Montana Ave",                                         "(877) 374-2567",       null, null,     6260026001, null) ;
INSERT INTO StoreTbl VALUES ( 6260026001057,   "Bike Attack Electric",                                      "2904 Main St",                                             "(424) 744-8148",       null, null,     6260026001, null) ;
INSERT INTO StoreTbl VALUES ( 6260026001058,   "Notary Public In Santa Monica",                             "1431 Ocean Ave",                                           "(310) 751-4080",       null, null,     6260026001, null) ;
INSERT INTO StoreTbl VALUES ( 6260026001059,   "Zarzour Family Day Care",                                   "1928 18 St",                                               "(310) 450-6898",       null, null,     6260026001, null) ;
INSERT INTO StoreTbl VALUES ( 6260026001060,   "PestForce 1",                                               "Santa Monica, CA 90401",                                   "(818) 481-6142",       null, null,     6260026001, null) ;
INSERT INTO StoreTbl VALUES ( 6260026001061,   "Larry The Shoe Shine Man",                                  "2812 Santa Monica Blvd",                                   "(310) 745-6428",       null, null,     6260026001, null) ;
INSERT INTO StoreTbl VALUES ( 6260026001062,   "PerfShirts",                                                "3RD St Promenade",                                         "(310) 883-8716",       null, null,     6260026001, null) ;
INSERT INTO StoreTbl VALUES ( 6260026001063,   "Sarian Family Child Care",                                  "1434 Franklin St",                                         "(310) 310-2746",       null, null,     6260026001, null) ;
INSERT INTO StoreTbl VALUES ( 6260026001064,   "HW Wise Custom Tailoring",                                  "3104 Wilshire Blvd",                                       "(310) 828-1768",       null, null,     6260026001, null) ;
INSERT INTO StoreTbl VALUES ( 6260026001065,   "Printland",                                                 "2927 Santa Monica Blvd",                                   "(310) 393-4400",       null, null,     6260026001, null) ;
INSERT INTO StoreTbl VALUES ( 6260026001066,   "Public Storage",                                            "3010 Wilshire Blvd",                                       "(866) 677-5147",       null, null,     6260026001, null) ;  -- storage
INSERT INTO StoreTbl VALUES ( 6260026001067,   "Sir Speedy",                                                "2632 Santa Monica Blvd",                                   "(310) 829-3022",       null, null,     6260026001, null) ;
INSERT INTO StoreTbl VALUES ( 6260026001068,   "Master Cleaners",                                           "1106 Montana Ave",                                         "(310) 395-4223",       null, null,     6260026001, null) ;  -- cleaners
INSERT INTO StoreTbl VALUES ( 6260026001069,   "The UPS Store",                                             "2633 Lincoln Blvd",                                        "(310) 396-5707",       null, null,     6260026001, null) ;
INSERT INTO StoreTbl VALUES ( 6260026001070,   "Victors Cleaners",                                         "700 Santa Monica Blvd",                                    "(310) 394-2724",       null, null,     6260026001, null) ;  -- cleaners
INSERT INTO StoreTbl VALUES ( 6260026001071,   "Classy Cleaners",                                           "1803 Lincoln Blvd",                                        "(310) 396-9941",       null, null,     6260026001, null) ;  -- cleaners
INSERT INTO StoreTbl VALUES ( 6260026001072,   "Don Land Consulting",                                       "2521 33rd St",                                             "(310) 710-1590",       null, null,     6260026001, null) ;
INSERT INTO StoreTbl VALUES ( 6260026001073,   "Check Plus Computer",                                       "2932 Wilshire Blvd",                                       "(310) 868-8877",       null, null,     6260026001, null) ;
INSERT INTO StoreTbl VALUES ( 6260026001074,   "Extra Space Storage",                                       "1707 Cloverfield Blvd",                                    "(310) 979-0137",       null, null,     6260026001, null) ;  -- cosm-- storage
INSERT INTO StoreTbl VALUES ( 6260026001075,   "That British Place",                                        "1551 16th St",                                             "(310) 880-7941",       null, null,     6260026001, null) ;
INSERT INTO StoreTbl VALUES ( 6260026001076,   "Rich Sheet Metal Works",                                    "1725 Colorado Ave",                                        "(310) 829-2478",       null, null,     6260026001, null) ;
INSERT INTO StoreTbl VALUES ( 6260026001077,   "FedEx Office Ship Center",                                  "925 Wilshire Blvd",                                        "(310) 394-2947",       null, null,     6260026001, null) ;   -- office supply no
INSERT INTO StoreTbl VALUES ( 6260026001078,   "Montana Mail",                                              "1112 Montana Ave",                                         "(310) 394-6909",       null, null,     6260026001, null) ;
INSERT INTO StoreTbl VALUES ( 6260026001079,   "Los Angeles TV Installation",                               "1234 6th St",                                              "(310) 289-4449",       null, null,     6260026001, null) ;
INSERT INTO StoreTbl VALUES ( 6260026001080,   "Lime Studios",                                              "1528 20th St",                                             "(310) 829-5463",       null, null,     6260026001, null) ;
INSERT INTO StoreTbl VALUES ( 6260026001082,   "Beacon Mortuary - Funerals and Cremation Los Angeles",       "616 Alta Ave",                                             "(424) 324-9474",       null, null,    6260026001, null) ;
INSERT INTO StoreTbl VALUES ( 6260026001083,   "iMusic Academy",                                            "2425 Olympic Blvd",                                        "(888) 263-2702",       null, null,     6260026001, null) ;
INSERT INTO StoreTbl VALUES ( 6260026001084,   "Montana Dry Cleaners",                                      "1112 Montana Ave",                                         "(310) 458-6679",       null, null,     6260026001, null) ;  -- cleaners
INSERT INTO StoreTbl VALUES ( 6260026001085,   "Almost Holden Collection",                                  "2821 Ocean Park Blvd",                                     "(424) 238-8881",       null, null,     6260026001, null) ;
INSERT INTO StoreTbl VALUES ( 6260026001086,   "Stripper Herk",                                             "2015 Main St",                                             "(310) 399-8112",       null, null,     6260026001, null) ;
INSERT INTO StoreTbl VALUES ( 6260026001087,   "Keyboard Concepts",                                         "3232 Santa Monica Blvd",                                   "(310) 586-5588",       null, null,     6260026001, null) ;
INSERT INTO StoreTbl VALUES ( 6260026001088,   "U-Haul of Santa Monica",                                    "1747 Lincoln Blvd",                                        "(310) 450-6947",       null, null,     6260026001, null) ;
INSERT INTO StoreTbl VALUES ( 6260026001089,   "Metropolitan Chem-Dry",                                     "911 Marine St",                                            "(310) 399-1255",       null, null,     6260026001, null) ;
INSERT INTO StoreTbl VALUES ( 6260026001090,   "Prestige Cleaners",                                         "1731 Wilshire Blvd",                                       "(310) 829-4664",       null, null,     6260026001, null) ;  -- cleaners
INSERT INTO StoreTbl VALUES ( 6260026001091,   "Door to Door Valet Cleaners",                               "1202 Montana Ave",                                         "(310) 587-3231",       null, null,     6260026001, null) ;  -- cleaners
INSERT INTO StoreTbl VALUES ( 6260026001092,   "Grand Custom Tailors",                                      "2624 Wilshire Blvd",                                       "(310) 828-0919",       null, null,     6260026001, null) ;
INSERT INTO StoreTbl VALUES ( 6260026001093,   "Elias Custom Tailoring",                                    "1212 11th St",                                             "(310) 393-4424",       null, null,     6260026001, null) ;
INSERT INTO StoreTbl VALUES ( 6260026001094,   "Printing Palace",                                           "2300 Lincoln Blvd",                                        "(310) 451-5151",       null, null,     6260026001, null) ;
INSERT INTO StoreTbl VALUES ( 6260026001095,   "Monkey Business Press",                                     "477 Hillside Ln",                                          "(310) 454-7947",       null, null,     6260026001, null) ;
INSERT INTO StoreTbl VALUES ( 6260026001096,   "Ye Olde Upholstery Shoppe",                                 "1836 Lincoln Blvd",                                        "(310) 395-2528",       null, null,     6260026001, null) ;
INSERT INTO StoreTbl VALUES ( 6260026001097,   "West LA Print & Copy",                                      "3107 Pico Blvd",                                           "(310) 473-5620",       null, null,     6260026001, null) ;
INSERT INTO StoreTbl VALUES ( 6260026001098,   "The Novelry",                                               "2507 Main St",                                             "(310) 403-3847",       null, null,     6260026001, null) ;
INSERT INTO StoreTbl VALUES ( 6260026001099,   "Advanced Landau Tops",                                      "1665 18th St",                                             "(310) 451-8601",       null, null,     6260026001, null) ;
INSERT INTO StoreTbl VALUES ( 6260026001100,   "Meals On Wheels West",                                      "1823 A Michigan Ave",                                      "(310) 394-5133",       null, null,     6260026001, null) ;
INSERT INTO StoreTbl VALUES ( 6260026001101,   "Blighty Music Studios",                                     "1639 11th",                                                "(323) 487-1639",       null, null,     6260026001, null) ;
INSERT INTO StoreTbl VALUES ( 6260026001102,   "Bracken Jewelers",                                          "Lincoln Blvd",                                             "(310) 821-6006",       null, null,     6260026001, null) ;  -- jewels
INSERT INTO StoreTbl VALUES ( 6260026001103,   "Dreamland Early Learning Centers",                          "1635-1641 Centinela Ave",                                  "(310) 828-8454",       null, null,     6260026001, null) ;
INSERT INTO StoreTbl VALUES ( 6260026001104,   "Cristal Kingdom",                                           "1418 Wilshire Blvd",                                       "(310) 393-9911",       null, null,     6260026001, null) ;
INSERT INTO StoreTbl VALUES ( 6260026001105,   "One Voice",                                                 "1228 15th St",                                             "(310) 458-9961",       null, null,     6260026001, null) ;
INSERT INTO StoreTbl VALUES ( 6260026001106,   "Caruso Enzo Custom Tailor",                                 "3021 Ocean Park Blvd",                                     "(310) 452-5103",       null, null,     6260026001, null) ;
INSERT INTO StoreTbl VALUES ( 6260026001107,   "Roving Technology",                                         "1112 Montana Ave",                                         "(310) 350-6960",       null, null,     6260026001, null) ;
INSERT INTO StoreTbl VALUES ( 6260026001108,   "Brentwood Shipping & Mail Boxes",                           "212 26th St",                                              "(310) 576-1515",       null, null,     6260026001, null) ;
INSERT INTO StoreTbl VALUES ( 6260026001109,   "Happy Kid Yoga",                                            "1438 9th St",                                              "(323) 379-9642",       null, null,     6260026001, null) ;
INSERT INTO StoreTbl VALUES ( 6260026001110,   "Mac 911 Inc",                                               "2510 Main St",                                             "(310) 581-4911",       null, null,     6260026001, null) ;
INSERT INTO StoreTbl VALUES ( 6260026001111,   "L.A. Studios Margarita Mix",                                "1661 Lincoln Blvd",                                        "(310) 396-3333",       null, null,     6260026001, null) ;
INSERT INTO StoreTbl VALUES ( 6260026001112,   "The Ring Finders",                                          "Santa Monica, CA",                                         "(951) 217-5101",       null, null,     6260026001, null) ;
INSERT INTO StoreTbl VALUES ( 6260026001113,   "Clean People Coinless Laundry",                             "2608 Pico Blvd",                                           "(310) 396-3166",       null, null,     6260026001, null) ;  -- cleaners
INSERT INTO StoreTbl VALUES ( 6260026001114,   "Delta Instant Press",                                       "2802 Pico Blvd",                                           "(310) 450-8656",       null, null,     6260026001, null) ;
INSERT INTO StoreTbl VALUES ( 6260026001115,   "Calligraphy For All Occasions",                             "1115 19th St",                                             "(310) 828-3865",       null, null,     6260026001, null) ;
INSERT INTO StoreTbl VALUES ( 6260026001116,   "My First Place Daycare",                                    "1931 22nd St",                                             "(310) 230-5010",       null, null,     6260026001, null) ;
INSERT INTO StoreTbl VALUES ( 6260026001117,   "Buck & Chris Green Disposal Service",                       "Santa Monica, CA",                                         "(310) 399-6640",       null, null,     6260026001, null) ;
INSERT INTO StoreTbl VALUES ( 6260026001118,   "Eleven Sound",                                              "1231 Lincoln Blvd",                                        "(310) 526-2911",       null, null,     6260026001, null) ;
INSERT INTO StoreTbl VALUES ( 6260026001119,   "G & V Tailoring",                                           "2305 Main St",                                             "(424) 262-2305",       null, null,     6260026001, null) ;
INSERT INTO StoreTbl VALUES ( 6260026001120,   "A Action Income Tax Service",                               "2018 Pico Blvd",                                           "(310) 452-1210",       null, null,     6260026001, null) ;
INSERT INTO StoreTbl VALUES ( 6260026001121,   "Almost Anything Inc",                                       "Santa Monica, CA 90401",                                   "(424) 279-8383",       null, null,     6260026001, null) ;
INSERT INTO StoreTbl VALUES ( 6260026001122,   "Bright Horizons At the Water Garden",                       "1620 26th St",                                             "(310) 449-0047",       null, null,     6260026001, null) ;
INSERT INTO StoreTbl VALUES ( 6260026001123,   "Dry Clean X Press",                                         "2611 Lincoln Blvd",                                        "(310) 452-1066",       null, null,     6260026001, null) ;
INSERT INTO StoreTbl VALUES ( 6260026001124,   "Beth Shir Shalom",                                          "1827 California Ave",                                      "(310) 829-2917",       null, null,     6260026001, null) ;
INSERT INTO StoreTbl VALUES ( 6260026001125,   "Ocean Park Laundromat",                                     "2100 Ocean Park Blvd",                                     "(310) 435-8270",       null, null,     6260026001, null) ;
INSERT INTO StoreTbl VALUES ( 6260026001126,   "Fox Coin Laundries",                                        "924 Montana Ave",                                          "(310) 394-9418",       null, null,     6260026001, null) ;
INSERT INTO StoreTbl VALUES ( 6260026001127,   "The Passaro Group",                                         "Santa Monica, CA 90405",                                   "(310) 428-8221",       null, null,     6260026001, null) ;
INSERT INTO StoreTbl VALUES ( 6260026001128,   "Ocean Park Casting",                                        "2701 Ocean Park Blvd",                                     "(310) 581-3000",       null, null,     6260026001, null) ;
INSERT INTO StoreTbl VALUES ( 6260026001129,   "Cellular Gallery",                                          "1608 Santa Monica Blvd",                                   "(310) 392-8500",       null, null,     6260026001, null) ;
INSERT INTO StoreTbl VALUES ( 6260026001130,   "Mail Boxes Etc",                                            "1158 26th St",                                             "(310) 453-4111",       null, null,     6260026001, null) ;
INSERT INTO StoreTbl VALUES ( 6260026001131,   "Lily White Ava Cleaners",                                   "823 Wilshire Blvd",                                        "(310) 395-8800",       null, null,     6260026001, null) ;  -- cleaners
INSERT INTO StoreTbl VALUES ( 6260026001132,   "Julios Upholstery Shop",                                   "2915 Pico Blvd",                                           "(310) 315-0692",       null, null,     6260026001, null) ;
INSERT INTO StoreTbl VALUES ( 6260026001133,   "Digital Duchess",                                           "Santa Monica, CA 90401",                                   "(310) 395-6884",       null, null,     6260026001, null) ;
INSERT INTO StoreTbl VALUES ( 6260026001134,   "Nerdcube Computer Support",                                 "811 Pine St",                                              "(310) 878-2823",       null, null,     6260026001, null) ;
INSERT INTO StoreTbl VALUES ( 6260026001135,   "Anderson Welding & Iron",                                   "2834 Colorado Ave",                                        "(310) 828-9677",       null, null,     6260026001, null) ;
INSERT INTO StoreTbl VALUES ( 6260026001136,   "The Finishers Touch",                                      "2103 Lincoln Blvd",                                        "(310) 452-3860",       null, null,     6260026001, null) ;
INSERT INTO StoreTbl VALUES ( 6260026001137,   "ORECK",                                                     "2924 Wilshire Blvd",                                       "(310) 449-5399",       null, null,     6260026001, null) ;
INSERT INTO StoreTbl VALUES ( 6260026001138,   "Eli Broad Family Foundation",                               "Santa Monica, CA 90401",                                   "(310) 399-4004",       null, null,     6260026001, null) ;
INSERT INTO StoreTbl VALUES ( 6260026001139,   "Softbyte City Computer",                                    "Santa Monica, CA 90401",                                   "(310) 315-7324",       null, null,     6260026001, null) ;
INSERT INTO StoreTbl VALUES ( 6260026001140,   "Lawrence Garcia Custom Urns",                               "Santa Monica, CA 90401",                                   "(310) 801-7349",       null, null,     6260026001, null) ;
INSERT INTO StoreTbl VALUES ( 6260026001141,   "Express Appliance Repair",                                  "5248 Yarmouth Ave",                                        "(888) 510-4343",       null, null,     6260026001, null) ;  -- repair
INSERT INTO StoreTbl VALUES ( 6260026001142,   "Bubble Beach Laundry",                                      "2633 Main St",                                             "(310) 392-1717",       null, null,     6260026001, null) ;  -- beach-- cleaners
INSERT INTO StoreTbl VALUES ( 6260026001143,   "Image Square Print and Graphics",                           "1627 Stanford St",                                         "(310) 526-8521",       null, null,     6260026001, null) ;
INSERT INTO StoreTbl VALUES ( 6260026001144,   "Yale Cleaners",                                             "2824 Santa Monica Blvd",                                   "(310) 453-3030",       null, null,     6260026001, null) ;  -- cleaners
INSERT INTO StoreTbl VALUES ( 6260026001145,   "Lucky Dry Cleaners",                                        "1221 Wilshire Blvd",                                       "(310) 917-1919",       null, null,     6260026001, null) ;  -- cleaners
INSERT INTO StoreTbl VALUES ( 6260026001146,   "Vintage Stove Repair",                                      "1400 7 Th St",                                             "(310) 779-8937",       null, null,     6260026001, null) ;  -- repair
INSERT INTO StoreTbl VALUES ( 6260026001147,   "Goodwill Southern California Attended Donation Center",     "1803 Lincoln Blvd",                                        "(310) 452-9491",       null, null,     6260026001, null) ;
INSERT INTO StoreTbl VALUES ( 6260026001148,   "Dryclean Express",                                          "2461 Santa Monica Blvd",                                   "(310) 829-9592",       null, null,     6260026001, null) ;
INSERT INTO StoreTbl VALUES ( 6260026001149,   "The Dress Code",                                            "Santa Monica, CA 90401",                                   "(310) 656-9884",       null, null,     6260026001, null) ;
INSERT INTO StoreTbl VALUES ( 6260026001150,   "Letterpress Unlimited",                                     "3103 Pico Blvd",                                           "(310) 828-8051",       null, null,     6260026001, null) ;
INSERT INTO StoreTbl VALUES ( 6260026001151,   "Cleaner by Nature",                                         "2407 Wilshire Blvd",                                       "(310) 315-1520",       null, null,     6260026001, null) ;  -- cleaners
INSERT INTO StoreTbl VALUES ( 6260026001152,   "The Best Screen Printing",                                  "Los Angeles, CA 90404",                                    "(323) 433-0033",       null, null,     6260026001, null) ;
INSERT INTO StoreTbl VALUES ( 6260026001153,   "Yale Jewelers",                                             "2839 Wilshire Blvd",                                       "(310) 829-0605",       null, null,     6260026001, null) ;
INSERT INTO StoreTbl VALUES ( 6260026001154,   "Bizconnectors",                                             "Santa Monica, CA 90409",                                   "(310) 745-0980",       null, null,     6260026001, null) ;
INSERT INTO StoreTbl VALUES ( 6260026001155,   "Park Avenue Cleaners & Laundry",                            "2936 Wilshire Blvd",                                       "(310) 828-5885",       null, null,     6260026001, null) ;  -- cleaners
INSERT INTO StoreTbl VALUES ( 6260026001156,   "Design Energy Works",                                       "212 Marine St",                                            "(424) 346-4367",       null, null,     6260026001, null) ;
INSERT INTO StoreTbl VALUES ( 6260026001157,   "Ki Tailor",                                                 "2616 Santa Monica Blvd",                                   "(310) 829-4009",       null, null,     6260026001, null) ;
INSERT INTO StoreTbl VALUES ( 6260026001158,   "Santa Monica Notary & Live Scan",                           "1424 4th St, Ste 214",                                     "(310) 393-5390",       null, null,     6260026001, null) ;
INSERT INTO StoreTbl VALUES ( 6260026001159,   "Christian Boyce",                                           "3435 Ocean Park Blvd",                                     "(424) 354-3548",       null, null,     6260026001, null) ;
INSERT INTO StoreTbl VALUES ( 6260026001160,   "Santa Monicas Premier Carpet Cleaners",                    "3435 Ocean Park Boulevard",                                "(424) 327-9075",       null, null,     6260026001, null) ;  -- cleaners
INSERT INTO StoreTbl VALUES ( 6260026001161,   "C2 Reprographics",                                          "706 Santa Monica Blvd",                                    "(310) 395-3291",       null, null,     6260026001, null) ;
INSERT INTO StoreTbl VALUES ( 6260026001162,   "University Sitters",                                        "Los Angeles, CA 90403",                                    "(877) 417-4883",       null, null,     6260026001, null) ;
INSERT INTO StoreTbl VALUES ( 6260026001163,   "Green Tree Cleaners",                                       "1301 Wilshire Blvd",                                       "(310) 393-3326",       null, null,     6260026001, null) ;  -- cleaners
INSERT INTO StoreTbl VALUES ( 6260026001164,   "Wise & Healthy Aging",                                      "1527 4th St",                                              "(310) 394-9871",       null, null,     6260026001, null) ;
INSERT INTO StoreTbl VALUES ( 6260026001165,   "Blue Ant, Inc. Janitorial",                                 "1507 7th St",                                              "(310) 574-2241",       null, null,     6260026001, null) ;
INSERT INTO StoreTbl VALUES ( 6260026001166,   "Discount Junk Removal Santa Monica",                        "1507 7th St",                                              "(310) 593-4183",       null, null,     6260026001, null) ;
INSERT INTO StoreTbl VALUES ( 6260026001167,   "Ogdens One Hour Cleaners",                                 "926 Montana Ave",                                          "(310) 393-3319",       null, null,     6260026001, null) ;  -- cleaners
INSERT INTO StoreTbl VALUES ( 6260026001168,   "JK & Co. Jewelers",                                         "12100 Wilshire Blvd",                                      "(818) 522-8929",       null, null,     6260026001, null) ;  -- jewels
INSERT INTO StoreTbl VALUES ( 6260026001169,   "The Colleagues",                                            "3312 Pico Blvd",                                           "(310) 396-7349",       null, null,     6260026001, null) ;
INSERT INTO StoreTbl VALUES ( 6260026001170,   "The Salvation Army Corps Community Centers",                "Santa Monica, CA 90401",                                   "(310) 451-1358",       null, null,     6260026001, null) ;
INSERT INTO StoreTbl VALUES ( 6260026001171,   "FedEx Office Print & Ship Center",                          "601 Wilshire Blvd",                                        "(310) 576-7710",       null, null,     6260026001, null) ;
INSERT INTO StoreTbl VALUES ( 6260026001172,   "Sojourn",                                                   "1453 16th St",                                             "(310) 264-6646",       null, null,     6260026001, null) ;
INSERT INTO StoreTbl VALUES ( 6260026001173,   "A-1 Chinese Hand Laundry & Dry Cleaners",                   "1006 Montana Ave",                                         "(310) 394-7413",       null, null,     6260026001, null) ;  -- cleaners
INSERT INTO StoreTbl VALUES ( 6260026001174,   "17th Street Thrifty Wash",                                  "2521 17th St",                                             "(310) 435-8270",       null, null,     6260026001, null) ;
INSERT INTO StoreTbl VALUES ( 6260026001175,   "Mk Dry Cleaning",                                           "3007 Ocean Park Blvd",                                     "(310) 450-0878",       null, null,     6260026001, null) ;  -- cleaning
INSERT INTO StoreTbl VALUES ( 6260026001176,   "Mikes Shoe Repair",                                        "5457 Sepulveda Blvd",                                      "(310) 391-2324",       null, null,     6260026001, null) ;  -- repair
INSERT INTO StoreTbl VALUES ( 6260026001177,   "Staples",                                                   "1610 Wilshire Blvd",                                       "(310) 828-7779",       null, null,     6260026001, null) ;
INSERT INTO StoreTbl VALUES ( 6260026001178,   "Hallmark Cleaners",                                         "1907 Wilshire Blvd",                                       "(310) 453-3773",       null, null,     6260026001, null) ;  -- cleaners
INSERT INTO StoreTbl VALUES ( 6260026001179,   "US Post Office",                                            "2720 Neilson Way",                                         "(310) 576-6544",       null, null,     6260026001, null) ;
INSERT INTO StoreTbl VALUES ( 6260026001180,   "Brentwood Royal Cleaners",                                  "Santa Monica, CA 90402",                                   "(310) 451-3663",       null, null,     6260026001, null) ;  -- cleaners
INSERT INTO StoreTbl VALUES ( 6260026001181,   "Browns Cleaners",                                          "1223 Montana Ave",                                         "(310) 451-8531",       null, null,     6260026001, null) ;  -- cleaners
INSERT INTO StoreTbl VALUES ( 6260026001182,   "Maya Shoes",                                                "1708 Ocean Park Blvd",                                     "(310) 452-1113",       null, null,     6260026001, null) ;
INSERT INTO StoreTbl VALUES ( 6260026001183,   "Shortline Intercom Repair Service",                         "Los Angeles, CA 90403",                                    "(310) 395-3468",       null, null,     6260026001, null) ;  -- repair
INSERT INTO StoreTbl VALUES ( 6260026001184,   "Fox Coin Laundry",                                          "2439 Santa Monica Blvd",                                   "(310) 829-9378",       null, null,     6260026001, null) ;  -- cleaners
INSERT INTO StoreTbl VALUES ( 6260026001185,   "Santini Ironworks",                                         "6764 S Centinela Ave",                                     "(310) 390-4147",       null, null,     6260026001, null) ;
INSERT INTO StoreTbl VALUES ( 6260026001186,   "Sears Portrait Studio",                                     "Santa Monica, CA 90401",                                   "(310) 576-2920",       null, null,     6260026001, null) ;
INSERT INTO StoreTbl VALUES ( 6260026001187,   "Flair Cleaners",                                            "720 Montana Ave",                                          "(310) 395-9354",       null, null,     6260026001, null) ;  -- cleaners
INSERT INTO StoreTbl VALUES ( 6260026001188,   "MacWest Data Recovery",                                     "12041 Wilshire Blvd.",                                     "(310) 866-0828",       null, null,     6260026001, null) ;
INSERT INTO StoreTbl VALUES ( 6260026001189,   "Printers Company",                                          "12121 Wilshire Blvd",                                      "(310) 207-5507",       null, null,     6260026001, null) ;
INSERT INTO StoreTbl VALUES ( 6260026001190,   "The Chandelier Shiner",                                     "1442 Brockton Ave",                                        "(310) 663-0565",       null, null,     6260026001, null) ;
INSERT INTO StoreTbl VALUES ( 6260026001191,   "Breeze Bike Share",                                         "1631 Colorado Ave",                                        "(310) 828-2525",       null, null,     6260026001, null) ;
INSERT INTO StoreTbl VALUES ( 6260026001192,   "Corpinfo",                                                  "1618 Stanford St",                                         "(310) 442-3200",       null, null,     6260026001, null) ;
INSERT INTO StoreTbl VALUES ( 6260026001193,   "Day2Day Printing",                                          "2030 S Westgate Ave",                                      "(310) 361-5722",       null, null,     6260026001, null) ;
INSERT INTO StoreTbl VALUES ( 6260026001194,   "Courtyard Cleaners",                                        "2501 Colorado Ave",                                        "(310) 315-0625",       null, null,     6260026001, null) ;  -- cleaners
INSERT INTO StoreTbl VALUES ( 6260026001195,   "Brentwood Presbyterian Church",                             "12000 San Vicente Blvd",                                   "(310) 826-5656",       null, null,     6260026001, null) ;
INSERT INTO StoreTbl VALUES ( 6260026001196,   "Computer City Repairs",                                     "1433 Westwood Blvd",                                       "(310) 730-5227",       null, null,     6260026001, null) ;  -- repair
INSERT INTO StoreTbl VALUES ( 6260026001197,   "Music1on1",                                                 "3019 Pico Blvd",                                           "(310) 430-4802",       null, null,     6260026001, null) ;
INSERT INTO StoreTbl VALUES ( 6260026001198,   "American Red Cross",                                        "1450 11th St",                                             "(310) 394-3773",       null, null,     6260026001, null) ;
INSERT INTO StoreTbl VALUES ( 6260026001199,   "Nicks Cleaners and Tailors",                               "923 Montana Ave",                                          "(310) 393-7150",       null, null,     6260026001, null) ;  -- cleaners
INSERT INTO StoreTbl VALUES ( 6260026001200,   "Red Line Telecom",                                          "Santa Monica, CA 90401",                                   "(310) 453-7663",       null, null,     6260026001, null) ;
INSERT INTO StoreTbl VALUES ( 6260026001201,   "Vocalocity",                                                "2118 Wilshire Blvd",                                       "(310) 526-8897",       null, null,     6260026001, null) ;
INSERT INTO StoreTbl VALUES ( 6260026001202,   "Venice Interiors",                                          "820 Lincoln Blvd",                                         "(310) 396-8854",       null, null,     6260026001, null) ;
INSERT INTO StoreTbl VALUES ( 6260026001203,   "The Gas Company",                                           "1300 6th St",                                              "(310) 455-2131",       null, null,     6260026001, null) ;
INSERT INTO StoreTbl VALUES ( 6260026001204,   "Westwood Appliance",                                        "2204 Pico Blvd",                                           "(310) 450-4888",       null, null,     6260026001, null) ;
INSERT INTO StoreTbl VALUES ( 6260026001205,   "Georges Tailoring & Formal Wear",                          "12120 Santa Monica Blvd",                                  "(310) 826-6380",       null, null,     6260026001, null) ;
INSERT INTO StoreTbl VALUES ( 6260026001206,   "Veloworx",                                                  "3106 Lincoln Blvd",                                        "(310) 584-9797",       null, null,     6260026001, null) ;
INSERT INTO StoreTbl VALUES ( 6260026001207,   "Santa Monica Family YMCA",                                  "1332 6th St",                                              "(310) 393-2721",       null, null,     6260026001, null) ;
INSERT INTO StoreTbl VALUES ( 6260026001208,   "Cleaners On the Corner",                                    "2200 Colorado Ave",                                        "(310) 453-2080",       null, null,     6260026001, null) ;  -- cleaners
INSERT INTO StoreTbl VALUES ( 6260026001209,   "Artadi Family Childcare",                                   "2542 S Bundy Dr",                                          "(424) 832-7347",       null, null,     6260026001, null) ;
INSERT INTO StoreTbl VALUES ( 6260026001210,   "OpenSky Airways Airplane Rental",                           "3011 Airport Ave",                                         "(650) 204-1136",       null, null,     6260026001, null) ;
INSERT INTO StoreTbl VALUES ( 6260026001211,   "NINA Alterations Boutique",                                 "12806 Pacific Ave",                                        "(310) 616-6433",       null, null,     6260026001, null) ;
INSERT INTO StoreTbl VALUES ( 6260026001212,   "Marquis Jet Partners",                                      "2665 Main St",                                             "(310) 452-7995",       null, null,     6260026001, null) ;
INSERT INTO StoreTbl VALUES ( 6260026001213,   "Mold Mutts",                                                "Venice, CA 90291",                                         "(310) 391-2219",       null, null,     6260026001, null) ;
INSERT INTO StoreTbl VALUES ( 6260026001214,   "Guitar Salon International",                                "1455 19th St",                                             "(310) 586-1100",       null, null,     6260026001, null) ;
INSERT INTO StoreTbl VALUES ( 6260026001215,   "Georgio Cleaners",                                          "828 Pico Blvd",                                            "(310) 450-9270",       null, null,     6260026001, null) ;  -- cleaners
INSERT INTO StoreTbl VALUES ( 6260026001216,   "Box Brothers",                                              "11701 Wilshire Blvd",                                      "(310) 478-4008",       null, null,     6260026001, null) ;
INSERT INTO StoreTbl VALUES ( 6260026001217,   "Xylem Networks",                                            "12400 Wilshire Blvd",                                      "(310) 452-5500",       null, null,     6260026001, null) ;
INSERT INTO StoreTbl VALUES ( 6260026001218,   "A-American Self Storage",                                   "2300 Federal Avenue",                                      "(310) 478-2211",       null, null,     6260026001, null) ;  -- storage
INSERT INTO StoreTbl VALUES ( 6260026001219,   "Eagle Shoe Shop",                                           "12122 Santa Monica Blvd",                                  "(310) 826-8694",       null, null,     6260026001, null) ;
INSERT INTO StoreTbl VALUES ( 6260026001220,   "Jacques Jewelers",                                          "11740 San Vicente Blvd",                                   "(310) 442-1583",       null, null,     6260026001, null) ;  -- jewels
INSERT INTO StoreTbl VALUES ( 6260026001221,   "St Joseph Early Learning Center",                           "204 Hampton Dr",                                           "(310) 396-6468",       null, null,     6260026001, null) ;
INSERT INTO StoreTbl VALUES ( 6260026001222,   "Dannys Watch & Jewelry",                                   "1005 Wilshire Blvd",                                       "(310) 395-0474",       null, null,     6260026001, null) ;  -- jewels
INSERT INTO StoreTbl VALUES ( 6260026001223,   "Santa Monica Cleaners",                                     "1453 14th St",                                             "(310) 319-1919",       null, null,     6260026001, null) ;  -- cleaners
INSERT INTO StoreTbl VALUES ( 6260026001224,   "SLB Printing",                                              "2818 S Robertson Blvd",                                    "(310) 558-4752",       null, null,     6260026001, null) ;
INSERT INTO StoreTbl VALUES ( 6260026001225,   "Conscious Recovery",                                        "1334 Lincoln Blvd",                                        "(888) 980-2005",       null, null,     6260026001, null) ;
INSERT INTO StoreTbl VALUES ( 6260026001226,   "LA Custom T-Shirts",                                        "2206 Lincoln Blvd",                                        "(310) 817-3654",       null, null,     6260026001, null) ;
INSERT INTO StoreTbl VALUES ( 6260026001227,   "Kapa Aviation",                                             "3163 Donald Douglas Loop S",                               "(310) 394-7700",       null, null,     6260026001, null) ;
INSERT INTO StoreTbl VALUES ( 6260026001228,   "Executive Cleaners",                                        "2901 Ocean Park Blvd",                                     "(310) 399-7403",       null, null,     6260026001, null) ;  -- cleaners
INSERT INTO StoreTbl VALUES ( 6260026001229,   "Target, Carpet Upholstery Rug & Air Duct Cleaning",         "1517 Lincoln Blvd",                                        "(310) 294-1306",       null, null,     6260026001, null) ;  -- cleaning
INSERT INTO StoreTbl VALUES ( 6260026001230,   "Public Storage",                                            "2300 Purdue Ave",                                          "(866) 677-5147",       null, null,     6260026001, null) ;  -- storage
INSERT INTO StoreTbl VALUES ( 6260026001231,   "LA Fine Arts & Wine Storage",                               "2290 S Centinela Ave",                                     "(310) 447-7700",       null, null,     6260026001, null) ;  -- storage
INSERT INTO StoreTbl VALUES ( 6260026001232,   "Golden Vision Enterprises",                                 "1632 19th St",                                             "(310) 828-7334",       null, null,     6260026001, null) ;
INSERT INTO StoreTbl VALUES ( 6260026001233,   "MicTap",                                                    "1657 12th St",                                             "(310) 581-2481",       null, null,     6260026001, null) ;
INSERT INTO StoreTbl VALUES ( 6260026001234,   "Blueberry Santa Monica Preschool",                          "1514 12th St",                                             "(310) 899-1240",       null, null,     6260026001, null) ;
INSERT INTO StoreTbl VALUES ( 6260026001235,   "Arcade Edit",                                               "1707 12th St",                                             "(310) 826-3500",       null, null,     6260026001, null) ;
INSERT INTO StoreTbl VALUES ( 6260026001236,   "NewVine Music Studio",                                      "1639 11th St",                                             "(323) 681-8344",       null, null,     6260026001, null) ;
INSERT INTO StoreTbl VALUES ( 6260026001237,   "Centurion Fine Art Restoration",                            "West Los Angeles, CA 90025",                               "(310) 826-2226",       null, null,     6260026001, null) ;  -- art
INSERT INTO StoreTbl VALUES ( 6260026001238,   "Tarzana Appliance Repair",                                  "Tarzana, CA",                                              "(818) 962-4687",       null, null,     6260026001, null) ;  -- repair
INSERT INTO StoreTbl VALUES ( 6260026001239,   "Connections For Children",                                  "2701 Ocean Park Blvd",                                     "(310) 452-3325",       null, null,     6260026001, null) ;
INSERT INTO StoreTbl VALUES ( 6260026001240,   "Organic Dry Cleaners",                                      "3114 Wilshire Blvd",                                       "(310) 453-5050",       null, null,     6260026001, null) ;  -- cleaners
INSERT INTO StoreTbl VALUES ( 6260026001241,   "Aaron Cleaners and Laundry",                                "2400 Main St",                                             "(310) 392-1843",       null, null,     6260026001, null) ;  -- cleaners
INSERT INTO StoreTbl VALUES ( 6260026001242,   "SantaMonica Limo Services",                                 "Santa Monica,, CA 90034",                                  "(310) 908-8754",       null, null,     6260026001, null) ;
INSERT INTO StoreTbl VALUES ( 6260026001243,   "Brentwood Hills Cleaners",                                  "11701 Wilshire Blvd",                                      "(310) 477-2471",       null, null,     6260026001, null) ;  -- cleaners
INSERT INTO StoreTbl VALUES ( 6260026001244,   "Avenue 18 Computer Service",                                "2118 Wilshire Blvd",                                       "(310) 829-3129",       null, null,     6260026001, null) ;
INSERT INTO StoreTbl VALUES ( 6260026001245,   "iRepair Appliances",                                        "1349 26th St",                                             "(310) 428-8670",       null, null,     6260026001, null) ;  -- repair
INSERT INTO StoreTbl VALUES ( 6260026001246,   "AIM Mail Center",                                           "2461 Santa Monica Blvd",                                   "(310) 315-1818",       null, null,     6260026001, null) ;
INSERT INTO StoreTbl VALUES ( 6260026001247,   "Adonai Cleaners",                                           "2308 Pico Blvd",                                           "(310) 396-4711",       null, null,     6260026001, null) ;  -- cleaners
INSERT INTO StoreTbl VALUES ( 6260026001248,   "Batz Technologies",                                         "15 Paloma Ave",                                            "(310) 737-8349",       null, null,     6260026001, null) ;
INSERT INTO StoreTbl VALUES ( 6260026001249,   "Lighthouse World Charities Resale Store",                   "1727 Wilshire Blvd",                                       "(310) 828-4100",       null, null,     6260026001, null) ;
INSERT INTO StoreTbl VALUES ( 6260026001250,   "nicwerks",                                                  "1223 Wilshire Blvd",                                       "(310) 213-1000",       null, null,     6260026001, null) ;
INSERT INTO StoreTbl VALUES ( 6260026001251,   "Apex Business Computing",                                   "1223 Wilshire Blvd",                                       "(310) 453-3040",       null, null,     6260026001, null) ;
INSERT INTO StoreTbl VALUES ( 6260026001252,   "Fame Cleaners",                                             "Pacific Palisades, CA 90272",                              "(310) 459-3881",       null, null,     6260026001, null) ;  -- cleaners
INSERT INTO StoreTbl VALUES ( 6260026001253,   "Save-On Boxes",                                             "2215 S Sepulveda Blvd",                                    "(310) 477-7511",       null, null,     6260026001, null) ;
INSERT INTO StoreTbl VALUES ( 6260026001254,   "Common Peace",                                              "1223 Wilshire Blvd",                                       "(310) 390-7278",       null, null,     6260026001, null) ;
INSERT INTO StoreTbl VALUES ( 6260026001255,   "Santa Monica Appliance Repair",                             "1447 Lincoln Blvd",                                        "(323) 617-2825",       null, null,     6260026001, null) ;  -- repair
INSERT INTO StoreTbl VALUES ( 6260026001256,   "48 Windows Music & Mix",                                    "1661 Lincoln Blvd",                                        "(310) 392-9545",       null, null,     6260026001, null) ;
INSERT INTO StoreTbl VALUES ( 6260026001257,   "Liberty Cleaners & Laundry",                                "2621 Santa Monica Blvd",                                   "(310) 453-1403",       null, null,     6260026001, null) ;  -- cleaners
INSERT INTO StoreTbl VALUES ( 6260026001258,   "carpet cleaning santa monica",                              "2308 Schader Dr",                                          "(310) 359-6377",       null, null,     6260026001, null) ;  -- cleaning
INSERT INTO StoreTbl VALUES ( 6260026001259,   "Access Networks",                                           "1831 Wilshire Blvd Ste E",                                 "(310) 453-1800",       null, null,     6260026001, null) ;
INSERT INTO StoreTbl VALUES ( 6260026001260,   "Custom Tailoring By Fernando",                              "13322 W Washington Blvd",                                  "(310) 822-9847",       null, null,     6260026001, null) ;
INSERT INTO StoreTbl VALUES ( 6260026001261,   "S & T Bail Bonds Santa Monica",                             "1411 Lincoln Blvd",                                        "(310) 933-4227",       null, null,     6260026001, null) ;
INSERT INTO StoreTbl VALUES ( 6260026001262,   "Best Deal for America",                                     "Santa Monica, CA",                                         "(424) 260-0451",       null, null,     6260026001, null) ;
INSERT INTO StoreTbl VALUES ( 6260026001263,   "Monarca Landscape Design",                                  "Santa Monica, CA",                                         "(949) 228-5240",       null, null,     6260026001, null) ;
INSERT INTO StoreTbl VALUES ( 6260026001264,   "Recycle My Machine",                                        "12124 Santa Monica Blvd",                                  "(424) 234-3852",       null, null,     6260026001, null) ;
INSERT INTO StoreTbl VALUES ( 6260026001265,   "7th Street Sound",                                          "1453 7th St",                                              "(310) 458-2112",       null, null,     6260026001, null) ;
INSERT INTO StoreTbl VALUES ( 6260026001266,   "Miele Repair Center",                                       "1508 7th St",                                              "(323) 443-1653",       null, null,     6260026001, null) ;  -- repair
INSERT INTO StoreTbl VALUES ( 6260026001267,   "Bail Bonds Direct",                                         "710 Santa Monica Blvd",                                    "(310) 906-1425",       null, null,     6260026001, null) ;
INSERT INTO StoreTbl VALUES ( 6260026001268,   "Cubbie Consumer Storage",                                   "2118 Wilshire Blvd",                                       "(844) 428-2243",       null, null,     6260026001, null) ;  -- storage
INSERT INTO StoreTbl VALUES ( 6260026001269,   "Amicus Technlogy",                                          "2118 Wilshire Blvd",                                       "(310) 670-4962",       null, null,     6260026001, null) ;
INSERT INTO StoreTbl VALUES ( 6260026001270,   "CalPest Pest Control",                                      "2118 Wilshire Blvd",                                       "(310) 453-4981",       null, null,     6260026001, null) ;
INSERT INTO StoreTbl VALUES ( 6260026001271,   "Carpet cleaning Santa Monica",                              "3122 Santa Monica Blvd",                                   "(323) 375-5265",       null, null,     6260026001, null) ;  -- cleaning
INSERT INTO StoreTbl VALUES ( 6260026001272,   "Sunset Bail Bonds",                                         "2118 Wilshire Blvd",                                       "(310) 903-8422",       null, null,     6260026001, null) ;
INSERT INTO StoreTbl VALUES ( 6260026001273,   "Bail Bonds Express",                                        "1300 Lincoln Blvd",                                        "(310) 818-4025",       null, null,     6260026001, null) ;
INSERT INTO StoreTbl VALUES ( 6260026001274,   "California Computer Specialists",                           "Santa Monica, CA 90404",                                   "(310) 862-6349",       null, null,     6260026001, null) ;
INSERT INTO StoreTbl VALUES ( 6260026001275,   "Priority Technology Services",                              "Santa Monica, CA 90404",                                   "(310) 699-2758",       null, null,     6260026001, null) ;
INSERT INTO StoreTbl VALUES ( 6260026001276,   "Copyco Printing",                                           "11555 W Olympic Blvd",                                     "(310) 478-1776",       null, null,     6260026001, null) ;
INSERT INTO StoreTbl VALUES ( 6260026001277,   "A1A Computing",                                             "12433 Wilshire Blvd",                                      "(310) 914-3200",       null, null,     6260026001, null) ;
INSERT INTO StoreTbl VALUES ( 6260026001278,   "Cleaning Contract",                                         "2425 Olympic Blvd",                                        "(310) 395-5001",       null, null,     6260026001, null) ;  -- cleaning
INSERT INTO StoreTbl VALUES ( 6260026001279,   "Hi Tech Appliance Repair",                                  "2500 Broadway",                                            "(310) 289-4433",       null, null,     6260026001, null) ;  -- repair
INSERT INTO StoreTbl VALUES ( 6260026001280,   "Tonya Page Bail Bonds",                                     "2500 Broadway",                                            "(310) 601-4085",       null, null,     6260026001, null) ;
INSERT INTO StoreTbl VALUES ( 6260026001281,   "Palisades Technology",                                      "2500 Broadway",                                            "(323) 405-7254",       null, null,     6260026001, null) ;
INSERT INTO StoreTbl VALUES ( 6260026001282,   "Broad Reach Foundation",                                    "725 Arizona Ave",                                          "(310) 393-4321",       null, null,     6260026001, null) ;
INSERT INTO StoreTbl VALUES ( 6260026001283,   "Now Bail Bonds",                                            "1023 17th St",                                             "(310) 433-3583",       null, null,     6260026001, null) ;
INSERT INTO StoreTbl VALUES ( 6260026001284,   "St Joseph Center",                                          "1848 Lincoln Blvd",                                        "(310) 396-6556",       null, null,     6260026001, null) ;
INSERT INTO StoreTbl VALUES ( 6260026001285,   "Quick N Easy PC Repair",                                    "1223 Wilshire Blvd",                                       "(310) 309-2441",       null, null,     6260026001, null) ;  -- repair
INSERT INTO StoreTbl VALUES ( 6260026001286,   "Ernestos Tailor Shop",                                     "2314 Pico Blvd",                                           "(310) 450-5201",       null, null,     6260026001, null) ;
INSERT INTO StoreTbl VALUES ( 6260026001287,   "Early Bird Learning Center",                                "1019 California Ave",                                      "(310) 395-3282",       null, null,     6260026001, null) ;
INSERT INTO StoreTbl VALUES ( 6260026001288,   "Mama Lynns House",                                          "1507 W 7th St",                                            "(213) 948-0216",       null, null,     6260026001, null) ;
INSERT INTO StoreTbl VALUES ( 6260026001289,   "Santa Monica Carpet & Upholstery Cleaners",                 "Santa Monica, CA 90406",                                   "(310) 749-1476",       null, null,     6260026001, null) ;  -- cleaners
INSERT INTO StoreTbl VALUES ( 6260026001290,   "Viking Repair Los Angeles",                                 "1537 7th St",                                              "(800) 969-5052",       null, null,     6260026001, null) ;  -- repair
INSERT INTO StoreTbl VALUES ( 6260026001291,   "PsiNaps",                                                   "3rd St",                                                   "(310) 745-4034",       null, null,     6260026001, null) ;
INSERT INTO StoreTbl VALUES ( 6260026001292,   "Natural Steam Carpet & Rug Cleaning",                       "Santa Monica, CA 90403",                                   "(310) 730-1495",       null, null,     6260026001, null) ;  -- cleaning
INSERT INTO StoreTbl VALUES ( 6260026001293,   "Santa Monica Carpet Steam Team",                            "82141 Wilshire Blvd",                                      "(310) 747-6728",       null, null,     6260026001, null) ;
INSERT INTO StoreTbl VALUES ( 6260026001294,   "Carpet Upholstery Rug & Air Duct Cleaning",                 "2308 Pico Blvd",                                           "(310) 919-3412",       null, null,     6260026001, null) ;  -- cleaning
INSERT INTO StoreTbl VALUES ( 6260026001295,   "Lala Land Daycare",                                         "2232 Glyndon Ave",                                         "(310) 397-7000",       null, null,     6260026001, null) ;
INSERT INTO StoreTbl VALUES ( 6260026001296,   "Cleaners IN Cali",                                          "1792 Pearl St.",                                           "(310) 907-8694",       null, null,     6260026001, null) ;  -- cleaners
INSERT INTO StoreTbl VALUES ( 6260026001297,   "iMobile iPhone Repair",                                     "Santa Monica, CA 90401",                                   "(424) 281-9279",       null, null,     6260026001, null) ;  -- repair
INSERT INTO StoreTbl VALUES ( 6260026001298,   "Pico Youth & Family Center",                                "715 Pico Blvd",                                            "(310) 396-7101",       null, null,     6260026001, null) ;
INSERT INTO StoreTbl VALUES ( 6260026001299,   "Pacific Palisades Tailoring",                               "15113 W Sunset Blvd",                                      "(310) 999-2209",       null, null,     6260026001, null) ;
INSERT INTO StoreTbl VALUES ( 6260026001300,   "Ogdens Cleaners",                                          "15317 W Sunset Blvd",                                      "(310) 459-3881",       null, null,     6260026001, null) ;  -- cleaners
INSERT INTO StoreTbl VALUES ( 6260026001301,   "West Los Angeles Appliance Repair Service",                 "520 Broadway",                                             "(310) 429-4795",       null, null,     6260026001, null) ;  -- repair
INSERT INTO StoreTbl VALUES ( 6260026001302,   "Milken Institute",                                          "1250 4th St",                                              "(310) 570-4600",       null, null,     6260026001, null) ;
INSERT INTO StoreTbl VALUES ( 6260026001303,   "Digital Surgeon",                                           "3017 Santa Monica Blvd",                                   "(310) 251-6000",       null, null,     6260026001, null) ;
INSERT INTO StoreTbl VALUES ( 6260026001304,   "DIG Childhood Center",                                      "11555 National Blvd",                                      "(424) 272-8988",       null, null,     6260026001, null) ;
INSERT INTO StoreTbl VALUES ( 6260026001305,   "RimaPC",                                                    "1337 Berkeley St",                                         "(310) 751-0050",       null, null,     6260026001, null) ;
INSERT INTO StoreTbl VALUES ( 6260026001306,   "Wilson Brothers Appliance",                                 "2204 Pico Blvd",                                           "(310) 399-4280",       null, null,     6260026001, null) ;
INSERT INTO StoreTbl VALUES ( 6260026001307,   "318 Inc.",                                                  "2202 Main St",                                             "(310) 581-9500",       null, null,     6260026001, null) ;
INSERT INTO StoreTbl VALUES ( 6260026001308,   "Superior Maintenance Unlimited",                            "Santa Monica, CA 90401",                                   "(310) 828-5380",       null, null,     6260026001, null) ;
INSERT INTO StoreTbl VALUES ( 6260026001309,   "Go Go Techs",                                               "Santa Monica, CA 90405",                                   "(800) 314-9771",       null, null,     6260026001, null) ;
INSERT INTO StoreTbl VALUES ( 6260026001310,   "CompuNerds",                                                "Santa Monica, CA 90405",                                   "(310) 314-1506",       null, null,     6260026001, null) ;
INSERT INTO StoreTbl VALUES ( 6260026001311,   "Eco Green Carpet Cleaning",                                 "Santa Monica, CA 90403",                                   "(310) 974-8510",       null, null,     6260026001, null) ;  -- cleaning
INSERT INTO StoreTbl VALUES ( 6260026001312,   "Santa Monica Tech Support",                                 "Santa Monica, CA 90403",                                   "(917) 833-2782",       null, null,     6260026001, null) ;
INSERT INTO StoreTbl VALUES ( 6260026001313,   "Santa Monica Laptop Repair",                                "2206 Lincoln Blvd",                                        "(310) 817-3654",       null, null,     6260026001, null) ;  -- repair
INSERT INTO StoreTbl VALUES ( 6260026001314,   "LUXYGEM",                                                   "1523 Montana Ave",                                         "(310) 968-1720",       null, null,     6260026001, null) ;
INSERT INTO StoreTbl VALUES ( 6260026001315,   "Santa Monica Live Scan",                                    "1424 4th St Office",                                       "(310) 393-5390",       null, null,     6260026001, null) ;
INSERT INTO StoreTbl VALUES ( 6260026001316,   "U-Haul",                                                    "2328 Pico Blvd Santa Monica",                              "(310) 526-0897",       null, null,     6260026001, null) ;
INSERT INTO StoreTbl VALUES ( 6260026001317,   "Dr. Wash Express",                                          "100 Wilshire Blvd",                                        "(800) 528-6379",       null, null,     6260026001, null) ;
INSERT INTO StoreTbl VALUES ( 6260026001318,   "Round the Clock Pest Control",                              "6347 pch",                                                 "(877) 896-7378",       null, null,     6260026001, null) ;
INSERT INTO StoreTbl VALUES ( 6260026001319,   "Hollywood Green Carpet Cleaning",                           "1158 26th St",                                             "(310) 807-4675",       null, null,     6260026001, null) ;  -- cleaning
INSERT INTO StoreTbl VALUES ( 6260026001320,   "West Coast Carpet Care- Green Cleaning",                    "1158 26th St",                                             "(310) 807-4675",       null, null,     6260026001, null) ;  -- cleaning
INSERT INTO StoreTbl VALUES ( 6260026001321,   "Sears Appliance Repair",                                    "302 Colorado Ave",                                         "(424) 336-9168",       null, null,     6260026001, null) ;  -- repair
INSERT INTO StoreTbl VALUES ( 6260026001322,   "The Bicycle Whisperer",                                     "724 Vernon Ct",                                            "(310) 612-1409",       null, null,     6260026001, null) ;
INSERT INTO StoreTbl VALUES ( 6260026001323,   "Father & Son Appliance Repair Services",                    "11747 W Sunset Blvd",                                      "(310) 400-5908",       null, null,     6260026001, null) ;  -- repair
INSERT INTO StoreTbl VALUES ( 6260026001324,   "Go Graphics & Printing",                                    "1525 S Sepulveda Blvd",                                    "(310) 445-9999",       null, null,     6260026001, null) ;
INSERT INTO StoreTbl VALUES ( 6260026001325,   "Reading to Kids",                                           "1600 Sawtelle Blvd",                                       "(310) 479-7455",       null, null,     6260026001, null) ;
INSERT INTO StoreTbl VALUES ( 6260026001326,   "Solidago Skin Care Salon",                                  "1990 Westwood Blvd",                                       "(310) 441-9447",       null, null,     6260026001, null) ;  -- cosm
INSERT INTO StoreTbl VALUES ( 6260026001327,   "Jam Leonard",                                               "1337 Ocean Ave",                                           "(831) 239-4889",       null, null,     6260026001, null) ;
INSERT INTO StoreTbl VALUES ( 6260026001328,   "Petite Spa",                                                "723 Broadway",                                             "(310) 393-3105",       null, null,     6260026001, null) ;  -- cosm
INSERT INTO StoreTbl VALUES ( 6260026001329,   "Beauty Park Medical Spa",                                   "1511 Montana Ave",                                         "(310) 587-3502",       null, null,     6260026001, null) ;  -- cosm
INSERT INTO StoreTbl VALUES ( 6260026001330,   "NuR Skincare",                                              "12400 Wilshire Blvd",                                      "(424) 272-1423",       null, null,     6260026001, null) ;  -- cosm
INSERT INTO StoreTbl VALUES ( 6260026001331,   "Burke Williams Day Spa",                                    "1358 4th St",                                              "(310) 587-3366",       null, null,     6260026001, null) ;  -- cosm
INSERT INTO StoreTbl VALUES ( 6260026001332,   "The Woods Home Spa",                                        "2236 26th St",                                             "(310) 402-6575",       null, null,     6260026001, null) ;  -- cosm
INSERT INTO StoreTbl VALUES ( 6260026001333,   "Alchemie Spa",                                              "2021 Main St",                                             "(310) 310-8880",       null, null,     6260026001, null) ;  -- cosm
INSERT INTO StoreTbl VALUES ( 6260026001334,   "Kare Plastic Surgery & Skin Health Clinic",                 "804 7th St",                                               "(310) 998-5533",       null, null,     6260026001, null) ;  -- cosm
INSERT INTO StoreTbl VALUES ( 6260026001335,   "Nicole Hirschman",                                          "614 Santa Monica Blvd",                                    "(310) 528-0147",       null, null,     6260026001, null) ;
INSERT INTO StoreTbl VALUES ( 6260026001336,   "Ladaa Retreat",                                             "2314 Pico Blvd",                                           "(310) 450-2100",       null, null,     6260026001, null) ;
INSERT INTO StoreTbl VALUES ( 6260026001337,   "Nails by Hai-Kim",                                          "2812 Santa Monica Blvd",                                   "(310) 972-9831",       null, null,     6260026001, null) ;  -- cosm
INSERT INTO StoreTbl VALUES ( 6260026001338,   "Corrective Skincare",                                       "1828 Broadway",                                            "(424) 280-4591",       null, null,     6260026001, null) ;  -- cosm
INSERT INTO StoreTbl VALUES ( 6260026001339,   "Willow Spa",                                                "3127 Santa Monica Blvd",                                   "(310) 453-9004",       null, null,     6260026001, null) ;  -- cosm
INSERT INTO StoreTbl VALUES ( 6260026001340,   "Cha Spa",                                                   "1132 Montana Ave",                                         "(310) 999-2688",       null, null,     6260026001, null) ;  -- cosm
INSERT INTO StoreTbl VALUES ( 6260026001341,   "Kristinas Skin Care",                                      "1333 2nd St",                                              "(310) 924-5936",       null, null,     6260026001, null) ;  -- cosm
INSERT INTO StoreTbl VALUES ( 6260026001342,   "Skin Laundry",                                              "1230 Montana Ave",                                         "(310) 319-9400",       null, null,     6260026001, null) ;  -- cosm-- cleaners
INSERT INTO StoreTbl VALUES ( 6260026001343,   "Skin Med Spa",                                              "1333 2nd St",                                              "(310) 899-9000",       null, null,     6260026001, null) ;  -- cosm    -- cosm
INSERT INTO StoreTbl VALUES ( 6260026001344,   "INspaLA Corporate Wellness & Spa Events",                   "Santa Monica, CA 90403",                                   "(310) 809-9292",       null, null,     6260026001, null) ;  -- cosm
INSERT INTO StoreTbl VALUES ( 6260026001345,   "Ocean Cosmetic Medicine",                                   "2001 Santa Monica Blvd",                                   "(310) 829-4449",       null, null,     6260026001, null) ;
INSERT INTO StoreTbl VALUES ( 6260026001346,   "SkinTight",                                                 "2932 Wilshire Blvd",                                       "(310) 829-4120",       null, null,     6260026001, null) ;  -- cosm
INSERT INTO StoreTbl VALUES ( 6260026001347,   "Leahs Beautyworx",                                         "1914 Wilshire Blvd",                                       "(310) 729-0903",       null, null,     6260026001, null) ;
INSERT INTO StoreTbl VALUES ( 6260026001348,   "Tranquility Skin and Body Care",                            "1150 Yale StSuite 8",                                      "(310) 449-1001",       null, null,     6260026001, null) ;  -- cosm
INSERT INTO StoreTbl VALUES ( 6260026001349,   "Beauty Marcd",                                              "1333 2nd St",                                              "(310) 945-7737",       null, null,     6260026001, null) ;
INSERT INTO StoreTbl VALUES ( 6260026001350,   "Tovar Brown Salon",                                         "1333 2nd St",                                              "(661) 441-8293",       null, null,     6260026001, null) ;
INSERT INTO StoreTbl VALUES ( 6260026001351,   "Skintegrity Integrative Skincare",                          "1131 Montana Ave",                                         "(424) 256-9299",       null, null,     6260026001, null) ;  -- cosm
INSERT INTO StoreTbl VALUES ( 6260026001352,   "Eve European Salon",                                        "318 Wilshire Blvd",                                        "(310) 393-5466",       null, null,     6260026001, null) ;
INSERT INTO StoreTbl VALUES ( 6260026001353,   "Primp and Tonic Hair & Nails",                              "1830 Broadway Ave",                                        "(424) 744-8513",       null, null,     6260026001, null) ;  -- cosm
INSERT INTO StoreTbl VALUES ( 6260026001354,   "Tammys Bungalow Spa",                                      "2225 Broadway",                                            "(424) 285-6835",       null, null,     6260026001, null) ;  -- cosm
INSERT INTO StoreTbl VALUES ( 6260026001355,   "Laser Skin Medical Cosmetics",                              "1610 Montana Ave",                                         "(310) 806-0959",       null, null,     6260026001, null) ;  -- cosm
INSERT INTO StoreTbl VALUES ( 6260026001356,   "Angel SilverStar Hair",                                     "1333 2nd St, Studio 49",                                   "(323) 899-9152",       null, null,     6260026001, null) ;
INSERT INTO StoreTbl VALUES ( 6260026001357,   "Service Station Barbers",                                   "2812 Santa Monica Blvd",                                   "(310) 866-8571",       null, 0003,     6260026001, null) ;  -- barber
INSERT INTO StoreTbl VALUES ( 6260026001358,   "Shear Beauty on the go",                                    "626 Broadway",                                             "(310) 387-4138",       null, null,     6260026001, null) ;
INSERT INTO StoreTbl VALUES ( 6260026001359,   "Bella Donna Maes Facial Spa",                              "2303 Main St",                                             "(424) 272-1393",       null, null,     6260026001, null) ;  -- cosm
INSERT INTO StoreTbl VALUES ( 6260026001360,   "Zaine Colour Salon",                                        "1609A Montana Ave",                                        "(310) 451-0295",       null, null,     6260026001, null) ;
INSERT INTO StoreTbl VALUES ( 6260026001361,   "Balayage By Linet",                                         "1333 2nd St",                                              "(818) 823-7926",       null, null,     6260026001, null) ;
INSERT INTO StoreTbl VALUES ( 6260026001362,   "Allen Pacheco Salon",                                       "175 Pier Ave",                                             "(310) 581-3696",       null, null,     6260026001, null) ;
INSERT INTO StoreTbl VALUES ( 6260026001363,   "Master Lash By Charity",                                    "Santa Monica, CA 90403",                                   "(858) 888-3963",       null, null,     6260026001, null) ;
INSERT INTO StoreTbl VALUES ( 6260026001364,   "Hairzoo",                                                   "510 Wilshire Blvd",                                        "(310) 394-6600",       null, null,     6260026001, null) ;
INSERT INTO StoreTbl VALUES ( 6260026001365,   "Dr. Laser",                                                 "1904 Wilshire Blvd",                                       "(310) 315-0180",       null, null,     6260026001, null) ;
INSERT INTO StoreTbl VALUES ( 6260026001366,   "Kim Young Hair",                                            "1333 2nd St",                                              "(310) 926-9727",       null, null,     6260026001, null) ;
INSERT INTO StoreTbl VALUES ( 6260026001367,   "Jonathan Brown Salon",                                      "626 Broadway",                                             "(734) 368-1660",       null, null,     6260026001, null) ;
INSERT INTO StoreTbl VALUES ( 6260026001368,   "Britni Bionca Lash Boutique",                               "1333 2nd St, Studio 4",                                    "(310) 980-6330",       null, null,     6260026001, null) ;
INSERT INTO StoreTbl VALUES ( 6260026001369,   "Jenny Wax Skincare",                                        "1619 1/2 Montana Ave",                                     "(310) 896-4889",       null, null,     6260026001, null) ;  -- cosm
INSERT INTO StoreTbl VALUES ( 6260026001370,   "Kat Esthetics",                                             "Santa Monica, CA 90405",                                   "(805) 341-3289",       null, null,     6260026001, null) ;
INSERT INTO StoreTbl VALUES ( 6260026001371,   "Namitas Eyebrow Threading Salon",                          "2905 Santa Monica Blvd",                                   "(310) 817-9767",       null, null,     6260026001, null) ;
INSERT INTO StoreTbl VALUES ( 6260026001372,   "Rose & Aqua LAtelier",                                     "626 Broadway",                                             "(310) 499-6409",       null, null,     6260026001, null) ;
INSERT INTO StoreTbl VALUES ( 6260026001373,   "Salon D5",                                                  "1728 Ocean Park Blvd",                                     "(310) 452-9600",       null, null,     6260026001, null) ;
INSERT INTO StoreTbl VALUES ( 6260026001374,   "TONI&GUY Hairdressing Academy",                             "1358 5th St",                                              "(310) 451-0101",       null, null,     6260026001, null) ;
INSERT INTO StoreTbl VALUES ( 6260026001375,   "Moradi Studio",                                             "1625 Wilshire Blvd",                                       "(310) 453-8084",       null, null,     6260026001, null) ;
INSERT INTO StoreTbl VALUES ( 6260026001376,   "Vlady at Balance",                                          "1131 Montana Ave",                                         "(310) 977-1816",       null, null,     6260026001, null) ;
INSERT INTO StoreTbl VALUES ( 6260026001377,   "Tanya Skin Care",                                           "2518 Main Street",                                         "(310) 913-8257",       null, null,     6260026001, null) ;  -- cosm
INSERT INTO StoreTbl VALUES ( 6260026001378,   "Rosa Your Stylist",                                         "626 Broadway",                                             "(310) 560-7223",       null, null,     6260026001, null) ;
INSERT INTO StoreTbl VALUES ( 6260026001379,   "Sepi Spa",                                                  "1624 Montana Ave",                                         "(310) 998-1958",       null, null,     6260026001, null) ;  -- cosm
INSERT INTO StoreTbl VALUES ( 6260026001380,   "Just What You Knead",                                       "1114 6th St",                                              "(310) 310-2192",       null, null,     6260026001, null) ;
INSERT INTO StoreTbl VALUES ( 6260026001381,   "Organic To Green",                                          "2218 Main St",                                             "(310) 573-9455",       null, null,     6260026001, null) ;
INSERT INTO StoreTbl VALUES ( 6260026001382,   "Hair By Dino",                                              "626 Broadway, Ste 123",                                    "(310) 339-1503",       null, null,     6260026001, null) ;
INSERT INTO StoreTbl VALUES ( 6260026001383,   "Parkside Surgery Institute",                                "2336 Santa Monica Blvd",                                   "(310) 582-9191",       null, null,     6260026001, null) ;
INSERT INTO StoreTbl VALUES ( 6260026001384,   "Octavio Molina Hair",                                       "1914 Wilshire Blvd",                                       "(310) 706-8882",       null, null,     6260026001, null) ;
INSERT INTO StoreTbl VALUES ( 6260026001385,   "Kyle Mathis Salon",                                         "2717 Main St",                                             "(310) 433-5492",       null, null,     6260026001, null) ;
INSERT INTO StoreTbl VALUES ( 6260026001386,   "Scott Riffe Hair",                                          "2920 Wilshire Blvd",                                       "(424) 276-1569",       null, null,     6260026001, null) ;
INSERT INTO StoreTbl VALUES ( 6260026001387,   "Skin Remedies",                                             "1828 Broadway",                                            "(310) 453-6474",       null, null,     6260026001, null) ;  -- cosm
INSERT INTO StoreTbl VALUES ( 6260026001388,   "Hair Designers Studio",                                    "1507 4th St",                                              "(310) 458-6951",       null, null,     6260026001, null) ;
INSERT INTO StoreTbl VALUES ( 6260026001389,   "Ambers Bungalow 9 Salon",                                  "145 Bay St",                                               "(310) 968-2929",       null, null,     6260026001, null) ;
INSERT INTO StoreTbl VALUES ( 6260026001390,   "Richard Tong Hair Artist",                                  "2503 Main St",                                             "(949) 436-1075",       null, null,     6260026001, null) ;
INSERT INTO StoreTbl VALUES ( 6260026001391,   "Devi Wax",                                                  "1834 Lincoln Blvd",                                        "(310) 455-6679",       null, null,     6260026001, null) ;
INSERT INTO StoreTbl VALUES ( 6260026001392,   "BombShell Salon",                                           "2431 Main St",                                             "(424) 274-0967",       null, null,     6260026001, null) ;
INSERT INTO StoreTbl VALUES ( 6260026001393,   "Lather Loft",                                               "1830 Broadway Ave",                                        "(310) 740-7543",       null, null,     6260026001, null) ;
INSERT INTO StoreTbl VALUES ( 6260026001394,   "Organic Beauty Bar",                                        "1333 2nd St",                                              "(310) 433-1605",       null, null,     6260026001, null) ;
INSERT INTO StoreTbl VALUES ( 6260026001395,   "One The Spa",                                               "1 Pico Blvd",                                              "(310) 587-1712",       null, null,     6260026001, null) ;  -- cosm
INSERT INTO StoreTbl VALUES ( 6260026001396,   "Object Salon",                                              "3017 Ocean Park Blvd",                                     "(310) 452-3131",       null, null,     6260026001, null) ;
INSERT INTO StoreTbl VALUES ( 6260026001397,   "AVP.BEAUTY",                                                "2821 Pico Blvd",                                           "(323) 505-2887",       null, null,     6260026001, null) ;
INSERT INTO StoreTbl VALUES ( 6260026001398,   "Jurlique Skincare",                                         "1230 Montana Ave",                                         "(310) 899-1923",       null, null,     6260026001, null) ;  -- cosm
INSERT INTO StoreTbl VALUES ( 6260026001399,   "Olivias Skincare",                                         "1817 Euclid St",                                           "(310) 450-0252",       null, null,     6260026001, null) ;  -- cosm
INSERT INTO StoreTbl VALUES ( 6260026001400,   "Tal Disraeli",                                              "1311 Pico Blvd",                                           "(310) 702-3837",       null, null,     6260026001, null) ;
INSERT INTO StoreTbl VALUES ( 6260026001401,   "Manu International",                                        "2920 Wilshire Blvd",                                       "(310) 829-2554",       null, null,     6260026001, null) ;
INSERT INTO StoreTbl VALUES ( 6260026001402,   "Lyon Hair",                                                 "1311 Pico Blvd",                                           "(310) 663-1695",       null, null,     6260026001, null) ;
INSERT INTO StoreTbl VALUES ( 6260026001403,   "Spa Sophia",                                                "1027 Abbot Kinney Blvd",                                   "(310) 564-6676",       null, null,     6260026001, null) ;  -- cosm
INSERT INTO StoreTbl VALUES ( 6260026001404,   "Matthew Preece Salon",                                      "1122 Wilshire Blvd",                                       "(310) 907-4022",       null, null,     6260026001, null) ;
INSERT INTO StoreTbl VALUES ( 6260026001405,   "BAO Foot Spa",                                              "1225 Wilshire Blvd",                                       "(310) 656-9999",       null, null,     6260026001, null) ;  -- cosm
INSERT INTO StoreTbl VALUES ( 6260026001406,   "Tracy Bryan",                                               "2812 Santa Monica Blvd",                                   "(310) 828-1111",       null, null,     6260026001, null) ;
INSERT INTO StoreTbl VALUES ( 6260026001407,   "Emily Sikking, MD",                                         "1301 20th St",                                             "(310) 264-1820",       null, null,     6260026001, null) ;
INSERT INTO StoreTbl VALUES ( 6260026001408,   "KAO Aesthetics",                                            "1301 20th St",                                             "(310) 315-3022",       null, null,     6260026001, null) ;
INSERT INTO StoreTbl VALUES ( 6260026001409,   "Hair By Selena Armas",                                      "2431 Main St",                                             "(661) 301-0082",       null, null,     6260026001, null) ;
INSERT INTO StoreTbl VALUES ( 6260026001410,   "Suzanne Shin",                                              "739 10th St",                                              "(213) 915-4388",       null, null,     6260026001, null) ;
INSERT INTO StoreTbl VALUES ( 6260026001411,   "Stephanie Mercado - Saulino Smith Salon",                   "1431 Ocean Ave",                                           "(310) 451-4443",       null, null,     6260026001, null) ;
INSERT INTO StoreTbl VALUES ( 6260026001412,   "Scott Amiss",                                               "Santa Monica, CA 90403",                                   "(310) 666-8690",       null, null,     6260026001, null) ;
INSERT INTO StoreTbl VALUES ( 6260026001413,   "Solas Skin Care",                                           "1148 4th St",                                              "(310) 394-4444",       null, null,     6260026001, null) ;  -- cosm
INSERT INTO StoreTbl VALUES ( 6260026001414,   "On Set Salon",                                              "145 Bay St",                                               "(310) 395-1300",       null, null,     6260026001, null) ;
INSERT INTO StoreTbl VALUES ( 6260026001415,   "GBY Beauty",                                                "2502 Main St",                                             "(877) 797-4540",       null, null,     6260026001, null) ;
INSERT INTO StoreTbl VALUES ( 6260026001416,   "Azure Aveda Salon",                                         "395 Santa Monica Pl",                                      "(310) 393-7888",       null, null,     6260026001, null) ;
INSERT INTO StoreTbl VALUES ( 6260026001417,   "Wesley Schwartz Hair Design",                               "Santa Monica, CA",                                         "(424) 777-5746",       null, null,     6260026001, null) ;
INSERT INTO StoreTbl VALUES ( 6260026001418,   "Braid and Makeup Studio",                                   "1241 5th St",                                              "(310) 994-3670",       null, null,     6260026001, null) ;
INSERT INTO StoreTbl VALUES ( 6260026001419,   "The KuttingRoom",                                           "1333 2nd St",                                              "(310) 908-1001",       null, null,     6260026001, null) ;
INSERT INTO StoreTbl VALUES ( 6260026001420,   "Honeysuckle Skincare",                                      "626 Broadway",                                             "(310) 591-0154",       null, null,     6260026001, null) ;  -- cosm
INSERT INTO StoreTbl VALUES ( 6260026001421,   "Kathy Zahedi, DDS & Associates",                            "1450 10th St",                                             "(424) 526-2104",       null, null,     6260026001, null) ;
INSERT INTO StoreTbl VALUES ( 6260026001422,   "Ocho Salon",                                                "211 Broadway",                                             "(310) 899-9041",       null, null,     6260026001, null) ;
INSERT INTO StoreTbl VALUES ( 6260026001423,   "Rachel Corey Salon",                                        "1333 2nd St",                                              "(540) 287-4929",       null, null,     6260026001, null) ;
INSERT INTO StoreTbl VALUES ( 6260026001424,   "Hollywood Beauty Center",                                   "3112 Wilshire Blvd",                                       "(310) 903-6660",       null, null,     6260026001, null) ;
INSERT INTO StoreTbl VALUES ( 6260026001425,   "Dons Cutting Edge",                                        "2918 Santa Monica Blvd",                                   "(310) 315-1098",       null, null,     6260026001, null) ;
INSERT INTO StoreTbl VALUES ( 6260026001426,   "The Line",                                                  "1333 2nd St",                                              "(661) 733-8030",       null, null,     6260026001, null) ;
INSERT INTO StoreTbl VALUES ( 6260026001427,   "Ruby Kim",                                                  "1333 2nd St",                                              "(571) 839-5611",       null, null,     6260026001, null) ;
INSERT INTO StoreTbl VALUES ( 6260026001428,   "Your Body Solutions Personal Training",                     "911 Montana Ave",                                          "(310) 430-3268",       null, null,     6260026001, null) ;
INSERT INTO StoreTbl VALUES ( 6260026001429,   "Gina Nazzaro Hair",                                         "2730 Neilson Way",                                         "(310) 392-4131",       null, null,     6260026001, null) ;
INSERT INTO StoreTbl VALUES ( 6260026001430,   "LA Lash",                                                   "3009 Lincoln Blvd",                                        "(310) 920-0143",       null, null,     6260026001, null) ;
INSERT INTO StoreTbl VALUES ( 6260026001431,   "Active Barbers",                                            "2509 Wilshire Blvd",                                       "(310) 405-1781",       null, 0003,     6260026001, null) ;  -- barber
INSERT INTO StoreTbl VALUES ( 6260026001432,   "The Hall Center",                                           "406 Wilshire Blvd",                                        "(310) 566-6688",       null, null,     6260026001, null) ;
INSERT INTO StoreTbl VALUES ( 6260026001433,   "Lincoln Barbers",                                           "1511 Lincoln Blvd",                                        "(310) 451-0990",       null, 0003,     6260026001, null) ;  -- barber
INSERT INTO StoreTbl VALUES ( 6260026001434,   "Donelle @922 Nailspot",                                     "922 Wilshire Blvd",                                        "(310) 963-1280",       null, null,     6260026001, null) ;  -- cosm
INSERT INTO StoreTbl VALUES ( 6260026001435,   "Skin by Gina",                                              "320 Santa Monica Blvd",                                    "(310) 562-1592",       null, null,     6260026001, null) ;  -- cosm
INSERT INTO StoreTbl VALUES ( 6260026001436,   "Marnie Miller Hair Designs",                                "729 Broadway",                                             "(310) 736-8564",       null, null,     6260026001, null) ;
INSERT INTO StoreTbl VALUES ( 6260026001437,   "Santa Monica Microblading",                                 "1333 2nd St",                                              "(310) 993-9491",       null, null,     6260026001, null) ;
INSERT INTO StoreTbl VALUES ( 6260026001438,   "Diana Ralys Skin Health",                                   "1207 4th St",                                              "(310) 264-2228",       null, null,     6260026001, null) ;  -- cosm
INSERT INTO StoreTbl VALUES ( 6260026001439,   "Perfect Touch Your Beauty RX",                              "530 Wilshire Blvd",                                        "(310) 200-6209",       null, null,     6260026001, null) ;
INSERT INTO StoreTbl VALUES ( 6260026001440,   "Queen Bee Salon & Spa",                                     "2530-A San Vicente Blvd",                                  "(310) 570-2282",       null, null,     6260026001, null) ;  -- cosm
INSERT INTO StoreTbl VALUES ( 6260026001441,   "Randal Jon Salon",                                          "3231 Ocean Park Blvd",                                     "(310) 392-2555",       null, null,     6260026001, null) ;
INSERT INTO StoreTbl VALUES ( 6260026001442,   "Ocean Oasis Medical Day Spa For Women",                     "1333 Ocean Ave",                                           "(310) 458-8190",       null, null,     6260026001, null) ;  -- cosm
INSERT INTO StoreTbl VALUES ( 6260026001443,   "Lisa Bail",                                                 "739 10th St",                                              "(323) 428-8946",       null, null,     6260026001, null) ;
INSERT INTO StoreTbl VALUES ( 6260026001444,   "Next Salon",                                                "2400 Main St",                                             "(310) 392-6645",       null, null,     6260026001, null) ;
INSERT INTO StoreTbl VALUES ( 6260026001445,   "Station 28 Salon",                                          "2719 Ocean Park Blvd",                                     "(310) 255-9995",       null, null,     6260026001, null) ;
INSERT INTO StoreTbl VALUES ( 6260026001446,   "Parlor 33",                                                 "1865 Lincoln Blvd",                                        "(310) 883-3364",       null, null,     6260026001, null) ;
INSERT INTO StoreTbl VALUES ( 6260026001447,   "Zenbiotic",                                                 "2518 1/2 Main St",                                         "(310) 699-1771",       null, null,     6260026001, null) ;
INSERT INTO StoreTbl VALUES ( 6260026001448,   "Tsubakiyama Acupuncture Clinic",                            "1227 Lincoln Blvd",                                        "(310) 394-2340",       null, null,     6260026001, null) ;
INSERT INTO StoreTbl VALUES ( 6260026001449,   "Salon Montana West",                                        "625 Montana Ave",                                          "(310) 451-3710",       null, null,     6260026001, null) ;
INSERT INTO StoreTbl VALUES ( 6260026001450,   "Got Lash",                                                  "1920 6th St",                                              "(310) 721-4488",       null, null,     6260026001, null) ;
INSERT INTO StoreTbl VALUES ( 6260026001451,   "Krystyn Nichol",                                            "1914 Wilshire Blvd",                                       "(310) 499-8646",       null, null,     6260026001, null) ;
INSERT INTO StoreTbl VALUES ( 6260026001452,   "Lynn Nails & Spa",                                          "1527 Wilshire Blvd",                                       "(310) 393-8884",       null, null,     6260026001, null) ;  -- cosm
INSERT INTO StoreTbl VALUES ( 6260026001453,   "Bryan Hair Design Studio",                                  "3013 Pico Blvd",                                           "(310) 453-7920",       null, null,     6260026001, null) ;
INSERT INTO StoreTbl VALUES ( 6260026001454,   "Extensions By London",                                      "1247 Lincoln Blvd",                                        "(310) 463-4504",       null, null,     6260026001, null) ;
INSERT INTO StoreTbl VALUES ( 6260026001455,   "Therapeutic Bodywork",                                      "1828 Broadway",                                            "(310) 351-1380",       null, null,     6260026001, null) ;
INSERT INTO StoreTbl VALUES ( 6260026001456,   "Soshin",                                                    "1331 7th St",                                              "(310) 393-6553",       null, null,     6260026001, null) ;
INSERT INTO StoreTbl VALUES ( 6260026001457,   "The NOW",                                                   "2407 Main St",                                             "(310) 310-2914",       null, null,     6260026001, null) ;
INSERT INTO StoreTbl VALUES ( 6260026001458,   "Infuse Wellness",                                           "3306 Pico Blvd",                                           "(310) 450-0600",       null, null,     6260026001, null) ;
INSERT INTO StoreTbl VALUES ( 6260026001459,   "Auburn Salon",                                              "739 10th St",                                              "(310) 451-0330",       null, null,     6260026001, null) ;
INSERT INTO StoreTbl VALUES ( 6260026001460,   "O2 Chiropractic and Wellness Center",                       "2817 Ocean Park Blvd",                                     "(310) 392-3929",       null, null,     6260026001, null) ;
INSERT INTO StoreTbl VALUES ( 6260026001461,   "Heathers Nail Salon",                                      "1323 Lincoln Blvd",                                        "(310) 576-1340",       null, null,     6260026001, null) ;  -- cosm
INSERT INTO StoreTbl VALUES ( 6260026001462,   "Eldar Makhmudov",                                           "Santa Monica, CA 90401",                                   "(818) 231-3135",       null, null,     6260026001, null) ;
INSERT INTO StoreTbl VALUES ( 6260026001463,   "Jacobs Structural Therapy",                                 "1137 2nd St",                                              "(541) 801-6095",       null, null,     6260026001, null) ;
INSERT INTO StoreTbl VALUES ( 6260026001464,   "Cha Spa",                                                   "319 Wilshire Blvd",                                        "(310) 999-1223",       null, null,     6260026001, null) ;  -- cosm
INSERT INTO StoreTbl VALUES ( 6260026001465,   "Chroma Color Lab",                                          "1422 2nd St",                                              "(310) 395-5888",       null, null,     6260026001, null) ;
INSERT INTO StoreTbl VALUES ( 6260026001466,   "Elegant Nails",                                             "518 Wilshire Blvd",                                        "(310) 458-1287",       null, null,     6260026001, null) ;  -- cosm
INSERT INTO StoreTbl VALUES ( 6260026001467,   "Tru Beauty Nail Spa",                                       "3102 Wilshire Blvd",                                       "(310) 828-6600",       null, null,     6260026001, null) ;  -- cosm
INSERT INTO StoreTbl VALUES ( 6260026001468,   "Number One Beauty Center",                                  "1426 Montana Ave",                                         "(310) 656-2455",       null, null,     6260026001, null) ;
INSERT INTO StoreTbl VALUES ( 6260026001469,   "Art Luna Salon",                                            "2116 Main St",                                             "(310) 450-7168",       null, null,     6260026001, null) ;
INSERT INTO StoreTbl VALUES ( 6260026001470,   "Claire Pearce Hair Extensions",                             "3014 Wilshire Blvd",                                       "(310) 625-1265",       null, null,     6260026001, null) ;
INSERT INTO StoreTbl VALUES ( 6260026001471,   "Titi Nail Spa",                                             "1415 5th St",                                              "(310) 393-8531",       null, null,     6260026001, null) ;  -- cosm
INSERT INTO StoreTbl VALUES ( 6260026001472,   "NIKKI Hair Cut Hair Color Balayage",                        "621 Broadway",                                             "(310) 944-8428",       null, null,     6260026001, null) ;
INSERT INTO StoreTbl VALUES ( 6260026001473,   "Larrys Nails",                                             "2400 Main St",                                             "(310) 396-6869",       null, null,     6260026001, null) ;  -- cosm
INSERT INTO StoreTbl VALUES ( 6260026001474,   "Health Land Body Spa",                                      "3001 Ocean Park Blvd",                                     "(310) 450-6250",       null, null,     6260026001, null) ;  -- cosm
INSERT INTO StoreTbl VALUES ( 6260026001475,   "Miakel Bishay Salon",                                       "2919 Main St",                                             "(310) 452-0500",       null, null,     6260026001, null) ;
INSERT INTO StoreTbl VALUES ( 6260026001476,   "Sunkissed Tanning",                                         "926 Wilshire Blvd",                                        "(310) 451-9895",       null, null,     6260026001, null) ;
INSERT INTO StoreTbl VALUES ( 6260026001477,   "Azure Nails & Spa",                                         "2106 Wilshire Blvd",                                       "(310) 829-5944",       null, null,     6260026001, null) ;  -- cosm
INSERT INTO StoreTbl VALUES ( 6260026001478,   "Glam Doll",                                                 "2918 Santa Monica Blvd",                                   "(310) 922-8616",       null, null,     6260026001, null) ;
INSERT INTO StoreTbl VALUES ( 6260026001479,   "Pepper For Hair",                                           "626 Broadway",                                             "(323) 487-2770",       null, null,     6260026001, null) ;
INSERT INTO StoreTbl VALUES ( 6260026001480,   "Dermatology Institute & Skin Care Center",                  "2001 Santa Monica Blvd",                                   "(310) 829-4104",       null, null,     6260026001, null) ;  -- cosm
INSERT INTO StoreTbl VALUES ( 6260026001481,   "Scissors",                                                  "2303 Main St",                                             "(310) 396-6477",       null, null,     6260026001, null) ;
INSERT INTO StoreTbl VALUES ( 6260026001482,   "Christy Perez",                                             "626 Broadway St",                                          "(310) 991-3687",       null, null,     6260026001, null) ;
INSERT INTO StoreTbl VALUES ( 6260026001483,   "Spa Le Merigot",                                            "1740 Ocean Ave",                                           "(310) 899-6117",       null, null,     6260026001, null) ;  -- cosm
INSERT INTO StoreTbl VALUES ( 6260026001484,   "Maison Fleurette",                                          "912 Montana Ave",                                          "(424) 313-2400",       null, null,     6260026001, null) ;
INSERT INTO StoreTbl VALUES ( 6260026001485,   "Aquitaine Living",                                          "626 Broadway",                                             "(310) 247-8485",       null, null,     6260026001, null) ;
INSERT INTO StoreTbl VALUES ( 6260026001486,   "Pamela Maloney, PHD DHM LAC",                               "2101 Ocean Ave",                                           "(310) 399-5253",       null, null,     6260026001, null) ;
INSERT INTO StoreTbl VALUES ( 6260026001487,   "Cuttin Up",                                                 "1802 Broadway",                                            "(310) 461-9053",       null, null,     6260026001, null) ;
INSERT INTO StoreTbl VALUES ( 6260026001488,   "Bluemercury",                                               "1402 Montana Ave",                                         "(310) 394-7900",       null, null,     6260026001, null) ;
INSERT INTO StoreTbl VALUES ( 6260026001489,   "Grace Nicole",                                              "739 10th St",                                              "(805) 300-1187",       null, null,     6260026001, null) ;
INSERT INTO StoreTbl VALUES ( 6260026001490,   "R S Kaley for Hair",                                        "1611 Montana Ave",                                         "(310) 295-8947",       null, null,     6260026001, null) ;
INSERT INTO StoreTbl VALUES ( 6260026001491,   "Acqua Hair Studio",                                         "729 Broadway",                                             "(310) 804-0497",       null, null,     6260026001, null) ;
INSERT INTO StoreTbl VALUES ( 6260026001492,   "Chocolate Sun",                                             "2431A Main St",                                            "(310) 450-3075",       null, null,     6260026001, null) ;
INSERT INTO StoreTbl VALUES ( 6260026001493,   "Sugared + Bronzed",                                         "1229 Montana Ave",                                         "(424) 259-1616",       null, null,     6260026001, null) ;
INSERT INTO StoreTbl VALUES ( 6260026001494,   "Shyz Image",                                                "1326 Wilshire Blvd",                                       "(951) 220-2218",       null, null,     6260026001, null) ;
INSERT INTO StoreTbl VALUES ( 6260026001495,   "John At 1422",                                              "1422 7th St",                                              "(310) 451-9613",       null, null,     6260026001, null) ;
INSERT INTO StoreTbl VALUES ( 6260026001496,   "Philippe Schaedler Hair Services",                          "3014 Wilshire Blvd",                                       "(424) 248-8317",       null, null,     6260026001, null) ;
INSERT INTO StoreTbl VALUES ( 6260026001497,   "Ambiance Salon",                                            "2525 Main St",                                             "(310) 392-4866",       null, null,     6260026001, null) ;
INSERT INTO StoreTbl VALUES ( 6260026001498,   "Daily Calm",                                                "1424 4th St",                                              "(310) 633-4275",       null, null,     6260026001, null) ;
INSERT INTO StoreTbl VALUES ( 6260026001499,   "Stephanie Vargas",                                          "1333 2nd St",                                              "(818) 605-0677",       null, null,     6260026001, null) ;
INSERT INTO StoreTbl VALUES ( 6260026001500,   "Nancys Nails",                                             "2917 Pico Blvd",                                           "(310) 828-3917",       null, null,     6260026001, null) ;  -- cosm
INSERT INTO StoreTbl VALUES ( 6260026001501,   "Karen Mandel Hairstylist",                                  "614 Santa Monica Blvd",                                    "(805) 368-7803",       null, null,     6260026001, null) ;
INSERT INTO StoreTbl VALUES ( 6260026001502,   "Mia La Maven Luxury Aesthetics",                            "2901 Ocean Park Blvd",                                     "(310) 314-0404",       null, null,     6260026001, null) ;
INSERT INTO StoreTbl VALUES ( 6260026001503,   "Santa Monica Eye Medical Group",                            "1908 Santa Monica Blvd",                                   "(310) 961-3843",       null, null,     6260026001, null) ;
INSERT INTO StoreTbl VALUES ( 6260026001504,   "Salon Tru Santa Monica",                                    "614 Santa Monica Blvd",                                    "(424) 285-5568",       null, null,     6260026001, null) ;
INSERT INTO StoreTbl VALUES ( 6260026001505,   "The Body Shop",                                             "1353 3rd St",                                              "(310) 260-4831",       null, null,     6260026001, null) ;
INSERT INTO StoreTbl VALUES ( 6260026001506,   "Oceana Salon",                                              "2730 Neilson Way",                                         "(310) 392-4131",       null, null,     6260026001, null) ;
INSERT INTO StoreTbl VALUES ( 6260026001507,   "Shannon Tackett",                                           "2717 Main St",                                             "(310) 745-9773",       null, null,     6260026001, null) ;
INSERT INTO StoreTbl VALUES ( 6260026001508,   "Cynthia Barraza",                                           "1333 2nd St",                                              "(818) 326-0402",       null, null,     6260026001, null) ;
INSERT INTO StoreTbl VALUES ( 6260026001509,   "Douglas at Loews Hotel",                                   "1700 Ocean Ave",                                           "(310) 899-4040",       null, null,     6260026001, null) ;
INSERT INTO StoreTbl VALUES ( 6260026001510,   "Donna Malatino for Hair",                                   "1231 5th St",                                              "(310) 804-7391",       null, null,     6260026001, null) ;
INSERT INTO StoreTbl VALUES ( 6260026001511,   "Elisabeth K Shim, MD",                                      "1301 20th St",                                             "(310) 315-0171",       null, null,     6260026001, null) ;
INSERT INTO StoreTbl VALUES ( 6260026001512,   "Hot Hair with Ernie",                                       "2719 Ocean Park Blvd",                                     "(310) 477-4771",       null, null,     6260026001, null) ;
INSERT INTO StoreTbl VALUES ( 6260026001513,   "Nails By Mary",                                             "707 Montana Ave",                                          "(310) 698-2367",       null, null,     6260026001, null) ;  -- cosm
INSERT INTO StoreTbl VALUES ( 6260026001514,   "Chilltime Massage",                                         "1453 Stanford St",                                         "(310) 890-2144",       null, null,     6260026001, null) ;
INSERT INTO StoreTbl VALUES ( 6260026001515,   "Curls Are Fun",                                             "11677 San Vicente Blvd",                                   "(310) 714-1732",       null, null,     6260026001, null) ;
INSERT INTO StoreTbl VALUES ( 6260026001516,   "LA Beauty Buffet",                                          "137 Bay St",                                               "(424) 200-8278",       null, null,     6260026001, null) ;
INSERT INTO StoreTbl VALUES ( 6260026001517,   "Evolve Medical Spa",                                        "1301 20th St",                                             "(310) 428-0033",       null, null,     6260026001, null) ;  -- cosm
INSERT INTO StoreTbl VALUES ( 6260026001518,   "Spa @ SBL",                                                 "2730 Wilshire Blvd.",                                      "(310) 566-0858",       null, null,     6260026001, null) ;  -- cosm
INSERT INTO StoreTbl VALUES ( 6260026001519,   "To the Maxx",                                               "2432 Lincoln Blvd",                                        "(310) 399-5008",       null, null,     6260026001, null) ;
INSERT INTO StoreTbl VALUES ( 6260026001520,   "Lincoln Barbers",                                           "2208 Lincoln Blvd",                                        "(310) 314-1719",       null, 0003,     6260026001, null) ;  -- barber
INSERT INTO StoreTbl VALUES ( 6260026001521,   "Lovato Hair",                                               "626 Broadway",                                             "(310) 714-3946",       null, null,     6260026001, null) ;
INSERT INTO StoreTbl VALUES ( 6260026001522,   "Mr & Mrs Beauty",                                           "Santa Monica, CA 90405",                                   "(310) 227-6845",       null, null,     6260026001, null) ;
INSERT INTO StoreTbl VALUES ( 6260026001523,   "Pacific Barbershop",                                        "520 Wilshire Blvd",                                        "(310) 394-6601",       null, 0003,     6260026001, null) ;  -- barber
INSERT INTO StoreTbl VALUES ( 6260026001524,   "Transformational Health Colon Hydrotherapy",                "3006 2nd St",                                              "(310) 399-1722",       null, null,     6260026001, null) ;
INSERT INTO StoreTbl VALUES ( 6260026001525,   "Gillian Bissett Colour Salon",                              "3000 Lincoln Blvd",                                        "(310) 392-0300",       null, null,     6260026001, null) ;
INSERT INTO StoreTbl VALUES ( 6260026001526,   "Eddies Barbershop",                                        "2305 Wilshire Blvd",                                       "(424) 744-8058",       null, 0003,     6260026001, null) ;  -- barber
INSERT INTO StoreTbl VALUES ( 6260026001527,   "The Body Shop",                                             "172 Santa Monica Pl",                                      "(310) 319-2639",       null, null,     6260026001, null) ;
INSERT INTO StoreTbl VALUES ( 6260026001528,   "Sheila B Color",                                            "3000 Lincoln Blvd",                                        "(310) 392-0300",       null, null,     6260026001, null) ;
INSERT INTO StoreTbl VALUES ( 6260026001529,   "The Hair Expert",                                           "2901 Ocean Park Blvd, Ste 104",                            "(310) 399-1268",       null, null,     6260026001, null) ;
INSERT INTO StoreTbl VALUES ( 6260026001530,   "Get a Damn Haircut At Framedsalon",                         "2821 Pico Blvd",                                           "(310) 751-4484",       null, null,     6260026001, null) ;
INSERT INTO StoreTbl VALUES ( 6260026001531,   "Balayage Hair Color Hair Cut By Mimi Sola salons",          "12121 Wilshire Blvd",                                      "(310) 308-7178",       null, null,     6260026001, null) ;
INSERT INTO StoreTbl VALUES ( 6260026001532,   "Healthy Hair and Me",                                       "626 Broadway St",                                          "(562) 225-5629",       null, null,     6260026001, null) ;
INSERT INTO StoreTbl VALUES ( 6260026001533,   "Lauras Nails",                                             "3026 Pico Blvd",                                           "(310) 399-2048",       null, null,     6260026001, null) ;  -- cosm
INSERT INTO StoreTbl VALUES ( 6260026001534,   "Panache Kids",                                              "729 Montana Ave",                                          "(310) 260-9406",       null, null,     6260026001, null) ;
INSERT INTO StoreTbl VALUES ( 6260026001535,   "Pretty Nails",                                              "3017 Wilshire Blvd",                                       "(310) 453-0102",       null, null,     6260026001, null) ;  -- cosm
INSERT INTO StoreTbl VALUES ( 6260026001536,   "Hair By Bre Gonzalez",                                      "3000 Lincoln Blvd",                                        "(310) 392-0300",       null, null,     6260026001, null) ;
INSERT INTO StoreTbl VALUES ( 6260026001537,   "Hair by Salem",                                             "201 Wilshire Blvd, Ste 120",                               "(310) 393-7947",       null, null,     6260026001, null) ;
INSERT INTO StoreTbl VALUES ( 6260026001538,   "Olgas Facials",                                            "1426 Montana Ave",                                         "(310) 339-1886",       null, null,     6260026001, null) ;
INSERT INTO StoreTbl VALUES ( 6260026001539,   "Cha Spa",                                                   "2817 Main St",                                             "(310) 866-5811",       null, null,     6260026001, null) ;  -- cosm
INSERT INTO StoreTbl VALUES ( 6260026001540,   "Minding Your Body",                                         "1137 2nd St",                                              "(310) 800-1295",       null, null,     6260026001, null) ;
INSERT INTO StoreTbl VALUES ( 6260026001541,   "Fringe Hair Salon",                                         "3015 Lincoln Blvd",                                        "(310) 399-7100",       null, null,     6260026001, null) ;
INSERT INTO StoreTbl VALUES ( 6260026001542,   "The Massage Place",                                         "2901 Ocean Park Blvd",                                     "(310) 399-9484",       null, null,     6260026001, null) ;
INSERT INTO StoreTbl VALUES ( 6260026001543,   "Adina Doss",                                                "1333 2nd St, Ste 100",                                     "(818) 620-9395",       null, null,     6260026001, null) ;
INSERT INTO StoreTbl VALUES ( 6260026001544,   "The Salon Upstairs",                                        "1610 Montana Ave",                                         "(310) 829-5776",       null, null,     6260026001, null) ;
INSERT INTO StoreTbl VALUES ( 6260026001545,   "Spa at Beverly Wilshire Beverly Hills",                     "9500 Wilshire Blvd",                                       "(310) 385-7023",       null, null,     6260026001, null) ;  -- cosm
INSERT INTO StoreTbl VALUES ( 6260026001546,   "Anterasian George MD - The Santa Monica Laser & Skin",       "2336 Santa Monica Blvd",                                  "(310) 829-9396",       null, null,     6260026001, null)  ;         -- cosm
INSERT INTO StoreTbl VALUES ( 6260026001547,   "Skin by Natalia",                                           "1611 Montana Ave",                                         "(310) 210-9247",       null, null,     6260026001, null) ;  -- cosm
INSERT INTO StoreTbl VALUES ( 6260026001548,   "Classy Nails",                                              "1924 Lincoln Blvd",                                        "(310) 396-2359",       null, null,     6260026001, null) ;  -- cosm
INSERT INTO StoreTbl VALUES ( 6260026001549,   "Fantastic Sams",                                           "2461 Santa Monica Blvd",                                   "(310) 453-5103",       null, null,     6260026001, null) ;
INSERT INTO StoreTbl VALUES ( 6260026001550,   "Carlton Hair",                                              "395 Santa Monica Pl Ste 254",                              "(310) 260-9503",       null, null,     6260026001, null) ;
INSERT INTO StoreTbl VALUES ( 6260026001551,   "B-Studio 117",                                              "626 Broadway",                                             "(310) 461-9803",       null, null,     6260026001, null) ;
INSERT INTO StoreTbl VALUES ( 6260026001552,   "Supercuts",                                                 "1914 Lincoln Blvd",                                        "(310) 314-1521",       null, null,     6260026001, null) ;
INSERT INTO StoreTbl VALUES ( 6260026001553,   "Pinkies Nail Spa",                                         "2806 Main St",                                             "(310) 450-2690",       null, null,     6260026001, null) ;  -- cosm
INSERT INTO StoreTbl VALUES ( 6260026001554,   "Drew James",                                                "733 10th St",                                              "(310) 395-1405",       null, null,     6260026001, null) ;
INSERT INTO StoreTbl VALUES ( 6260026001555,   "Nail Therapy by Vera",                                      "1904 Wilshire Blvd",                                       "(310) 993-1274",       null, null,     6260026001, null) ;  -- cosm
INSERT INTO StoreTbl VALUES ( 6260026001556,   "Shin",                                                      "1025 Montana Ave",                                         "(310) 310-3128",       null, null,     6260026001, null) ;
INSERT INTO StoreTbl VALUES ( 6260026001557,   "Allyson Nimoy",                                             "2510 Main St",                                             "(818) 626-4833",       null, null,     6260026001, null) ;
INSERT INTO StoreTbl VALUES ( 6260026001558,   "Luxelab",                                                   "1408 Montana Ave",                                         "(310) 255-9900",       null, null,     6260026001, null) ;
INSERT INTO StoreTbl VALUES ( 6260026001559,   "Clayton Campbell Bodywork",                                 "1137 2nd St",                                              "(818) 219-3659",       null, null,     6260026001, null) ;
INSERT INTO StoreTbl VALUES ( 6260026001560,   "La Beaute Spa & Permanent Makeup Center",                   "1507 Lincoln Blvd",                                        "(310) 260-0065",       null, null,     6260026001, null) ;  -- cosm
INSERT INTO StoreTbl VALUES ( 6260026001561,   "Ken",                                                       "3017 Ocean Park Blvd",                                     "(310) 452-3131",       null, null,     6260026001, null) ;
INSERT INTO StoreTbl VALUES ( 6260026001562,   "The Barbershop",                                            "1207 Berkeley St",                                         "(310) 980-7825",       null, 0003,     6260026001, null) ;  -- barber
INSERT INTO StoreTbl VALUES ( 6260026001563,   "Liebowitz Longevity Medicine",                              "1513 6th St",                                              "(310) 393-2333",       null, null,     6260026001, null) ;
INSERT INTO StoreTbl VALUES ( 6260026001564,   "Massage Garden",                                            "2723 Main St",                                             "(310) 392-9888",       null, null,     6260026001, null) ;
INSERT INTO StoreTbl VALUES ( 6260026001565,   "Glow By Susie",                                             "Santa Monica, CA 90401",                                   "(310) 625-0493",       null, null,     6260026001, null) ;
INSERT INTO StoreTbl VALUES ( 6260026001566,   "Faking It Flawless",                                        "Santa Monica, CA 90401",                                   "(661) 476-4922",       null, null,     6260026001, null) ;
INSERT INTO StoreTbl VALUES ( 6260026001567,   "European Skin & Massage Studio",                            "1333 2nd St",                                              "(424) 279-9771",       null, null,     6260026001, null) ;  -- cosm
INSERT INTO StoreTbl VALUES ( 6260026001568,   "Settimios Beauty Salon",                                    "2108 Wilshire Blvd",                                       "(310) 449-1923",       null, null,     6260026001, null) ;
INSERT INTO StoreTbl VALUES ( 6260026001569,   "Mindy Austin Hair Services",                                "2617 Lincoln Blvd",                                        "(310) 702-3743",       null, null,     6260026001, null) ;
INSERT INTO StoreTbl VALUES ( 6260026001570,   "Cienega Med Spa - Santa Monica",                            "902 Broadway",                                             "(310) 906-4656",       null, null,     6260026001, null) ;  -- cosm
INSERT INTO StoreTbl VALUES ( 6260026001571,   "Malin + Goetz",                                             "1123 Montana Avenue",                                      "(424) 268-8958",       null, null,     6260026001, null) ;
INSERT INTO StoreTbl VALUES ( 6260026001572,   "Salon 626",                                                 "626 Broadway",                                             "(310) 429-1911",       null, null,     6260026001, null) ;
INSERT INTO StoreTbl VALUES ( 6260026001573,   "The Massage Place",                                         "625 Montana Ave",                                          "(310) 393-7007",       null, null,     6260026001, null) ;
INSERT INTO StoreTbl VALUES ( 6260026001574,   "Hair By Jina",                                              "922 Wilshire Blvd",                                        "(310) 270-6626",       null, null,     6260026001, null) ;
INSERT INTO StoreTbl VALUES ( 6260026001575,   "Loccitane",                                                 "395 Santa Monica Pl",                                      "(310) 917-1100",       null, null,     6260026001, null) ;
INSERT INTO StoreTbl VALUES ( 6260026001576,   "Noir Lash Lounge",                                          "1230 Montana Ave",                                         "(310) 458-6647",       null, null,     6260026001, null) ;
INSERT INTO StoreTbl VALUES ( 6260026001577,   "Marynn B Honey Waxing & Beauty Studio",                     "2303 Main St",                                             "(310) 528-3493",       null, null,     6260026001, null) ;
INSERT INTO StoreTbl VALUES ( 6260026001578,   "Tikkun Holistic Spa",                                       "1460 4th St",                                              "(310) 319-1111",       null, null,     6260026001, null) ;  -- cosm
INSERT INTO StoreTbl VALUES ( 6260026001579,   "Hair By Jenn",                                              "626 Broadway",                                             "(707) 799-0153",       null, null,     6260026001, null) ;
INSERT INTO StoreTbl VALUES ( 6260026001580,   "Silhouette Endermologie",                                   "1828 Broadway Blvd",                                       "(310) 963-7195",       null, null,     6260026001, null) ;
INSERT INTO StoreTbl VALUES ( 6260026001581,   "Healing at the Speed of Love- REIKI/MASSAGE Healing",       "Santa Monica, CA 90409",                                   "(310) 926-9163",       null, null,     6260026001, null) ;
INSERT INTO StoreTbl VALUES ( 6260026001582,   "Main Attraction Nail Spa",                                  "2654 Main St",                                             "(310) 450-1688",       null, null,     6260026001, null) ;  -- cosm
INSERT INTO StoreTbl VALUES ( 6260026001583,   "Massage Envy - Santa Monica",                               "729 Montana Ave",                                          "(424) 247-2200",       null, null,     6260026001, null) ;
INSERT INTO StoreTbl VALUES ( 6260026001584,   "Nail Spa Lane",                                             "1623 Montana Ave",                                         "(310) 451-8722",       null, null,     6260026001, null) ;  -- cosm
INSERT INTO StoreTbl VALUES ( 6260026001585,   "Zumdior",                                                   "2503 Main St",                                             "(310) 399-3888",       null, null,     6260026001, null) ;
INSERT INTO StoreTbl VALUES ( 6260026001586,   "Toe Heaven Spa",                                            "2814 Main St",                                             "(310) 392-8611",       null, null,     6260026001, null) ;  -- cosm
INSERT INTO StoreTbl VALUES ( 6260026001587,   "Giti Salon",                                                "320 Santa Monica Blvd",                                    "(310) 395-2434",       null, null,     6260026001, null) ;
INSERT INTO StoreTbl VALUES ( 6260026001588,   "Aida Grey From Head To Toe",                                "2901 Ocean Park Blvd",                                     "(310) 399-1268",       null, null,     6260026001, null) ;
INSERT INTO StoreTbl VALUES ( 6260026001589,   "Arshaks Hair Salon",                                        "2411 Wilshire Blvd",                                       "(310) 998-8964",       null, null,     6260026001, null) ;
INSERT INTO StoreTbl VALUES ( 6260026001590,   "Modern Nails",                                              "1211 Wilshire Blvd",                                       "(310) 395-8304",       null, null,     6260026001, null) ;  -- cosm
INSERT INTO StoreTbl VALUES ( 6260026001591,   "New Dimensions Beauty Salon & Supplies",                    "900 Wilshire Blvd",                                        "(310) 394-1756",       null, null,     6260026001, null) ;
INSERT INTO StoreTbl VALUES ( 6260026001592,   "Nicols Hair Studio",                                       "2617 Lincoln Blvd",                                        "(310) 452-1046",       null, null,     6260026001, null) ;
INSERT INTO StoreTbl VALUES ( 6260026001593,   "Olive & June",                                              "1426 Montana Ave Ste 5",                                   "(310) 899-1029",       null, null,     6260026001, null) ;
INSERT INTO StoreTbl VALUES ( 6260026001594,   "Pacific Bay Integrative Health Center",                     "2901 Ocean Park Blvd",                                     "(310) 399-4043",       null, null,     6260026001, null) ;
INSERT INTO StoreTbl VALUES ( 6260026001595,   "Forever Flawless",                                          "1405 3rd St Promenade",                                    "(310) 394-7333",       null, null,     6260026001, null) ;
INSERT INTO StoreTbl VALUES ( 6260026001596,   "Jesse of Venice Hairdressing",                              "2919 Main St",                                             "(310) 699-3797",       null, null,     6260026001, null) ;
INSERT INTO StoreTbl VALUES ( 6260026001597,   "Darwin Brown Salon",                                        "1333 2nd St",                                              "(310) 497-6311",       null, null,     6260026001, null) ;
INSERT INTO StoreTbl VALUES ( 6260026001598,   "Bob Alonzi, Certified Advanced Rolfer",                     "1460 7th St",                                              "(310) 451-3250",       null, null,     6260026001, null) ;
INSERT INTO StoreTbl VALUES ( 6260026001599,   "Ulta Beauty",                                               "1234 Wilshire Blvd",                                       "(310) 260-3392",       null, null,     6260026001, null) ;
INSERT INTO StoreTbl VALUES ( 6260026001600,   "Anastasia Beverly Hills Brow Studio",                       "220 Broadway",                                             "(310) 752-2701",       null, null,     6260026001, null) ;
INSERT INTO StoreTbl VALUES ( 6260026001601,   "Someday Boutique",                                          "1611 Montana Ave",                                         "(424) 272-0499",       null, null,     6260026001, null) ;
INSERT INTO StoreTbl VALUES ( 6260026001602,   "Mary Ellen Beauty Salon",                                   "2821 Pico Blvd",                                           "(310) 828-9451",       null, null,     6260026001, null) ;
INSERT INTO StoreTbl VALUES ( 6260026001603,   "Gentle Hands",                                              "2918 Santa Monica Blvd",                                   "(310) 828-5494",       null, null,     6260026001, null) ;
INSERT INTO StoreTbl VALUES ( 6260026001604,   "Esquire Barber Shop",                                       "1020 Montana Ave",                                         "(310) 451-9940",       null, 0003,     6260026001, null) ;  -- barber
INSERT INTO StoreTbl VALUES ( 6260026001605,   "Brow Mantra Threading Salon",                               "1203 Wilshire Blvd",                                       "(310) 395-5599",       null, null,     6260026001, null) ;
INSERT INTO StoreTbl VALUES ( 6260026001606,   "Larrys Shaver Shop",                                       "821 Wilshire Blvd",                                        "(310) 393-3291",       null, null,     6260026001, null) ;
INSERT INTO StoreTbl VALUES ( 6260026001607,   "Nails by Helen",                                            "2920 Wilshire Blvd",                                       "(310) 453-7958",       null, null,     6260026001, null) ;  -- cosm
INSERT INTO StoreTbl VALUES ( 6260026001608,   "Hair By Michale",                                           "707 Montana Ave",                                          "(310) 621-2940",       null, null,     6260026001, null) ;
INSERT INTO StoreTbl VALUES ( 6260026001609,   "Banuelos Henry Barber Shop",                                "1412 Olympic Blvd",                                        "(310) 450-0244",       null, 0003,     6260026001, null) ;  -- barber
INSERT INTO StoreTbl VALUES ( 6260026001610,   "Jade Design Studio",                                        "1411 7th St",                                              "(310) 899-3815",       null, null,     6260026001, null) ;
INSERT INTO StoreTbl VALUES ( 6260026001611,   "Gatica Hair",                                               "3021 Wilshire Blvd",                                       "(310) 866-8411",       null, null,     6260026001, null) ;
INSERT INTO StoreTbl VALUES ( 6260026001612,   "MBJ Hair",                                                  "Santa Monica, CA 90405",                                   "(310) 699-7726",       null, null,     6260026001, null) ;
INSERT INTO StoreTbl VALUES ( 6260026001613,   "Artlab Salon",                                              "1357 4th St",                                              "(310) 393-0011",       null, null,     6260026001, null) ;
INSERT INTO StoreTbl VALUES ( 6260026001614,   "Miguel Lira",                                               "1207 Berkeley St",                                         "(310) 980-7825",       null, null,     6260026001, null) ;
INSERT INTO StoreTbl VALUES ( 6260026001615,   "Tom at the Barbershop",                                     "1207 Berkeley St",                                         "(818) 930-8413",       null, 0003,     6260026001, null) ;  -- barber
INSERT INTO StoreTbl VALUES ( 6260026001616,   "Kelly Handley Hair",                                        "1621 1/2 Montana Ave",                                     "(310) 804-6697",       null, null,     6260026001, null) ;
INSERT INTO StoreTbl VALUES ( 6260026001617,   "Lilys Nails",                                              "727 Broadway",                                             "(310) 394-4343",       null, null,     6260026001, null) ;  -- cosm
INSERT INTO StoreTbl VALUES ( 6260026001618,   "Tula Styling",                                              "1621 1/2 Montana Ave",                                     "(424) 254-8852",       null, null,     6260026001, null) ;
INSERT INTO StoreTbl VALUES ( 6260026001619,   "Lash Girl Studio",                                          "2507 Main St",                                             "(424) 272-0755",       null, null,     6260026001, null) ;
INSERT INTO StoreTbl VALUES ( 6260026001620,   "Carla Ross",                                                "2431 Main St",                                             "(310) 314-1566",       null, null,     6260026001, null) ;
INSERT INTO StoreTbl VALUES ( 6260026001621,   "Champak Nails",                                             "2634 Wilshire Blvd",                                       "(310) 998-0045",       null, null,     6260026001, null) ;  -- cosm
INSERT INTO StoreTbl VALUES ( 6260026001622,   "Ouidad Salon LA",                                           "1230 Montana Ave",                                         "(310) 393-3542",       null, null,     6260026001, null) ;
INSERT INTO StoreTbl VALUES ( 6260026001623,   "Chad Clark",                                                "2510 Main St Ste D",                                       "(310) 392-3951",       null, null,     6260026001, null) ;
INSERT INTO StoreTbl VALUES ( 6260026001624,   "Ocean Beauty Center Salon",                                 "2909 Main St",                                             "(310) 396-7910",       null, null,     6260026001, null) ;
INSERT INTO StoreTbl VALUES ( 6260026001625,   "Magic Style Hair Salon",                                    "2826 Santa Monica Blvd",                                   "(310) 829-6823",       null, null,     6260026001, null) ;
INSERT INTO StoreTbl VALUES ( 6260026001626,   "Sea Wellness Spa",                                          "1910 Ocean Way",                                           "(310) 581-7767",       null, null,     6260026001, null) ;  -- cosm
INSERT INTO StoreTbl VALUES ( 6260026001627,   "Nails by Marta",                                            "201 Wilshire Blvd",                                        "(310) 663-9395",       null, null,     6260026001, null) ;  -- cosm
INSERT INTO StoreTbl VALUES ( 6260026001628,   "ISpa Lane",                                                 "1117 Montana Ave",                                         "(310) 576-6245",       null, null,     6260026001, null) ;  -- cosm
INSERT INTO StoreTbl VALUES ( 6260026001629,   "Pico Barber Shop",                                          "2905 Pico Blvd",                                           "(310) 315-2131",       null, 0003,     6260026001, null) ;  -- barber
INSERT INTO StoreTbl VALUES ( 6260026001630,   "Organic Nails & Spa Studio",                                "2413 Main St",                                             "(310) 314-4888",       null, null,     6260026001, null) ;  -- cosm
INSERT INTO StoreTbl VALUES ( 6260026001631,   "Nail Thoughts",                                             "1333 2nd St",                                              "(562) 225-3596",       null, null,     6260026001, null) ;  -- cosm
INSERT INTO StoreTbl VALUES ( 6260026001632,   "EL Nails",                                                  "1117 Montana Ave",                                         "(310) 576-6245",       null, null,     6260026001, null) ;  -- cosm
INSERT INTO StoreTbl VALUES ( 6260026001633,   "Fred Segal Yoga",                                           "420 Broadway",                                             "(310) 907-4022",       null, null,     6260026001, null) ;
INSERT INTO StoreTbl VALUES ( 6260026001634,   "Kelly Lash",                                                "1436 S Centinela Ave",                                     "(310) 990-8128",       null, null,     6260026001, null) ;
INSERT INTO StoreTbl VALUES ( 6260026001635,   "Jeannette Haven",                                           "739 A 10th St",                                            "(213) 422-5756",       null, null,     6260026001, null) ;
INSERT INTO StoreTbl VALUES ( 6260026001636,   "Rolf Structural Integration",                               "1137 2nd St",                                              "(310) 924-1920",       null, null,     6260026001, null) ;
INSERT INTO StoreTbl VALUES ( 6260026001637,   "Helen Simanowitz",                                          "1333 2nd St Ste100",                                       "(310) 488-4633",       null, null,     6260026001, null) ;
INSERT INTO StoreTbl VALUES ( 6260026001638,   "Balayage By Gigi",                                          "8278 Melrose Ave",                                         "(323) 297-3498",       null, null,     6260026001, null) ;
INSERT INTO StoreTbl VALUES ( 6260026001639,   "Nino DeAngelis Hair Stylist",                               "13028 San Vicente Blvd",                                   "(310) 909-9770",       null, null,     6260026001, null) ;
INSERT INTO StoreTbl VALUES ( 6260026001640,   "Brambila Salon",                                            "1327 Ocean Ave",                                           "(310) 458-3770",       null, null,     6260026001, null) ;
INSERT INTO StoreTbl VALUES ( 6260026001641,   "Nail Elite & Spa",                                          "407 Santa Monica Blvd",                                    "(310) 576-7090",       null, null,     6260026001, null) ;  -- cosm
INSERT INTO StoreTbl VALUES ( 6260026001642,   "Frilly Lilly",                                              "1007 Montana Ave",                                         "(310) 260-5522",       null, null,     6260026001, null) ;
INSERT INTO StoreTbl VALUES ( 6260026001643,   "MAC Cosmetics",                                             "1325 Third Street Promenade",                              "(310) 451-1281",       null, null,     6260026001, null) ;
INSERT INTO StoreTbl VALUES ( 6260026001644,   "Valentina on Broadway",                                     "626 Broadway",                                             "(310) 483-8001",       null, null,     6260026001, null) ;
INSERT INTO StoreTbl VALUES ( 6260026001645,   "MARE. LA",                                                  "Santa Monica, CA 90401",                                   "(310) 795-9418",       null, null,     6260026001, null) ;
INSERT INTO StoreTbl VALUES ( 6260026001646,   "Pier Laser Med Spa",                                        "3010 Lincoln Blvd",                                        "(310) 399-9142",       null, null,     6260026001, null) ;  -- cosm
INSERT INTO StoreTbl VALUES ( 6260026001647,   "Studio At Fred Segal",                                      "500 Broadway",                                             "(310) 394-8509",       null, null,     6260026001, null) ;
INSERT INTO StoreTbl VALUES ( 6260026001648,   "Andy R Hairstylist",                                        "2919 Main St",                                             "(310) 621-7672",       null, null,     6260026001, null) ;
INSERT INTO StoreTbl VALUES ( 6260026001649,   "Lynns Lounge",                                             "2643 Lincoln Blvd",                                        "(310) 450-6894",       null, null,     6260026001, null) ;
INSERT INTO StoreTbl VALUES ( 6260026001650,   "Lloyds Barbershop",                                        "101 Wilshire Blvd",                                        "(310) 319-3138",       null, 0003,     6260026001, null) ;  -- barber
INSERT INTO StoreTbl VALUES ( 6260026001651,   "Artistic Nails",                                            "1229 Montana Ave",                                         "(310) 260-2312",       null, null,     6260026001, null) ;  -- cosm
INSERT INTO StoreTbl VALUES ( 6260026001652,   "Aesop",                                                     "395 Santa Monica Pl",                                      "(310) 393-6148",       null, null,     6260026001, null) ;
INSERT INTO StoreTbl VALUES ( 6260026001653,   "La Ruche",                                                  "12121 Wilshire Blvd",                                      "(310) 351-7976",       null, null,     6260026001, null) ;
INSERT INTO StoreTbl VALUES ( 6260026001654,   "Cute Nail",                                                 "2904 Lincoln Blvd",                                        "(310) 399-8833",       null, null,     6260026001, null) ;  -- cosm
INSERT INTO StoreTbl VALUES ( 6260026001655,   "Antoine Pierre Salon",                                      "1621 1/2 Montana Ave",                                     "(310) 458-1971",       null, null,     6260026001, null) ;
INSERT INTO StoreTbl VALUES ( 6260026001656,   "Natisse Nizic Hair Design",                                 "1333 2nd St, Ste 100, Studio 40",                          "(323) 487-2827",       null, null,     6260026001, null) ;
INSERT INTO StoreTbl VALUES ( 6260026001657,   "Ava MD",                                                    "2021 Santa Monica Blvd",                                   "(310) 879-1790",       null, null,     6260026001, null) ;
INSERT INTO StoreTbl VALUES ( 6260026001658,   "The Lather Lounge",                                         "12121 Wilshire Blvd",                                      "(424) 259-3306",       null, null,     6260026001, null) ;
INSERT INTO StoreTbl VALUES ( 6260026001659,   "Younique Cosmetic Surgery",                                 "1551 Ocean Ave",                                           "(310) 434-0044",       null, null,     6260026001, null) ;
INSERT INTO StoreTbl VALUES ( 6260026001660,   "Valentinos Barber Shop",                                   "1432 Santa Monica Blvd",                                   "(310) 393-4544",       null, 0003,     6260026001, null) ;  -- barber
INSERT INTO StoreTbl VALUES ( 6260026001661,   "Luxe Indulgence Beauty",                                    "929 Colorado Ave",                                         "(888) 453-5893",       null, null,     6260026001, null) ;
INSERT INTO StoreTbl VALUES ( 6260026001662,   "Annie Josseline",                                           "1234 Wilshire Blvd",                                       "(818) 633-5252",       null, null,     6260026001, null) ;
INSERT INTO StoreTbl VALUES ( 6260026001663,   "Jamie Brown",                                               "175 Pier Ave",                                             "(310) 482-1414",       null, null,     6260026001, null) ;
INSERT INTO StoreTbl VALUES ( 6260026001664,   "Lashesbyzaira",                                             "1920 6th St",                                              "(310) 721-4488",       null, null,     6260026001, null) ;
INSERT INTO StoreTbl VALUES ( 6260026001665,   "The Harlot",                                                "1641 Abbot Kinney Blvd",                                   "(310) 399-6525",       null, null,     6260026001, null) ;
INSERT INTO StoreTbl VALUES ( 6260026001666,   "Sandra Dean Hair Designs",                                  "1331 7th St",                                              "(310) 487-3140",       null, null,     6260026001, null) ;
INSERT INTO StoreTbl VALUES ( 6260026001667,   "Supercuts",                                                 "1828 Wilshire Blvd",                                       "(310) 829-6729",       null, null,     6260026001, null) ;
INSERT INTO StoreTbl VALUES ( 6260026001668,   "California Wellness Institute",                             "11677 San Vicente Blvd",                                   "(310) 442-8268",       null, null,     6260026001, null) ;
INSERT INTO StoreTbl VALUES ( 6260026001669,   "American Beauty Hair",                                      "707 Montana Ave",                                          "(310) 393-2334",       null, null,     6260026001, null) ;
INSERT INTO StoreTbl VALUES ( 6260026001670,   "Shape House",                                               "1003 Broadway",                                            "(855) 567-2346",       null, null,     6260026001, null) ;
INSERT INTO StoreTbl VALUES ( 6260026001671,   "Larissa Love Cosmetics",                                    "1129 Montana Ave",                                         "(310) 729-0156",       null, null,     6260026001, null) ;
INSERT INTO StoreTbl VALUES ( 6260026001672,   "Bellacures",                                                "1609B Montana Ave",                                        "(310) 584-4584",       null, null,     6260026001, null) ;
INSERT INTO StoreTbl VALUES ( 6260026001673,   "Rudys Barbershop",                                         "3101 Main St",                                             "(310) 450-2930",       null, 0003,     6260026001, null) ;  -- barber
INSERT INTO StoreTbl VALUES ( 6260026001674,   "Space N K Apothecary",                                      "225 26th St",                                              "(310) 451-7284",       null, null,     6260026001, null) ;  -- cosm
INSERT INTO StoreTbl VALUES ( 6260026001675,   "Skin Sanctuary By Lisamarie",                               "1051 Glendon Ave",                                         "(310) 922-7504",       null, null,     6260026001, null) ;  -- cosm
INSERT INTO StoreTbl VALUES ( 6260026001676,   "Doves by DNA",                                              "2000 Main St",                                             "(310) 399-7654",       null, null,     6260026001, null) ;
INSERT INTO StoreTbl VALUES ( 6260026001677,   "MINX Salon",                                                "12041 Wilshire Blvd",                                      "(424) 261-6469",       null, null,     6260026001, null) ;
INSERT INTO StoreTbl VALUES ( 6260026001678,   "Tracys Nails",                                             "1212 Montana Ave",                                         "(310) 393-3882",       null, null,     6260026001, null) ;  -- cosm
INSERT INTO StoreTbl VALUES ( 6260026001679,   "Spa On Location - Luxury Mobile Day Spa",                   "2461 Santa Monica Blvd",                                   "(310) 497-1607",       null, null,     6260026001, null) ;  -- cosm
INSERT INTO StoreTbl VALUES ( 6260026001680,   "Citizen Skin",                                              "304 Westminster Ave",                                      "(310) 450-0500",       null, null,     6260026001, null) ;  -- cosm
INSERT INTO StoreTbl VALUES ( 6260026001681,   "Dawn Wade",                                                 "12121 Wilshire Blvd",                                      "(310) 962-4088",       null, null,     6260026001, null) ;
INSERT INTO StoreTbl VALUES ( 6260026001682,   "Monique Powers Beauty Boutique",                            "626 Broadway",                                             "(310) 869-8383",       null, null,     6260026001, null) ;
INSERT INTO StoreTbl VALUES ( 6260026001683,   "Brazilian Honey Waxing Santa Monica",                       "1333 2nd St",                                              "(310) 403-8026",       null, null,     6260026001, null) ;
INSERT INTO StoreTbl VALUES ( 6260026001684,   "Facials By Kelly",                                          "11640 San Vicente Blvd",                                   "(818) 424-8851",       null, null,     6260026001, null) ;
INSERT INTO StoreTbl VALUES ( 6260026001685,   "CosmoProf",                                                 "1304 Pico Blvd",                                           "(310) 314-6953",       null, null,     6260026001, null) ;
INSERT INTO StoreTbl VALUES ( 6260026001686,   "Service & Supply",                                          "436 Lincoln Blvd",                                         "(310) 795-1079",       null, null,     6260026001, null) ;
INSERT INTO StoreTbl VALUES ( 6260026001687,   "95 Lash",                                                   "1416 Wilshire Blvd",                                       "(310) 319-9595",       null, null,     6260026001, null) ;
INSERT INTO StoreTbl VALUES ( 6260026001688,   "Avanti Nail Spa",                                           "625 Montana Ave",                                          "(310) 451-8884",       null, null,     6260026001, null) ;  -- cosm
INSERT INTO StoreTbl VALUES ( 6260026001689,   "Swig Miller",                                               "1727 Ocean Park Blvd",                                     "(310) 498-0360",       null, null,     6260026001, null) ;
INSERT INTO StoreTbl VALUES ( 6260026001690,   "Salon Vox",                                                 "3101 Ocean Park Blvd",                                     "(310) 394-7563",       null, null,     6260026001, null) ;
INSERT INTO StoreTbl VALUES ( 6260026001691,   "Rejuva Medical Aesthetics",                                 "11645 Wilshire Blvd",                                      "(424) 644-2400",       null, null,     6260026001, null) ;
INSERT INTO StoreTbl VALUES ( 6260026001692,   "Ocean Hair Studio",                                         "1740 Ocean Park Blvd",                                     "(310) 450-2221",       null, null,     6260026001, null) ;
INSERT INTO StoreTbl VALUES ( 6260026001693,   "Kiritara Spa",                                              "11935 Santa Monica Blvd",                                  "(310) 481-3948",       null, null,     6260026001, null) ;  -- cosm
INSERT INTO StoreTbl VALUES ( 6260026001694,   "The Premier Center",                                        "1416 6th St",                                              "(310) 320-1132",       null, null,     6260026001, null) ;
INSERT INTO StoreTbl VALUES ( 6260026001695,   "The Wellness Spa",                                          "9707 Washington Blvd",                                     "(310) 202-8133",       null, null,     6260026001, null) ;  -- cosm
INSERT INTO StoreTbl VALUES ( 6260026001696,   "Lush Fresh Handmade Cosmetics",                             "1404 3rd St Promenade",                                    "(310) 255-0030",       null, null,     6260026001, null) ;
INSERT INTO StoreTbl VALUES ( 6260026001697,   "NRxSKIN",                                                   "2001 S Barrington Ave",                                    "(424) 832-3005",       null, null,     6260026001, null) ;
INSERT INTO StoreTbl VALUES ( 6260026001698,   "Dia Salon & Spa",                                           "1006 Broadway",                                            "(310) 451-8848",       null, null,     6260026001, null) ;  -- cosm
INSERT INTO StoreTbl VALUES ( 6260026001699,   "Aviva Spa",                                                 "12041 Wilshire Blvd",                                      "(310) 918-2787",       null, null,     6260026001, null) ;  -- cosm
INSERT INTO StoreTbl VALUES ( 6260026001700,   "Kian Karimi, MD FACS",                                      "11645 Wilshire Blvd",                                      "(424) 644-2400",       null, null,     6260026001, null) ;
INSERT INTO StoreTbl VALUES ( 6260026001701,   "Studio SqHair",                                             "12121 Wilshire Blvd",                                      "(424) 333-1410",       null, null,     6260026001, null) ;
INSERT INTO StoreTbl VALUES ( 6260026001702,   "Brigitte Tolson Skincare & Esthetics",                      "2001 S Barrington Ave",                                    "(310) 923-2930",       null, null,     6260026001, null) ;  -- cosm
INSERT INTO StoreTbl VALUES ( 6260026001703,   "European Wax Center",                                       "625 F Montana Ave",                                        "(310) 260-2929",       null, null,     6260026001, null) ;
INSERT INTO StoreTbl VALUES ( 6260026001704,   "Reduxx Liporeduction & Body Contouring Centers",            "900 Wilshire Blvd",                                        "(855) 757-5476",       null, null,     6260026001, null) ;
INSERT INTO StoreTbl VALUES ( 6260026001705,   "Studio DArts",                                             "626 Broadway",                                             "(310) 845-5657",       null, null,     6260026001, null) ;
INSERT INTO StoreTbl VALUES ( 6260026001706,   "Kiehls Since 1851",                                        "1516 Montana Ave",                                         "(310) 255-0055",       null, null,     6260026001, null) ;
INSERT INTO StoreTbl VALUES ( 6260026001707,   "Nails by Lee",                                              "3011 Lincoln Blvd",                                        "(310) 452-1923",       null, null,     6260026001, null) ;  -- cosm
INSERT INTO StoreTbl VALUES ( 6260026001708,   "Glow My Teeth",                                             "1828-1/2 Broadway",                                        "(323) 594-9322",       null, null,     6260026001, null) ;
INSERT INTO StoreTbl VALUES ( 6260026001709,   "Skin Specifics Medical Spa",                                "11040 Santa Monica Blvd",                                  "(310) 481-0058",       null, null,     6260026001, null) ;  -- cosm    -- cosm
INSERT INTO StoreTbl VALUES ( 6260026001710,   "Two Brown Eyed Girls",                                      "1864 S Sepulveda Blvd",                                    "(310) 444-3900",       null, null,     6260026001, null) ;
INSERT INTO StoreTbl VALUES ( 6260026001711,   "LOOPS Hair Studio",                                         "2130 Sawtelle Blvd",                                       "(310) 231-8999",       null, null,     6260026001, null) ;
INSERT INTO StoreTbl VALUES ( 6260026001712,   "Roya E. Levi, DDS",                                         "2409 Main St",                                             "(310) 392-8313",       null, null,     6260026001, null) ;
INSERT INTO StoreTbl VALUES ( 6260026001713,   "Maryam of Brentwood",                                       "11640 San Vicente Blvd",                                   "(310) 420-1038",       null, null,     6260026001, null) ;
INSERT INTO StoreTbl VALUES ( 6260026001714,   "Serenity Nail Lounge",                                      "12209 Wilshire Blvd",                                      "(424) 832-7030",       null, null,     6260026001, null) ;  -- cosm
INSERT INTO StoreTbl VALUES ( 6260026001715,   "Takuji Hair",                                               "11911 San Vicente Blvd",                                   "(310) 997-8330",       null, null,     6260026001, null) ;
INSERT INTO StoreTbl VALUES ( 6260026001716,   "Charlotte-James Facial Clinic",                             "2211 Corinth Ave",                                         "(310) 478-5100",       null, null,     6260026001, null) ;
INSERT INTO StoreTbl VALUES ( 6260026001717,   "Private Hair Sculpting by Chris Wolfe",                     "1033 Doreen Pl",                                           "(917) 620-3428",       null, null,     6260026001, null) ;
INSERT INTO StoreTbl VALUES ( 6260026001718,   "Xanadu Spa",                                                "1301 Ocean Ave",                                           "(310) 394-2791",       null, null,     6260026001, null) ;  -- cosm
INSERT INTO StoreTbl VALUES ( 6260026001719,   "Natacha Fontin",                                            "12121 Wilshire Blvd",                                      "(323) 510-7599",       null, null,     6260026001, null) ;
INSERT INTO StoreTbl VALUES ( 6260026001720,   "SURA XX",                                                   "12121 Wilshire Blvd",                                      "(323) 577-2171",       null, null,     6260026001, null) ;
INSERT INTO StoreTbl VALUES ( 6260026001721,   "Manly & Sons Barber Co.",                                   "322 Lincoln Blvd",                                         "(310) 314-3134",       null, 0003,     6260026001, null) ;  -- barber
INSERT INTO StoreTbl VALUES ( 6260026001722,   "Saving Faces Skin Care",                                    "762 Washington Blvd",                                      "(310) 577-1062",       null, null,     6260026001, null) ;  -- cosm
INSERT INTO StoreTbl VALUES ( 6260026001723,   "JS Hair",                                                   "12121 Wilshire Blvd",                                      "(310) 853-9205",       null, null,     6260026001, null) ;
INSERT INTO StoreTbl VALUES ( 6260026001724,   "Westside Aesthetics",                                       "11645 Wilshire Blvd",                                      "(424) 394-0508",       null, null,     6260026001, null) ;
INSERT INTO StoreTbl VALUES ( 6260026001725,   "Side Show Tattoo & Piercing",                               "823 Ocean Front Walk",                                     "(310) 399-1679",       null, null,     6260026001, null) ;
INSERT INTO StoreTbl VALUES ( 6260026001726,   "Ink Ink Tattoo",                                            "830 Lincoln Blvd",                                         "(310) 314-7703",       null, null,     6260026001, null) ;
INSERT INTO StoreTbl VALUES ( 6260026001727,   "Satya Skin and Spirit",                                     "528 Arizona Ave",                                          "(310) 991-7112",       null, null,     6260026001, null) ;  -- cosm
INSERT INTO StoreTbl VALUES ( 6260026001728,   "Joshua Wieder, MD - Wieder Dermatology & Laser Center",       "12301 Wilshire Blvd",                                    "(310) 207-8900",       null, null,     6260026001, null) ;
INSERT INTO StoreTbl VALUES ( 6260026001729,   "Tels Barber Shop",                                         "2210 Pico Blvd",                                           "(310) 450-7514",       null, 0003,     6260026001, null) ;  -- barber
INSERT INTO StoreTbl VALUES ( 6260026001730,   "Nicole Rosecrans Okudaira",                                 "1830 Broadway",                                            "(310) 394-0614",       null, null,     6260026001, null) ;
INSERT INTO StoreTbl VALUES ( 6260026001731,   "Bennys Tacos & Chicken Rotisserie",                        "915 Wilshire Blvd",                                        "(310) 451-0200",       null, null,     6260026001, null) ;
INSERT INTO StoreTbl VALUES ( 6260026001732,   "Mondo Taco",                                                "2200 Colorado Ave",                                        "(310) 310-8922",       null, null,     6260026001, null) ;
INSERT INTO StoreTbl VALUES ( 6260026001733,   "Casa Martin Mexican Restaurant",                            "1654 Ocean Ave",                                           "(310) 663-1732",       null, null,     6260026001, null) ;  -- rst
INSERT INTO StoreTbl VALUES ( 6260026001734,   "Mercado",                                                   "1416 4th St",                                              "(310) 526-7121",       null, null,     6260026001, null) ;
INSERT INTO StoreTbl VALUES ( 6260026001735,   "Tacos Por Favor",                                           "1408 Olympic Blvd",                                        "(310) 392-5768",       null, null,     6260026001, null) ;
INSERT INTO StoreTbl VALUES ( 6260026001736,   "Lares Restaurant",                                          "2909 Pico Blvd",                                           "(310) 829-4550",       null, null,     6260026001, null) ;  -- rst
INSERT INTO StoreTbl VALUES ( 6260026001737,   "Taco Libre - Santa Monica",                                 "135 Colorado Ave",                                         "(310) 395-1666",       null, null,     6260026001, null) ;
INSERT INTO StoreTbl VALUES ( 6260026001738,   "Gilberts El Indio Restaurant",                             "2526 Pico Blvd",                                           "(310) 450-8057",       null, null,     6260026001, null) ;  -- rst
INSERT INTO StoreTbl VALUES ( 6260026001739,   "El Cholo",                                                  "1025 Wilshire Blvd",                                       "(310) 899-1106",       null, null,     6260026001, null) ;
INSERT INTO StoreTbl VALUES ( 6260026001740,   "Tacoteca",                                                  "2460 Wilshire Blvd",                                       "(310) 828-2115",       null, null,     6260026001, null) ;
INSERT INTO StoreTbl VALUES ( 6260026001741,   "Horchata Mexican Food & Bakery",                            "804 Montana Ave",                                          "(310) 458-8899",       null, null,     6260026001, null) ;
INSERT INTO StoreTbl VALUES ( 6260026001742,   "Red O Restaurants",                                         "1541 Ocean Ave",                                           "(310) 458-1600",       null, null,     6260026001, null) ;  -- rst
INSERT INTO StoreTbl VALUES ( 6260026001743,   "El Texate",                                                 "316 Pico Blvd",                                            "(310) 399-1115",       null, null,     6260026001, null) ;
INSERT INTO StoreTbl VALUES ( 6260026001744,   "Holy Guacamole",                                            "2906 Main St",                                             "(310) 314-4850",       null, null,     6260026001, null) ;
INSERT INTO StoreTbl VALUES ( 6260026001745,   "Lula Cocina Mexicana",                                      "2720 Main St",                                             "(310) 392-5711",       null, null,     6260026001, null) ;
INSERT INTO StoreTbl VALUES ( 6260026001746,   "Pinches Tacos",                                             "395 Santa Monica Pl",                                      "(310) 394-0373",       null, null,     6260026001, null) ;
INSERT INTO StoreTbl VALUES ( 6260026001747,   "Casa Escobar",                                              "2500 Wilshire Blvd",                                       "(310) 828-1315",       null, null,     6260026001, null) ;
INSERT INTO StoreTbl VALUES ( 6260026001748,   "Mariasol",                                                  "401 Santa Monica Pier",                                    "(310) 917-5050",       null, null,     6260026001, null) ;
INSERT INTO StoreTbl VALUES ( 6260026001749,   "Cabo Cantina",                                              "1240 3rd St",                                              "(310) 393-5755",       null, null,     6260026001, null) ;
INSERT INTO StoreTbl VALUES ( 6260026001750,   "Wahoos Fish Tacos",                                        "418 Wilshire Blvd",                                        "(310) 393-9125",       null, null,     6260026001, null) ;
INSERT INTO StoreTbl VALUES ( 6260026001751,   "Panchos Tacos",                                            "2920 Lincoln Blvd",                                        "(310) 452-2970",       null, null,     6260026001, null) ;
INSERT INTO StoreTbl VALUES ( 6260026001752,   "The Carbon Grill",                                          "2640 Main St",                                             "(626) 224-3094",       null, null,     6260026001, null) ;  -- rst
INSERT INTO StoreTbl VALUES ( 6260026001753,   "Campos Famous Burritos",                                    "2008 Pico Blvd",                                           "(310) 450-4477",       null, null,     6260026001, null) ;
INSERT INTO StoreTbl VALUES ( 6260026001754,   "El Torito",                                                 "3360 Ocean Park Blvd",                                     "(310) 450-8665",       null, null,     6260026001, null) ;
INSERT INTO StoreTbl VALUES ( 6260026001755,   "Pinch of Flavor",                                           "Santa Monica, CA 90405",                                   "(323) 401-8643",       null, null,     6260026001, null) ;
INSERT INTO StoreTbl VALUES ( 6260026001756,   "Fast Taco",                                                 "2901 Ocean Park Blvd",                                     "(310) 450-4255",       null, null,     6260026001, null) ;
INSERT INTO StoreTbl VALUES ( 6260026001757,   "Pier Tamales",                                              "200 Santa Monica Pier",                                    "(310) 430-6243",       null, null,     6260026001, null) ;
INSERT INTO StoreTbl VALUES ( 6260026001758,   "Cafe Sol",                                                  "2425 Colorado Ave",                                        "(310) 829-0031",       null, null,     6260026001, null) ;
INSERT INTO StoreTbl VALUES ( 6260026001759,   "Straight Outta the Grill",                                  "1515 7th St",                                              "(510) 610-6741",       null, null,     6260026001, null) ;  -- rst
INSERT INTO StoreTbl VALUES ( 6260026001760,   "Dannys Tacos",                                             "1725 Main St",                                             "(323) 529-7486",       null, null,     6260026001, null) ;
INSERT INTO StoreTbl VALUES ( 6260026001761,   "Chipotle Mexican Grill",                                    "1218 3rd St",                                              "(310) 458-2141",       null, null,     6260026001, null) ;  -- rst
INSERT INTO StoreTbl VALUES ( 6260026001762,   "Mariscos Camino Real",                                      "31st St & Donald Douglas Loop N",                          "(323) 369-6270",       null, null,     6260026001, null) ;
INSERT INTO StoreTbl VALUES ( 6260026001763,   "Chez Salim Chicken and Rice Food Truck",                    "2700 Pennsylvania Ave",                                    "(925) 350-2006",       null, null,     6260026001, null) ;

-- HUNINGTON BEACH-- beach


INSERT INTO PlazaTbl VALUES ( 6260009001,   "Others", 6260009 );

INSERT INTO StoreTbl VALUES ( 62600090010001,   "Julianne Trinh, NP",                                       "20052 Brookhurst St  Huntington Beach, CA 92646",          "(714) 800-3091",       null, null,     6260009001, null) ;
INSERT INTO StoreTbl VALUES ( 62600090010002,   "Hair By Erin Stephanie",                                   "Huntington Beach, CA",                                     "(714) 846-5900",       null, null,     6260009001, null) ;
INSERT INTO StoreTbl VALUES ( 62600090010003,   "The Beauty Spot & Skin Studio",                            "17402 Beach Blvd  Huntington Beach, CA 92647",             "(949) 385-3274",       null, null,     6260009001, null) ;  -- cosm
INSERT INTO StoreTbl VALUES ( 62600090010004,   "Aromist Spa",                                              "18316 Beach Blvd  Huntington Beach, CA 92646",             "(714) 841-0163",       null, null,     6260009001, null) ;  -- cosm
INSERT INTO StoreTbl VALUES ( 62600090010005,   "Spa Habit",                                                "7862 Warner Ave  Huntington Beach, CA 92647",              "(714) 943-4169",       null, null,     6260009001, null) ;  -- cosm
INSERT INTO StoreTbl VALUES ( 62600090010006,   "One Stop Beauty",                                          "5259 Warner Ave  Huntington Beach, CA 92649",              "(714) 840-4446",       null, null,     6260009001, null) ;
INSERT INTO StoreTbl VALUES ( 62600090010007,   "Hair Theory",                                              "19051 Goldenwest St  Huntington Beach, CA 92648",          "(657) 203-8250",       null, null,     6260009001, null) ;
INSERT INTO StoreTbl VALUES ( 62600090010008,   "The Hydration Room",                                       "19330 Goldenwest St  Huntington Beach, CA 92648",          "(657) 845-7953",       null, null,     6260009001, null) ;
INSERT INTO StoreTbl VALUES ( 62600090010009,   "Perspire Sauna Studio",                                    "19330 Goldenwest St  Huntington Beach, CA 92648",          "(714) 594-3737",       null, null,     6260009001, null) ;
INSERT INTO StoreTbl VALUES ( 62600090010010,   "Surf City Skin Care",                                      "6916 Warner Ave  Huntington Beach, CA 92647",              "(714) 697-9699",       null, null,     6260009001, null) ;  -- cosm
INSERT INTO StoreTbl VALUES ( 62600090010011,   "Katie Rabers Face and Body Esthetiques",                   "5911 Heil Ave  Huntington Beach, CA 92649",                "(714) 840-4004",       null, null,     6260009001, null) ;
INSERT INTO StoreTbl VALUES ( 62600090010012,   "Studio Renee",                                             "4972 Warner Ave  Huntington Beach, CA 92649",              "(714) 840-8400",       null, null,     6260009001, null) ;
INSERT INTO StoreTbl VALUES ( 62600090010013,   "T.Y. Steven Ip, MD, FACS",                                 "351 Hospital Rd  Newport Beach, CA 92663",                 "(949) 236-6499",       null, null,     6260009001, null) ;
INSERT INTO StoreTbl VALUES ( 62600090010014,   "King Esthetics",                                           "18531 Main St  Huntington Beach, CA 92648",                "(714) 499-8902",       null, null,     6260009001, null) ;
INSERT INTO StoreTbl VALUES ( 62600090010015,   "12 Hours Massage",                                         "5902 Warner Ave  Huntington Beach, CA 92649",              "(714) 377-6600",       null, null,     6260009001, null) ;
INSERT INTO StoreTbl VALUES ( 62600090010016,   "The Beauty Den",                                           "7862 Warner Ave  Huntington Beach, CA 92647",              "(714) 421-6683",       null, null,     6260009001, null) ;
INSERT INTO StoreTbl VALUES ( 62600090010017,   "3D Microblading Eyebrows",                                 "18531 Main St  Huntington Beach, CA 92648",                "(714) 642-6182",       null, null,     6260009001, null) ;
INSERT INTO StoreTbl VALUES ( 62600090010018,   "Makeup Artist & Eyelash Extensions Expert",                "Huntington Beach, CA 92648",                               "(714) 474-1824",       null, null,     6260009001, null) ;
INSERT INTO StoreTbl VALUES ( 62600090010019,   "CloudMover Day Spa",                                       "18685 Main St  Huntington Beach, CA 92648",                "(714) 842-3600",       null, null,     6260009001, null) ;  -- cosm
INSERT INTO StoreTbl VALUES ( 62600090010020,   "Alpha Massage Spa",                                        "17871 Beach Blvd  Huntington Beach, CA 92647",             "(714) 848-3740",       null, null,     6260009001, null) ;  -- cosm
INSERT INTO StoreTbl VALUES ( 62600090010021,   "Rock Paper Scissors Studio HB",                            "18531 Main St  Huntington Beach, CA 92648",                "(612) 562-5836",       null, null,     6260009001, null) ;
INSERT INTO StoreTbl VALUES ( 62600090010022,   "Shape & Skin Medical Spa & Weight Loss",                   "5911 Warner Ave  Huntington Beach, CA 92649",              "(714) 377-7546",       null, null,     6260009001, null) ;  -- cosm    -- cosm
INSERT INTO StoreTbl VALUES ( 62600090010023,   "Skincare By Lori",                                         "7171 Warner Ave  Huntington Beach, CA 92647",              "(714) 296-9321",       null, null,     6260009001, null) ;  -- cosm
INSERT INTO StoreTbl VALUES ( 62600090010024,   "Daeya Salon",                                              "18531 Main St  Huntington Beach, CA 92648",                "(714) 321-9218",       null, null,     6260009001, null) ;
INSERT INTO StoreTbl VALUES ( 62600090010025,   "Judi Mantere Skin Studio",                                 "18531 Main St  Huntington Beach, CA 92648",                "(714) 330-0538",       null, null,     6260009001, null) ;  -- cosm
INSERT INTO StoreTbl VALUES ( 62600090010026,   "Jenny B Salon",                                            "18531 Main St  Huntington Beach, CA 92648",                "(719) 352-5158",       null, null,     6260009001, null) ;
INSERT INTO StoreTbl VALUES ( 62600090010027,   "Glitz Salon And Spa",                                      "8907 Warner Ave  Huntington Beach, CA 92647",              "(714) 842-7272",       null, null,     6260009001, null) ;  -- cosm
INSERT INTO StoreTbl VALUES ( 62600090010028,   "Bold Sugaring",                                            "18531 Main St  Huntington Beach, CA 92648",                "(562) 794-0133",       null, null,     6260009001, null) ;
INSERT INTO StoreTbl VALUES ( 62600090010029,   "Hannahs Skin Studio",                                     "18531 Main St Ste 106  Huntington Beach, CA 92648",        "(714) 468-3400",       null, null,     6260009001, null) ;  -- cosm
INSERT INTO StoreTbl VALUES ( 62600090010030,   "All Time Pretty",                                          "18682 Beach Blvd  Huntington Beach, CA 92648",             "(657) 229-2769",       null, null,     6260009001, null) ;
INSERT INTO StoreTbl VALUES ( 62600090010031,   "Spa Paloma",                                               "4952 Warner Ave  Huntington Beach, CA 92649",              "(714) 840-0707",       null, null,     6260009001, null) ;  -- cosm
INSERT INTO StoreTbl VALUES ( 62600090010032,   "NVY Nails & Spa",                                          "18360 Beach Blvd  Huntington Beach, CA 92648",             "(714) 842-3400",       null, null,     6260009001, null) ;  -- cosm
INSERT INTO StoreTbl VALUES ( 62600090010033,   "Travis Vu",                                                "16841 Algonquin  Huntington Beach, CA 92649",              "(714) 715-8138",       null, null,     6260009001, null) ;
INSERT INTO StoreTbl VALUES ( 62600090010034,   "Tattoo Gallery",                                           "19921 Beach Blvd  Huntington Beach, CA 92648",             "(714) 969-4700",       null, null,     6260009001, null) ;
INSERT INTO StoreTbl VALUES ( 62600090010035,   "Ez Sculpt",                                                "7862 Warner Ave  Huntington Beach, CA 92647",              "(888) 358-3888",       null, null,     6260009001, null) ;
INSERT INTO StoreTbl VALUES ( 62600090010036,   "Sol State Mobile Massage HB",                              "Huntington Beach, CA 92648",                               "(508) 566-4011",       null, null,     6260009001, null) ;
INSERT INTO StoreTbl VALUES ( 62600090010037,   "Elle Salon",                                               "7152 Edinger Ave  Huntington Beach, CA 92647",             "(714) 841-3534",       null, null,     6260009001, null) ;
INSERT INTO StoreTbl VALUES ( 62600090010038,   "Massage Your Mate",                                        "Huntington Beach, CA 92648",                               "(714) 337-6038",       null, null,     6260009001, null) ;
INSERT INTO StoreTbl VALUES ( 62600090010039,   "Sea Mist Medical Weight Loss",                             "18055 Beach Blvd  Huntington Beach, CA 92648",             "(714) 916-9272",       null, null,     6260009001, null) ;
INSERT INTO StoreTbl VALUES ( 62600090010040,   "The Olive Tree",                                           "6441 Fallingwater Dr  Huntington Beach, CA 92647",         "(714) 875-4631",       null, null,     6260009001, null) ;
INSERT INTO StoreTbl VALUES ( 62600090010041,   "PHD Skinhealth",                                           "18531 Main St  Huntington Beach, CA 92648",                "(714) 699-4743",       null, null,     6260009001, null) ;  -- cosm
INSERT INTO StoreTbl VALUES ( 62600090010042,   "B9 Salon & Spa",                                           "204 Adams Ave  Huntington Beach, CA 92648",                "(714) 869-6979",       null, null,     6260009001, null) ;  -- cosm
INSERT INTO StoreTbl VALUES ( 62600090010043,   "Faye Dodge Esthethics",                                    "808 Adams Ave  Huntington Beach, CA 92648",                "(714) 916-8688",       null, null,     6260009001, null) ;
INSERT INTO StoreTbl VALUES ( 62600090010044,   "Hair Concepts",                                            "15861 Gothard St  Huntington Beach, CA 92647",             "(714) 891-4554",       null, null,     6260009001, null) ;
INSERT INTO StoreTbl VALUES ( 62600090010045,   "Pro Hair Designs",                                         "6056 Warner Ave  Huntington Beach, CA 92647",              "(714) 596-7688",       null, null,     6260009001, null) ;
INSERT INTO StoreTbl VALUES ( 62600090010046,   "Royal Threading & Hair Salon",                             "5940 Warner Ave  Huntington Beach, CA 92649",              "(562) 241-5257",       null, null,     6260009001, null) ;
INSERT INTO StoreTbl VALUES ( 62600090010047,   "Salt Hair Lounge",                                         "410 Main St  Huntington Beach, CA 92648",                  "(714) 465-9037",       null, null,     6260009001, null) ;
INSERT INTO StoreTbl VALUES ( 62600090010048,   "Esti Lauren",                                              "18531 Main St  Huntington Beach, CA 92648",                "(714) 317-8787",       null, null,     6260009001, null) ;
INSERT INTO StoreTbl VALUES ( 62600090010049,   "DNS Colon Therapy",                                        "18672 Florida St  Huntington Beach, CA 92648",             "(714) 843-2642",       null, null,     6260009001, null) ;
INSERT INTO StoreTbl VALUES ( 62600090010050,   "ColorBar Nails And Spa",                                   "6018 Warner Ave  Huntington Beach, CA 92647",              "(714) 848-1874",       null, null,     6260009001, null) ;  -- cosm
INSERT INTO StoreTbl VALUES ( 62600090010051,   "Hey Saylor & Style",                                       "18531 Main St  Huntington Beach, CA 92648",                "(714) 833-4925",       null, null,     6260009001, null) ;
INSERT INTO StoreTbl VALUES ( 62600090010052,   "Baca Beauty & Beyond",                                     "18821 Delaware St  Huntington Beach, CA 92648",            "(818) 334-9208",       null, null,     6260009001, null) ;
INSERT INTO StoreTbl VALUES ( 62600090010053,   "Kim White Permanent Make-up Artistry",                     "714 Adams Ave  Huntington Beach, CA 92648",                "(714) 928-7595",       null, null,     6260009001, null) ;
INSERT INTO StoreTbl VALUES ( 62600090010054,   "Trisara Nails & Spa",                                      "18687 Main St, Ste 101  Huntington Beach, CA 92648",       "(714) 847-1500",       null, null,     6260009001, null) ;  -- cosm
INSERT INTO StoreTbl VALUES ( 62600090010055,   "Q Tattoo",                                                 "8450 Edinger  Huntington Beach, CA 92647",                 "(714) 841-4670",       null, null,     6260009001, null) ;
INSERT INTO StoreTbl VALUES ( 62600090010056,   "Hair Safari",                                              "5931 Warner Ave  Huntington Beach, CA 92649",              "(714) 840-1877",       null, null,     6260009001, null) ;
INSERT INTO StoreTbl VALUES ( 62600090010057,   "Pasa Hotel & Spa",                                        "21080 Pacific Coast Hwy  Huntington Beach, CA 92648",      "(844) 207-8232",       null, null,     6260009001, null) ;  -- cosm
INSERT INTO StoreTbl VALUES ( 62600090010058,   "Lucys Lashes",                                            "21220 Beach Blvd  Huntington Beach, CA 92648",             "(714) 657-8222",       null, null,     6260009001, null) ;
INSERT INTO StoreTbl VALUES ( 62600090010059,   "Melanies Nails & Spa",                                    "18822 Beach Blvd  Huntington Beach, CA 92646",             "(714) 965-0288",       null, null,     6260009001, null) ;  -- cosm
INSERT INTO StoreTbl VALUES ( 62600090010060,   "Sea Spa",                                                  "18782 Main St  Huntington Beach, CA 92648",                "(714) 596-0803",       null, null,     6260009001, null) ;  -- cosm
INSERT INTO StoreTbl VALUES ( 62600090010061,   "Crowns Barbershop",                                        "6411 Edinger Ave  Huntington Beach, CA 92647",             "(714) 891-3630",       null, 0003,     6260009001, null) ;  -- barber
INSERT INTO StoreTbl VALUES ( 62600090010062,   "Pure Sugar",                                               "7862 Warner Ave  Huntington Beach, CA 92647",              "(714) 794-7245",       null, null,     6260009001, null) ;
INSERT INTO StoreTbl VALUES ( 62600090010063,   "Lux Lounge Nails & Spa",                                   "19736 Beach Blvd  Huntington Beach, CA 92648",             "(714) 593-3910",       null, null,     6260009001, null) ;  -- cosm
INSERT INTO StoreTbl VALUES ( 62600090010064,   "Crown & Comb",                                             "7862 Warner Ave  Huntington Beach, CA 92647",              "(714) 914-9804",       null, null,     6260009001, null) ;
INSERT INTO StoreTbl VALUES ( 62600090010065,   "Brianna G Skin Care and Lashes",                           "16785 Beach Blvd Ste A  Huntington Beach, CA 92674",       "(714) 296-8789",       null, null,     6260009001, null) ;  -- cosm
INSERT INTO StoreTbl VALUES ( 62600090010066,   "My Salon Bellissima",                                      "16562 Gothard St  Huntington Beach, CA 92647",             "(714) 375-2578",       null, null,     6260009001, null) ;
INSERT INTO StoreTbl VALUES ( 62600090010067,   "Luxury Medical Spa",                                       "17122 Beach Blvd  Huntington Beach, CA 92647",             "(657) 215-0205",       null, null,     6260009001, null) ;  -- cosm
INSERT INTO StoreTbl VALUES ( 62600090010068,   "The Colour Attic",                                         "4972 Warner Ave  Huntington Beach, CA 92649",              "(714) 625-4444",       null, null,     6260009001, null) ;
INSERT INTO StoreTbl VALUES ( 62600090010069,   "The Fragrance Shop Plus",                                  "18607 Beach Blvd  Huntington Beach, CA 92648",             "(714) 841-4740",       null, null,     6260009001, null) ;
INSERT INTO StoreTbl VALUES ( 62600090010070,   "New Image Spa",                                            "7066 Edinger Ave  Huntington Beach, CA 92647",             "(714) 847-5717",       null, null,     6260009001, null) ;  -- cosm
INSERT INTO StoreTbl VALUES ( 62600090010071,   "Skin Body and Beyond",                                     "4972 Warner Ave  Huntington Beach, CA 92649",              "(714) 625-4400",       null, null,     6260009001, null) ;  -- cosm
INSERT INTO StoreTbl VALUES ( 62600090010072,   "Hair International",                                       "18582 Beach Blvd  Huntington Beach, CA 92648",             "(714) 965-2697",       null, null,     6260009001, null) ;
INSERT INTO StoreTbl VALUES ( 62600090010073,   "Nail Rehab",                                               "5075 Warner Ave  Huntington Beach, CA 92649",              "(714) 846-6060",       null, null,     6260009001, null) ;  -- cosm
INSERT INTO StoreTbl VALUES ( 62600090010074,   "The Skin",                                                 "7561 Center Ave  Huntington Beach, CA 92647",              "(714) 876-7617",       null, null,     6260009001, null) ;  -- cosm
INSERT INTO StoreTbl VALUES ( 62600090010075,   "The Beauty Room",                                          "18531 Main St  Huntington Beach, CA 92648",                "(714) 296-8789",       null, null,     6260009001, null) ;
INSERT INTO StoreTbl VALUES ( 62600090010076,   "Thao & Hair",                                              "19738 Beach Blvd  Huntington Beach, CA 92648",             "(714) 348-1980",       null, null,     6260009001, null) ;
INSERT INTO StoreTbl VALUES ( 62600090010077,   "Harbour Aesthetic Spa",                                    "16845 Algonquin St  Huntington Beach, CA 92649",           "(714) 840-3690",       null, null,     6260009001, null) ;  -- cosm
INSERT INTO StoreTbl VALUES ( 62600090010078,   "Happy Nails and Spa",                                      "19051 Goldenwest St  Huntington Beach, CA 92648",          "(714) 536-3552",       null, null,     6260009001, null) ;  -- cosm
INSERT INTO StoreTbl VALUES ( 62600090010079,   "Pink Petals Mani Pedi",                                    "18900 Beach Blvd  Huntington Beach, CA 92648",             "(714) 707-0864",       null, null,     6260009001, null) ;
INSERT INTO StoreTbl VALUES ( 62600090010080,   "Meleesa the Salon",                                        "221 Main St  Huntington Beach, CA 92648",                  "(714) 969-7199",       null, null,     6260009001, null) ;
INSERT INTO StoreTbl VALUES ( 62600090010081,   "Huntington Beach Hair Lounge",                             "714 Adams Ave  Huntington Beach, CA 92648",                "(714) 465-9104",       null, null,     6260009001, null) ;
INSERT INTO StoreTbl VALUES ( 62600090010082,   "Cream Of The Coiffed",                                     "7862 Warner Ave  Huntington Beach, CA 92647",              "(714) 482-7233",       null, null,     6260009001, null) ;
INSERT INTO StoreTbl VALUES ( 62600090010083,   "Mane Moves & Body Works",                                  "7171 Warner Ave  Huntington Beach, CA 92647",              "(714) 842-4221",       null, null,     6260009001, null) ;
INSERT INTO StoreTbl VALUES ( 62600090010084,   "Salontage",                                                "20052 Brookhurst St  Huntington Beach, CA 92646",          "(714) 673-3700",       null, null,     6260009001, null) ;
INSERT INTO StoreTbl VALUES ( 62600090010085,   "Hilton Salon",                                             "16672 Beach Blvd  Huntington Beach, CA 92647",             "(657) 845-4928",       null, null,     6260009001, null) ;
INSERT INTO StoreTbl VALUES ( 62600090010086,   "Players Club Tattoo Parlor",                               "18822 Beach Blvd  Huntington Beach, CA 92646",             "(714) 968-0658",       null, null,     6260009001, null) ;
INSERT INTO StoreTbl VALUES ( 62600090010087,   "Salon LaLa",                                               "6502 Bolsa Ave  Huntington Beach, CA 92647",               "(714) 892-6333",       null, null,     6260009001, null) ;
INSERT INTO StoreTbl VALUES ( 62600090010088,   "DemiLash",                                                 "8907 Warner Ave  Huntington Beach, CA 92647",              "(714) 580-5085",       null, null,     6260009001, null) ;
INSERT INTO StoreTbl VALUES ( 62600090010089,   "18|8 Fine Mens Salons - Huntington Beach",                "7631 Edinger Ave  Huntington Beach, CA 92647",             "(714) 373-1888",       null, null,     6260009001, null) ;
INSERT INTO StoreTbl VALUES ( 62600090010090,   "The Waxing Room",                                          "7862 Warner Ave  Huntington Beach, CA 92647",              "(714) 944-0983",       null, null,     6260009001, null) ;
INSERT INTO StoreTbl VALUES ( 62600090010091,   "The Beauty Spot",                                          "7862 Warner Ave  Huntington Beach, CA 92647",              "(714) 330-5696",       null, null,     6260009001, null) ;
INSERT INTO StoreTbl VALUES ( 62600090010092,   "Vy Vys Hair & Nails",                                     "204 Adams Ave  Huntington Beach, CA 92648",                "(714) 960-5666",       null, null,     6260009001, null) ;  -- cosm
INSERT INTO StoreTbl VALUES ( 62600090010093,   "Main Street Hair Company",                                 "200 Main St  Huntington Beach, CA 92648",                  "(714) 960-0064",       null, null,     6260009001, null) ;
INSERT INTO StoreTbl VALUES ( 62600090010094,   "Sauna Sensation",                                          "7777 Edinger Ave  Huntington Beach, CA 92647",             "(657) 845-1790",       null, null,     6260009001, null) ;
INSERT INTO StoreTbl VALUES ( 62600090010095,   "Medusa Full Service Salon",                                "22311 Brookhurst St  Huntington Beach, CA 92646",          "(714) 968-2424",       null, null,     6260009001, null) ;
INSERT INTO StoreTbl VALUES ( 62600090010096,   "Original Cuts",                                            "6955 Warner Ave  Huntington Beach, CA 92647",              "(714) 887-7246",       null, null,     6260009001, null) ;
INSERT INTO StoreTbl VALUES ( 62600090010097,   "Golden Creations",                                         "17610 Beach Blvd  Huntington Beach, CA 92647",             "(949) 531-2351",       null, null,     6260009001, null) ;
INSERT INTO StoreTbl VALUES ( 62600090010098,   "Le Joli Salon",                                            "17552 Beach Blvd  Huntington Beach, CA 92647",             "(714) 848-5135",       null, null,     6260009001, null) ;
INSERT INTO StoreTbl VALUES ( 62600090010099,   "Nichole B Salon",                                          "7862 Warner Ave  Huntington Beach, CA 92647",              "(714) 766-9252",       null, null,     6260009001, null) ;
INSERT INTO StoreTbl VALUES ( 62600090010100,   "Float Therapy Spa",                                        "16942 Gothard St  Huntington Beach, CA 92647",             "(714) 717-3563",       null, null,     6260009001, null) ;  -- cosm
INSERT INTO StoreTbl VALUES ( 62600090010101,   "The OC Spa & Wellness Center",                             "4972 Warner Ave  Huntington Beach, CA 92649",              "(714) 625-4400",       null, null,     6260009001, null) ;  -- cosm
INSERT INTO StoreTbl VALUES ( 62600090010102,   "HB Tanning",                                               "19883 Brookhurst St  Huntington Beach, CA 92646",          "(714) 887-0100",       null, null,     6260009001, null) ;
INSERT INTO StoreTbl VALUES ( 62600090010103,   "Marisas Beauty Bar",                                      "19171 Magnolia St  Huntington Beach, CA 92646",            "(949) 524-0074",       null, null,     6260009001, null) ;
INSERT INTO StoreTbl VALUES ( 62600090010104,   "Transitions Tattoo",                                       "17300 Beach Blvd  Huntington Beach, CA 92647",             "(657) 845-9169",       null, null,     6260009001, null) ;
INSERT INTO StoreTbl VALUES ( 62600090010105,   "Onis Organic Facials",                                    "7862 Warner Ave  Huntington Beach, CA 92647",              "(714) 353-6193",       null, null,     6260009001, null) ;
INSERT INTO StoreTbl VALUES ( 62600090010106,   "One Stop Beauty Supply & Hair Salon",                      "19738 Beach Blvd  Huntington Beach, CA 92648",             "(714) 968-0559",       null, null,     6260009001, null) ;
INSERT INTO StoreTbl VALUES ( 62600090010107,   "Sugar Nail Lounge",                                        "15901 Goldenwest St  Huntington Beach, CA 92647",          "(714) 894-5740",       null, null,     6260009001, null) ;  -- cosm
INSERT INTO StoreTbl VALUES ( 62600090010108,   "Sephora - Huntington Beach",                               "21040 Pacific Coast Hwy  Huntington Beach, CA 92648",      "(714) 536-1415",       null, null,     6260009001, null) ;
INSERT INTO StoreTbl VALUES ( 62600090010109,   "Salon Thairapy",                                           "8837 Adams Ave  Huntington Beach, CA 92646",               "(714) 963-7666",       null, null,     6260009001, null) ;
INSERT INTO StoreTbl VALUES ( 62600090010110,   "Almery and Company",                                       "5200 Warner Ave  Huntington Beach, CA 92649",              "(714) 840-1702",       null, null,     6260009001, null) ;
INSERT INTO StoreTbl VALUES ( 62600090010111,   "In the Game Barber Shop",                                  "6916 Warner Ave  Huntington Beach, CA 92647",              "(714) 848-0088",       null, 0003,     6260009001, null) ;  -- barber
INSERT INTO StoreTbl VALUES ( 62600090010112,   "Serenity Thai Therapy",                                    "19142 Beach Blvd  Huntington Beach, CA 92648",             "(714) 274-9508",       null, null,     6260009001, null) ;
INSERT INTO StoreTbl VALUES ( 62600090010113,   "Skin Loft Day Spa",                                        "18351 Beach Blvd  Huntington Beach, CA 92648",             "(949) 610-3721",       null, null,     6260009001, null) ;  -- cosm    -- cosm
INSERT INTO StoreTbl VALUES ( 62600090010114,   "The Mane Event Hair Design",                               "6852 Edinger Ave  Huntington Beach, CA 92647",             "(714) 848-0203",       null, null,     6260009001, null) ;
INSERT INTO StoreTbl VALUES ( 62600090010115,   "4Me Salon & Skincare",                                     "6492 Edinger Ave  Huntington Beach, CA 92647",             "(714) 625-4247",       null, null,     6260009001, null) ;  -- cosm
INSERT INTO StoreTbl VALUES ( 62600090010116,   "Beauty By Tifini Skin + Brow Bar",                         "16111 Bolsa Chica St  Huntington Beach, CA 92649",         "(657) 221-5938",       null, null,     6260009001, null) ;  -- cosm
INSERT INTO StoreTbl VALUES ( 62600090010117,   "Hair Philosophy 21",                                       "7862 Warner Ave  Huntington Beach, CA 92647",              "(949) 466-9345",       null, null,     6260009001, null) ;
INSERT INTO StoreTbl VALUES ( 62600090010118,   "Soroor Beauty Bar",                                        "20052 Brookhurst St  Huntington Beach, CA 92646",          "(714) 213-5572",       null, null,     6260009001, null) ;
INSERT INTO StoreTbl VALUES ( 62600090010119,   "Charmed Skin",                                             "7862 Warner Ave  Huntington Beach, CA 92647",              "(714) 318-2643",       null, null,     6260009001, null) ;  -- cosm
INSERT INTO StoreTbl VALUES ( 62600090010120,   "Model Nails",                                              "15881 Gothard St  Huntington Beach, CA 92647",             "(714) 899-6916",       null, null,     6260009001, null) ;  -- cosm
INSERT INTO StoreTbl VALUES ( 62600090010121,   "Hair By Elyse",                                            "16416 Beach Blvd  Huntington Beach, CA 92647",             "(714) 830-8009",       null, null,     6260009001, null) ;
INSERT INTO StoreTbl VALUES ( 62600090010122,   "Body & Sole",                                              "19142 Beach Blvd  Huntington Beach, CA 92648",             "(714) 968-9680",       null, null,     6260009001, null) ;
INSERT INTO StoreTbl VALUES ( 62600090010123,   "Tawnis Nails",                                            "6482 Edinger Ave  Huntington Beach, CA 92647",             "(714) 840-1204",       null, null,     6260009001, null) ;  -- cosm
INSERT INTO StoreTbl VALUES ( 62600090010124,   "GT Nails & Spa",                                           "18582 Beach Blvd  Huntington Beach, CA 92648",             "(714) 964-0999",       null, null,     6260009001, null) ;  -- cosm
INSERT INTO StoreTbl VALUES ( 62600090010125,   "Primal Elements",                                          "18062 Redondo Cir  Huntington Beach, CA 92648",            "(714) 899-0757",       null, null,     6260009001, null) ;
INSERT INTO StoreTbl VALUES ( 62600090010126,   "Permanent Makeup By Yen",                                  "8921 Adams Ave  Huntington Beach, CA 92646",               "(714) 707-1337",       null, null,     6260009001, null) ;
INSERT INTO StoreTbl VALUES ( 62600090010127,   "Es Skin Studio",                                           "7862 Warner Ave  Huntington Beach, CA 92647",              "(714) 308-0990",       null, null,     6260009001, null) ;  -- cosm
INSERT INTO StoreTbl VALUES ( 62600090010128,   "OC Nail Diva",                                             "8907 Warner Ave  Huntington Beach, CA 92647",              "(702) 480-7096",       null, null,     6260009001, null) ;  -- cosm
INSERT INTO StoreTbl VALUES ( 62600090010129,   "Studio Logic",                                             "16416 Beach Blvd  Huntington Beach, CA 92647",             "(714) 336-0590",       null, null,     6260009001, null) ;
INSERT INTO StoreTbl VALUES ( 62600090010130,   "Orange County Barbers Parlor",                             "417 Main St  Huntington Beach, CA 92648",                  "(714) 206-0853",       null, 0003,     6260009001, null) ;  -- barber
INSERT INTO StoreTbl VALUES ( 62600090010131,   "Home & Body Co",                                           "18352 Enterprise Ln  Huntington Beach, CA 92648",          "(714) 842-8000",       null, null,     6260009001, null) ;
INSERT INTO StoreTbl VALUES ( 62600090010132,   "Blade and Brow",                                           "714 Adams Ave  Huntington Beach, CA 92648",                "(714) 679-9949",       null, null,     6260009001, null) ;
INSERT INTO StoreTbl VALUES ( 62600090010133,   "Regal Nails",                                              "8230 Talbert Ave  Huntington Beach, CA 92646",             "(714) 841-7676",       null, null,     6260009001, null) ;  -- cosm
INSERT INTO StoreTbl VALUES ( 62600090010134,   "Happiness Nails and Spa",                                  "16672 Beach Blvd  Huntington Beach, CA 92647",             "(714) 848-0488",       null, null,     6260009001, null) ;  -- cosm
INSERT INTO StoreTbl VALUES ( 62600090010135,   "York Town Barber",                                         "19482 Beach Blvd  Huntington Beach, CA 92648",             "(714) 849-1143",       null, 0003,     6260009001, null) ;  -- barber
INSERT INTO StoreTbl VALUES ( 62600090010136,   "Luxor Medical Spa",                                        "8101 Newman Ave  Huntington Beach, CA 92647",              "(714) 847-1001",       null, null,     6260009001, null) ;  -- cosm
INSERT INTO StoreTbl VALUES ( 62600090010137,   "Massage Serene Spa",                                       "16561 Bolsa Chica Street  Huntington Beach, CA 92649",     "(714) 477-0525",       null, null,     6260009001, null) ;  -- cosm
INSERT INTO StoreTbl VALUES ( 62600090010138,   "Beauty Supply Zone & Salon",                               "16377 Bolsa Chica St  Huntington Beach, CA 92649",         "(714) 840-0159",       null, null,     6260009001, null) ;
INSERT INTO StoreTbl VALUES ( 62600090010139,   "Wendy",                                                    "18585 Beach Blvd  Huntington Beach, CA 92648",             "(714) 847-0916",       null, null,     6260009001, null) ;
INSERT INTO StoreTbl VALUES ( 62600090010140,   "Hair Dezign by Darleen",                                   "611 6th St  Huntington Beach, CA 92648",                   "(707) 291-7508",       null, null,     6260009001, null) ;
INSERT INTO StoreTbl VALUES ( 62600090010141,   "Colour Me Quinn",                                          "Huntington Beach, CA 92647",                               "(714) 717-9355",       null, null,     6260009001, null) ;
INSERT INTO StoreTbl VALUES ( 62600090010142,   "Glamours Hair & Nails Salon",                             "18049 Beach Blvd  Huntington Beach, CA 92648",             "(714) 843-6109",       null, null,     6260009001, null) ;  -- cosm
INSERT INTO StoreTbl VALUES ( 62600090010143,   "Wrinkle Free Me",                                          "17612 Beach Blvd  Huntington Beach, CA 92647",             "(714) 559-5436",       null, null,     6260009001, null) ;
INSERT INTO StoreTbl VALUES ( 62600090010144,   "Honey Threading",                                          "6488 Edinger Ave  Huntington Beach, CA 92647",             "(714) 840-0002",       null, null,     6260009001, null) ;
INSERT INTO StoreTbl VALUES ( 62600090010145,   "Happy Nails of Bella Terra",                               "7777 Edinger Ave  Huntington Beach, CA 92647",             "(714) 373-9650",       null, null,     6260009001, null) ;  -- cosm
INSERT INTO StoreTbl VALUES ( 62600090010146,   "LUSH",                                                     "20134 Pacific Coast Hwy  Huntington Beach, CA 92648",      "(714) 848-0007",       null, null,     6260009001, null) ;
INSERT INTO StoreTbl VALUES ( 62600090010147,   "MKB AESTHETICS MOBILE Skin Care",                          "Huntington Beach, CA 92647",                               "(562) 433-8852",       null, null,     6260009001, null) ;  -- cosm
INSERT INTO StoreTbl VALUES ( 62600090010148,   "Bath & Body Works",                                        "18579 Main St  Huntington Beach, CA 92648",                "(714) 842-2286",       null, null,     6260009001, null) ;
INSERT INTO StoreTbl VALUES ( 62600090010149,   "Kyoko Salon",                                              "15922 Springdale St  Huntington Beach, CA 92649",          "(714) 895-5380",       null, null,     6260009001, null) ;
INSERT INTO StoreTbl VALUES ( 62600090010150,   "Massage Envy - Huntington Beach West",                     "19431 Main St  Huntington Beach, CA 92648",                "(714) 374-5588",       null, null,     6260009001, null) ;
INSERT INTO StoreTbl VALUES ( 62600090010151,   "Nail Spa",                                                 "19092 Beach Blvd  Huntington Beach, CA 92648",             "(714) 965-4922",       null, null,     6260009001, null) ;  -- cosm
INSERT INTO StoreTbl VALUES ( 62600090010152,   "Fancy Nails",                                              "7071 Warner Ave  Huntington Beach, CA 92647",              "(714) 841-5905",       null, null,     6260009001, null) ;  -- cosm
INSERT INTO StoreTbl VALUES ( 62600090010153,   "Studio 37 Salon",                                          "207 5th St  Huntington Beach, CA 92648",                   "(714) 916-0377",       null, null,     6260009001, null) ;
INSERT INTO StoreTbl VALUES ( 62600090010154,   "Harmony HB",                                               "16907 Algonquin St  Huntington Beach, CA 92649",           "(714) 840-2446",       null, null,     6260009001, null) ;
INSERT INTO StoreTbl VALUES ( 62600090010155,   "Sunshine Spa",                                             "7923 Warner Ave  Huntington Beach, CA 92647",              "(714) 847-2464",       null, null,     6260009001, null) ;  -- cosm
INSERT INTO StoreTbl VALUES ( 62600090010156,   "David Hoffer, SMP",                                        "315 3rd St  Huntington Beach, CA 92648",                   "(714) 800-9002",       null, null,     6260009001, null) ;
INSERT INTO StoreTbl VALUES ( 62600090010157,   "Huntington Harbour Dermatology",                           "4911 Warner Ave  Huntington Beach, CA 92649",              "(714) 861-9240",       null, null,     6260009001, null) ;
INSERT INTO StoreTbl VALUES ( 62600090010158,   "Jerry Roberts Salon",                                      "4911 Warner Ave  Huntington Beach, CA 92649",              "(714) 840-2426",       null, null,     6260009001, null) ;
INSERT INTO StoreTbl VALUES ( 62600090010159,   "Leila Gosz Nails",                                         "5200 Warner Ave  Huntington Beach, CA 92649",              "(714) 328-0624",       null, null,     6260009001, null) ;  -- cosm
INSERT INTO StoreTbl VALUES ( 62600090010160,   "Legacy Barber Shoppe",                                     "19929 Beach Blvd  Huntington Beach, CA 92648",             "(714) 960-2887",       null, 0003,     6260009001, null) ;  -- barber
INSERT INTO StoreTbl VALUES ( 62600090010161,   "Joannas House of Beauty",                                 "15052 Springdale St  Huntington Beach, CA 92649",          "(714) 642-3425",       null, null,     6260009001, null) ;
INSERT INTO StoreTbl VALUES ( 62600090010162,   "Nail Land",                                                "9104 Adams Ave  Huntington Beach, CA 92646",               "(714) 962-0953",       null, null,     6260009001, null) ;  -- cosm
INSERT INTO StoreTbl VALUES ( 62600090010163,   "Salon Canvass",                                            "16572 Bolsa Chica  Huntington Beach, CA 92649",            "(714) 840-4000",       null, null,     6260009001, null) ;
INSERT INTO StoreTbl VALUES ( 62600090010164,   "Hair by Jenna Tillett",                                    "611 6th St  Huntington Beach, CA 92648",                   "(760) 900-4780",       null, null,     6260009001, null) ;
INSERT INTO StoreTbl VALUES ( 62600090010165,   "Huntington Beach Rolfing",                                 "Huntington Beach, CA 92648",                               "(714) 393-4398",       null, null,     6260009001, null) ;
INSERT INTO StoreTbl VALUES ( 62600090010166,   "Precious Nails & Spa",                                     "15081 Edwards St  Huntington Beach, CA 92647",             "(714) 901-8116",       null, null,     6260009001, null) ;  -- cosm
INSERT INTO StoreTbl VALUES ( 62600090010167,   "I Threading",                                              "7011 Warner Ave  Huntington Beach, CA 92647",              "(714) 842-1538",       null, null,     6260009001, null) ;
INSERT INTO StoreTbl VALUES ( 62600090010168,   "Sport Clips",                                              "6834 Edinger Ave  Huntington Beach, CA 92647",             "(714) 842-1725",       null, null,     6260009001, null) ;
INSERT INTO StoreTbl VALUES ( 62600090010169,   "Nails Expo 2000",                                          "19455 Brookhurst St  Huntington Beach, CA 92646",          "(714) 968-6307",       null, null,     6260009001, null) ;  -- cosm
INSERT INTO StoreTbl VALUES ( 62600090010170,   "Hair by Nancy Pham",                                       "16416 Beach Blvd  Huntington Beach, CA 92647",             "(714) 624-2197",       null, null,     6260009001, null) ;
INSERT INTO StoreTbl VALUES ( 62600090010171,   "Therapeutic Massage by Amber Meeks",                       "Huntington Beach, CA 92646",                               "(714) 465-0154",       null, null,     6260009001, null) ;
INSERT INTO StoreTbl VALUES ( 62600090010172,   "Annies Nails",                                            "501 Main St  Huntington Beach, CA 92648",                  "(714) 969-4188",       null, null,     6260009001, null) ;  -- cosm
INSERT INTO StoreTbl VALUES ( 62600090010173,   "La Jolie Nails & Spa",                                     "9842 Adams Ave  Huntington Beach, CA 92646",               "(714) 968-8888",       null, null,     6260009001, null) ;  -- cosm
INSERT INTO StoreTbl VALUES ( 62600090010174,   "Great Glory Massage",                                      "16899 Beach Blvd  Huntington Beach, CA 92647",             "(714) 842-6899",       null, null,     6260009001, null) ;
INSERT INTO StoreTbl VALUES ( 62600090010175,   "LaserAway",                                                "7777 Edinger Ave  Huntington Beach, CA 92647",             "(657) 845-9161",       null, null,     6260009001, null) ;
INSERT INTO StoreTbl VALUES ( 62600090010176,   "CalCopa Massage School",                                   "18582 Beach Blvd  Huntington Beach, CA 92648",             "(714) 964-7744",       null, null,     6260009001, null) ;
INSERT INTO StoreTbl VALUES ( 62600090010177,   "Passion Hair Facial Nail Spa",                             "21170 Beach Blvd  Huntington Beach, CA 92648",             "(714) 962-2567",       null, null,     6260009001, null) ;  -- cosm
INSERT INTO StoreTbl VALUES ( 62600090010178,   "Surf City Barbers",                                        "9944 Hamilton Ave  Huntington Beach, CA 92646",            "(714) 968-6313",       null, 0003,     6260009001, null) ;  -- barber
INSERT INTO StoreTbl VALUES ( 62600090010179,   "Jessica Makeup Artist",                                    "5050 Heil Ave  Huntington Beach, CA 92649",                "(714) 642-8462",       null, null,     6260009001, null) ;
INSERT INTO StoreTbl VALUES ( 62600090010180,   "Hair Vault",                                               "17122 Beach Blvd  Huntington Beach, CA 92647",             "(714) 501-4247",       null, null,     6260009001, null) ;
INSERT INTO StoreTbl VALUES ( 62600090010181,   "Salon Domane",                                             "19887 Brookhurst St  Huntington Beach, CA 92646",          "(714) 965-0023",       null, null,     6260009001, null) ;
INSERT INTO StoreTbl VALUES ( 62600090010182,   "Edwards Hair Salon",                                       "5942 Edinger Ave  Huntington Beach, CA 92649",             "(714) 840-8997",       null, null,     6260009001, null) ;
INSERT INTO StoreTbl VALUES ( 62600090010183,   "Hair By Jax",                                              "10090 Adams Avenue  Huntington Beach, CA 92646",           "(562) 773-5116",       null, null,     6260009001, null) ;
INSERT INTO StoreTbl VALUES ( 62600090010184,   "Ashley at Studio Renee",                                   "4972 Warner Ave  Huntington Beach, CA 92649",              "(714) 840-8400",       null, null,     6260009001, null) ;
INSERT INTO StoreTbl VALUES ( 62600090010185,   "Cathys Nails",                                            "4911 Warner Ave  Huntington Beach, CA 92649",              "(714) 377-8981",       null, null,     6260009001, null) ;  -- cosm
INSERT INTO StoreTbl VALUES ( 62600090010186,   "Main St Day Spa",                                          "301 Main St  Huntington Beach, CA 92648",                  "(714) 969-9968",       null, null,     6260009001, null) ;  -- cosm
INSERT INTO StoreTbl VALUES ( 62600090010187,   "Angelos Beauty Supply & Salon",                           "21204 Beach Blvd  Huntington Beach, CA 92648",             "(714) 960-0440",       null, null,     6260009001, null) ;
INSERT INTO StoreTbl VALUES ( 62600090010188,   "Allure Nail Spa",                                          "16478 Bolsa Chica St  Huntington Beach, CA 92649",         "(714) 846-7759",       null, null,     6260009001, null) ;  -- cosm
INSERT INTO StoreTbl VALUES ( 62600090010189,   "Laura DuPriest Hair Makeup & Image",                       "7862 Warner Ave  Huntington Beach, CA 92647",              "(916) 716-7901",       null, null,     6260009001, null) ;
INSERT INTO StoreTbl VALUES ( 62600090010190,   "Hair By Susie",                                            "10090 Adams Ave  Huntington Beach, CA 92646",              "(714) 742-8731",       null, null,     6260009001, null) ;
INSERT INTO StoreTbl VALUES ( 62600090010191,   "Relax Massage",                                            "6833 Warner Ave  Huntington Beach, CA 92647",              "(714) 848-9500",       null, null,     6260009001, null) ;
INSERT INTO StoreTbl VALUES ( 62600090010192,   "Lasting Beauty",                                           "19039 Bushard St  Huntington Beach, CA 92646",             "(949) 506-9498",       null, null,     6260009001, null) ;
INSERT INTO StoreTbl VALUES ( 62600090010193,   "Jessica Nalani McDaniel/Hairstylist at J & J",             "7862 Warner Ave  Huntington Beach, CA 92647",              "(714) 323-7579",       null, null,     6260009001, null) ;
INSERT INTO StoreTbl VALUES ( 62600090010194,   "Krystian Estilista",                                       "19887 Brookhurst St  Huntington Beach, CA 92646",          "(619) 250-9687",       null, null,     6260009001, null) ;
INSERT INTO StoreTbl VALUES ( 62600090010195,   "Mocha Tan",                                                "6831 Warner Ave  Huntington Beach, CA 92647",              "(714) 842-1202",       null, null,     6260009001, null) ;
INSERT INTO StoreTbl VALUES ( 62600090010196,   "Laurel Prow Aesthetics",                                   "20052 Brookhurst St  Huntington Beach, CA 92646",          "(714) 914-4474",       null, null,     6260009001, null) ;
INSERT INTO StoreTbl VALUES ( 62600090010197,   "Medical Aesthetics and Antiaging Medicine",                "18700 Main St  Huntington Beach, CA 92648",                "(714) 369-6073",       null, null,     6260009001, null) ;
INSERT INTO StoreTbl VALUES ( 62600090010198,   "Floyds 99 Barbershop",                                    "18502 Beach Blvd  Huntington Beach, CA 92648",             "(714) 408-7357",       null, 0003,     6260009001, null) ;  -- barber
INSERT INTO StoreTbl VALUES ( 62600090010199,   "Nail Time",                                                "9035 Atlanta Ave  Huntington Beach, CA 92646",             "(714) 968-7887",       null, null,     6260009001, null) ;  -- cosm
INSERT INTO StoreTbl VALUES ( 62600090010200,   "Europa Nail Studio",                                       "508A Main St  Huntington Beach, CA 92648",                 "(714) 960-1186",       null, null,     6260009001, null) ;  -- cosm
INSERT INTO StoreTbl VALUES ( 62600090010201,   "Beau Salon",                                               "15031 Edwards St  Huntington Beach, CA 92647",             "(714) 622-5354",       null, null,     6260009001, null) ;
INSERT INTO StoreTbl VALUES ( 62600090010202,   "Bella Blush Hair and Makeup Design",                       "Huntington Beach, CA 92646",                               "(714) 881-9068",       null, null,     6260009001, null) ;
INSERT INTO StoreTbl VALUES ( 62600090010203,   "Lei Monique Lashes",                                      "Edinger Ave  Huntington Beach, CA 92647",                  "(310) 210-9552",       null, null,     6260009001, null) ;
INSERT INTO StoreTbl VALUES ( 62600090010204,   "Bella Hair Salon",                                         "7451 Warner Ave  Huntington Beach, CA 92647",              "(714) 910-9160",       null, null,     6260009001, null) ;
INSERT INTO StoreTbl VALUES ( 62600090010205,   "Hudson Wellness Center",                                   "9025 Atlanta Ave  Huntington Beach, CA 92646",             "(714) 963-3232",       null, null,     6260009001, null) ;
INSERT INTO StoreTbl VALUES ( 62600090010206,   "South Coast Athletic Club",                                "15132 Bolsa Chica St  Huntington Beach, CA 92649",         "(714) 898-9631",       null, null,     6260009001, null) ;
INSERT INTO StoreTbl VALUES ( 62600090010207,   "Salon Amore",                                              "19035 Bushard St  Huntington Beach, CA 92646",             "(714) 383-1622",       null, null,     6260009001, null) ;
INSERT INTO StoreTbl VALUES ( 62600090010208,   "Hiline Nail & Spa",                                        "16561 Bolsa Chica St  Huntington Beach, CA 92649",         "(714) 377-7999",       null, null,     6260009001, null) ;  -- cosm
INSERT INTO StoreTbl VALUES ( 62600090010209,   "Lashes on Boardway",                                       "7862 Warner Ave  Huntington Beach, CA 92647",              "(949) 229-2797",       null, null,     6260009001, null) ;
INSERT INTO StoreTbl VALUES ( 62600090010210,   "Js Salon",                                                "16612 Beach Blvd  Huntington Beach, CA 92647",             "(714) 654-1390",       null, null,     6260009001, null) ;
INSERT INTO StoreTbl VALUES ( 62600090010211,   "Equinox Huntington Beach",                                 "21010 Pacific Coast Hwy  Huntington Beach, CA 92648",      "(657) 215-4710",       null, null,     6260009001, null) ;
INSERT INTO StoreTbl VALUES ( 62600090010212,   "MR Wellness Massage",                                      "18582 Beach Blvd  Huntington Beach, CA 92648",             "(714) 823-9031",       null, null,     6260009001, null) ;
INSERT INTO StoreTbl VALUES ( 62600090010213,   "Gerard Skin & Spa Studio",                                 "16841 Algonquin  Huntington Beach, CA 92649",              "(714) 840-5352",       null, null,     6260009001, null) ;  -- cosm    -- cosm
INSERT INTO StoreTbl VALUES ( 62600090010214,   "Hair by Stacia",                                           "10090 Adams Ave  Huntington Beach, CA 92646",              "(714) 875-5608",       null, null,     6260009001, null) ;
INSERT INTO StoreTbl VALUES ( 62600090010215,   "Oasis Hair Salon",                                         "15063 Goldenwest St  Huntington Beach, CA 92647",          "(714) 248-9295",       null, null,     6260009001, null) ;
INSERT INTO StoreTbl VALUES ( 62600090010216,   "Hair Design by Long",                                      "10090 Adams Ave  Huntington Beach, CA 92646",              "(714) 902-8335",       null, null,     6260009001, null) ;
INSERT INTO StoreTbl VALUES ( 62600090010217,   "My Tattoo",                                                "17845 Beach Blvd  Huntington Beach, CA 92647",             "(714) 847-8484",       null, null,     6260009001, null) ;
INSERT INTO StoreTbl VALUES ( 62600090010218,   "Hair By Sue",                                              "17316 Beach Blvd  Huntington Beach, CA 92647",             "(714) 235-0922",       null, null,     6260009001, null) ;
INSERT INTO StoreTbl VALUES ( 62600090010219,   "Massage and Bodycare by Laura",                            "5911 Heil Ave  Huntington Beach, CA 92649",                "(714) 614-4024",       null, null,     6260009001, null) ;
INSERT INTO StoreTbl VALUES ( 62600090010220,   "Brushed Studios",                                          "328 11th St  Huntington Beach, CA 92648",                  "(714) 587-4086",       null, null,     6260009001, null) ;
INSERT INTO StoreTbl VALUES ( 62600090010221,   "Creative Lash Studio & The Skin Suite",                    "Huntington Beach, CA 92646",                               "(714) 929-6658",       null, null,     6260009001, null) ;  -- cosm
INSERT INTO StoreTbl VALUES ( 62600090010222,   "Hair By Eman",                                             "6852 Edinger Ave  Huntington Beach, CA 92647",             "(714) 330-1910",       null, null,     6260009001, null) ;
INSERT INTO StoreTbl VALUES ( 62600090010223,   "HB Tattoo",                                                "20387 Beach Blvd  Huntington Beach, CA 92648",             "(714) 374-4948",       null, null,     6260009001, null) ;
INSERT INTO StoreTbl VALUES ( 62600090010224,   "California Hair & Nail Salon",                             "6843 Warner Ave  Huntington Beach, CA 92647",              "(714) 841-2200",       null, null,     6260009001, null) ;  -- cosm
INSERT INTO StoreTbl VALUES ( 62600090010225,   "Surf & Sport Massage Therapy",                             "20422 Beach Blvd  Huntington Beach, CA 92648",             "(714) 584-9370",       null, null,     6260009001, null) ;
INSERT INTO StoreTbl VALUES ( 62600090010226,   "A-One Nails & Spa",                                        "6975 Warner Ave  Huntington Beach, CA 92647",              "(714) 843-9333",       null, null,     6260009001, null) ;  -- cosm
INSERT INTO StoreTbl VALUES ( 62600090010227,   "Poetic Beauty",                                            "19900 Beach Blvd  Huntington Beach, CA 92648",             "(714) 593-9500",       null, null,     6260009001, null) ;
INSERT INTO StoreTbl VALUES ( 62600090010228,   "Aarna Spa at Pasea",                                       "21080 Pacific Coast Hwy  Huntington Beach, CA 92648",      "(714) 316-0890",       null, null,     6260009001, null) ;  -- cosm
INSERT INTO StoreTbl VALUES ( 62600090010229,   "Cool Cuts 4 Kids",                                         "19365 Main St Ste 106  Huntington Beach, CA 92648",        "(714) 374-1023",       null, null,     6260009001, null) ;
INSERT INTO StoreTbl VALUES ( 62600090010230,   "Arlene Beauty Center of Huntington Beach",                 "7151 Yorktown Ave  Huntington Beach, CA 92648",            "(714) 536-1661",       null, null,     6260009001, null) ;
INSERT INTO StoreTbl VALUES ( 62600090010231,   "Redefine Skin & Brow Clinic",                              "17122 Beach Blvd  Huntington Beach, CA 92647",             "(657) 464-5690",       null, null,     6260009001, null) ;  -- cosm
INSERT INTO StoreTbl VALUES ( 62600090010232,   "Linda Skin Care and Spa",                                  "15081 Goldenwest St  Huntington Beach, CA 92647",          "(714) 895-8449",       null, null,     6260009001, null) ;  -- cosm    -- cosm
INSERT INTO StoreTbl VALUES ( 62600090010233,   "Lashes on Broadway Studio 14",                             "7862 Warner Ave  Huntington Beach, CA 92647",              "(949) 229-2797",       null, null,     6260009001, null) ;
INSERT INTO StoreTbl VALUES ( 62600090010234,   "Cue Salon and Skincare",                                   "7821 Edinger Ave  Huntington Beach, CA 92647",             "(714) 901-4830",       null, null,     6260009001, null) ;  -- cosm
INSERT INTO StoreTbl VALUES ( 62600090010235,   "Venus Nails & Spa",                                        "19040 Brookhurst St  Huntington Beach, CA 92646",          "(714) 465-9738",       null, null,     6260009001, null) ;  -- cosm
INSERT INTO StoreTbl VALUES ( 62600090010236,   "Coolcuts",                                                 "19142 Beach Blvd  Huntington Beach, CA 92648",             "(714) 963-9997",       null, null,     6260009001, null) ;
INSERT INTO StoreTbl VALUES ( 62600090010237,   "Pro Beauty Center",                                        "5828 Edinger Ave  Huntington Beach, CA 92649",             "(714) 846-5116",       null, null,     6260009001, null) ;
INSERT INTO StoreTbl VALUES ( 62600090010238,   "Lovely Nails & Spa",                                       "6015 Warner Ave  Huntington Beach, CA 92647",              "(714) 847-0234",       null, null,     6260009001, null) ;  -- cosm
INSERT INTO StoreTbl VALUES ( 62600090010239,   "Today Nail Spa",                                           "16385 Bolsa Chica St  Huntington Beach, CA 92649",         "(714) 840-2440",       null, null,     6260009001, null) ;  -- cosm
INSERT INTO StoreTbl VALUES ( 62600090010240,   "Makin Waves",                                              "320 Main St  Huntington Beach, CA 92648",                  "(714) 374-1806",       null, null,     6260009001, null) ;
INSERT INTO StoreTbl VALUES ( 62600090010241,   "Harbour Health Center",                                    "16831 Algonquin St  Huntington Beach, CA 92649",           "(714) 846-8120",       null, null,     6260009001, null) ;
INSERT INTO StoreTbl VALUES ( 62600090010242,   "PAUL PINA",                                                "5075 Warner Ave  Huntington Beach, CA 92649",              "(562) 594-5954",       null, null,     6260009001, null) ;
INSERT INTO StoreTbl VALUES ( 62600090010243,   "Elegant Beauty Salon",                                     "9027 Adams Ave  Huntington Beach, CA 92646",               "(714) 968-8080",       null, null,     6260009001, null) ;
INSERT INTO StoreTbl VALUES ( 62600090010244,   "Shear Wonder",                                             "6941 Warner Ave  Huntington Beach, CA 92647",              "(714) 595-0819",       null, null,     6260009001, null) ;
INSERT INTO StoreTbl VALUES ( 62600090010245,   "Bolsa Chica Barber Shop",                                  "17610 Beach Blvd  Huntington Beach, CA 92647",             "(714) 801-4742",       null, 0003,     6260009001, null) ;  -- barber
INSERT INTO StoreTbl VALUES ( 62600090010246,   "Andy Lam Expert Hair Stylist",                             "17552 Beach Blvd  Huntington Beach, CA 92646",             "(714) 261-6699",       null, null,     6260009001, null) ;
INSERT INTO StoreTbl VALUES ( 62600090010247,   "HB Faces",                                                 "8907 Warner Ave  Huntington Beach, CA 92647",              "(714) 675-4782",       null, null,     6260009001, null) ;
INSERT INTO StoreTbl VALUES ( 62600090010248,   "Pacific Wellness OC",                                      "315 3rd St  Huntington Beach, CA 92648",                   "(949) 791-7011",       null, null,     6260009001, null) ;
INSERT INTO StoreTbl VALUES ( 62600090010249,   "Nail Tymes",                                               "6838 Edinger Ave  Huntington Beach, CA 92647",             "(714) 842-8550",       null, null,     6260009001, null) ;  -- cosm
INSERT INTO StoreTbl VALUES ( 62600090010250,   "Harbor Barber",                                            "17212 Pacific Coast Hwy  Huntington Beach, CA 92649",      "(714) 907-0232",       null, 0003,     6260009001, null) ;  -- barber
INSERT INTO StoreTbl VALUES ( 62600090010251,   "Mystique Salon & Spa",                                     "16893 Beach Blvd  Huntington Beach, CA 92647",             "(714) 841-2765",       null, null,     6260009001, null) ;  -- cosm
INSERT INTO StoreTbl VALUES ( 62600090010252,   "Salon M",                                                  "16561 Bolsa Chica St  Huntington Beach, CA 92649",         "(714) 377-1000",       null, null,     6260009001, null) ;
INSERT INTO StoreTbl VALUES ( 62600090010253,   "Hair By Tami",                                             "7171 Warner Ave  Huntington Beach, CA 92647",              "(714) 842-4221",       null, null,     6260009001, null) ;
INSERT INTO StoreTbl VALUES ( 62600090010254,   "Nails & Hair By Kira",                                     "7862 Warner Ave  Huntington Beach, CA 92647",              "(714) 915-2447",       null, null,     6260009001, null) ;  -- cosm
INSERT INTO StoreTbl VALUES ( 62600090010255,   "Salon Cache",                                              "5940 Warner Ave  Huntington Beach, CA 92649",              "(714) 840-0026",       null, null,     6260009001, null) ;
INSERT INTO StoreTbl VALUES ( 62600090010256,   "Pro Nail & Spa",                                           "19105 Beach Blvd  Huntington Beach, CA 92648",             "(714) 842-3400",       null, null,     6260009001, null) ;  -- cosm
INSERT INTO StoreTbl VALUES ( 62600090010257,   "HS Salon",                                                 "7151 Yorktown Ave  Huntington Beach, CA 92648",            "(714) 374-9333",       null, null,     6260009001, null) ;
INSERT INTO StoreTbl VALUES ( 62600090010258,   "Great Clips",                                              "9842 Adams Ave  Huntington Beach, CA 92646",               "(714) 378-0027",       null, null,     6260009001, null) ;
INSERT INTO StoreTbl VALUES ( 62600090010259,   "Annas Nails",                                             "10046 Adams Ave  Huntington Beach, CA 92646",              "(714) 963-6222",       null, null,     6260009001, null) ;  -- cosm
INSERT INTO StoreTbl VALUES ( 62600090010260,   "Annas Health and Healing Center",                         "17612 Beach Blvd  Huntington Beach, CA 92647",             "(714) 848-0330",       null, null,     6260009001, null) ;
INSERT INTO StoreTbl VALUES ( 62600090010261,   "Barber & Co.",                                             "9102 Adams Ave  Huntington Beach, CA 92646",               "(714) 377-8888",       null, 0003,     6260009001, null) ;  -- barber
INSERT INTO StoreTbl VALUES ( 62600090010262,   "Skin Sugar Love",                                          "7862 Warner Ave  Huntington Beach, CA 92647",              "(714) 362-6049",       null, null,     6260009001, null) ;  -- cosm
INSERT INTO StoreTbl VALUES ( 62600090010263,   "Trends Salon",                                             "8921 Atlanta Ave  Huntington Beach, CA 92646",             "(714) 969-7922",       null, null,     6260009001, null) ;
INSERT INTO StoreTbl VALUES ( 62600090010264,   "Knockout Tan Beach Cities",                                "Huntington Beach, CA 92646",                               "(949) 233-0850",       null, null,     6260009001, null) ;  -- beach
INSERT INTO StoreTbl VALUES ( 62600090010265,   "OC Skin & Hair",                                           "16383 Bolsa Chica St  Huntington Beach, CA 92649",         "(714) 846-4943",       null, null,     6260009001, null) ;  -- cosm
INSERT INTO StoreTbl VALUES ( 62600090010266,   "Luvie Salon Spa",                                          "17316 Beach Blvd  Huntington Beach, CA 92647",             "(714) 847-3636",       null, null,     6260009001, null) ;  -- cosm
INSERT INTO StoreTbl VALUES ( 62600090010267,   "Healing Horizons Massage & Spa",                           "17672 Beach Blvd  Huntington Beach, CA 92647",             "(714) 386-5779",       null, null,     6260009001, null) ;  -- cosm
INSERT INTO StoreTbl VALUES ( 62600090010268,   "Jazzy Lashes",                                             "7862 Warner Ave  Huntington Beach, CA 92647",              "(949) 606-3504",       null, null,     6260009001, null) ;
INSERT INTO StoreTbl VALUES ( 62600090010269,   "Pro Nail Care",                                            "7180 Edinger Ave  Huntington Beach, CA 92647",             "(714) 843-0755",       null, null,     6260009001, null) ;  -- cosm
INSERT INTO StoreTbl VALUES ( 62600090010270,   "R&G Salon",                                                "7862 Warner Ave  Huntington Beach, CA 92647",              "(714) 716-7379",       null, null,     6260009001, null) ;
INSERT INTO StoreTbl VALUES ( 62600090010271,   "Jaimy Steedly Hair",                                       "7862 Warner Ave  Huntington Beach, CA 92647",              "(714) 235-6754",       null, null,     6260009001, null) ;
INSERT INTO StoreTbl VALUES ( 62600090010272,   "DG Salon",                                                 "22015 Bushard St  Huntington Beach, CA 92646",             "(714) 964-5202",       null, null,     6260009001, null) ;
INSERT INTO StoreTbl VALUES ( 62600090010273,   "Beach Beauty Bar",                                         "1120 Pacific Coast Hwy  Huntington Beach, CA 92648",       "(714) 716-5888",       null, null,     6260009001, null) ;  -- beach
INSERT INTO StoreTbl VALUES ( 62600090010274,   "Mai Spa",                                                  "9600 Hamilton Ave  Huntington Beach, CA 92646",            "(714) 823-0050",       null, null,     6260009001, null) ;  -- cosm
INSERT INTO StoreTbl VALUES ( 62600090010275,   "Lotus Tan",                                                "Huntington Beach, CA 92646",                               "(714) 317-0873",       null, null,     6260009001, null) ;
INSERT INTO StoreTbl VALUES ( 62600090010276,   "Healing Waters Colon Care",                                "18672 Florida St  Huntington Beach, CA 92648",             "(714) 625-7313",       null, null,     6260009001, null) ;
INSERT INTO StoreTbl VALUES ( 62600090010277,   "Arts Barber Shop",                                        "17434 Beach Blvd  Huntington Beach, CA 92647",             "(714) 841-4470",       null, 0003,     6260009001, null) ;  -- barber
INSERT INTO StoreTbl VALUES ( 62600090010278,   "Beach Massage & Day Spa",                                  "19945 Beach Blvd  Huntington Beach, CA 92648",             "(714) 960-8900",       null, null,     6260009001, null) ;  -- cosm
INSERT INTO StoreTbl VALUES ( 62600090010279,   "Elegance Nail Salon",                                      "16885 Algonquin St  Huntington Beach, CA 92649",           "(714) 846-7354",       null, null,     6260009001, null) ;  -- cosm
INSERT INTO StoreTbl VALUES ( 62600090010280,   "Hair By Lanette Beck",                                     "Huntington Beach, CA 92646",                               "(714) 553-7486",       null, null,     6260009001, null) ;
INSERT INTO StoreTbl VALUES ( 62600090010281,   "Family Nails",                                             "5906 Warner Ave  Huntington Beach, CA 92649",              "(714) 840-2428",       null, null,     6260009001, null) ;  -- cosm
INSERT INTO StoreTbl VALUES ( 62600090010282,   "Hair-Do And Threading Salon",                              "15861 Gothard St  Huntington Beach, CA 92647",             "(714) 894-9668",       null, null,     6260009001, null) ;
INSERT INTO StoreTbl VALUES ( 62600090010283,   "SalonCentric",                                             "16773 Beach Blvd  Huntington Beach, CA 92647",             "(714) 596-7404",       null, null,     6260009001, null) ;
INSERT INTO StoreTbl VALUES ( 62600090010284,   "Traveling Hands CA",                                       "Huntington Beach, CA 92647",                               "(714) 926-9137",       null, null,     6260009001, null) ;
INSERT INTO StoreTbl VALUES ( 62600090010285,   "Sun Kissed Bliss",                                         "Huntington Beach, CA 92647",                               "(714) 496-1025",       null, null,     6260009001, null) ;
INSERT INTO StoreTbl VALUES ( 62600090010286,   "Huntington Harbor Skincare",                               "16897 Algonquin St  Huntington Beach, CA 92649",           "(714) 230-5216",       null, null,     6260009001, null) ;  -- cosm
INSERT INTO StoreTbl VALUES ( 62600090010287,   "European Wax Center",                                      "7881 Edinger Ave  Huntington Beach, CA 92647",             "(714) 893-4600",       null, null,     6260009001, null) ;
INSERT INTO StoreTbl VALUES ( 62600090010288,   "MAC Cosmetics - Pacific City",                             "21046 Pacific Coast Hwy  Huntington Beach, CA 92648",      "(714) 536-1218",       null, null,     6260009001, null) ;
INSERT INTO StoreTbl VALUES ( 62600090010289,   "CMK Barber",                                               "8452 Edinger Ave  Huntington Beach, CA 92647",             "(714) 907-1854",       null, 0003,     6260009001, null) ;  -- barber
INSERT INTO StoreTbl VALUES ( 62600090010290,   "Massage Envy - Huntington Beach",                          "7881 Edinger Ave  Huntington Beach, CA 92647",             "(714) 374-3689",       null, null,     6260009001, null) ;
INSERT INTO StoreTbl VALUES ( 62600090010291,   "1st Impression Hair & Nails",                              "18360 Beach Blvd  Huntington Beach, CA 92648",             "(714) 596-5022",       null, null,     6260009001, null) ;  -- cosm
INSERT INTO StoreTbl VALUES ( 62600090010292,   "The Nail and Spa",                                         "5215 Warner Ave  Huntington Beach, CA 92649",              "(714) 846-2772",       null, null,     6260009001, null) ;  -- cosm
INSERT INTO StoreTbl VALUES ( 62600090010293,   "Hair By Jay Lewis",                                        "Huntington Harbor  Huntington Beach, CA 92649",            "(714) 390-9422",       null, null,     6260009001, null) ;
INSERT INTO StoreTbl VALUES ( 62600090010294,   "Shear Perfections",                                        "7170 Edinger Ave  Huntington Beach, CA 92647",             "(714) 842-2692",       null, null,     6260009001, null) ;
INSERT INTO StoreTbl VALUES ( 62600090010295,   "La Vie De Luxe - Mobile Hair Extension Specialist",        "Huntington Beach, CA 92648",                               "(562) 650-0125",       null, null,     6260009001, null) ;
INSERT INTO StoreTbl VALUES ( 62600090010296,   "Black Umbrella Art Studio",                                "7351 Heil Ave  Huntington Beach, CA 92647",                "(714) 842-8245",       null, null,     6260009001, null) ;  -- art
INSERT INTO StoreTbl VALUES ( 62600090010297,   "Hair by Tara",                                             "221 Main St  Huntington Beach, CA 92648",                  "(714) 785-3627",       null, null,     6260009001, null) ;
INSERT INTO StoreTbl VALUES ( 62600090010298,   "Emerald Cut Salon",                                        "8907 Warner Ave  Huntington Beach, CA 92647",              "(714) 848-8060",       null, null,     6260009001, null) ;
INSERT INTO StoreTbl VALUES ( 62600090010299,   "Harpole Hair",                                             "315 3rd St  Huntington Beach, CA 92648",                   "(949) 910-7211",       null, null,     6260009001, null) ;
INSERT INTO StoreTbl VALUES ( 62600090010300,   "Studio Luxe",                                              "6552 Bolsa Ave  Huntington Beach, CA 92647",               "(714) 272-2776",       null, null,     6260009001, null) ;
INSERT INTO StoreTbl VALUES ( 62600090010301,   "The Skin Spot Face & Body Spa",                            "9901 Hamilton Ave  Huntington Beach, CA 92646",            "(714) 313-7225",       null, null,     6260009001, null) ;  -- cosm    -- cosm
INSERT INTO StoreTbl VALUES ( 62600090010302,   "Cozy Massage Spa",                                         "19026 Brookhurst St  Huntington Beach, CA 92646",          "(714) 968-2842",       null, null,     6260009001, null) ;  -- cosm
INSERT INTO StoreTbl VALUES ( 62600090010303,   "Hawaii Nails & Spa",                                       "8835 Adams Ave  Huntington Beach, CA 92646",               "(714) 963-8839",       null, null,     6260009001, null) ;  -- cosm
INSERT INTO StoreTbl VALUES ( 62600090010304,   "Hair by Susan",                                            "8837 Adams Ave  Huntington Beach, CA 92646",               "(714) 501-0455",       null, null,     6260009001, null) ;
INSERT INTO StoreTbl VALUES ( 62600090010305,   "Professio Nail",                                           "8112 Talbert Ave  Huntington Beach, CA 92646",             "(714) 596-5556",       null, null,     6260009001, null) ;  -- cosm
INSERT INTO StoreTbl VALUES ( 62600090010306,   "Nerium BPtr: T Gunn",                                      "18839 Huntington St  Huntington Beach, CA 92648",          "(714) 381-7174",       null, null,     6260009001, null) ;
INSERT INTO StoreTbl VALUES ( 62600090010307,   "Rainbow Kids Hairstyling",                                 "7164 Edinger Ave  Huntington Beach, CA 92647",             "(714) 842-4440",       null, null,     6260009001, null) ;
INSERT INTO StoreTbl VALUES ( 62600090010308,   "Surf City Mobile Tanning",                                 "Huntington Beach, CA 92647",                               "(714) 686-5059",       null, null,     6260009001, null) ;
INSERT INTO StoreTbl VALUES ( 62600090010309,   "Chas Findley Tattoos",                                     "6027 Warner Ave  Huntington Beach, CA 92647",              "(714) 841-2161",       null, null,     6260009001, null) ;
INSERT INTO StoreTbl VALUES ( 62600090010310,   "Milan Salon & Spa",                                        "19011 Bushard St  Huntington Beach, CA 92646",             "(714) 968-9850",       null, null,     6260009001, null) ;  -- cosm    -- cosm
INSERT INTO StoreTbl VALUES ( 62600090010311,   "Luxury Spa",                                               "7451 Warner Ave  Huntington Beach, CA 92647",              "(714) 369-6281",       null, null,     6260009001, null) ;  -- cosm
INSERT INTO StoreTbl VALUES ( 62600090010312,   "Massage by Melanie",                                       "5200 Warner Ave  Huntington Beach, CA 92649",              "(714) 944-6792",       null, null,     6260009001, null) ;
INSERT INTO StoreTbl VALUES ( 62600090010313,   "Hair By Lisa Harmon",                                      "328 11th Street  Huntington Beach, CA 92648",              "(714) 470-0227",       null, null,     6260009001, null) ;
INSERT INTO StoreTbl VALUES ( 62600090010314,   "Robin Roemer Brown, L.Ac. Phd",                            "16531 Bolsa Chica St  Huntington Beach, CA 92649",         "(714) 840-4900",       null, null,     6260009001, null) ;
INSERT INTO StoreTbl VALUES ( 62600090010315,   "Face First Skin Care",                                     "18531 Main St  Huntington Beach, CA 92648",                "(714) 914-8600",       null, null,     6260009001, null) ;  -- cosm
INSERT INTO StoreTbl VALUES ( 62600090010316,   "Endless Summer Tanning Salon",                             "9911 Yorktown Ave  Huntington Beach, CA 92646",            "(714) 963-1630",       null, null,     6260009001, null) ;
INSERT INTO StoreTbl VALUES ( 62600090010317,   "American Nails & Spa",                                     "15471 Edwards St  Huntington Beach, CA 92647",             "(714) 379-1245",       null, null,     6260009001, null) ;  -- cosm
INSERT INTO StoreTbl VALUES ( 62600090010318,   "Blush Pro Makeup Artistry of Huntington Beach",            "5555 Yorktown Ave  Huntington Beach, CA 92648",            "(480) 751-0875",       null, null,     6260009001, null) ;
INSERT INTO StoreTbl VALUES ( 62600090010319,   "Beauty Queen Nail & Spa",                                  "19885 Brookhurst St  Huntington Beach, CA 92646",          "(714) 964-0680",       null, null,     6260009001, null) ;  -- cosm
INSERT INTO StoreTbl VALUES ( 62600090010320,   "Ulta Salon",                                               "7777 Edinger Ave  Huntington Beach, CA 92647",             "(714) 891-9708",       null, null,     6260009001, null) ;
INSERT INTO StoreTbl VALUES ( 62600090010321,   "Beach Combers Hair Design",                                "20902 Brookhurst St  Huntington Beach, CA 92646",          "(714) 968-7466",       null, null,     6260009001, null) ;  -- beach
INSERT INTO StoreTbl VALUES ( 62600090010322,   "Hair and Nail Express",                                    "17455 Beach Blvd  Huntington Beach, CA 92647",             "(714) 848-8860",       null, null,     6260009001, null) ;  -- cosm
INSERT INTO StoreTbl VALUES ( 62600090010323,   "Skin Care by Jodi",                                        "7561 Center Ave  Huntington Beach, CA 92647",              "(714) 897-5307",       null, null,     6260009001, null) ;  -- cosm
INSERT INTO StoreTbl VALUES ( 62600090010324,   "Sea Nails",                                                "200 Main St  Huntington Beach, CA 92648",                  "(714) 536-4460",       null, null,     6260009001, null) ;  -- cosm-- cosm
INSERT INTO StoreTbl VALUES ( 62600090010325,   "The Beauty Studio",                                        "9600 Hamilton Ave  Huntington Beach, CA 92646",            "(714) 580-2417",       null, null,     6260009001, null) ;
INSERT INTO StoreTbl VALUES ( 62600090010326,   "PANWA Thai Massage",                                       "18021 Beach Blvd  Huntington Beach, CA 92648",             "(714) 232-3285",       null, null,     6260009001, null) ;
INSERT INTO StoreTbl VALUES ( 62600090010327,   "Bty Skin Bar",                                            "7561 Center Ave  Huntington Beach, CA 92647",              "(714) 696-8422",       null, null,     6260009001, null) ;  -- cosm
INSERT INTO StoreTbl VALUES ( 62600090010328,   "Michelles Permanent Makeup",                              "19883 Brookhurst St  Huntington Beach, CA 92646",          "(714) 593-6168",       null, null,     6260009001, null) ;
INSERT INTO StoreTbl VALUES ( 62600090010329,   "Cotton Blow Dry Bar",                                      "7631 Edinger Ave  Huntington Beach, CA 92647",             "(714) 895-8820",       null, null,     6260009001, null) ;
INSERT INTO StoreTbl VALUES ( 62600090010330,   "Rapoport Aesthetics",                                      "7677 Center Ave  Huntington Beach, CA 92647",              "(949) 751-7273",       null, null,     6260009001, null) ;
INSERT INTO StoreTbl VALUES ( 62600090010331,   "Gutty Beauty",                                             "20052 Brookhurst St  Huntington Beach, CA 92646",          "(714) 922-5839",       null, null,     6260009001, null) ;
INSERT INTO StoreTbl VALUES ( 62600090010332,   "Revitalization Massage And Facial",                        "18682 Beach Blvd  Huntington Beach, CA 92648",             "(714) 369-6097",       null, null,     6260009001, null) ;
INSERT INTO StoreTbl VALUES ( 62600090010333,   "Surf City Temptations",                                    "7292 Garfield Ave  Huntington Beach, CA 92648",            "(714) 718-1584",       null, null,     6260009001, null) ;
INSERT INTO StoreTbl VALUES ( 62600090010334,   "Beachcombers Hair Design",                                 "20902 Brookhurst St  Huntington Beach, CA 92646",          "(714) 968-7466",       null, null,     6260009001, null) ;  -- beach
INSERT INTO StoreTbl VALUES ( 62600090010335,   "Delia Cruz",                                               "611 6th St  Huntington Beach, CA 92648",                   "(714) 583-2550",       null, null,     6260009001, null) ;
INSERT INTO StoreTbl VALUES ( 62600090010336,   "Bonne Foi",                                                "5075 Warner Ave  Huntington Beach, CA 92649",              "(714) 840-1688",       null, null,     6260009001, null) ;
INSERT INTO StoreTbl VALUES ( 62600090010337,   "Madame Me Makeup & Hair",                                  "Huntington Beach, CA 92648",                               "(714) 794-8201",       null, null,     6260009001, null) ;
INSERT INTO StoreTbl VALUES ( 62600090010338,   "Pristine Nails & Spa",                                     "16612 Beach Blvd  Huntington Beach, CA 92647",             "(714) 596-8880",       null, null,     6260009001, null) ;  -- cosm
INSERT INTO StoreTbl VALUES ( 62600090010339,   "Surf City Nails",                                          "5942 Edinger Ave  Huntington Beach, CA 92649",             "(714) 377-9958",       null, null,     6260009001, null) ;  -- cosm
INSERT INTO StoreTbl VALUES ( 62600090010340,   "Our Neighborhood Barber Shop",                             "8857 Adams Ave  Huntington Beach, CA 92646",               "(714) 968-9162",       null, 0003,     6260009001, null) ;  -- barber
INSERT INTO StoreTbl VALUES ( 62600090010341,   "Shampoo",                                                  "7011 Warner Ave  Huntington Beach, CA 92647",              "(714) 585-1185",       null, null,     6260009001, null) ;
INSERT INTO StoreTbl VALUES ( 62600090010342,   "Goddess Nail & Spa",                                       "19736 Beach Blvd  Huntington Beach, CA 92648",             "(714) 593-3910",       null, null,     6260009001, null) ;  -- cosm
INSERT INTO StoreTbl VALUES ( 62600090010343,   "Linas Skin Care",                                         "7451 Warner Ave  Huntington Beach, CA 92647",              "(844) 334-0345",       null, null,     6260009001, null) ;  -- cosm
INSERT INTO StoreTbl VALUES ( 62600090010344,   "DB & T Nail",                                              "5 Points Plaza 18531 Main St  Huntington Beach, CA 92648", "(714) 618-0956",       null, null,     6260009001, null) ;  -- cosm
INSERT INTO StoreTbl VALUES ( 62600090010345,   "Drybar - Huntington Beach in Pacific City",                "21016 Pacific Coast Hwy  Huntington Beach, CA 92648",      "(657) 273-5116",       null, null,     6260009001, null) ;
INSERT INTO StoreTbl VALUES ( 62600090010346,   "Lashes.",                                                  "Huntington Beach, CA 92648",                               "(949) 682-8890",       null, null,     6260009001, null) ;
INSERT INTO StoreTbl VALUES ( 62600090010347,   "Allure Studios",                                           "20052 Brookhurst  Huntington Beach, CA 92646",             "(949) 887-3457",       null, null,     6260009001, null) ;
INSERT INTO StoreTbl VALUES ( 62600090010348,   "Mins Dynasty",                                            "428 Main St  Huntington Beach, CA 92648",                  "(310) 433-0245",       null, null,     6260009001, null) ;
INSERT INTO StoreTbl VALUES ( 62600090010349,   "Healthy Beautiful Skin & Tan",                             "5011 Argosy Ave  Huntington Beach, CA 92649",              "(714) 625-7402",       null, null,     6260009001, null) ;  -- cosm
INSERT INTO StoreTbl VALUES ( 62600090010350,   "Hue Beauty Studio",                                        "20052 Brookhurst St  Huntington Beach, CA 92646",          "(949) 506-6702",       null, null,     6260009001, null) ;
INSERT INTO StoreTbl VALUES ( 62600090010351,   "Springdale Barbers",                                       "15792 Springdale St  Huntington Beach, CA 92649",          "(714) 901-7110",       null, 0003,     6260009001, null) ;  -- barber
INSERT INTO StoreTbl VALUES ( 62600090010352,   "Ucatan",                                                   "7651 Edinger Ave  Huntington Beach, CA 92647",             "(714) 379-0760",       null, null,     6260009001, null) ;
INSERT INTO StoreTbl VALUES ( 62600090010353,   "Fantastic Sams",                                           "7777 Edinger Ave  Huntington Beach, CA 92647",             "(714) 799-0700",       null, null,     6260009001, null) ;
INSERT INTO StoreTbl VALUES ( 62600090010354,   "Tommy Ts Body Piercing",                                  "19925 Beach Blvd  Huntington Beach, CA 92648",             "(714) 374-7393",       null, null,     6260009001, null) ;
INSERT INTO StoreTbl VALUES ( 62600090010355,   "SkinE Spa + Salon",                                        "808 Adams Ave  Huntington Beach, CA 92648",                "(949) 257-3845",       null, null,     6260009001, null) ;  -- cosm    -- cosm
INSERT INTO StoreTbl VALUES ( 62600090010356,   "Cosmo Nail Bar",                                           "9907 Hamilton Ave  Huntington Beach, CA 92646",            "(714) 962-8889",       null, null,     6260009001, null) ;  -- cosm
INSERT INTO StoreTbl VALUES ( 62600090010357,   "TheBest Nail & Spa",                                       "17422 Beach Blvd  Huntington Beach, CA 92647",             "(714) 375-0055",       null, null,     6260009001, null) ;  -- cosm
INSERT INTO StoreTbl VALUES ( 62600090010358,   "OC Cosmetic Surgery Clinique",                             "18800 Delaware St, Ste 500  Huntington Beach, CA 92648",   "(866) 503-3223",       null, null,     6260009001, null) ;
INSERT INTO StoreTbl VALUES ( 62600090010359,   "HB Therapeutic Massage",                                   "18672 Florida St  Huntington Beach, CA 92648",             "(714) 725-9417",       null, null,     6260009001, null) ;
INSERT INTO StoreTbl VALUES ( 62600090010360,   "Hair By Kristopherdreww",                                  "19891 Piccadilly Ln  Huntington Beach, CA 92646",          "(714) 717-6894",       null, null,     6260009001, null) ;
INSERT INTO StoreTbl VALUES ( 62600090010361,   "Total Body Aesthetic",                                     "10090 Adams Ave  Huntington Beach, CA 92646",              "(657) 999-4518",       null, null,     6260009001, null) ;
INSERT INTO StoreTbl VALUES ( 62600090010362,   "Breeze of Huntington Beach",                               "9907 Hamilton Ave  Huntington Beach, CA 92646",            "(714) 963-5444",       null, null,     6260009001, null) ;
INSERT INTO StoreTbl VALUES ( 62600090010363,   "Quality Beauty Care",                                      "7862 Warner Ave  Huntington Beach, CA 92648",              "(714) 512-8794",       null, null,     6260009001, null) ;
INSERT INTO StoreTbl VALUES ( 62600090010364,   "Renewal Spa",                                              "16785 Beach Blvd  Huntington Beach, CA 92647",             "(714) 375-5870",       null, null,     6260009001, null) ;  -- cosm
INSERT INTO StoreTbl VALUES ( 62600090010365,   "Victorias Beauty Salon",                                  "16478 Bolsa Chica St  Huntington Beach, CA 92649",         "(714) 846-7759",       null, null,     6260009001, null) ;
INSERT INTO StoreTbl VALUES ( 62600090010366,   "Energize Your Life",                                       "17682 Beach Blvd  Huntington Beach, CA 92647",             "(866) 500-4955",       null, null,     6260009001, null) ;
INSERT INTO StoreTbl VALUES ( 62600090010367,   "Julies Tehairitory",                                      "6031 Warner Ave  Huntington Beach, CA 92647",              "(714) 848-4776",       null, null,     6260009001, null) ;
INSERT INTO StoreTbl VALUES ( 62600090010368,   "Top Ten Nails",                                            "15796 Springdale St  Huntington Beach, CA 92649",          "(714) 901-0491",       null, null,     6260009001, null) ;  -- cosm
INSERT INTO StoreTbl VALUES ( 62600090010369,   "MGT Health Center",                                        "18639 Beach Blvd  Huntington Beach, CA 92648",             "(714) 596-7878",       null, null,     6260009001, null) ;
INSERT INTO StoreTbl VALUES ( 62600090010370,   "Andrew Smith, MD, FACS",                                   "19582 Beach Blvd  Huntington Beach, CA 92648",             "(714) 330-1008",       null, null,     6260009001, null) ;
INSERT INTO StoreTbl VALUES ( 62600090010371,   "Happy Spa Massage",                                        "17422 Beach Blvd  Huntington Beach, CA 92647",             "(714) 848-4848",       null, null,     6260009001, null) ;  -- cosm
INSERT INTO StoreTbl VALUES ( 62600090010372,   "Kendal Cuts",                                              "Main St  Huntington Beach, CA",                            "(949) 397-4384",       null, null,     6260009001, null) ;
INSERT INTO StoreTbl VALUES ( 62600090010373,   "The Perfect You Mobile UV Free Airbrush Tanning",          "18412 Patterson Ln  Huntington Beach, CA 92646",           "(714) 675-4223",       null, null,     6260009001, null) ;
INSERT INTO StoreTbl VALUES ( 62600090010374,   "Boss Lashes",                                              "8101 Newman Ave  Huntington Beach, CA 92647",              "(714) 948-3140",       null, null,     6260009001, null) ;
INSERT INTO StoreTbl VALUES ( 62600090010375,   "Fantastic Skin Care",                                      "15861 Gothard St  Huntington Beach, CA 92647",             "(714) 363-2809",       null, null,     6260009001, null) ;  -- cosm
INSERT INTO StoreTbl VALUES ( 62600090010376,   "OC Massage",                                               "18822 Beach Blvd  Huntington Beach, CA 92648",             "(714) 593-5600",       null, null,     6260009001, null) ;
INSERT INTO StoreTbl VALUES ( 62600090010377,   "WoW Factor",                                               "18763 Chapel Ln  Huntington Beach, CA 92646",              "(714) 618-4844",       null, null,     6260009001, null) ;
INSERT INTO StoreTbl VALUES ( 62600090010378,   "CQ Spa Salon",                                             "16832-B Pacific Coast Hwy  Huntington Beach, CA 92649",    "(562) 592-1566",       null, null,     6260009001, null) ;  -- cosm
INSERT INTO StoreTbl VALUES ( 62600090010379,   "Marios Sports Barbershop",                                "14900 Springdale St  Huntington Beach, CA 92647",          "(714) 901-2350",       null, 0003,     6260009001, null) ;  -- barber
INSERT INTO StoreTbl VALUES ( 62600090010380,   "Lavender Body Spa",                                        "17552 Beach Blvd  Huntington Beach, CA 92647",             "(714) 841-3642",       null, null,     6260009001, null) ;  -- cosm
INSERT INTO StoreTbl VALUES ( 62600090010381,   "Aesthetics & Electrolysis",                                "17610 Beach Blvd  Huntington Beach, CA 92647",             "(714) 848-6855",       null, null,     6260009001, null) ;
INSERT INTO StoreTbl VALUES ( 62600090010382,   "Nice Hair Salon",                                          "19400 Beach Blvd  Huntington Beach, CA 92648",             "(714) 378-0078",       null, null,     6260009001, null) ;
INSERT INTO StoreTbl VALUES ( 62600090010383,   "Vickys Beauty Services",                                  "5906 Warner Ave  Huntington Beach, CA 92649",              "(714) 316-4189",       null, null,     6260009001, null) ;
INSERT INTO StoreTbl VALUES ( 62600090010384,   "Waterfront Hair & Nail",                                   "16400 Pacific Coast Hwy  Huntington Beach, CA 92649",      "(562) 592-2883",       null, null,     6260009001, null) ;  -- cosm
INSERT INTO StoreTbl VALUES ( 62600090010385,   "Home the Skin & Body Spa",                                 "417 Main St  Huntington Beach, CA 92648",                  "(714) 536-4309",       null, null,     6260009001, null) ;  -- cosm    -- cosm
INSERT INTO StoreTbl VALUES ( 62600090010386,   "iBrows By Tiffany Pham",                                   "Huntington Beach, CA 92647",                               "(949) 743-4080",       null, null,     6260009001, null) ;
INSERT INTO StoreTbl VALUES ( 62600090010387,   "Hair Extensions BY Kuni",                                  "69221 Warner Ave  Huntington Beach, CA",                   "(714) 404-1817",       null, null,     6260009001, null) ;
INSERT INTO StoreTbl VALUES ( 62600090010388,   "Amanda Schwartz Esthetiques",                              "5911 Heil Ave  Huntington Beach, CA 92649",                "(714) 840-4004",       null, null,     6260009001, null) ;
INSERT INTO StoreTbl VALUES ( 62600090010389,   "Star Nails",                                               "19740 Beach Blvd  Huntington Beach, CA 92648",             "(714) 593-3910",       null, null,     6260009001, null) ;  -- cosm
INSERT INTO StoreTbl VALUES ( 62600090010390,   "Nails By Robelyn",                                         "808 Adams Ave  Huntington Beach, CA 92648",                "(714) 651-1449",       null, null,     6260009001, null) ;  -- cosm
INSERT INTO StoreTbl VALUES ( 62600090010391,   "Town Country Barber Shop",                                 "19671 Beach Blvd  Huntington Beach, CA 92648",             "(714) 960-0122",       null, 0003,     6260009001, null) ;  -- barber
INSERT INTO StoreTbl VALUES ( 62600090010392,   "Zen Skin HB",                                              "305 Orange Ave  Huntington Beach, CA 92647",               "(714) 944-9237",       null, null,     6260009001, null) ;  -- cosm
INSERT INTO StoreTbl VALUES ( 62600090010393,   "Samantha Jaeger",                                          "1118 Lake St  Huntington Beach, CA 92648",                 "(443) 553-1091",       null, null,     6260009001, null) ;
INSERT INTO StoreTbl VALUES ( 62600090010394,   "Madam Shea Butter",                                        "20052 Brookhurst St  Huntington Beach, CA 92646",          "(626) 258-7149",       null, null,     6260009001, null) ;
INSERT INTO StoreTbl VALUES ( 62600090010395,   "Janine Miranda",                                           "7862 Warner Ave, Ste A  Huntington Beach, CA 92647",       "(714) 331-9787",       null, null,     6260009001, null) ;
INSERT INTO StoreTbl VALUES ( 62600090010396,   "Melanies Hair",                                           "Huntington Beach, CA",                                     "(714) 907-6104",       null, null,     6260009001, null) ;
INSERT INTO StoreTbl VALUES ( 62600090010397,   "Blondies Barbershop",                                     "7862 Warner Ave  Huntington Beach, CA 92647",              "(949) 235-2043",       null, 0003,     6260009001, null) ;  -- barber
INSERT INTO StoreTbl VALUES ( 62600090010398,   "Taylor Made Hair Studio",                                  "Huntington Beach, CA 92646",                               "(323) 536-6310",       null, null,     6260009001, null) ;
INSERT INTO StoreTbl VALUES ( 62600090010399,   "Ginny Cosmetic Skincare",                                  "7451 Edinger Ave  Huntington Beach, CA 92647",             "(949) 491-1782",       null, null,     6260009001, null) ;  -- cosm
INSERT INTO StoreTbl VALUES ( 62600090010400,   "Hair By Angelo Frankie",                                   "22311 Brookhurst St  Huntington Beach, CA 92646",          "(310) 428-7438",       null, null,     6260009001, null) ;
INSERT INTO StoreTbl VALUES ( 62600090010401,   "Dolca Vita Skin & Body",                                   "16511 Goldenwest St  Huntington Beach, CA 92647",          "(714) 891-3201",       null, null,     6260009001, null) ;  -- cosm
INSERT INTO StoreTbl VALUES ( 62600090010402,   "Hair By Pary",                                             "10090 Adams Ave  Huntington Beach, CA 92646",              "(714) 348-0700",       null, null,     6260009001, null) ;
INSERT INTO StoreTbl VALUES ( 62600090010403,   "Beachn Massage",                                          "5911 Heil Ave  Huntington Beach, CA 92649",                "(714) 603-2927",       null, null,     6260009001, null) ;  -- beach
INSERT INTO StoreTbl VALUES ( 62600090010404,   "Regina Hair Stylist",                                      "22311 Brookhurst St  Huntington Beach, CA 92646",          "(714) 458-9850",       null, null,     6260009001, null) ;
INSERT INTO StoreTbl VALUES ( 62600090010405,   "Spiritual Native Massage",                                 "Huntington Beach, CA 92647",                               "(562) 283-8197",       null, null,     6260009001, null) ;
INSERT INTO StoreTbl VALUES ( 62600090010406,   "Salon 106",                                                "16416 Beach Blvd  Huntington Beach, CA 92647",             "(714) 421-0978",       null, null,     6260009001, null) ;
INSERT INTO StoreTbl VALUES ( 62600090010407,   "Permanent Make-up Huntington Beach",                       "4972 Warner Ave  Huntington Beach, CA 92649",              "(562) 301-8322",       null, null,     6260009001, null) ;
INSERT INTO StoreTbl VALUES ( 62600090010408,   "Blair Hyman Skin Care",                                    "16572 Bolsa Chica St  Huntington Beach, CA 92649",         "(714) 840-4000",       null, null,     6260009001, null) ;  -- cosm
INSERT INTO StoreTbl VALUES ( 62600090010409,   "Model White Teeth Whitening Spa",                          "8907 Warner Ave  Huntington Beach, CA 92647",              "(714) 465-9386",       null, null,     6260009001, null) ;  -- cosm
INSERT INTO StoreTbl VALUES ( 62600090010410,   "Venus Nails and Spa",                                      "16917 Algonquin St  Huntington Beach, CA 92649",           "(714) 846-2777",       null, null,     6260009001, null) ;
INSERT INTO StoreTbl VALUES ( 62600090010411,   "Beauty By Chey",                                           "Huntington Beach, CA 92648",                               "(949) 491-2870",       null, null,     6260009001, null) ;
INSERT INTO StoreTbl VALUES ( 62600090010412,   "Chris Escobosa",                                           "8211 Sandcove Cir  Huntington Beach, CA 92646",            "(714) 840-9777",       null, null,     6260009001, null) ;
INSERT INTO StoreTbl VALUES ( 62600090010413,   "Bronze On The Glo",                                        "Huntington Beach, CA 92647",                               "(714) 745-5730",       null, null,     6260009001, null) ;
INSERT INTO StoreTbl VALUES ( 62600090010414,   "Angelite Skin Care",                                       "8907 Warner Ave  Huntington Beach, CA 92647",              "(714) 861-4090",       null, null,     6260009001, null) ;
INSERT INTO StoreTbl VALUES ( 62600090010415,   "Hair Trends",                                              "16691 Gothard St  Huntington Beach, CA 92647",             "(714) 848-4450",       null, null,     6260009001, null) ;
INSERT INTO StoreTbl VALUES ( 62600090010416,   "Em Lash",                                                  "16893 Beach Blvd  Huntington Beach, CA 92647",             "(657) 242-5778",       null, null,     6260009001, null) ;
INSERT INTO StoreTbl VALUES ( 62600090010417,   "Lane 11 Makeup by Lillian",                                "Huntington Beach, CA",                                     "(714) 989-6590",       null, null,     6260009001, null) ;
INSERT INTO StoreTbl VALUES ( 62600090010418,   "Hair & Nail Express",                                      "17455 Beach Blvd  Huntington Beach, CA 92647",             "(714) 848-8860",       null, null,     6260009001, null) ;  -- cosm
INSERT INTO StoreTbl VALUES ( 62600090010419,   "Mood Swings",                                              "417 Main St  Huntington Beach, CA 92648",                  "(714) 969-0907",       null, null,     6260009001, null) ;
INSERT INTO StoreTbl VALUES ( 62600090010420,   "Pamela Hadden",                                            "5075 Warner Ave  Huntington Beach, CA 92649",              "(562) 301-7083",       null, null,     6260009001, null) ;
INSERT INTO StoreTbl VALUES ( 62600090010421,   "West Coast Whitening",                                     "20052 Brookhurst St  Huntington Beach, CA 92646",          "(714) 331-5550",       null, null,     6260009001, null) ;
INSERT INTO StoreTbl VALUES ( 62600090010422,   "Holly and Hudson",                                         "21022 Pacific Coast Hwy  Huntington Beach, CA 92648",      "(714) 374-1817",       null, null,     6260009001, null) ;
INSERT INTO StoreTbl VALUES ( 62600090010423,   "Monica Blair at Endless Summer",                           "9911 Yorktown Ave  Huntington Beach, CA 92646",            "(714) 963-1630",       null, null,     6260009001, null) ;
INSERT INTO StoreTbl VALUES ( 62600090010424,   "Asian Massage",                                            "19039 Bushard St  Huntington Beach, CA 92646",             "(714) 963-6588",       null, null,     6260009001, null) ;
INSERT INTO StoreTbl VALUES ( 62600090010425,   "Hair Salon & Beauty Supply",                               "19097 Beach Blvd  Huntington Beach, CA 92648",             "(714) 841-7744",       null, null,     6260009001, null) ;
INSERT INTO StoreTbl VALUES ( 62600090010426,   "Via Skincare",                                             "18822 Beach Blvd  Huntington Beach, CA 92648",             "(714) 465-9100",       null, null,     6260009001, null) ;
INSERT INTO StoreTbl VALUES ( 62600090010427,   "Salon Lisa Gail",                                          "4972 Warner Ave  Huntington Beach, CA 92649",              "(714) 846-2931",       null, null,     6260009001, null) ;
INSERT INTO StoreTbl VALUES ( 62600090010428,   "Styles by Julie",                                          "6018 Warner Ave  Huntington Beach, CA 92649",              "(714) 840-0753",       null, null,     6260009001, null) ;
INSERT INTO StoreTbl VALUES ( 62600090010429,   "Elle Et Lui",                                              "15031 Edwards St  Huntington Beach, CA 92647",             "(714) 892-3808",       null, null,     6260009001, null) ;
INSERT INTO StoreTbl VALUES ( 62600090010430,   "Cassandras Nails",                                         "Huntington Beach, CA 92648",                               "(562) 313-1396",       null, null,     6260009001, null) ;  -- cosm
INSERT INTO StoreTbl VALUES ( 62600090010431,   "HairbyCara",                                               "9600 Hamilton Ave  Huntington Beach, CA 92646",            "(714) 580-2417",       null, null,     6260009001, null) ;
INSERT INTO StoreTbl VALUES ( 62600090010432,   "Summer Breeze Spray Tanning",                              "4911 Warner Ave  Huntington Beach, CA 92649",              "(714) 390-2039",       null, null,     6260009001, null) ;
INSERT INTO StoreTbl VALUES ( 62600090010433,   "JS Cosmetic Artistry",                                     "Huntington Beach, CA 92647",                               "(714) 833-9032",       null, null,     6260009001, null) ;
INSERT INTO StoreTbl VALUES ( 62600090010434,   "Lipstick Bella MUA",                                       "Huntington Beach, CA 92647",                               "(562) 794-8208",       null, null,     6260009001, null) ;
INSERT INTO StoreTbl VALUES ( 62600090010435,   "Acupunture & Massage",                                     "18639 Beach Blvd  Huntington Beach, CA 92648",             "(714) 596-7878",       null, null,     6260009001, null) ;
INSERT INTO StoreTbl VALUES ( 62600090010436,   "A Magic Touch Massage",                                    "Huntington Beach, CA 92649",                               "(602) 448-6836",       null, null,     6260009001, null) ;
INSERT INTO StoreTbl VALUES ( 62600090010437,   "Scalp Logic",                                              "714 Adams Ave  Huntington Beach, CA 92648",                "(949) 229-2919",       null, null,     6260009001, null) ;
INSERT INTO StoreTbl VALUES ( 62600090010438,   "Meleesa Luna - Meleesa the Salon",                         "221 Main St  Huntington Beach, CA 92648",                  "(714) 969-7199",       null, null,     6260009001, null) ;
INSERT INTO StoreTbl VALUES ( 62600090010439,   "West Coast Hair Replacement",                              "19511 Sandcastle Ln  Huntington Beach, CA 92648",          "(714) 698-3708",       null, null,     6260009001, null) ;
INSERT INTO StoreTbl VALUES ( 62600090010440,   "Nails By Lisa Do",                                         "8907 Warner Ave  Huntington Beach, CA 92647",              "(714) 926-5798",       null, null,     6260009001, null) ;  -- cosm
INSERT INTO StoreTbl VALUES ( 62600090010441,   "Green Tree Salon",                                         "9568 Hamilton Ave  Huntington Beach, CA 92646",            "(714) 962-3807",       null, null,     6260009001, null) ;
INSERT INTO StoreTbl VALUES ( 62600090010442,   "Heathers Nails & Spa",                                    "16917 Algonquin St  Huntington Beach, CA 92649",           "(714) 846-2777",       null, null,     6260009001, null) ;  -- cosm
INSERT INTO StoreTbl VALUES ( 62600090010443,   "ReGenesys",                                                "16845 Algonquin St  Huntington Beach, CA 92645",           "(714) 840-3690",       null, null,     6260009001, null) ;
INSERT INTO StoreTbl VALUES ( 62600090010444,   "Designs by Pamela-Pedi-Sox",                               "19402 Castlewood Cir  Huntington Beach, CA 92648",         "(714) 536-1577",       null, null,     6260009001, null) ;
INSERT INTO StoreTbl VALUES ( 62600090010445,   "Surf City Laser Medicine",                                 "18800 Delaware St  Huntington Beach, CA 92648",            "(714) 596-2040",       null, null,     6260009001, null) ;
INSERT INTO StoreTbl VALUES ( 62600090010446,   "HB Soles Spa",                                             "18582 Beach Blvd  Huntington Beach, CA 92648",             "(714) 964-4260",       null, null,     6260009001, null) ;  -- cosm
INSERT INTO StoreTbl VALUES ( 62600090010447,   "Hair by Christine at The Mane Event",                      "6852 Edinger Ave  Huntington Beach, CA 92647",             "(714) 867-7640",       null, null,     6260009001, null) ;
INSERT INTO StoreTbl VALUES ( 62600090010448,   "Bebe Nails & Spa",                                         "17434 Beach Blvd  Huntington Beach, CA 92647",             "(714) 847-3578",       null, null,     6260009001, null) ;  -- cosm
INSERT INTO StoreTbl VALUES ( 62600090010449,   "Atlanta Hair & Nail Spa",                                  "21142 Beach Blvd  Huntington Beach, CA 92648",             "(714) 536-8428",       null, null,     6260009001, null) ;  -- cosm
INSERT INTO StoreTbl VALUES ( 62600090010450,   "Spoiled In H B",                                           "16562 Gothard St  Huntington Beach, CA 92647",             "(714) 841-0044",       null, null,     6260009001, null) ;
INSERT INTO StoreTbl VALUES ( 62600090010451,   "Jennifer Gil",                                             "6401 Warner Ave  Huntington Beach, CA 92647",              "(714) 380-7306",       null, null,     6260009001, null) ;
INSERT INTO StoreTbl VALUES ( 62600090010452,   "The Oc Spa & Nail",                                        "17552 Beach Blvd  Huntington Beach, CA 92647",             "(714) 848-5135",       null, null,     6260009001, null) ;  -- cosm-- cosm
INSERT INTO StoreTbl VALUES ( 62600090010453,   "Santias Skin Care for Men and Women",                     "15052 Edwards St  Huntington Beach, CA 92647",             "(714) 336-1905",       null, null,     6260009001, null) ;
INSERT INTO StoreTbl VALUES ( 62600090010454,   "Tic Day Spa",                                              "16612 Beach Blvd  Huntington Beach, CA 92647",             "(714) 843-6826",       null, null,     6260009001, null) ;  -- cosm
INSERT INTO StoreTbl VALUES ( 62600090010455,   "Salon Rhys",                                               "20052 Brookhurst St  Huntington Beach, CA 92646",          "(951) 306-2989",       null, null,     6260009001, null) ;
INSERT INTO StoreTbl VALUES ( 62600090010456,   "All Family Chiropractic Care",                             "5911 Heil Ave Ste G  Huntington Beach, CA 92649",          "(714) 840-7700",       null, null,     6260009001, null) ;
INSERT INTO StoreTbl VALUES ( 62600090010457,   "Powder Room The",                                          "19895 Beach Blvd  Huntington Beach, CA 92648",             "(714) 536-0885",       null, null,     6260009001, null) ;
INSERT INTO StoreTbl VALUES ( 62600090010458,   "Relax Day Spa",                                            "Huntington Beach, CA 92647",                               "(626) 234-3744",       null, null,     6260009001, null) ;  -- cosm
INSERT INTO StoreTbl VALUES ( 62600090010459,   "Life Coaching by Maria",                                   "Huntington Beach, CA 92649",                               "(714) 717-3563",       null, null,     6260009001, null) ;
INSERT INTO StoreTbl VALUES ( 62600090010460,   "Jungle Relaxation Spa",                                    "16511 Golden W  Huntington Beach, CA 92647",               "(714) 375-6524",       null, null,     6260009001, null) ;  -- cosm
INSERT INTO StoreTbl VALUES ( 62600090010461,   "Airbrush Tanning by Brit",                                 "Magnolia & Indianapolis  Huntington Beach, CA 92646",      "(714) 594-9689",       null, null,     6260009001, null) ;
INSERT INTO StoreTbl VALUES ( 62600090010462,   "Ulta Beauty",                                              "7777 Edinger Ave  Huntington Beach, CA 92647",             "(714) 891-9708",       null, null,     6260009001, null) ;
INSERT INTO StoreTbl VALUES ( 62600090010463,   "Mariselas Skin Care & Body",                              "6953 Warner Ave  Huntington Beach, CA 92647",              "(714) 375-4300",       null, null,     6260009001, null) ;  -- cosm
INSERT INTO StoreTbl VALUES ( 62600090010464,   "The Lash Lab LA",                                          "20052 Brookhurst St  Huntington Beach, CA 92646",          "(323) 484-3522",       null, null,     6260009001, null) ;
INSERT INTO StoreTbl VALUES ( 62600090010465,   "Huntington Beach Happy Skin",                              "Huntington Beach, CA",                                     "(657) 215-5521",       null, null,     6260009001, null) ;  -- cosm
INSERT INTO StoreTbl VALUES ( 62600090010466,   "Hair By Tina: Bringing the salon to you",                  "20392 Allport Ln  Huntington Beach, CA 92646",             "(408) 607-2831",       null, null,     6260009001, null) ;
INSERT INTO StoreTbl VALUES ( 62600090010467,   "Kalifornia Kolor",                                         "Huntington Beach, CA 92648",                               "(562) 631-3213",       null, null,     6260009001, null) ;
INSERT INTO StoreTbl VALUES ( 62600090010468,   "Makeup By Melinn",                                         "Huntington Beach, CA 92647",                               "(714) 269-1354",       null, null,     6260009001, null) ;
INSERT INTO StoreTbl VALUES ( 62600090010469,   "Makeup By Therese",                                        "Huntington Beach, CA",                                     "(310) 872-9844",       null, null,     6260009001, null) ;
INSERT INTO StoreTbl VALUES ( 62600090010470,   "Fantastic Sams",                                          "5263 Warner Ave  Huntington Beach, CA 92649",              "(714) 840-5559",       null, null,     6260009001, null) ;
INSERT INTO StoreTbl VALUES ( 62600090010471,   "The Mommy and Me Studio",                                  "18514 Beach Blvd  Huntington Beach, CA 92647",             "(562) 353-7050",       null, null,     6260009001, null) ;
INSERT INTO StoreTbl VALUES ( 62600090010472,   "Nail Trend",                                               "16691 Gothard St  Huntington Beach, CA 92647",             "(714) 848-7772",       null, null,     6260009001, null) ;  -- cosm
INSERT INTO StoreTbl VALUES ( 62600090010473,   "Beautifulperfumes.com",                                    "16130 Gothard St  Huntington Beach, CA 92647",             "(714) 698-0824",       null, null,     6260009001, null) ;
INSERT INTO StoreTbl VALUES ( 62600090010474,   "Joseph Nassir, MD",                                        "17822 Beach Blvd  Huntington Beach, CA 92647",             "(714) 843-6800",       null, null,     6260009001, null) ;
INSERT INTO StoreTbl VALUES ( 62600090010475,   "Hair Girl Amber",                                          "417 Main St  Huntington Beach, CA 92648",                  "(949) 244-5408",       null, null,     6260009001, null) ;
INSERT INTO StoreTbl VALUES ( 62600090010476,   "Micheles Nails",                                          "19885 Brookhurst St  Huntington Beach, CA 92646",          "(714) 964-0680",       null, null,     6260009001, null) ;  -- cosm
INSERT INTO StoreTbl VALUES ( 62600090010477,   "Cutting Edge",                                             "16892 Bolsa Chica St  Huntington Beach, CA 92649",         "(714) 840-1675",       null, null,     6260009001, null) ;
INSERT INTO StoreTbl VALUES ( 62600090010478,   "Kids Shear Madness",                                       "9568 Hamilton Ave  Huntington Beach, CA 92646",            "(714) 963-8860",       null, null,     6260009001, null) ;
INSERT INTO StoreTbl VALUES ( 62600090010479,   "Twigs Salon & Boutique",                                   "16940 Bolsa Chica St  Huntington Beach, CA 92649",         "(714) 840-5400",       null, null,     6260009001, null) ;
INSERT INTO StoreTbl VALUES ( 62600090010480,   "Jen E Hair",                                               "19887 Brookhurst Blvd  Huntington Beach, CA 92646",        "(714) 965-0023",       null, null,     6260009001, null) ;
INSERT INTO StoreTbl VALUES ( 62600090010481,   "Pura Vida Body Studio",                                    "7561 Center Ave  Huntington Beach, CA 92647",              "(714) 895-4128",       null, null,     6260009001, null) ;
INSERT INTO StoreTbl VALUES ( 62600090010482,   "Soul To Skin Rejuvention",                                 "5075 Warner Ave  Huntington Beach, CA 92649",              "(714) 866-8685",       null, null,     6260009001, null) ;
INSERT INTO StoreTbl VALUES ( 62600090010483,   "Aphrodites Tanning Lounge",                               "808 E Adams Ave  Huntington Beach, CA 92648",              "(949) 677-2247",       null, null,     6260009001, null) ;
INSERT INTO StoreTbl VALUES ( 62600090010484,   "John & Grace Hair Fashions",                               "8837 Adams Ave  Huntington Beach, CA 92646",               "(714) 968-0711",       null, null,     6260009001, null) ;
INSERT INTO StoreTbl VALUES ( 62600090010485,   "Dr. Garrett Wilchek DC",                                   "17822 Beach Blvd  Huntington Beach, CA 92647",             "(714) 375-4800",       null, null,     6260009001, null) ;
INSERT INTO StoreTbl VALUES ( 62600090010486,   "Lashes N Staches",                                         "9684 Cornwall dr  Huntington Beach, CA 92646",             "(714) 837-4308",       null, null,     6260009001, null) ;
INSERT INTO StoreTbl VALUES ( 62600090010487,   "Stylings By Omar",                                         "10090 Adams Ave  Huntington Beach, CA 92646",              "(949) 295-3411",       null, null,     6260009001, null) ;
INSERT INTO StoreTbl VALUES ( 62600090010488,   "Dermagraphics Inc",                                        "6172 Dundee Drive  Huntington Beach, CA 92647",            "(310) 784-0044",       null, null,     6260009001, null) ;
INSERT INTO StoreTbl VALUES ( 62600090010489,   "Oc Tan",                                                   "7862 Warner Ave  Huntington Beach, CA 92647",              "(714) 847-4700",       null, null,     6260009001, null) ;
INSERT INTO StoreTbl VALUES ( 62600090010490,   "Hair Den",                                                 "19034 Brookhurst St  Huntington Beach, CA 92646",          "(714) 963-3936",       null, null,     6260009001, null) ;
INSERT INTO StoreTbl VALUES ( 62600090010491,   "Beverly Glen Laboratories",                                "17011 Beach Blvd  Huntington Beach, CA 92647",             "(714) 848-5777",       null, null,     6260009001, null) ;
INSERT INTO StoreTbl VALUES ( 62600090010492,   "Lancasters Image Salon",                                  "16893 Beach Blvd  Huntington Beach, CA 92647",             "(714) 842-6540",       null, null,     6260009001, null) ;
INSERT INTO StoreTbl VALUES ( 62600090010493,   "Jafra Cosmetics Deanna McKelvie",                          "8401 Northport Dr  Huntington Beach, CA 92646",            "(714) 374-7733",       null, null,     6260009001, null) ;
INSERT INTO StoreTbl VALUES ( 62600090010494,   "European Touch Beauty Store",                              "8945 Atlanta Ave  Huntington Beach, CA 92646",             "(714) 969-6887",       null, null,     6260009001, null) ;
INSERT INTO StoreTbl VALUES ( 62600090010495,   "The Sunset Hair Salon",                                    "16461 Pacific Coast Hwy  Huntington Beach, CA 92649",      "(562) 592-7722",       null, null,     6260009001, null) ;
INSERT INTO StoreTbl VALUES ( 62600090010496,   "Super Top Nails",                                          "17212 Pacific Coast Hwy  Huntington Beach, CA 92649",      "(562) 592-9444",       null, null,     6260009001, null) ;  -- cosm
INSERT INTO StoreTbl VALUES ( 62600090010497,   "Hair Harbor",                                              "5052 Edinger Ave  Huntington Beach, CA 92649",             "(714) 846-9344",       null, null,     6260009001, null) ;
INSERT INTO StoreTbl VALUES ( 62600090010498,   "Paradise Nails",                                           "6482 Edinger Ave  Huntington Beach, CA 92647",             "(714) 840-5799",       null, null,     6260009001, null) ;  -- cosm
INSERT INTO StoreTbl VALUES ( 62600090010499,   "USA Hair & Nails",                                         "7066 Edinger Ave  Huntington Beach, CA 92647",             "(714) 847-5717",       null, null,     6260009001, null) ;  -- cosm
INSERT INTO StoreTbl VALUES ( 62600090010500,   "Staci Sarkisian Beauty",                                   "22311 Brookhurst St.  Huntington Beach, CA 92646",         "(714) 968-2424",       null, null,     6260009001, null) ;
INSERT INTO StoreTbl VALUES ( 62600090010501,   "Beauty by Katie Elizabeth",                                "Orange County/Inland Empire  Huntington Beach, CA",        "(949) 612-5561",       null, null,     6260009001, null) ;
INSERT INTO StoreTbl VALUES ( 62600090010502,   "Healing Touch",                                            "19900 Beach Blvd  Huntington Beach, CA 92648",             "(714) 861-4100",       null, null,     6260009001, null) ;
INSERT INTO StoreTbl VALUES ( 62600090010503,   "Nails by Marilyn",                                         "5942 Edinger Ave  Huntington Beach, CA 92649",             "(714) 377-9194",       null, null,     6260009001, null) ;  -- cosm
INSERT INTO StoreTbl VALUES ( 62600090010504,   "Carols of Huntington Beach",                              "8837 Adams Ave  Huntington Beach, CA 92646",               "(714) 963-7666",       null, null,     6260009001, null) ;
INSERT INTO StoreTbl VALUES ( 62600090010505,   "OC Microblading",                                          "8921 Adams  Huntington Beach, CA 92646",                   "(714) 625-5820",       null, null,     6260009001, null) ;
INSERT INTO StoreTbl VALUES ( 62600090010506,   "Dollface hair and skin",                                   "16416 Beach Blvd  Huntington Beach, CA 92647",             "(714) 887-3712",       null, null,     6260009001, null) ;
INSERT INTO StoreTbl VALUES ( 62600090010507,   "Super Hair & Nail",                                        "19035 Bushard St  Huntington Beach, CA 92646",             "(714) 968-3129",       null, null,     6260009001, null) ;  -- cosm
INSERT INTO StoreTbl VALUES ( 62600090010508,   "Salon Elite",                                              "16479 Springdale St  Huntington Beach, CA 92649",          "(714) 846-2340",       null, null,     6260009001, null) ;
INSERT INTO StoreTbl VALUES ( 62600090010509,   "Jafra Cosmetics",                                          "8401 Northport Dr  Huntington Beach, CA 92646",            "(714) 374-7733",       null, null,     6260009001, null) ;
INSERT INTO StoreTbl VALUES ( 62600090010510,   "Sunline",                                                  "410 Main St  Huntington Beach, CA 92648",                  "(714) 536-0784",       null, null,     6260009001, null) ;
INSERT INTO StoreTbl VALUES ( 62600090010511,   "Johns Creative Nails",                                     "15922 Springdale St  Huntington Beach, CA 92649",          "(714) 897-5222",       null, null,     6260009001, null) ;  -- cosm
INSERT INTO StoreTbl VALUES ( 62600090010512,   "Cuties With Locks",                                        "Huntington Beach, CA 92648",                               "(949) 288-3143",       null, null,     6260009001, null) ;
INSERT INTO StoreTbl VALUES ( 62600090010513,   "Cowan Linda Re",                                           "8101 Newman Ave  Huntington Beach, CA 92647",              "(714) 848-0770",       null, null,     6260009001, null) ;
INSERT INTO StoreTbl VALUES ( 62600090010514,   "Hair Image",                                               "15471 Edwards St  Huntington Beach, CA 92647",             "(714) 892-3293",       null, null,     6260009001, null) ;
INSERT INTO StoreTbl VALUES ( 62600090010515,   "Holistic Body Harmony",                                    "5 Pacific Coast Hwy  Huntington Beach, CA 92648",          "(562) 665-4385",       null, null,     6260009001, null) ;
INSERT INTO StoreTbl VALUES ( 62600090010516,   "Tru Nails by Lieng",                                       "15571 Container Ln  Huntington Beach, CA 92649",           "(714) 893-6245",       null, null,     6260009001, null) ;  -- cosm
INSERT INTO StoreTbl VALUES ( 62600090010517,   "Gabel Holdings Company",                                   "15571 Container Ln  Huntington Beach, CA 92649",           "(714) 893-6245",       null, null,     6260009001, null) ;
INSERT INTO StoreTbl VALUES ( 62600090010518,   "B V Electrology",                                          "19034 Brookhurst St  Huntington Beach, CA 92646",          "(714) 593-6385",       null, null,     6260009001, null) ;
INSERT INTO StoreTbl VALUES ( 62600090010519,   "Nail Art A La Carte",                                      "Huntington Beach, CA 92646",                               "(714) 840-7504",       null, null,     6260009001, null) ;  -- art-- cosm
INSERT INTO StoreTbl VALUES ( 62600090010520,   "Sun Distributing",                                         "15200 Transistor Ln  Huntington Beach, CA 92649",          "(714) 799-2800",       null, null,     6260009001, null) ;
INSERT INTO StoreTbl VALUES ( 62600090010521,   "Mellow Me Massage Therapy",                                "Huntington Beach, CA 92646",                               "(714) 475-8842",       null, null,     6260009001, null) ;
INSERT INTO StoreTbl VALUES ( 62600090010522,   "Johansen Hair Stylist",                                    "Huntington Beach, CA 92646",                               "(714) 593-8312",       null, null,     6260009001, null) ;
INSERT INTO StoreTbl VALUES ( 62600090010523,   "Melissa Gonterman",                                        "Huntington Beach, CA 92646",                               "(714) 336-0549",       null, null,     6260009001, null) ;
INSERT INTO StoreTbl VALUES ( 62600090010524,   "Pivot Point International",                                "9741 La Cresta Cir  Huntington Beach, CA 92646",           "(714) 593-0381",       null, null,     6260009001, null) ;
INSERT INTO StoreTbl VALUES ( 62600090010525,   "No Lift Nails",                                            "5301 Business  Huntington Beach, CA 92646",                "(714) 897-0070",       null, null,     6260009001, null) ;  -- cosm
INSERT INTO StoreTbl VALUES ( 62600090010526,   "Nails By Kim",                                             "10090 Adams Ave  Huntington Beach, CA 92646",              "(714) 968-0541",       null, null,     6260009001, null) ;  -- cosm
INSERT INTO StoreTbl VALUES ( 62600090010527,   "Hair by Kailey Kocic",                                     "20052 Brookhurst St  Huntington Beach, CA 92646",          "(714) 580-2877",       null, null,     6260009001, null) ;
INSERT INTO StoreTbl VALUES ( 62600090010528,   "Vitas Skin Care",                                         "16672 Beach Blvd  Huntington Beach, CA 92647",             "(714) 933-5204",       null, null,     6260009001, null) ;
INSERT INTO StoreTbl VALUES ( 62600090010529,   "Beach City Hair Salon",                                    "9600 Hamilton Ave  Huntington Beach, CA 92646",            "(714) 962-2141",       null, null,     6260009001, null) ;  -- beach
INSERT INTO StoreTbl VALUES ( 62600090010530,   "Crystal Nail",                                             "9600 Hamilton Ave  Huntington Beach, CA 92646",            "(714) 962-8277",       null, null,     6260009001, null) ;  -- cosm
INSERT INTO StoreTbl VALUES ( 62600090010531,   "Chidester Cynthia Hairstylist",                            "16461 Pacific Coast Hwy  Huntington Beach, CA 92649",      "(562) 592-1111",       null, null,     6260009001, null) ;
INSERT INTO StoreTbl VALUES ( 62600090010532,   "Hamilton Cleaners",                                        "9572 Hamilton Ave",                                        "(714) 968-3633",       null, null,     6260009001, null) ;  -- cleaners
INSERT INTO StoreTbl VALUES ( 62600090010533,   "Beach & Adams Cleaners",                                   "19917 Beach Blvd",                                         "(714) 536-4919",       null, null,     6260009001, null) ;  -- cleaners
INSERT INTO StoreTbl VALUES ( 62600090010534,   "California Live Scan",                                     "18090 Beach Blvd",                                         "(714) 787-8765",       null, null,     6260009001, null) ;
INSERT INTO StoreTbl VALUES ( 62600090010535,   "TK Tailoring & Alterations",                               "16895 Beach Blvd",                                         "(714) 848-3132",       null, null,     6260009001, null) ;
INSERT INTO StoreTbl VALUES ( 62600090010536,   "Great Western Sanitary Supplies",                          "17552 Griffin Ln",                                         "(714) 536-6545",       null, null,     6260009001, null) ;
INSERT INTO StoreTbl VALUES ( 62600090010537,   "Pontrellis Interiors",                                    "18346 Gothard St",                                         "(714) 848-9944",       null, null,     6260009001, null) ;
INSERT INTO StoreTbl VALUES ( 62600090010538,   "Hydrocut Waterjet",                                        "18281 Gothard St",                                         "(714) 841-1803",       null, null,     6260009001, null) ;
INSERT INTO StoreTbl VALUES ( 62600090010539,   "Remis Computer Solutions",                                 "Huntington Beach, CA 92648",                               "(714) 794-5623",       null, null,     6260009001, null) ;
INSERT INTO StoreTbl VALUES ( 62600090010540,   "Five Points Cleaners",                                     "18685 Main St",                                            "(714) 847-2466",       null, null,     6260009001, null) ;  -- cleaners
INSERT INTO StoreTbl VALUES ( 62600090010541,   "Sun Rose Alterations",                                     "18318 Beach Blvd",                                         "(714) 847-3682",       null, null,     6260009001, null) ;
INSERT INTO StoreTbl VALUES ( 62600090010542,   "Orange Coast Computers & Recycling",                       "19148 Brookhurst St.",                                     "(714) 962-4884",       null, null,     6260009001, null) ;
INSERT INTO StoreTbl VALUES ( 62600090010543,   "Perfect Wash - Express Laundry Center",                    "420 17th St",                                              "(657) 464-9565",       null, null,     6260009001, null) ;  -- cleaners
INSERT INTO StoreTbl VALUES ( 62600090010544,   "First Source Appliance Repair",                            "19881 Brookhurst St",                                      "(714) 625-6089",       null, null,     6260009001, null) ;  -- repair
INSERT INTO StoreTbl VALUES ( 62600090010545,   "Harrys Fine Jewelry",                                     "6837 Warner Ave",                                          "(714) 848-5485",       null, null,     6260009001, null) ;  -- jewels
INSERT INTO StoreTbl VALUES ( 62600090010546,   "Peggys Perfect Fit",                                      "15049 Goldenwest St",                                      "(714) 897-3773",       null, null,     6260009001, null) ;
INSERT INTO StoreTbl VALUES ( 62600090010547,   "Beach Music",                                              "19400 Beach Blvd",                                         "(714) 378-9999",       null, null,     6260009001, null) ;
INSERT INTO StoreTbl VALUES ( 62600090010548,   "Harbour Cleaners",                                         "16562 Bolsa Chica St",                                     "(714) 846-2030",       null, null,     6260009001, null) ;  -- cleaners
INSERT INTO StoreTbl VALUES ( 62600090010549,   "House Upholstery",                                         "7501 Slater Ave",                                          "(562) 587-4606",       null, null,     6260009001, null) ;
INSERT INTO StoreTbl VALUES ( 62600090010550,   "Princess Bride Diamonds",                                  "7821 Edinger Ave",                                         "(714) 899-1122",       null, null,     6260009001, null) ;
INSERT INTO StoreTbl VALUES ( 62600090010551,   "European Fine Jewelry and Watches",                        "9033 Atlanta Ave",                                         "(714) 963-8600",       null, null,     6260009001, null) ;  -- jewels
INSERT INTO StoreTbl VALUES ( 62600090010552,   "FixMe",                                                    "17301 Beach Blvd",                                         "(714) 842-1280",       null, null,     6260009001, null) ;
INSERT INTO StoreTbl VALUES ( 62600090010553,   "Castagna Awnings",                                         "Huntington Beach, CA 92648",                               "(714) 374-7202",       null, null,     6260009001, null) ;
INSERT INTO StoreTbl VALUES ( 62600090010554,   "Mailbox Station",                                          "419 Main St",                                              "(714) 960-9603",       null, null,     6260009001, null) ;
INSERT INTO StoreTbl VALUES ( 62600090010555,   "South Coast BBQ Cleaning",                                 "Huntington Beach, CA 92647",                               "(949) 689-6756",       null, null,     6260009001, null) ;  -- wbq -- cleaning
INSERT INTO StoreTbl VALUES ( 62600090010556,   "Maxs Cleaners",                                           "19171 Magnolia St",                                        "(714) 968-3466",       null, null,     6260009001, null) ;  -- cleaners
INSERT INTO StoreTbl VALUES ( 62600090010557,   "Huntington Beach Chamber of Commerce",                     "2134 Main St",                                             "(714) 536-8888",       null, null,     6260009001, null) ;
INSERT INTO StoreTbl VALUES ( 62600090010558,   "HB Computers Sales / Repair",                              "7552 Warner Ave",                                          "(714) 878-8811",       null, null,     6260009001, null) ;  -- repair
INSERT INTO StoreTbl VALUES ( 62600090010559,   "Edindale Tuxedo & Tailoring",                              "5942 Edinger Ave",                                         "(714) 894-6561",       null, null,     6260009001, null) ;
INSERT INTO StoreTbl VALUES ( 62600090010560,   "Sign Pipers",                                              "7611 Slater Ave",                                          "(888) 469-8755",       null, null,     6260009001, null) ;
INSERT INTO StoreTbl VALUES ( 62600090010561,   "Matson Graphics",                                          "18920 Breezy Ln",                                          "(714) 596-5019",       null, null,     6260009001, null) ;
INSERT INTO StoreTbl VALUES ( 62600090010562,   "Custom Care Appliance Repair",                             "7451 Warner Ave",                                          "(714) 257-9444",       null, null,     6260009001, null) ;  -- repair
INSERT INTO StoreTbl VALUES ( 62600090010563,   "Jeff Computer Guy",                                        "16036 Springdale St",                                      "(206) 218-6867",       null, null,     6260009001, null) ;
INSERT INTO StoreTbl VALUES ( 62600090010564,   "Win Cleaners",                                             "18033 Beach Blvd",                                         "(714) 596-8885",       null, null,     6260009001, null) ;  -- cleaners
INSERT INTO StoreTbl VALUES ( 62600090010565,   "Spectrum Business Centers",                                "17871 Jamestown Ln",                                       "(714) 841-0888",       null, null,     6260009001, null) ;
INSERT INTO StoreTbl VALUES ( 62600090010566,   "HB Digital",                                               "1615 Alabama St",                                          "(714) 536-3939",       null, null,     6260009001, null) ;
INSERT INTO StoreTbl VALUES ( 62600090010567,   "Cali Shore Store",                                         "200 Main St",                                              "(609) 906-8152",       null, null,     6260009001, null) ;
INSERT INTO StoreTbl VALUES ( 62600090010568,   "The Cyclist HB",                                           "19729 Beach Blvd",                                         "(714) 594-3844",       null, null,     6260009001, null) ;
INSERT INTO StoreTbl VALUES ( 62600090010569,   "Printech",                                                 "17572 Griffin Ln",                                         "(714) 847-2200",       null, null,     6260009001, null) ;
INSERT INTO StoreTbl VALUES ( 62600090010570,   "Surf City Termite & Pest Control",                         "Huntington Beach, CA 92648",                               "(714) 655-1947",       null, null,     6260009001, null) ;
INSERT INTO StoreTbl VALUES ( 62600090010571,   "Browns Appliance Repair",                                 "Huntington Beach, CA 92646",                               "(714) 963-3722",       null, null,     6260009001, null) ;  -- repair
INSERT INTO StoreTbl VALUES ( 62600090010572,   "Kona Cleaners",                                            "20982 Brookhurst St",                                      "(714) 965-9152",       null, null,     6260009001, null) ;  -- cleaners
INSERT INTO StoreTbl VALUES ( 62600090010573,   "Surf City Cyclery",                                        "7470 Edinger Ave",                                         "(714) 842-1717",       null, null,     6260009001, null) ;
INSERT INTO StoreTbl VALUES ( 62600090010574,   "Specialized Coatings",                                     "5862 Research Dr",                                         "(714) 901-2628",       null, null,     6260009001, null) ;
INSERT INTO StoreTbl VALUES ( 62600090010575,   "Seashore Pest Control",                                    "16562 Gothard St",                                         "(714) 842-8003",       null, null,     6260009001, null) ;
INSERT INTO StoreTbl VALUES ( 62600090010576,   "Jms Technical Solutions",                                  "4772 Tiara Dr",                                            "(714) 585-9267",       null, null,     6260009001, null) ;
INSERT INTO StoreTbl VALUES ( 62600090010577,   "InkSplashPrinting",                                        "Huntington Beach, CA 92646",                               "(657) 464-4465",       null, null,     6260009001, null) ;
INSERT INTO StoreTbl VALUES ( 62600090010578,   "Kuzu",                                                     "7664 Edinger Ave",                                         "(714) 596-5533",       null, null,     6260009001, null) ;
INSERT INTO StoreTbl VALUES ( 62600090010579,   "I Notarize OC",                                            "Huntington Beach, CA 92646",                               "(949) 500-6301",       null, null,     6260009001, null) ;
INSERT INTO StoreTbl VALUES ( 62600090010580,   "Ace Cleaners",                                             "5938 Warner Ave",                                          "(714) 840-3218",       null, null,     6260009001, null) ;  -- cleaners
INSERT INTO StoreTbl VALUES ( 62600090010581,   "1-Step Ahead",                                             "7602 Talbert Ave",                                         "(714) 594-3457",       null, null,     6260009001, null) ;
INSERT INTO StoreTbl VALUES ( 62600090010582,   "Universal Dry Cleaners",                                   "18822 Beach Blvd",                                         "(714) 378-0838",       null, null,     6260009001, null) ;  -- cleaners
INSERT INTO StoreTbl VALUES ( 62600090010583,   "Atlas Cleaners",                                           "6827 Warner Ave",                                          "(714) 848-7133",       null, null,     6260009001, null) ;  -- cleaners
INSERT INTO StoreTbl VALUES ( 62600090010584,   "Acme Bail Bonds",                                          "18685 Main St",                                            "(562) 286-2660",       null, null,     6260009001, null) ;
INSERT INTO StoreTbl VALUES ( 62600090010585,   "Ayres Self Storage - Huntington Beach",                    "7012 Ernest Dr",                                           "(714) 848-7314",       null, null,     6260009001, null) ;  -- storage
INSERT INTO StoreTbl VALUES ( 62600090010586,   "Huntington Beach Community Forum",                         "Huntington Beach, CA",                                     "(424) 214-0228",       null, null,     6260009001, null) ;
INSERT INTO StoreTbl VALUES ( 62600090010587,   "Bausman and Father Furniture Refinishing",                 "17381 Nichols Ln",                                         "(714) 847-0908",       null, null,     6260009001, null) ;
INSERT INTO StoreTbl VALUES ( 62600090010588,   "A Metal Craft",                                            "17381 Nichols St",                                         "(714) 842-2230",       null, null,     6260009001, null) ;
INSERT INTO StoreTbl VALUES ( 62600090010589,   "Banners USA",                                              "7680 Talbert Ave",                                         "(800) 804-3777",       null, null,     6260009001, null) ;
INSERT INTO StoreTbl VALUES ( 62600090010590,   "PC Tech Troop",                                            "16787 Beach Blvd",                                         "(714) 847-3462",       null, null,     6260009001, null) ;
INSERT INTO StoreTbl VALUES ( 62600090010591,   "Pack N Ship",                                              "16458 Bolsa Chica St",                                     "(714) 840-5759",       null, null,     6260009001, null) ;
INSERT INTO StoreTbl VALUES ( 62600090010592,   "OC Tech Dr",                                               "8941 Atlanta Ave",                                         "(714) 916-5011",       null, null,     6260009001, null) ;
INSERT INTO StoreTbl VALUES ( 62600090010593,   "Curtis Crater Appliance Company",                          "20831 Catamaran Ln",                                       "(714) 894-8050",       null, null,     6260009001, null) ;
INSERT INTO StoreTbl VALUES ( 62600090010594,   "Public Storage",                                           "16212 Gothard Street",                                     "(866) 677-5147",       null, null,     6260009001, null) ;  -- storage
INSERT INTO StoreTbl VALUES ( 62600090010595,   "C & R Diamond Jewelers",                                   "17959 Beach Blvd",                                         "(714) 596-5488",       null, null,     6260009001, null) ;
INSERT INTO StoreTbl VALUES ( 62600090010596,   "Mm Tailor",                                                "10054 Adams Ave",                                          "(714) 968-9272",       null, null,     6260009001, null) ;
INSERT INTO StoreTbl VALUES ( 62600090010597,   "Lytle Screen Printing",                                    "21572 Surveyor Cir",                                       "(714) 969-2424",       null, null,     6260009001, null) ;
INSERT INTO StoreTbl VALUES ( 62600090010598,   "May Day Yacht Hull Cleaning",                              "Huntington Beach, CA 92649",                               "(714) 719-6770",       null, null,     6260009001, null) ;  -- cleaning
INSERT INTO StoreTbl VALUES ( 62600090010599,   "OC Watch Guy",                                             "16360 Pacific Coast Hwy",                                  "(714) 353-9539",       null, null,     6260009001, null) ;
INSERT INTO StoreTbl VALUES ( 62600090010600,   "Best Cleaners",                                            "10035 Adams Ave",                                          "(714) 968-0879",       null, null,     6260009001, null) ;  -- cleaners
INSERT INTO StoreTbl VALUES ( 62600090010601,   "T1 Cleaners",                                              "19019 Bushard St",                                         "(714) 965-0058",       null, null,     6260009001, null) ;  -- cleaners
INSERT INTO StoreTbl VALUES ( 62600090010602,   "B&b Cleaner",                                              "6486 Edinger Ave",                                         "(714) 846-4606",       null, null,     6260009001, null) ;  -- cleaners
INSERT INTO StoreTbl VALUES ( 62600090010603,   "HB SoundStage",                                            "18582 Beach Blvd",                                         "(714) 243-8351",       null, null,     6260009001, null) ;
INSERT INTO StoreTbl VALUES ( 62600090010604,   "A-Best Pest & Termite Inc.",                               "7451 Warner Ave",                                          "(866) 946-8284",       null, null,     6260009001, null) ;
INSERT INTO StoreTbl VALUES ( 62600090010605,   "Rose Cleaners",                                            "19486 Beach Blvd",                                         "(714) 963-2653",       null, null,     6260009001, null) ;  -- cleaners
INSERT INTO StoreTbl VALUES ( 62600090010606,   "Advantage Funeral - Cremation Services",                   "627 Main St",                                              "(714) 408-9274",       null, null,     6260009001, null) ;
INSERT INTO StoreTbl VALUES ( 62600090010607,   "Rainbow Carpet Care",                                      "Huntington Beach, CA 92646",                               "(714) 960-5062",       null, null,     6260009001, null) ;
INSERT INTO StoreTbl VALUES ( 62600090010608,   "Surf City Beach Cruisers",                                 "19171 Magnolia St",                                        "(714) 321-4408",       null, null,     6260009001, null) ;  -- beach
INSERT INTO StoreTbl VALUES ( 62600090010609,   "Firefly Music Studio",                                     "8152 Marseille Dr",                                        "(714) 642-5942",       null, null,     6260009001, null) ;
INSERT INTO StoreTbl VALUES ( 62600090010610,   "Help 4 You Legal Document Services",                       "17131 Beach Blvd",                                         "(714) 847-6232",       null, null,     6260009001, null) ;
INSERT INTO StoreTbl VALUES ( 62600090010611,   "NLD Graphics and Printing",                                "17610 Beach Blvd",                                         "(714) 375-1221",       null, null,     6260009001, null) ;
INSERT INTO StoreTbl VALUES ( 62600090010612,   "Sparkling Cleaners",                                       "8931 Adams Ave",                                           "(714) 963-9208",       null, null,     6260009001, null) ;  -- cosm-- cleaners
INSERT INTO StoreTbl VALUES ( 62600090010613,   "Orange County Imprints",                                   "17381 Nichols Ln",                                         "(714) 847-8653",       null, null,     6260009001, null) ;
INSERT INTO StoreTbl VALUES ( 62600090010614,   "Treebark Termite and Pest Control",                        "17011 Beach Blvd",                                         "(714) 406-5501",       null, null,     6260009001, null) ;
INSERT INTO StoreTbl VALUES ( 62600090010615,   "Safe Skies",                                               "Huntington Beach, CA 92647",                               "(877) 287-2038",       null, null,     6260009001, null) ;
INSERT INTO StoreTbl VALUES ( 62600090010616,   "Bryan The Computer Guy",                                   "Huntington Beach, CA 92647",                               "(714) 609-1791",       null, null,     6260009001, null) ;
INSERT INTO StoreTbl VALUES ( 62600090010617,   "Shorinji Kempo",                                           "5702 Clark Dr",                                            "(714) 585-2162",       null, null,     6260009001, null) ;
INSERT INTO StoreTbl VALUES ( 62600090010618,   "Lost Car Embroidery",                                      "7283 Murdy Circle",                                        "(657) 215-2437",       null, null,     6260009001, null) ;
INSERT INTO StoreTbl VALUES ( 62600090010619,   "Vip Cleaners",                                             "7011 Warner Ave",                                          "(714) 847-1222",       null, null,     6260009001, null) ;  -- cleaners
INSERT INTO StoreTbl VALUES ( 62600090010620,   "DR Help Tech",                                             "Huntington Beach, CA",                                     "(714) 584-4357",       null, null,     6260009001, null) ;
INSERT INTO StoreTbl VALUES ( 62600090010621,   "PROMACS",                                                  "16787 Beach Blvd",                                         "(714) 805-8725",       null, null,     6260009001, null) ;
INSERT INTO StoreTbl VALUES ( 62600090010622,   "Gary Bell Computer Consulting",                            "Huntington Beach, CA 92649",                               "(714) 625-8183",       null, null,     6260009001, null) ;
INSERT INTO StoreTbl VALUES ( 62600090010623,   "Brookease Diaper Service",                                 "7071 Warner Ave",                                          "(714) 798-3273",       null, null,     6260009001, null) ;
INSERT INTO StoreTbl VALUES ( 62600090010624,   "Surf City Coin Laundry",                                   "6949 Warner Ave",                                          "(714) 848-1935",       null, null,     6260009001, null) ;  -- cleaners
INSERT INTO StoreTbl VALUES ( 62600090010625,   "MILCO Wire EDM & Waterjet",                                "15221 Connector Ln",                                       "(714) 373-0098",       null, null,     6260009001, null) ;
INSERT INTO StoreTbl VALUES ( 62600090010626,   "AJ Graphics",                                              "15202 Transistor Ln",                                      "(714) 894-4415",       null, null,     6260009001, null) ;
INSERT INTO StoreTbl VALUES ( 62600090010627,   "By the Sea Cleaners",                                      "16561 Bolsa Chica St",                                     "(714) 846-2774",       null, null,     6260009001, null) ;  -- cleaners
INSERT INTO StoreTbl VALUES ( 62600090010628,   "California Cobbler",                                       "6853 Warner Ave",                                          "(714) 847-2447",       null, null,     6260009001, null) ;
INSERT INTO StoreTbl VALUES ( 62600090010629,   "The New Era Print Shop",                                   "4911 Warner Ave",                                          "(714) 675-2424",       null, null,     6260009001, null) ;
INSERT INTO StoreTbl VALUES ( 62600090010630,   "The Bee Man",                                              "216 Oswego #3",                                            "(714) 882-3655",       null, null,     6260009001, null) ;
INSERT INTO StoreTbl VALUES ( 62600090010631,   "Family Daycare Home",                                      "8202 Friesland Dr",                                        "(714) 487-4756",       null, null,     6260009001, null) ;
INSERT INTO StoreTbl VALUES ( 62600090010632,   "Max Global Appliance Repair",                              "8261 Manifesto Cir",                                       "(714) 698-8873",       null, null,     6260009001, null) ;  -- repair
INSERT INTO StoreTbl VALUES ( 62600090010633,   "Fix It",                                                   "417 Main St",                                              "(949) 500-0330",       null, null,     6260009001, null) ;
INSERT INTO StoreTbl VALUES ( 62600090010634,   "Coaches Choice",                                           "15592 Producer Ln",                                        "(714) 373-0130",       null, null,     6260009001, null) ;
INSERT INTO StoreTbl VALUES ( 62600090010635,   "Delaware Print House",                                     "7712 Talbert Ave",                                         "(714) 655-9566",       null, null,     6260009001, null) ;
INSERT INTO StoreTbl VALUES ( 62600090010636,   "Blue Chip Pest Control",                                   "16691 Gothard St",                                         "(714) 375-1688",       null, null,     6260009001, null) ;
INSERT INTO StoreTbl VALUES ( 62600090010637,   "Ohana Promos",                                             "5267 Warner Ave",                                          "(949) 459-9014",       null, null,     6260009001, null) ;
INSERT INTO StoreTbl VALUES ( 62600090010638,   "Pristine Carpet Steam Cleaning",                           "Huntington Beach, CA 92647",                               "(714) 499-4690",       null, null,     6260009001, null) ;  -- cleaning
INSERT INTO StoreTbl VALUES ( 62600090010639,   "BrightStar Learning Center",                               "6621 Glen Dr",                                             "(714) 895-4063",       null, null,     6260009001, null) ;
INSERT INTO StoreTbl VALUES ( 62600090010640,   "V I P Cleaners",                                           "9116 Adams Ave",                                           "(714) 962-2066",       null, null,     6260009001, null) ;  -- cleaners
INSERT INTO StoreTbl VALUES ( 62600090010641,   "Golden State Signs & Banners",                             "16562 Gothard St",                                         "(714) 847-1718",       null, null,     6260009001, null) ;
INSERT INTO StoreTbl VALUES ( 62600090010642,   "Professional Best Cleaners",                               "17461 Beach Blvd",                                         "(714) 842-9840",       null, null,     6260009001, null) ;  -- cleaners
INSERT INTO StoreTbl VALUES ( 62600090010643,   "Beach Cleaners",                                           "21128 Beach Blvd",                                         "(714) 969-4773",       null, null,     6260009001, null) ;  -- cleaners
INSERT INTO StoreTbl VALUES ( 62600090010644,   "Action Jack Professional Cleaning",                        "19142 Tigerfish Cir",                                      "(714) 378-9088",       null, null,     6260009001, null) ;  -- cleaning
INSERT INTO StoreTbl VALUES ( 62600090010645,   "A-1 Self Storage",                                         "17292 Gothard St",                                         "(714) 902-9966",       null, null,     6260009001, null) ;  -- storage
INSERT INTO StoreTbl VALUES ( 62600090010646,   "HB Velo Cyclery",                                          "9891 Hamilton Ave",                                        "(949) 329-3203",       null, null,     6260009001, null) ;
INSERT INTO StoreTbl VALUES ( 62600090010647,   "Orange Coast Bail Bonds",                                  "419 Main St",                                              "(714) 269-6558",       null, null,     6260009001, null) ;
INSERT INTO StoreTbl VALUES ( 62600090010648,   "T & D Cleaners",                                           "21582 Brookhurst St",                                      "(714) 965-1944",       null, null,     6260009001, null) ;  -- cleaners
INSERT INTO StoreTbl VALUES ( 62600090010649,   "Pacific Tailoring Alterations",                            "8849 Adams Ave",                                           "(714) 963-1338",       null, null,     6260009001, null) ;
INSERT INTO StoreTbl VALUES ( 62600090010650,   "Leroys Pest Control",                                     "Huntington Beach, CA",                                     "(714) 841-9597",       null, null,     6260009001, null) ;
INSERT INTO StoreTbl VALUES ( 62600090010651,   "Classic Cleaners",                                         "16071 Bolsa Chica St",                                     "(714) 846-0888",       null, null,     6260009001, null) ;  -- cleaners
INSERT INTO StoreTbl VALUES ( 62600090010652,   "Sax Gown Preservation",                                    "7168 Edinger Ave",                                         "(714) 848-8806",       null, null,     6260009001, null) ;
INSERT INTO StoreTbl VALUES ( 62600090010653,   "Express Valet Cleaners",                                   "17862 Jamestown Ln",                                       "(714) 841-8742",       null, null,     6260009001, null) ;  -- cleaners
INSERT INTO StoreTbl VALUES ( 62600090010654,   "US Post Office",                                           "9151 Atlanta Ave",                                         "(714) 963-0621",       null, null,     6260009001, null) ;
INSERT INTO StoreTbl VALUES ( 62600090010655,   "A-1 Certified Appliance Repair",                           "Huntington Beach, CA 92646",                               "(714) 745-2292",       null, null,     6260009001, null) ;  -- repair
INSERT INTO StoreTbl VALUES ( 62600090010656,   "Black Diamond Custom Upholstery",                          "5395 Industrial Dr",                                       "(714) 372-3700",       null, null,     6260009001, null) ;
INSERT INTO StoreTbl VALUES ( 62600090010657,   "Valley Dental Equipment Inc.",                             "16835 Algonquin St",                                       "(714) 357-6206",       null, 0014,     6260009001, null) ;  -- med, dental
INSERT INTO StoreTbl VALUES ( 62600090010658,   "SubliWest Art & Graphics",                                 "Huntington Beach, CA 92646",                               "(714) 794-9532",       null, null,     6260009001, null) ;
INSERT INTO StoreTbl VALUES ( 62600090010659,   "Kiddie Academy of Huntington Beach",                       "19342 Beach Blvd",                                         "(714) 968-0078",       null, null,     6260009001, null) ;
INSERT INTO StoreTbl VALUES ( 62600090010660,   "The Computer Doctor",                                      "PO Box 6755",                                              "(714) 357-4314",       null, 0014,     6260009001, null) ;  -- med
INSERT INTO StoreTbl VALUES ( 62600090010661,   "Seacliff Family YMCA",                                     "6701 Garfield Ave",                                        "(714) 596-5411",       null, null,     6260009001, null) ;
INSERT INTO StoreTbl VALUES ( 62600090010662,   "ErrandRunnerUSA",                                          "Huntington Beach, CA 92646",                               "(714) 475-8010",       null, null,     6260009001, null) ;
INSERT INTO StoreTbl VALUES ( 62600090010663,   "24/7 Wireless",                                            "17552 Beach Blvd",                                         "(714) 847-5969",       null, null,     6260009001, null) ;
INSERT INTO StoreTbl VALUES ( 62600090010664,   "Precision Stitches",                                       "15641 Chemical Ln",                                        "(714) 893-2700",       null, null,     6260009001, null) ;
INSERT INTO StoreTbl VALUES ( 62600090010665,   "NDS Copier & Printer Services",                            "5122 Bolsa Ave",                                           "(657) 334-6024",       null, null,     6260009001, null) ;
INSERT INTO StoreTbl VALUES ( 62600090010666,   "St. Wilfrids Episcopal Preschool",                        "18631 Chapel Ln",                                          "(714) 968-3100",       null, null,     6260009001, null) ;
INSERT INTO StoreTbl VALUES ( 62600090010667,   "AIM Mail Center",                                          "9121 Atlanta Ave",                                         "(714) 965-7874",       null, null,     6260009001, null) ;
INSERT INTO StoreTbl VALUES ( 62600090010668,   "Surf City Studios",                                        "15248 Transistor Ln",                                      "(714) 227-0790",       null, null,     6260009001, null) ;
INSERT INTO StoreTbl VALUES ( 62600090010669,   "13th Street Guitars",                                      "7391 Warner Ave",                                          "(714) 596-5050",       null, null,     6260009001, null) ;
INSERT INTO StoreTbl VALUES ( 62600090010670,   "Fico Appliance Service",                                   "9073 Adams Ave",                                           "(714) 968-4881",       null, null,     6260009001, null) ;
INSERT INTO StoreTbl VALUES ( 62600090010671,   "Dons Coastal Carpet & Upholstery Cleaning",               "Huntington Beach, CA 92646",                               "(714) 962-5858",       null, null,     6260009001, null) ;  -- cleaning
INSERT INTO StoreTbl VALUES ( 62600090010672,   "Patriot PC Solutions",                                     "Huntington Beach, CA 92646",                               "(714) 962-8750",       null, null,     6260009001, null) ;
INSERT INTO StoreTbl VALUES ( 62600090010673,   "Bevs Day Care",                                           "8521 Judy Cir",                                            "(714) 904-8300",       null, null,     6260009001, null) ;
INSERT INTO StoreTbl VALUES ( 62600090010674,   "Alkapi Huntingon Beach",                                   "5842 Edinger Ave",                                         "(714) 377-5896",       null, null,     6260009001, null) ;  -- beach
INSERT INTO StoreTbl VALUES ( 62600090010675,   "Little Green Cobbler",                                     "6853 Warner Ave",                                          "(714) 846-1237",       null, null,     6260009001, null) ;
INSERT INTO StoreTbl VALUES ( 62600090010676,   "Underground Squeegee",                                     "15802 Springdale St",                                      "(714) 512-6288",       null, null,     6260009001, null) ;
INSERT INTO StoreTbl VALUES ( 62600090010677,   "Coastal Carpet & Upholstery Cleaning",                     "9402 Velardo Dr",                                          "(714) 968-2898",       null, null,     6260009001, null) ;  -- cleaning
INSERT INTO StoreTbl VALUES ( 62600090010678,   "Thomas John A Crane & Trucking Co",                        "18851 Stewart St",                                         "(714) 556-1834",       null, null,     6260009001, null) ;  -- trucking
INSERT INTO StoreTbl VALUES ( 62600090010679,   "DG Industries",                                            "9114 Adams Ave",                                           "(949) 891-2704",       null, null,     6260009001, null) ;
INSERT INTO StoreTbl VALUES ( 62600090010680,   "Lido Cleaners",                                            "8925 Atlanta Ave",                                         "(714) 960-3830",       null, null,     6260009001, null) ;  -- cleaners
INSERT INTO StoreTbl VALUES ( 62600090010681,   "Silver Gan Israel Day Camp",                               "14401 Willow Ln",                                          "(949) 381-5610",       null, null,     6260009001, null) ;
INSERT INTO StoreTbl VALUES ( 62600090010682,   "Little House of Repair",                                   "7942 Cypress Dr",                                          "(714) 848-1951",       null, null,     6260009001, null) ;  -- repair
INSERT INTO StoreTbl VALUES ( 62600090010683,   "Fun & Safe Daycare",                                       "Huntington Beach, CA 92646",                               "(714) 962-3177",       null, null,     6260009001, null) ;
INSERT INTO StoreTbl VALUES ( 62600090010684,   "Air Now Supply",                                           "5362 Bolsa Ave",                                           "(714) 379-5800",       null, null,     6260009001, null) ;
INSERT INTO StoreTbl VALUES ( 62600090010685,   "HB Fast Print",                                            "17610 Beach Blvd",                                         "(714) 848-0015",       null, null,     6260009001, null) ;
INSERT INTO StoreTbl VALUES ( 62600090010686,   "Ngoc Tailor Professional Service & Alteration",            "6858 Edinger Ave",                                         "(714) 468-7519",       null, null,     6260009001, null) ;
INSERT INTO StoreTbl VALUES ( 62600090010687,   "Extra Space Storage",                                      "7531 McFadden Ave",                                        "(714) 895-9510",       null, null,     6260009001, null) ;  -- cosm-- storage
INSERT INTO StoreTbl VALUES ( 62600090010688,   "Allspace Self Storage - Huntington Beach",                 "8564 Hamilton Ave",                                        "(714) 485-0227",       null, null,     6260009001, null) ;  -- storage
INSERT INTO StoreTbl VALUES ( 62600090010689,   "Orange County Carpet Cleaning Company",                    "15601 Producer Ln",                                        "(714) 799-3952",       null, null,     6260009001, null) ;  -- cleaning
INSERT INTO StoreTbl VALUES ( 62600090010690,   "Adams Electronics",                                       "7128 Edinger Ave",                                         "(714) 848-0110",       null, null,     6260009001, null) ;
INSERT INTO StoreTbl VALUES ( 62600090010691,   "HB Print",                                                 "18253 Gothard St",                                         "(714) 907-1222",       null, null,     6260009001, null) ;
INSERT INTO StoreTbl VALUES ( 62600090010692,   "Lucky Cleaners",                                           "9039 Atlanta Ave",                                         "(714) 962-2230",       null, null,     6260009001, null) ;  -- cleaners
INSERT INTO StoreTbl VALUES ( 62600090010693,   "Knott Plumbing",                                           "Huntington Beach, CA 92646",                               "(714) 362-6993",       null, null,     6260009001, null) ;
INSERT INTO StoreTbl VALUES ( 62600090010694,   "AAA Self Storage",                                         "7252 Saturn Dr",                                           "(714) 842-0043",       null, null,     6260009001, null) ;  -- storage
INSERT INTO StoreTbl VALUES ( 62600090010695,   "Oliver Twist Chimney Sweep & Air Duct Cleaning",           "17575 Morgan Ln",                                          "(714) 843-9944",       null, null,     6260009001, null) ;  -- cleaning
INSERT INTO StoreTbl VALUES ( 62600090010696,   "Cmw Welding",                                              "7501 Slater Ave",                                          "(714) 887-3202",       null, null,     6260009001, null) ;
INSERT INTO StoreTbl VALUES ( 62600090010697,   "Beachside Recycling",                                      "8601 Edison Ave",                                          "(714) 969-7638",       null, null,     6260009001, null) ;  -- beach
INSERT INTO StoreTbl VALUES ( 62600090010698,   "Network Metals",                                           "7402 Mountjoy Dr",                                         "(714) 654-6181",       null, null,     6260009001, null) ;
INSERT INTO StoreTbl VALUES ( 62600090010699,   "Seacliff Village Cleaners",                                "19431 Main St",                                            "(714) 960-4406",       null, null,     6260009001, null) ;  -- cleaners
INSERT INTO StoreTbl VALUES ( 62600090010700,   "Godspeed Burial at Sea",                                   "5881 Bellfield Ln",                                        "(714) 794-2003",       null, null,     6260009001, null) ;
INSERT INTO StoreTbl VALUES ( 62600090010701,   "Home Run Media Group",                                     "15562 Chemical Ln",                                        "(714) 901-0109",       null, null,     6260009001, null) ;
INSERT INTO StoreTbl VALUES ( 62600090010702,   "Beach Coin Laundry",                                       "Huntington Beach, CA 92648",                               "(714) 332-2991",       null, null,     6260009001, null) ;  -- beach-- cleaners
INSERT INTO StoreTbl VALUES ( 62600090010703,   "SoCal Industrial Services",                                "18359 Enterprise Ln",                                      "(949) 524-1174",       null, null,     6260009001, null) ;
INSERT INTO StoreTbl VALUES ( 62600090010704,   "Boardwalk Cleaners",                                       "16851 Algonquin St",                                       "(714) 846-0015",       null, null,     6260009001, null) ;  -- cleaners
INSERT INTO StoreTbl VALUES ( 62600090010705,   "Wiseguy Screen Printing",                                  "17912 Hallcroft Ln",                                       "(714) 330-3045",       null, null,     6260009001, null) ;
INSERT INTO StoreTbl VALUES ( 62600090010706,   "A-Ok Appliance Rentals",                                   "17831 Sampson Ln",                                         "(714) 842-7887",       null, null,     6260009001, null) ;
INSERT INTO StoreTbl VALUES ( 62600090010707,   "Lewis Cleaners",                                           "204 Adams Ave",                                            "(714) 960-9778",       null, null,     6260009001, null) ;  -- cleaners
INSERT INTO StoreTbl VALUES ( 62600090010708,   "Adams Cleaners",                                           "9033 Adams Ave",                                           "(714) 962-7590",       null, null,     6260009001, null) ;  -- cleaners
INSERT INTO StoreTbl VALUES ( 62600090010709,   "Caltime Metals",                                           "5402 Business",                                            "(714) 892-3307",       null, null,     6260009001, null) ;
INSERT INTO StoreTbl VALUES ( 62600090010710,   "Sunset Screen Printing",                                   "8580 Hamilton Ave",                                        "(714) 374-0369",       null, null,     6260009001, null) ;
INSERT INTO StoreTbl VALUES ( 62600090010711,   "Alba Professional Embroidery",                             "7265 Murdy Cir",                                           "(714) 375-1970",       null, null,     6260009001, null) ;
INSERT INTO StoreTbl VALUES ( 62600090010712,   "Freds Soft Water",                                        "Huntington Beach, CA 92646",                               "(714) 545-3258",       null, null,     6260009001, null) ;
INSERT INTO StoreTbl VALUES ( 62600090010713,   "Copper Recovery",                                          "18072 Gothard St",                                         "(714) 842-1146",       null, null,     6260009001, null) ;
INSERT INTO StoreTbl VALUES ( 62600090010714,   "Boys & Girls Clubs of Huntington Beach",                   "2309 Delaware St",                                         "(714) 374-2600",       null, null,     6260009001, null) ;
INSERT INTO StoreTbl VALUES ( 62600090010715,   "SIR Speedy",                                               "15140 Transistor Ln",                                      "(714) 898-2628",       null, null,     6260009001, null) ;
INSERT INTO StoreTbl VALUES ( 62600090010716,   "West Coast Restoration",                                   "19881 Brookhurst",                                         "(714) 625-7595",       null, null,     6260009001, null) ;
INSERT INTO StoreTbl VALUES ( 62600090010717,   "Move Masters",                                             "7581 Quebec Dr",                                           "(949) 419-7748",       null, null,     6260009001, null) ;
INSERT INTO StoreTbl VALUES ( 62600090010718,   "Premier Mail Marketing",                                   "5482 Oceanus Dr",                                          "(714) 587-3224",       null, null,     6260009001, null) ;
INSERT INTO StoreTbl VALUES ( 62600090010719,   "Superb Restoration",                                       "Huntington Beach, CA 92648",                               "(888) 678-0004",       null, null,     6260009001, null) ;
INSERT INTO StoreTbl VALUES ( 62600090010720,   "Beach City Laundry",                                       "10132 Adams Ave",                                          "(714) 378-0777",       null, null,     6260009001, null) ;  -- beach-- cleaners
INSERT INTO StoreTbl VALUES ( 62600090010721,   "Sunbird Cleaning Services",                                "Huntington Beach, CA 92648",                               "(714) 849-4085",       null, null,     6260009001, null) ;  -- cleaning
INSERT INTO StoreTbl VALUES ( 62600090010722,   "HB Wear",                                                  "Huntington Beach, CA 92648",                               "(714) 271-8213",       null, null,     6260009001, null) ;
INSERT INTO StoreTbl VALUES ( 62600090010723,   "JC Computers",                                             "Huntington Beach, CA 92648",                               "(714) 455-9320",       null, null,     6260009001, null) ;
INSERT INTO StoreTbl VALUES ( 62600090010724,   "Intersyscorp",                                             "Huntington Beach, CA 92648",                               "(949) 229-1478",       null, null,     6260009001, null) ;
INSERT INTO StoreTbl VALUES ( 62600090010725,   "CPR PC Repair & Services",                                 "Huntington Beach, CA 92648",                               "(714) 362-6209",       null, null,     6260009001, null) ;  -- repair
INSERT INTO StoreTbl VALUES ( 62600090010726,   "PH Advertising and Marketing",                             "16162 Sher Ln",                                            "(714) 898-8858",       null, null,     6260009001, null) ;
INSERT INTO StoreTbl VALUES ( 62600090010727,   "Media Resurfacing Systems",                                "18101 Redondo Cir",                                        "(714) 841-0541",       null, null,     6260009001, null) ;
INSERT INTO StoreTbl VALUES ( 62600090010728,   "Hill Network Services",                                    "Huntington Beach, CA 92649",                               "(714) 369-8806",       null, null,     6260009001, null) ;
INSERT INTO StoreTbl VALUES ( 62600090010729,   "SCS Sharpening",                                           "17682 Metzler Ln",                                         "(714) 847-1416",       null, null,     6260009001, null) ;
INSERT INTO StoreTbl VALUES ( 62600090010730,   "Circle Termite Company",                                   "16892 Gothard St",                                         "(714) 848-6152",       null, null,     6260009001, null) ;
INSERT INTO StoreTbl VALUES ( 62600090010731,   "Rinaldis Child Care Concerns",                            "20451 Craimer Ln",                                         "(714) 964-4223",       null, null,     6260009001, null) ;
INSERT INTO StoreTbl VALUES ( 62600090010732,   "Yorktown Cleaners",                                        "9925 Yorktown Ave",                                        "(714) 963-4925",       null, null,     6260009001, null) ;  -- cleaners
INSERT INTO StoreTbl VALUES ( 62600090010733,   "Huntington Beach Bicycles",                                "15862 Springdale St",                                      "(714) 892-5519",       null, null,     6260009001, null) ;
INSERT INTO StoreTbl VALUES ( 62600090010734,   "Crown Cleaners",                                           "5935 Warner Ave",                                          "(714) 846-4221",       null, null,     6260009001, null) ;  -- cleaners
INSERT INTO StoreTbl VALUES ( 62600090010735,   "RePlanet Recycling",                                       "19081 Goldenwest St",                                      "(877) 737-5263",       null, null,     6260009001, null) ;
INSERT INTO StoreTbl VALUES ( 62600090010736,   "A-1 Mail Stop",                                            "9114 Adams Ave",                                           "(714) 964-1950",       null, null,     6260009001, null) ;
INSERT INTO StoreTbl VALUES ( 62600090010737,   "Sackin Metals",                                            "15201 Transistor Ln",                                      "(714) 891-4505",       null, null,     6260009001, null) ;
INSERT INTO StoreTbl VALUES ( 62600090010738,   "Sandia Plastics",                                          "15571 Container Ln",                                       "(714) 901-8400",       null, null,     6260009001, null) ;
INSERT INTO StoreTbl VALUES ( 62600090010739,   "Heritage Leather Repair",                                  "Huntington Beach, CA 92648",                               "(888) 610-3339",       null, null,     6260009001, null) ;  -- repair
INSERT INTO StoreTbl VALUES ( 62600090010740,   "Jewelry & Watch Repairs",                                  "6858 Edinger Ave",                                         "(714) 842-1244",       null, null,     6260009001, null) ;  -- repair
INSERT INTO StoreTbl VALUES ( 62600090010741,   "Ocean Breeze Cleaners",                                    "15471 Edwards St",                                         "(714) 897-1551",       null, null,     6260009001, null) ;  -- cleaners
INSERT INTO StoreTbl VALUES ( 62600090010742,   "Storage Outlet Huntington Beach",                          "8620 Hamilton Ave",                                        "(714) 793-8793",       null, null,     6260009001, null) ;  -- storage
INSERT INTO StoreTbl VALUES ( 62600090010743,   "Stainmasters Carpet Cleaning",                             "Huntington Beach, CA 95818",                               "(714) 400-2620",       null, null,     6260009001, null) ;  -- cleaning
INSERT INTO StoreTbl VALUES ( 62600090010744,   "Golden View School Day Care",                              "17251 Golden View Ln",                                     "(714) 847-3467",       null, null,     6260009001, null) ;
INSERT INTO StoreTbl VALUES ( 62600090010745,   "Orange County Food Storage",                               "7522 Slater Ave",                                          "(714) 726-6983",       null, null,     6260009001, null) ;  -- storage
INSERT INTO StoreTbl VALUES ( 62600090010746,   "Rons Custom PC",                                          "7522 Slater Ave",                                          "(855) 337-3800",       null, null,     6260009001, null) ;
INSERT INTO StoreTbl VALUES ( 62600090010747,   "Taylor Made Iron",                                         "7522 Slater Ave",                                          "(714) 309-0821",       null, null,     6260009001, null) ;
INSERT INTO StoreTbl VALUES ( 62600090010748,   "Kim R Coyle CPA & Associates",                             "4972 Warner Ave",                                          "(562) 592-4566",       null, null,     6260009001, null) ;
INSERT INTO StoreTbl VALUES ( 62600090010749,   "Time Center",                                              "9941 Adams Ave",                                           "(714) 962-6220",       null, null,     6260009001, null) ;
INSERT INTO StoreTbl VALUES ( 62600090010750,   "Rx Prescription Savings Program a Community Outreach",     "19th St",                                                  "(951) 330-4040",       null, null,     6260009001, null)    ;
INSERT INTO StoreTbl VALUES ( 62600090010751,   "Hat Trick",                                                "6068 Warner Ave",                                          "(714) 842-9222",       null, null,     6260009001, null) ;
INSERT INTO StoreTbl VALUES ( 62600090010752,   "Ink Direct",                                               "17572 Griffin Ln",                                         "(714) 775-8255",       null, null,     6260009001, null) ;
INSERT INTO StoreTbl VALUES ( 62600090010753,   "TRW Computers",                                            "19072 Beach Blvd",                                         "(714) 786-7047",       null, null,     6260009001, null) ;
INSERT INTO StoreTbl VALUES ( 62600090010754,   "Huntington Beach Appliance Repair",                        "16962 Goldenwest St",                                      "(714) 243-8415",       null, null,     6260009001, null) ;  -- repair
INSERT INTO StoreTbl VALUES ( 62600090010755,   "Society For The Prevention Of Cruelty To Animals",         "19891 Beach Blvd",                                         "(714) 374-7738",       null, null,     6260009001, null)    ;
INSERT INTO StoreTbl VALUES ( 62600090010756,   "Hope View School Day Care",                                "17622 Flintstone Ln",                                      "(714) 375-1976",       null, null,     6260009001, null) ;
INSERT INTO StoreTbl VALUES ( 62600090010757,   "Bail Bonds Huntington Beach",                              "18800 Main St",                                            "(657) 215-4484",       null, null,     6260009001, null) ;
INSERT INTO StoreTbl VALUES ( 62600090010758,   "iCracked Professional iPhone, iPod and iPad Repair",       "Huntington Beach, CA 92647",                               "(714) 681-1893",       null, null,     6260009001, null) ;  -- repair
INSERT INTO StoreTbl VALUES ( 62600090010759,   "Beach City Carpet Cleaning",                               "2211 Florida St",                                          "(657) 215-4423",       null, null,     6260009001, null) ;  -- beach -- cleaning
INSERT INTO StoreTbl VALUES ( 62600090010760,   "Star Computers",                                           "17301 Beach Blvd Ste 16",                                  "(714) 375-5922",       null, null,     6260009001, null) ;
INSERT INTO StoreTbl VALUES ( 62600090010761,   "HB Laptops",                                               "9803 Adams Ave",                                           "(714) 962-0696",       null, null,     6260009001, null) ;
INSERT INTO StoreTbl VALUES ( 62600090010762,   "Mail Box Express",                                         "19744 Beach Blvd",                                         "(714) 962-7108",       null, null,     6260009001, null) ;
INSERT INTO StoreTbl VALUES ( 62600090010763,   "PeasyPrint",                                               "7451 Warner Ave",                                          "(888) 315-4363",       null, null,     6260009001, null) ;
INSERT INTO StoreTbl VALUES ( 62600090010764,   "Smith Family YMCA",                                        "770 17th St",                                              "(714) 960-5553",       null, null,     6260009001, null) ;
INSERT INTO StoreTbl VALUES ( 62600090010765,   "Royale Dry Cleaners",                                      "9927 Hamilton Ave",                                        "(714) 963-2166",       null, null,     6260009001, null) ;  -- cleaners
INSERT INTO StoreTbl VALUES ( 62600090010766,   "Joahn A Crane Trucking Company.",                          "18851 Stewart St",                                         "(562) 592-2837",       null, null,     6260009001, null) ;  -- trucking
INSERT INTO StoreTbl VALUES ( 62600090010767,   "R Cleaners",                                               "10118 Adams Ave",                                          "(714) 964-3767",       null, null,     6260009001, null) ;  -- cleaners
INSERT INTO StoreTbl VALUES ( 62600090010768,   "CalAlimonyReform.org",                                     "7071 Warner Ave",                                          "(714) 842-5004",       null, null,     6260009001, null) ;
INSERT INTO StoreTbl VALUES ( 62600090010769,   "Specialized Mailing Services",                             "17451 Nichols Ln",                                         "(714) 274-2284",       null, null,     6260009001, null) ;
INSERT INTO StoreTbl VALUES ( 62600090010770,   "Beach City Computer Techs",                                "7071 Warner Ave",                                          "(714) 417-0061",       null, null,     6260009001, null) ;  -- beach
INSERT INTO StoreTbl VALUES ( 62600090010771,   "Reality Training Service",                                 "19895 Beach Blvd",                                         "(714) 960-8036",       null, null,     6260009001, null) ;
INSERT INTO StoreTbl VALUES ( 62600090010772,   "Custer Self Storage",                                      "18961 Gothard St",                                         "(714) 848-7691",       null, null,     6260009001, null) ;  -- storage
INSERT INTO StoreTbl VALUES ( 62600090010773,   "The Lint Man",                                             "21871 Newland St",                                         "(714) 500-7557",       null, null,     6260009001, null) ;
INSERT INTO StoreTbl VALUES ( 62600090010774,   "Surf City Mail & More!",                                   "19881 Brookhurst St",                                      "(714) 963-1477",       null, null,     6260009001, null) ;
INSERT INTO StoreTbl VALUES ( 62600090010775,   "Huntington Beach Live Scan Fingerprinting",                "17612 Beach Blvd",                                         "(714) 904-9844",       null, null,     6260009001, null) ;
INSERT INTO StoreTbl VALUES ( 62600090010776,   "Profe Fix Appliance Service",                              "6771 Warner Ave",                                          "(747) 231-7777",       null, null,     6260009001, null) ;
INSERT INTO StoreTbl VALUES ( 62600090010777,   "Fore-Most Live Scan & Notary Services",                    "17610 Beach Blvd",                                         "(714) 904-9844",       null, null,     6260009001, null) ;
INSERT INTO StoreTbl VALUES ( 62600090010778,   "AAA Mobile Notary & Paralegal",                            "17610 Beach Blvd",                                         "(714) 848-6677",       null, null,     6260009001, null) ;
INSERT INTO StoreTbl VALUES ( 62600090010779,   "Rookies Custom Printables",                                "210 Adams Ave",                                            "(714) 536-1272",       null, null,     6260009001, null) ;
INSERT INTO StoreTbl VALUES ( 62600090010780,   "Attivia",                                                  "706 E Utica St",                                           "(714) 330-0560",       null, null,     6260009001, null) ;
INSERT INTO StoreTbl VALUES ( 62600090010781,   "Huntington Beach Fast Print",                              "17610 Beach Blvd",                                         "(714) 375-6595",       null, null,     6260009001, null) ;
INSERT INTO StoreTbl VALUES ( 62600090010782,   "County of Orange Household Hazardous Waste Coll",          "17121 Nichols St",                                         "(714) 834-4000",       null, null,     6260009001, null) ;
INSERT INTO StoreTbl VALUES ( 62600090010783,   "Perry Family YMCA",                                        "19231 Harding Ln",                                         "(714) 968-6163",       null, null,     6260009001, null) ;
INSERT INTO StoreTbl VALUES ( 62600090010784,   "Dinner Wednesday Matchmaking",                             "7071 Warner Ave",                                          "(714) 369-8679",       null, null,     6260009001, null) ;
INSERT INTO StoreTbl VALUES ( 62600090010785,   "DNA Advertising & Marketing",                              "205 19th street",                                          "(714) 603-2945",       null, null,     6260009001, null) ;
INSERT INTO StoreTbl VALUES ( 62600090010786,   "Guardians of the Past Appraisal Services",                 "6241 W Warner Ave",                                        "(714) 655-8299",       null, null,     6260009001, null) ;
INSERT INTO StoreTbl VALUES ( 62600090010787,   "Oak View School",                                          "17131 Emerald Ln",                                         "(714) 843-6938",       null, null,     6260009001, null) ;
INSERT INTO StoreTbl VALUES ( 62600090010788,   "Living Water",                                             "10042 Adams Ave",                                          "(714) 593-3315",       null, null,     6260009001, null) ;
INSERT INTO StoreTbl VALUES ( 62600090010789,   "Surf City Hydroponics",                                    "7391 Warner Ave",                                          "(714) 847-7900",       null, null,     6260009001, null) ;
INSERT INTO StoreTbl VALUES ( 62600090010790,   "The Mail Secretary",                                       "5901 Warner Ave",                                          "(714) 846-5513",       null, null,     6260009001, null) ;
INSERT INTO StoreTbl VALUES ( 62600090010791,   "Mail Box Enterprises",                                     "7451 Warner Ave",                                          "(714) 843-6100",       null, null,     6260009001, null) ;
INSERT INTO StoreTbl VALUES ( 62600090010792,   "1-800-GOT-JUNK?",                                          "16942 Gothard St",                                         "(714) 841-3500",       null, null,     6260009001, null) ;
INSERT INTO StoreTbl VALUES ( 62600090010793,   "Decorating MD",                                            "416 Portland Cir",                                         "(714) 655-7332",       null, null,     6260009001, null) ;
INSERT INTO StoreTbl VALUES ( 62600090010794,   "Ultra Dry Cleaners",                                       "19072 Beach Blvd",                                         "(714) 963-1043",       null, null,     6260009001, null) ;  -- cleaners
INSERT INTO StoreTbl VALUES ( 62600090010795,   "Wizard Bail Bonds",                                        "2124 Main St",                                             "(800) 993-2245",       null, null,     6260009001, null) ;
INSERT INTO StoreTbl VALUES ( 62600090010796,   "Authorized Appliance Repair",                              "Huntington Beach, CA 92648",                               "(877) 309-7770",       null, null,     6260009001, null) ;
INSERT INTO StoreTbl VALUES ( 62600090010797,   "Enlightenment Computer Consulting",                        "Huntington Beach, CA",                                     "(714) 654-4573",       null, null,     6260009001, null) ;
INSERT INTO StoreTbl VALUES ( 62600090010798,   "Doc Support",                                              "20001 Beach Blvd",                                         "(855) 362-7877",       null, null,     6260009001, null) ;
INSERT INTO StoreTbl VALUES ( 62600090010799,   "Huntington Beach Appliance Repair Experts",                "412 Olive Ave",                                            "(714) 364-2302",       null, null,     6260009001, null) ;  -- repair
INSERT INTO StoreTbl VALUES ( 62600090010800,   "CBR Technology Corp.",                                     "15581 Sunburst Ln",                                        "(714) 901-5740",       null, null,     6260009001, null) ;
INSERT INTO StoreTbl VALUES ( 62600090010801,   "X-Tra Lite Optical",                                       "15865 Chemical Ln",                                        "(800) 878-9872",       null, null,     6260009001, null) ;
INSERT INTO StoreTbl VALUES ( 62600090010802,   "Main Street Marketing",                                    "17011 Beach Blvd",                                         "(800) 300-7730",       null, null,     6260009001, null) ;
INSERT INTO StoreTbl VALUES ( 62600090010803,   "New Hearts Corp",                                          "17011 Beach Blvd",                                         "(949) 300-1657",       null, null,     6260009001, null) ;
INSERT INTO StoreTbl VALUES ( 62600090010804,   "New Hearts Recovery Network",                              "17011 Beach Blvd",                                         "(866) 991-3182",       null, null,     6260009001, null) ;
INSERT INTO StoreTbl VALUES ( 62600090010805,   "Storage in Huntington Beach",                              "17011 Beach Blvd",                                         "(714) 464-2966",       null, null,     6260009001, null) ;  -- storage
INSERT INTO StoreTbl VALUES ( 62600090010806,   "Exhibit Transport",                                        "16651 Gothard St",                                         "(866) 888-4161",       null, null,     6260009001, null) ;
INSERT INTO StoreTbl VALUES ( 62600090010807,   "Ctekk",                                                    "7231 Garden Glen Ct",                                      "(714) 899-2259",       null, null,     6260009001, null) ;
INSERT INTO StoreTbl VALUES ( 62600090010808,   "J Donahue Guitars",                                        "16562 Gothard St",                                         "(714) 596-5344",       null, null,     6260009001, null) ;
INSERT INTO StoreTbl VALUES ( 62600090010809,   "Seashore Pest Control, Inc.",                              "16562 Gothard",                                            "(714) 842-8003",       null, null,     6260009001, null) ;
INSERT INTO StoreTbl VALUES ( 62600090010810,   "All American Carpet Pros",                                 "5267 Warner Ave.",                                         "(714) 292-5869",       null, null,     6260009001, null) ;
INSERT INTO StoreTbl VALUES ( 62600090010811,   "CPU CPR",                                                  "Huntington Beach, CA 92647",                               "(714) 345-0444",       null, null,     6260009001, null) ;
INSERT INTO StoreTbl VALUES ( 62600090010812,   "Jose Shoe Repair",                                         "9610 Hamilton Ave",                                        "(714) 360-3109",       null, null,     6260009001, null) ;  -- repair
INSERT INTO StoreTbl VALUES ( 62600090010813,   "Karemore Cleaners",                                        "21501 Brookhurst St",                                      "(714) 964-3992",       null, null,     6260009001, null) ;
INSERT INTO StoreTbl VALUES ( 62600090010814,   "Beach Cities Interface",                                   "525 Main St",                                              "(714) 969-4462",       null, null,     6260009001, null) ;  -- beach
INSERT INTO StoreTbl VALUES ( 62600090010815,   "Compassionate Wisdom Works",                               "16787 Beach Blvd",                                         "(714) 468-3464",       null, null,     6260009001, null) ;
INSERT INTO StoreTbl VALUES ( 62600090010816,   "2g Water Solutions",                                       "19241 Worchester Ln",                                      "(714) 512-8165",       null, null,     6260009001, null) ;
INSERT INTO StoreTbl VALUES ( 62600090010817,   "Termite Control Huntington Beach",                         "16791 Hoskins Ln",                                         "(657) 845-8190",       null, null,     6260009001, null) ;
INSERT INTO StoreTbl VALUES ( 62600090010818,   "Trinity Sign Company",                                     "419 Main St",                                              "(714) 841-9200",       null, null,     6260009001, null) ;
INSERT INTO StoreTbl VALUES ( 62600090010819,   "Budget Rent A Car System",                                 "16941 Beach Blvd",                                         "(714) 847-2960",       null, null,     6260009001, null) ;
INSERT INTO StoreTbl VALUES ( 62600090010820,   "JBGmg",                                                    "16835 Algonquin St",                                       "(562) 592-5963",       null, null,     6260009001, null) ;
INSERT INTO StoreTbl VALUES ( 62600090010821,   "Amigos De Bolsa Chica",                                    "Huntington Beach, CA 92646",                               "(714) 840-1575",       null, null,     6260009001, null) ;
INSERT INTO StoreTbl VALUES ( 62600090010822,   "KDIT",                                                     "5912 Bolsa Ave",                                           "(714) 933-1488",       null, null,     6260009001, null) ;
INSERT INTO StoreTbl VALUES ( 62600090010823,   "Heat Transfer Solutions",                                  "16812 Gothard St",                                         "(714) 632-1193",       null, null,     6260009001, null) ;
INSERT INTO StoreTbl VALUES ( 62600090010824,   "Pams Consulting",                                         "Huntington Beach, CA 92649",                               "(714) 846-5960",       null, null,     6260009001, null) ;
INSERT INTO StoreTbl VALUES ( 62600090010825,   "Solid Solutions",                                          "15561 Product Ln",                                         "(714) 892-1012",       null, null,     6260009001, null) ;
INSERT INTO StoreTbl VALUES ( 62600090010826,   "Blue White Industries",                                    "5422 Business Dr",                                         "(714) 893-8529",       null, null,     6260009001, null) ;
INSERT INTO StoreTbl VALUES ( 62600090010827,   "Kenny Ware Bail Bonds",                                    "Huntington Beach, CA 92648",                               "(714) 374-1207",       null, null,     6260009001, null) ;
INSERT INTO StoreTbl VALUES ( 62600090010828,   "SoundTech Audio Services",                                 "17781 Lewis Ln",                                           "(714) 319-3154",       null, null,     6260009001, null) ;
INSERT INTO StoreTbl VALUES ( 62600090010829,   "Best Quality Restoration",                                 "419 Main St",                                              "(714) 475-3532",       null, null,     6260009001, null) ;
INSERT INTO StoreTbl VALUES ( 62600090010830,   "Wave Tech",                                                "419 Main St",                                              "(714) 421-4197",       null, null,     6260009001, null) ;
INSERT INTO StoreTbl VALUES ( 62600090010831,   "H B Tech",                                                 "417 Main St Ste 101",                                      "(714) 969-3001",       null, null,     6260009001, null) ;
INSERT INTO StoreTbl VALUES ( 62600090010832,   "Lucys Fluff N Fold Laundromat",                           "10132 Adams Ave",                                          "(949) 528-6379",       null, null,     6260009001, null) ;
INSERT INTO StoreTbl VALUES ( 62600090010833,   "JDCreations Projects",                                     "Huntington Beach, CA",                                     "(949) 302-8549",       null, null,     6260009001, null) ;
INSERT INTO StoreTbl VALUES ( 62600090010834,   "Sierra Christy Art",                                       "Huntington Beach, CA",                                     "(714) 519-5402",       null, null,     6260009001, null) ;
INSERT INTO StoreTbl VALUES ( 62600090010835,   "Montucci Designs",                                         "Huntington Beach, CA",                                     "(714) 715-1562",       null, null,     6260009001, null) ;
INSERT INTO StoreTbl VALUES ( 62600090010836,   "edition.net",                                              "18586 Main St",                                            "(714) 421-4325",       null, null,     6260009001, null) ;
INSERT INTO StoreTbl VALUES ( 62600090010837,   "Boutique Cleaners",                                        "6046 Warner Ave",                                          "(714) 842-2050",       null, null,     6260009001, null) ;
INSERT INTO StoreTbl VALUES ( 62600090010838,   "Appliance Repair Service",                                 "1687 Beach Blvd",                                          "(714) 453-4742",       null, null,     6260009001, null) ;  -- repair
INSERT INTO StoreTbl VALUES ( 62600090010839,   "GE - Authorized Appliance Repair",                         "1687 Beach Blvd",                                          "(714) 453-4743",       null, null,     6260009001, null) ;  -- repair
INSERT INTO StoreTbl VALUES ( 62600090010840,   "Whirl Pool - Authorized Appliance Repair",                 "1687 Beach Blvd",                                          "(714) 453-4743",       null, null,     6260009001, null) ;  -- repair
INSERT INTO StoreTbl VALUES ( 62600090010841,   "Allen & Sons Appliance Repair",                            "Huntington Beach, CA 92648",                               "(714) 453-4743",       null, null,     6260009001, null) ;  -- repair
INSERT INTO StoreTbl VALUES ( 62600090010842,   "BBD Bail Bonds",                                           "214 5th St",                                               "(714) 916-5509",       null, null,     6260009001, null) ;
INSERT INTO StoreTbl VALUES ( 62600090010843,   "Strand Security",                                          "155 5th St",                                               "(714) 960-5700",       null, null,     6260009001, null) ;
INSERT INTO StoreTbl VALUES ( 62600090010844,   "Professional Appliance Repair",                            "412 Olive Ave",                                            "(888) 224-6045",       null, null,     6260009001, null) ;  -- repair
INSERT INTO StoreTbl VALUES ( 62600090010845,   "HNB Bail Bonds",                                           "315 3rd St",                                               "(714) 442-2443",       null, null,     6260009001, null) ;
INSERT INTO StoreTbl VALUES ( 62600090010846,   "Done Right",                                               "Huntington Beach, CA 92646",                               "(714) 964-3663",       null, null,     6260009001, null) ;
INSERT INTO StoreTbl VALUES ( 62600090010847,   "Gemtech Industries",                                       "17892 Metzler Ln",                                         "(714) 848-2517",       null, null,     6260009001, null) ;
INSERT INTO StoreTbl VALUES ( 62600090010848,   "Carpet Cleaning Huntington Beach",                         "4862 Tiara Dr #904",                                       "(714) 676-0521",       null, null,     6260009001, null) ;  -- cleaning
INSERT INTO StoreTbl VALUES ( 62600090010849,   "General Appliance Repair",                                 "Huntington Beach, CA 92647",                               "(888) 752-5550",       null, null,     6260009001, null) ;  -- repair
INSERT INTO StoreTbl VALUES ( 62600090010850,   "Creative Screen Art",                                      "17922 Lyons Cir",                                          "(714) 842-4343",       null, null,     6260009001, null) ;
INSERT INTO StoreTbl VALUES ( 62600090010851,   "Jansy Packaging",                                          "101 Main St",                                              "(855) 782-0639",       null, null,     6260009001, null) ;
INSERT INTO StoreTbl VALUES ( 62600090010852,   "George & Sons Coin-Op Laundry",                            "16379 Bolsa Chica St",                                     "(714) 840-4305",       null, null,     6260009001, null) ;  -- cleaners
INSERT INTO StoreTbl VALUES ( 62600090010853,   "Huntington Beach Cleaners",                                "16466 Bolsa Chica St",                                     "(714) 377-7908",       null, null,     6260009001, null) ;  -- cleaners
INSERT INTO StoreTbl VALUES ( 62600090010854,   "Pier Colony Hoa",                                          "200 Pacific Coast Hwy",                                    "(714) 536-6383",       null, null,     6260009001, null) ;
INSERT INTO StoreTbl VALUES ( 62600090010855,   "Cali Clothing",                                            "123 Main St",                                              "(609) 906-8152",       null, null,     6260009001, null) ;
INSERT INTO StoreTbl VALUES ( 62600090010856,   "Salma Custom Furniture",                                   "7462 Lorge Cir",                                           "(714) 847-0200",       null, null,     6260009001, null) ;
INSERT INTO StoreTbl VALUES ( 62600090010857,   "Peterson Family YMCA",                                     "20661 Farnsworth Ln",                                      "(714) 536-0068",       null, null,     6260009001, null) ;
INSERT INTO StoreTbl VALUES ( 62600090010858,   "AT&T Authorized Retailer",                                 "21022 Pacific Coast Hwy",                                  "(657) 777-4229",       null, null,     6260009001, null) ;
INSERT INTO StoreTbl VALUES ( 62600090010859,   "Everclean Chem-Dry",                                       "20011 Gothic Cir",                                         "(714) 417-9977",       null, null,     6260009001, null) ;
INSERT INTO StoreTbl VALUES ( 62600090010860,   "Appliance Repair Huntington Beach",                        "5942 Edinger Ave",                                         "(562) 232-4009",       null, null,     6260009001, null) ;  -- repair
INSERT INTO StoreTbl VALUES ( 62600090010861,   "Mail Box Center",                                          "5942 Edinger Ave",                                         "(714) 846-7037",       null, null,     6260009001, null) ;
INSERT INTO StoreTbl VALUES ( 62600090010862,   "Surf City Mobile Notary",                                  "16531 Bolsa Chica St",                                     "(714) 840-0567",       null, null,     6260009001, null) ;
INSERT INTO StoreTbl VALUES ( 62600090010863,   "Carols Itll-B-Fun Day Care",                             "8692 Camel Cir",                                           "(714) 848-0132",       null, null,     6260009001, null) ;
INSERT INTO StoreTbl VALUES ( 62600090010864,   "Moffett Family YMCA",                                      "8800 Burlcrest Ave",                                       "(714) 964-1870",       null, null,     6260009001, null) ;
INSERT INTO StoreTbl VALUES ( 62600090010865,   "Center Shoe Repair",                                       "15772 Springdale St",                                      "(714) 893-5131",       null, null,     6260009001, null) ;  -- repair
INSERT INTO StoreTbl VALUES ( 62600090010866,   "A Notary Service",                                         "7644 Edinger Ave",                                         "(714) 842-5354",       null, null,     6260009001, null) ;
INSERT INTO StoreTbl VALUES ( 62600090010867,   "Rocket PC",                                                "8921 Burlcrest Dr",                                        "(800) 965-0398",       null, null,     6260009001, null) ;
INSERT INTO StoreTbl VALUES ( 62600090010868,   "Internet4Aid",                                             "9114 Adams Ave",                                           "(949) 954-4423",       null, null,     6260009001, null) ;
INSERT INTO StoreTbl VALUES ( 62600090010869,   "All Skylight Solutions",                                   "7522 Slater Ave",                                          "(714) 841-6400",       null, null,     6260009001, null) ;
INSERT INTO StoreTbl VALUES ( 62600090010870,   "Lisa Weller, Piano Tuning and Repair",                     "Huntington Beach, CA 92648",                               "(562) 431-8564",       null, null,     6260009001, null) ;
INSERT INTO StoreTbl VALUES ( 62600090010871,   "A Childs View",                                           "16692 Landau Ln",                                          "(714) 841-6961",       null, null,     6260009001, null) ;
INSERT INTO StoreTbl VALUES ( 62600090010872,   "AoSA LLc",                                                 "16821 Algonquin St",                                       "(714) 846-1116",       null, null,     6260009001, null) ;
INSERT INTO StoreTbl VALUES ( 62600090010873,   "Harbour Family Child Care",                                "Huntington Beach, CA 92649",                               "(909) 732-4664",       null, null,     6260009001, null) ;
INSERT INTO StoreTbl VALUES ( 62600090010874,   "The PC Nanny",                                             "Huntington Beach, CA 92649",                               "(949) 698-6491",       null, null,     6260009001, null) ;
INSERT INTO StoreTbl VALUES ( 62600090010875,   "Brightstar learning Centers",                              "6621 Glen Dr",                                             "(714) 895-4063",       null, null,     6260009001, null) ;
INSERT INTO StoreTbl VALUES ( 62600090010876,   "So Cal Spa Repair",                                        "18191 Gleada St",                                          "(714) 280-7727",       null, null,     6260009001, null) ;  -- cosm
INSERT INTO StoreTbl VALUES ( 62600090010877,   "Quality Offset Printing",                                  "7573 Slater Ave",                                          "(714) 848-2254",       null, null,     6260009001, null) ;
INSERT INTO StoreTbl VALUES ( 62600090010878,   "Warner West Cleaners",                                     "6945 Warner Ave",                                          "(714) 847-8181",       null, null,     6260009001, null) ;  -- cleaners
INSERT INTO StoreTbl VALUES ( 62600090010879,   "Pest Control of Huntington Beach",                         "8102 Ellis Ave",                                           "(714) 823-3157",       null, null,     6260009001, null) ;
INSERT INTO StoreTbl VALUES ( 62600090010880,   "Farleys Locksmith & Engraving",                           "8566 Fallbrook Cir",                                       "(714) 536-2152",       null, null,     6260009001, null) ;
INSERT INTO StoreTbl VALUES ( 62600090010881,   "The Forklift Guy",                                         "5412 System Dr",                                           "(562) 572-8094",       null, null,     6260009001, null) ;
INSERT INTO StoreTbl VALUES ( 62600090010882,   "Supreme Clean Carpet Cleaners",                            "2518 England St",                                          "(714) 478-3548",       null, null,     6260009001, null) ;  -- cleaners
INSERT INTO StoreTbl VALUES ( 62600090010883,   "Wags n Wine",                                              "4121 Warner Ave",                                          "(714) 328-8661",       null, null,     6260009001, null) ;
INSERT INTO StoreTbl VALUES ( 62600090010884,   "American Family Society Cremation & Burials",              "17911 Beach Blvd",                                         "(562) 424-1204",       null, null,     6260009001, null) ;
INSERT INTO StoreTbl VALUES ( 62600090010885,   "Georges Upholstering",                                    "7611 Slater Ave",                                          "(714) 842-6559",       null, null,     6260009001, null) ;
INSERT INTO StoreTbl VALUES ( 62600090010886,   "Cascas Vintage & Design",                                  "15581 Graham St",                                          "(714) 342-3354",       null, null,     6260009001, null) ;
INSERT INTO StoreTbl VALUES ( 62600090010887,   "Pest Education.Com Pest Control Ceu Hours",                "Huntington Beach, CA 92646",                               "(714) 960-8022",       null, null,     6260009001, null) ;
INSERT INTO StoreTbl VALUES ( 62600090010888,   "Eureka Bearing & Supply",                                  "5272 System Dr",                                           "(714) 895-3555",       null, null,     6260009001, null) ;
INSERT INTO StoreTbl VALUES ( 62600090010889,   "Dixies Day Care",                                          "15581 Oakshire Ln",                                        "(714) 897-3222",       null, null,     6260009001, null) ;
INSERT INTO StoreTbl VALUES ( 62600090010890,   "Lunch Money Garage",                                       "7950 Yorktown Ave",                                        "(714) 717-4023",       null, null,     6260009001, null) ;
INSERT INTO StoreTbl VALUES ( 62600090010891,   "Schoettler Research",                                      "5582 Research Dr",                                         "(714) 891-9901",       null, null,     6260009001, null) ;
INSERT INTO StoreTbl VALUES ( 62600090010892,   "Recording Studios by Bernhard",                            "4498 Shorebird Dr",                                        "(714) 625-5328",       null, null,     6260009001, null) ;
INSERT INTO StoreTbl VALUES ( 62600090010893,   "A Rainbows End Adoption",                                  "7755 Center Ave",                                          "(714) 839-3283",       null, null,     6260009001, null) ;
INSERT INTO StoreTbl VALUES ( 62600090010894,   "FreightSaver",                                             "7755 Center Ave",                                          "(800) 923-9507",       null, null,     6260009001, null) ;
INSERT INTO StoreTbl VALUES ( 62600090010895,   "Kevin Tailoring",                                          "6851 Warner Ave",                                          "(714) 841-1939",       null, null,     6260009001, null) ;
INSERT INTO StoreTbl VALUES ( 62600090010896,   "Appliance Repair Ace",                                     "1700 Park St",                                             "(844) 247-2349",       null, null,     6260009001, null) ;  -- repair
INSERT INTO StoreTbl VALUES ( 62600090010897,   "West Pac Industries",                                      "15632 Product Ln #F",                                      "(888) 479-1630",       null, null,     6260009001, null) ;
INSERT INTO StoreTbl VALUES ( 62600090010898,   "Intratek Computer, Inc",                                   "5431 Industrial Dr",                                       "(714) 892-0892",       null, null,     6260009001, null) ;
INSERT INTO StoreTbl VALUES ( 62600090010899,   "Faster Bail With Jamms Bail Bonds",                        "8400 Edinger Ave",                                         "(657) 229-1975",       null, null,     6260009001, null) ;
INSERT INTO StoreTbl VALUES ( 62600090010900,   "Welding And Fabrication By Custom Marine",                 "5286 Industrial Dr",                                       "(714) 587-7543",       null, null,     6260009001, null) ;
INSERT INTO StoreTbl VALUES ( 62600090010901,   "Molza Tool",                                               "15581 Product Ln",                                         "(714) 892-4544",       null, null,     6260009001, null) ;
INSERT INTO StoreTbl VALUES ( 62600090010902,   "Huntington Beach Restoration Pros",                        "15555 Huntington Village Ln",                              "(714) 465-5712",       null, null,     6260009001, null) ;
INSERT INTO StoreTbl VALUES ( 62600090010903,   "Alterations for Less",                                     "17301 Beach Blvd",                                         "(951) 817-7417",       null, null,     6260009001, null) ;
INSERT INTO StoreTbl VALUES ( 62600090010904,   "Bail Bonds DIRECT",                                        "15431 Edwards St",                                         "(714) 770-8743",       null, null,     6260009001, null) ;
INSERT INTO StoreTbl VALUES ( 62600090010905,   "Stickers By Sandstone",                                    "15661 Producer Ln",                                        "(714) 894-7500",       null, null,     6260009001, null) ;
INSERT INTO StoreTbl VALUES ( 62600090010906,   "Appraisers National Association",                          "6771 Warner Ave",                                          "(626) 771-7888",       null, null,     6260009001, null) ;
INSERT INTO StoreTbl VALUES ( 62600090010907,   "A Senior Sensitive Service",                               "15671 Commerce Ln",                                        "(714) 892-8480",       null, null,     6260009001, null) ;
INSERT INTO StoreTbl VALUES ( 62600090010908,   "SNF Printing",                                             "15532 Computer Ln",                                        "(714) 901-6868",       null, null,     6260009001, null) ;
INSERT INTO StoreTbl VALUES ( 62600090010909,   "International Surf Lifesaving Association",                "8941 Atlanta Ave",                                         "(562) 716-1988",       null, null,     6260009001, null) ;
INSERT INTO StoreTbl VALUES ( 62600090010910,   "Huntington Beach Pest Specialists",                        "8941 Atlanta Ave",                                         "(714) 503-0380",       null, null,     6260009001, null) ;
INSERT INTO StoreTbl VALUES ( 62600090010911,   "Accurate Financial & Tax Services",                        "17612 Beach Blvd",                                         "(714) 848-2225",       null, null,     6260009001, null) ;
INSERT INTO StoreTbl VALUES ( 62600090010912,   "Greydog Signs & Displays",                                 "15672 Chemical Ln",                                        "(714) 893-0999",       null, null,     6260009001, null) ;
INSERT INTO StoreTbl VALUES ( 62600090010913,   "Huntington Beach Screen Printing",                         "17610 Beach Blvd",                                         "(714) 728-6478",       null, null,     6260009001, null) ;
INSERT INTO StoreTbl VALUES ( 62600090010914,   "The Mobile Guys Iphone Repairs",                           "6401 Warner Ave",                                          "(949) 910-7760",       null, null,     6260009001, null) ;  -- repair
INSERT INTO StoreTbl VALUES ( 62600090010915,   "Termite Control Center",                                   "8941 Atlanta Ave",                                         "(714) 253-7485",       null, null,     6260009001, null) ;
INSERT INTO StoreTbl VALUES ( 62600090010916,   "Childrens Bureau of Southern California",                  "17241 Oak Ln",                                             "(714) 842-4002",       null, null,     6260009001, null) ;
INSERT INTO StoreTbl VALUES ( 62600090010917,   "Checkpoint Communications",                                "15412 Electronic Ln",                                      "(714) 892-5050",       null, null,     6260009001, null) ;
INSERT INTO StoreTbl VALUES ( 62600090010918,   "Cheap Bee Removal",                                        "16461 Wimbledon Ln",                                       "(877) 724-5314",       null, null,     6260009001, null) ;
INSERT INTO StoreTbl VALUES ( 62600090010919,   "Universal Machine Shop, Inc.",                             "15581 Chemical Ln",                                        "(714) 894-5660",       null, null,     6260009001, null) ;
INSERT INTO StoreTbl VALUES ( 62600090010920,   "Power Telecom",                                            "7071 Warner Ave",                                          "(866) 202-4476",       null, null,     6260009001, null) ;
INSERT INTO StoreTbl VALUES ( 62600090010921,   "Orange County Youth Sports Academy",                       "9151 Atlanta Ave",                                         "(949) 439-6156",       null, null,     6260009001, null) ;
INSERT INTO StoreTbl VALUES ( 62600090010922,   "Itel Communications",                                      "9151 Atlanta Ave",                                         "(714) 910-9678",       null, null,     6260009001, null) ;
INSERT INTO StoreTbl VALUES ( 62600090010923,   "Integration Assistance Consulting",                        "Huntington Beach, CA 92615",                               "(626) 497-2015",       null, null,     6260009001, null) ;
INSERT INTO StoreTbl VALUES ( 62600090010924,   "Hawes Family YMCA",                                        "9682 Yellowstone Dr",                                      "(714) 964-7011",       null, null,     6260009001, null) ;
INSERT INTO StoreTbl VALUES ( 62600090010925,   "Capital Appraisal Service",                                "19895 Beach Blvd",                                         "(714) 374-8848",       null, null,     6260009001, null) ;
INSERT INTO StoreTbl VALUES ( 62600090010926,   "Top Quality Pest Control of Huntington Beach",             "15231 Springdale St",                                      "(714) 804-0331",       null, null,     6260009001, null) ;
INSERT INTO StoreTbl VALUES ( 62600090010927,   "Atlas Appliance Service",                                  "7451 Warner Ave",                                          "(714) 963-3622",       null, null,     6260009001, null) ;
INSERT INTO StoreTbl VALUES ( 62600090010928,   "Notary-Finger Printing",                                   "7451 Warner Ave",                                          "(714) 843-6100",       null, null,     6260009001, null) ;
INSERT INTO StoreTbl VALUES ( 62600090010929,   "Everything Prints",                                        "16222 Monterey Ln",                                        "(800) 823-0092",       null, null,     6260009001, null) ;
INSERT INTO StoreTbl VALUES ( 62600090010930,   "The Shop @ ShowReady",                                     "15362 Graham St",                                          "(714) 367-9265",       null, null,     6260009001, null) ;
INSERT INTO StoreTbl VALUES ( 62600090010931,   "Southern California Rehab Services",                       "19744 Beach Blvd",                                         "(714) 725-1101",       null, null,     6260009001, null) ;
INSERT INTO StoreTbl VALUES ( 62600090010932,   "Arie Elena Dr",                                            "7561 Center Ave",                                          "(714) 897-2743",       null, null,     6260009001, null) ;
INSERT INTO StoreTbl VALUES ( 62600090010933,   "Crenshaw Die & Mfg",                                       "7432 Prince Dr",                                           "(800) 654-6295",       null, null,     6260009001, null) ;
INSERT INTO StoreTbl VALUES ( 62600090010934,   "Pavco Industries",                                         "5285 Production Dr",                                       "(714) 895-1522",       null, null,     6260009001, null) ;
INSERT INTO StoreTbl VALUES ( 62600090010935,   "Mesa Bearing",                                             "15622 Computer Ln",                                        "(714) 901-2223",       null, null,     6260009001, null) ;
INSERT INTO StoreTbl VALUES ( 62600090010936,   "PConic",                                                   "16787 Beach Blvd",                                         "(323) 863-6404",       null, null,     6260009001, null) ;
INSERT INTO StoreTbl VALUES ( 62600090010937,   "Laptops 4 Less",                                           "10034 Adams Ave",                                          "(714) 965-0142",       null, null,     6260009001, null) ;
INSERT INTO StoreTbl VALUES ( 62600090010938,   "Orkin",                                                    "Huntington Beach, CA 92646",                               "(714) 750-7128",       null, null,     6260009001, null) ;
INSERT INTO StoreTbl VALUES ( 62600090010939,   "Antimite",                                                 "Huntington Beach, CA 92646",                               "(714) 545-5562",       null, null,     6260009001, null) ;
INSERT INTO StoreTbl VALUES ( 62600090010940,   "DY-CO Metal Specialties",                                  "5642 Buckingham Dr",                                       "(714) 379-5612",       null, null,     6260009001, null) ;
INSERT INTO StoreTbl VALUES ( 62600090010941,   "Lifestyle Systems",                                        "7272 Saturn Dr",                                           "(714) 964-3383",       null, null,     6260009001, null) ;
INSERT INTO StoreTbl VALUES ( 62600090010942,   "Itech Career Paths",                                       "17011 Beach Blvd",                                         "(714) 848-0056",       null, null,     6260009001, null) ;
INSERT INTO StoreTbl VALUES ( 62600090010943,   "Pacific Carpet & Tile Cleaning",                           "17011 Beach Blvd",                                         "(714) 451-4603",       null, null,     6260009001, null) ;  -- cleaning
INSERT INTO StoreTbl VALUES ( 62600090010944,   "Great Western Grinding",                                   "15292 Bolsa Chica St",                                     "(714) 890-6592",       null, null,     6260009001, null) ;
INSERT INTO StoreTbl VALUES ( 62600090010945,   "Copyfax Communications, Inc",                              "5445 Oceanus Dr",                                          "(714) 892-2444",       null, null,     6260009001, null) ;
INSERT INTO StoreTbl VALUES ( 62600090010946,   "Laundry & Dry Cleane",                                     "21030 Brookhurst St",                                      "(714) 968-1206",       null, null,     6260009001, null) ;
INSERT INTO StoreTbl VALUES ( 62600090010947,   "G & M Machine Shop",                                       "15531 Computer Ln",                                        "(714) 894-2311",       null, null,     6260009001, null) ;
INSERT INTO StoreTbl VALUES ( 62600090010948,   "Corecon Technologies",                                     "15618 Graham St",                                          "(714) 895-0080",       null, null,     6260009001, null) ;
INSERT INTO StoreTbl VALUES ( 62600090010949,   "SpecialCare4SpecialKids",                                  "16458 Bolsa Chica St Suite",                               "(714) 235-9252",       null, null,     6260009001, null) ;
INSERT INTO StoreTbl VALUES ( 62600090010950,   "On-Line Computer Systems",                                 "9362 Cliffwood Dr",                                        "(714) 964-8362",       null, null,     6260009001, null) ;
INSERT INTO StoreTbl VALUES ( 62600090010951,   "Kel-Tek Computer Network Svc",                             "5362 Oceanus Dr",                                          "(714) 894-0130",       null, null,     6260009001, null) ;
INSERT INTO StoreTbl VALUES ( 62600090010952,   "Surf City Custom Upholstery",                              "15473 Chemical Ln",                                        "(714) 892-6117",       null, null,     6260009001, null) ;
INSERT INTO StoreTbl VALUES ( 62600090010953,   "Tek Tv & Vcr Repair",                                      "19171 Magnolia St",                                        "(714) 968-3229",       null, null,     6260009001, null) ;  -- repair
INSERT INTO StoreTbl VALUES ( 62600090010954,   "For Zions Sake",                                          "Huntington Beach, CA 92615",                               "(714) 374-9669",       null, null,     6260009001, null) ;
INSERT INTO StoreTbl VALUES ( 62600090010955,   "Fifth Avenue Cleaners",                                    "17200 Pacific Coast Hwy",                                  "(562) 592-0876",       null, null,     6260009001, null) ;  -- cleaners
INSERT INTO StoreTbl VALUES ( 62600090010956,   "Marktree Productions",                                     "Huntington Beach, CA 92646",                               "(714) 377-4373",       null, null,     6260009001, null) ;
INSERT INTO StoreTbl VALUES ( 62600090010957,   "International Termite Company",                            "Huntington Beach, CA 92646",                               "(714) 536-1800",       null, null,     6260009001, null) ;
INSERT INTO StoreTbl VALUES ( 62600090010958,   "Alpha & Omega Computer Services",                          "Huntington Beach, CA 92646",                               "(714) 962-3129",       null, null,     6260009001, null) ;
INSERT INTO StoreTbl VALUES ( 62600090010959,   "Blue Bail Bonds",                                          "Huntington Beach, CA 92649",                               "(714) 846-8400",       null, null,     6260009001, null) ;
INSERT INTO StoreTbl VALUES ( 62600090010960,   "Comp Tecks",                                               "16033 Bolsa Chica St",                                     "(714) 321-4882",       null, null,     6260009001, null) ;
INSERT INTO StoreTbl VALUES ( 62600090010961,   "Creative Costuming & Design",                              "5662 Buckingham Dr",                                       "(714) 895-0982",       null, null,     6260009001, null) ;
INSERT INTO StoreTbl VALUES ( 62600090010962,   "American Machinery & Blade",                               "16326 Downey Ave",                                         "(562) 602-0071",       null, null,     6260009001, null) ;
INSERT INTO StoreTbl VALUES ( 62600090010963,   "Villa Pacific Community Assn",                             "9933 Villa Pacific Dr",                                    "(714) 968-9901",       null, null,     6260009001, null) ;
INSERT INTO StoreTbl VALUES ( 62600090010964,   "OC IT Professionals",                                      "Huntington Beach, CA",                                     "(714) 206-7625",       null, null,     6260009001, null) ;
INSERT INTO StoreTbl VALUES ( 62600090010965,   "Beach Copy",                                               "16912 Gothard St",                                         "(714) 842-5523",       null, null,     6260009001, null) ;  -- beach
INSERT INTO StoreTbl VALUES ( 62600090010966,   "Venus Laboratories",                                       "15571 Commerce Ln",                                        "(714) 891-3100",       null, null,     6260009001, null) ;
INSERT INTO StoreTbl VALUES ( 62600090010967,   "Eader Family YMCA",                                        "9291 Banning Ave",                                         "(714) 968-3638",       null, null,     6260009001, null) ;
INSERT INTO StoreTbl VALUES ( 62600090010968,   "FormDecor Furniture Rental",                               "5600 Argosy Cir",                                          "(310) 558-2582",       null, null,     6260009001, null) ;
INSERT INTO StoreTbl VALUES ( 62600090010969,   "Expert Computer Services",                                 "16521 Higgins Cir",                                        "(714) 842-2080",       null, null,     6260009001, null) ;
INSERT INTO StoreTbl VALUES ( 62600090010970,   "Metro of America",                                         "6856 Edinger Ave",                                         "(714) 842-1244",       null, null,     6260009001, null) ;
INSERT INTO StoreTbl VALUES ( 62600090010971,   "Fix My Monster",                                           "8021 Edinger Ave",                                         "(714) 862-3003",       null, null,     6260009001, null) ;
INSERT INTO StoreTbl VALUES ( 62600090010972,   "Computer Repair & Networking",                             "10034 Adams Ave",                                          "(714) 965-0142",       null, null,     6260009001, null) ;  -- repair
INSERT INTO StoreTbl VALUES ( 62600090010973,   "Mailing Pros",                                             "5261 Business Dr",                                         "(714) 892-7251",       null, null,     6260009001, null) ;
INSERT INTO StoreTbl VALUES ( 62600090010974,   "Lipstick Bail Bond",                                       "Huntington Beach, CA 92646",                               "(714) 894-7474",       null, null,     6260009001, null) ;
INSERT INTO StoreTbl VALUES ( 62600090010975,   "Express Tailors & Clothiers",                              "16400 Pacific Coast Hwy",                                  "(562) 592-2221",       null, null,     6260009001, null) ;
INSERT INTO StoreTbl VALUES ( 62600090010976,   "Central Whole Appliance Supply",                           "16001 Gothard St",                                         "(714) 848-2006",       null, null,     6260009001, null) ;
INSERT INTO StoreTbl VALUES ( 62600090010977,   "Evans And Associates",                                     "16897 Algonquin St Ste F",                                 "(714) 840-6861",       null, null,     6260009001, null) ;
INSERT INTO StoreTbl VALUES ( 62600090010978,   "Industrial Electric Service",                              "5662 Engineer Dr",                                         "(714) 379-7100",       null, null,     6260009001, null) ;
INSERT INTO StoreTbl VALUES ( 62600090010979,   "Brittania Termite Solutions",                              "7266 Edinger Ave Ste M",                                   "(949) 281-7924",       null, null,     6260009001, null) ;
INSERT INTO StoreTbl VALUES ( 62600090010980,   "Notary Direct LLC",                                        "15061 Springdale St",                                      "(888) 228-7705",       null, null,     6260009001, null) ;
INSERT INTO StoreTbl VALUES ( 62600090010981,   "Turn To Technology",                                       "16161 Warren Ln",                                          "(949) 478-1035",       null, null,     6260009001, null) ;
INSERT INTO StoreTbl VALUES ( 62600090010982,   "Ashford the Cleaning People",                              "Huntington Beach, CA 92646",                               "(714) 846-9557",       null, null,     6260009001, null) ;  -- cleaning
INSERT INTO StoreTbl VALUES ( 62600090010983,   "Premier Suede and Leather",                                "Huntington Beach, CA 92646",                               "(714) 596-5448",       null, null,     6260009001, null) ;
INSERT INTO StoreTbl VALUES ( 62600090010984,   "Pettit Systems, Inc",                                      "Huntington Beach, CA 92649",                               "(714) 421-4123",       null, null,     6260009001, null) ;
INSERT INTO StoreTbl VALUES ( 62600090010985,   "Pacific Color Printing",                                   "16562 Gothard St Ste D",                                   "(714) 596-5328",       null, null,     6260009001, null) ;
INSERT INTO StoreTbl VALUES ( 62600090010986,   "Doerken Real Estate",                                      "16531 Bolsa Chica St",                                     "(714) 625-1377",       null, null,     6260009001, null) ;
INSERT INTO StoreTbl VALUES ( 62600090010987,   "Farmers Agency-F Clark",                                   "7644 Edinger Ave",                                         "(714) 842-5354",       null, null,     6260009001, null) ;
INSERT INTO StoreTbl VALUES ( 62600090010988,   "Circle View School Day Care",                              "6261 Hooker Dr",                                           "(714) 896-6767",       null, null,     6260009001, null) ;
INSERT INTO StoreTbl VALUES ( 62600090010989,   "Caalfab",                                                  "Huntington Beach, CA 92649",                               "(714) 454-2412",       null, null,     6260009001, null) ;
INSERT INTO StoreTbl VALUES ( 62600090010990,   "Orange County Mac Services",                               "Huntington Beach, CA 92649",                               "(714) 343-2369",       null, null,     6260009001, null) ;
INSERT INTO StoreTbl VALUES ( 62600090010991,   "Air Systems",                                              "Huntington Beach, CA 92649",                               "(800) 659-9901",       null, null,     6260009001, null) ;
INSERT INTO StoreTbl VALUES ( 62600090010992,   "Tiffs Day Care",                                          "5131 Skylark Dr",                                          "(714) 891-4131",       null, null,     6260009001, null) ;
INSERT INTO StoreTbl VALUES ( 62600090010993,   "Christian Families In Public Schools",                     "Huntington Beach, CA",                                     "(562) 344-5512",       null, null,     6260009001, null) ;
INSERT INTO StoreTbl VALUES ( 62600090010994,   "Bail Bonds Sunset Beach",                                  "16884 11th St Huntington Beach",                           "(562) 205-8673",       null, null,     6260009001, null) ;  -- beach
INSERT INTO StoreTbl VALUES ( 62600090010995,   "Bailbonds",                                                "Huntington Beach, CA 92646",                               "(714) 374-1179",       null, null,     6260009001, null) ;
INSERT INTO StoreTbl VALUES ( 62600090010996,   "Ocean Aire Dry Cleaners",                                  "6834 Edinger Ave",                                         "(714) 847-2003",       null, null,     6260009001, null) ;  -- cleaners
INSERT INTO StoreTbl VALUES ( 62600090010997,   "A-1 Coin Operated Laundry Service",                        "Huntington Beach, CA 92646",                               "(714) 842-8045",       null, null,     6260009001, null) ;  -- cleaners
INSERT INTO StoreTbl VALUES ( 62600090010998,   "Master Carpet & Upholstery Cleaning",                      "1677 E 28th St",                                           "(714) 969-7717",       null, null,     6260009001, null) ;  -- cleaning
INSERT INTO StoreTbl VALUES ( 62600090010999,   "Flood Insurance-A Clarke Insurance",                       "7351 Heil Ave",                                            "(714) 842-1815",       null, null,     6260009001, null) ;
INSERT INTO StoreTbl VALUES ( 62600090011000,   "Pacific Coast General Contracting",                        "4172 Morning Star Dr",                                     "(714) 840-6876",       null, null,     6260009001, null) ;
INSERT INTO StoreTbl VALUES ( 62600090011001,   "Opticolor",                                                "15501 Computer Ln",                                        "(714) 893-8839",       null, null,     6260009001, null) ;
INSERT INTO StoreTbl VALUES ( 62600090011002,   "Huntington Beach Carpet Cleaning",                         "8941 Atlanta Ave",                                         "(714) 226-1538",       null, null,     6260009001, null) ;  -- cleaning
INSERT INTO StoreTbl VALUES ( 62600090011003,   "Pacific Computer Systems",                                 "15412 Electronic Ln",                                      "(714) 598-0421",       null, null,     6260009001, null) ;
INSERT INTO StoreTbl VALUES ( 62600090011004,   "Reids Piano Tuning & Repair",                             "9552 Lassen Cir",                                          "(714) 879-5316",       null, null,     6260009001, null) ;  -- repair
INSERT INTO StoreTbl VALUES ( 62600090011005,   "SDP Asset Recovery",                                       "15621 Chemical Lane",                                      "(714) 899-1101",       null, null,     6260009001, null) ;
INSERT INTO StoreTbl VALUES ( 62600090011006,   "Super Computer Boards",                                    "5484 Mcfadden Ave",                                        "(714) 893-4000",       null, null,     6260009001, null) ;
INSERT INTO StoreTbl VALUES ( 62600090011007,   "Applied Analysis & Technology",                            "16731 Sea Witch Ln",                                       "(714) 846-4235",       null, null,     6260009001, null) ;
INSERT INTO StoreTbl VALUES ( 62600090011008,   "Premiere Bail Bonds Bondsman",                             "9121 Atlanta Ave",                                         "(530) 314-2231",       null, null,     6260009001, null) ;
INSERT INTO StoreTbl VALUES ( 62600090011009,   "Fox Hills Machining",                                      "15301 Transistor Ln",                                      "(714) 899-2211",       null, null,     6260009001, null) ;
INSERT INTO StoreTbl VALUES ( 62600090011010,   "Eagle Services of Orange County",                          "Huntington Beach, CA 92615",                               "(714) 960-9227",       null, null,     6260009001, null) ;
INSERT INTO StoreTbl VALUES ( 62600090011011,   "Bec Technologies",                                         "15236 Transistor Ln",                                      "(714) 890-0201",       null, null,     6260009001, null) ;
INSERT INTO StoreTbl VALUES ( 62600090011012,   "Coastal Pacific Termite",                                  "8538 Hamilton Ave",                                        "(714) 374-6850",       null, null,     6260009001, null) ;
INSERT INTO StoreTbl VALUES ( 62600090011013,   "Clean-Pro Carpet Care",                                    "Huntington Beach, CA 92646",                               "(714) 968-0511",       null, null,     6260009001, null) ;
INSERT INTO StoreTbl VALUES ( 62600090011014,   "Tip Top Carpet & Floor Care",                              "Huntington Beach, CA 92646",                               "(714) 960-2402",       null, null,     6260009001, null) ;
INSERT INTO StoreTbl VALUES ( 62600090011015,   "Daves Carpet & Upholstery Cleaning",                      "Huntington Beach, CA 92646",                               "(714) 960-4911",       null, null,     6260009001, null) ;  -- cleaning
INSERT INTO StoreTbl VALUES ( 62600090011016,   "All Star Cleaning",                                        "Huntington Beach, CA 92646",                               "(714) 840-3913",       null, null,     6260009001, null) ;  -- cleaning
INSERT INTO StoreTbl VALUES ( 62600090011017,   "Surf Side Carpet Upholstery",                              "Huntington Beach, CA 92646",                               "(714) 965-1120",       null, null,     6260009001, null) ;
INSERT INTO StoreTbl VALUES ( 62600090011018,   "Beach Cities Burials At Sea",                              "15183 Springdale St",                                      "(714) 379-9322",       null, null,     6260009001, null) ;  -- beach
INSERT INTO StoreTbl VALUES ( 62600090011019,   "Lms North America",                                        "15061 Springdale St",                                      "(714) 891-4205",       null, null,     6260009001, null) ;
INSERT INTO StoreTbl VALUES ( 62600090011020,   "American Computer",                                        "15061 Springdale St Ste 105",                              "(714) 379-7700",       null, null,     6260009001, null) ;
INSERT INTO StoreTbl VALUES ( 62600090011021,   "Inside Track",                                             "Huntington Beach, CA 92646",                               "(714) 841-3353",       null, null,     6260009001, null) ;
INSERT INTO StoreTbl VALUES ( 62600090011022,   "Air Duct Cleaning",                                        "Huntington Beach, CA 92646",                               "(714) 843-9944",       null, null,     6260009001, null) ;  -- cleaning
INSERT INTO StoreTbl VALUES ( 62600090011023,   "Expressions of Learning Day Care",                         "Huntington Beach, CA 92646",                               "(714) 964-8061",       null, null,     6260009001, null) ;
INSERT INTO StoreTbl VALUES ( 62600090011024,   "Brent Meyerson Bail Bonds",                                "Huntington Beach, CA 92646",                               "(714) 893-5486",       null, null,     6260009001, null) ;
INSERT INTO StoreTbl VALUES ( 62600090011025,   "Coastal Notary",                                           "Huntington Beach, CA 92646",                               "(714) 362-1560",       null, null,     6260009001, null) ;
INSERT INTO StoreTbl VALUES ( 62600090011026,   "All In One Cleaners",                                      "Huntington Beach, CA 92646",                               "(714) 962-2556",       null, null,     6260009001, null) ;  -- cleaners
INSERT INTO StoreTbl VALUES ( 62600090011027,   "Shea Integration Solutions",                               "Huntington Beach, CA 92646",                               "(714) 960-5191",       null, null,     6260009001, null) ;
INSERT INTO StoreTbl VALUES ( 62600090011028,   "A Oliver Twist Furnace & Air Duct Cleaning",               "Huntington Beach, CA 92646",                               "(714) 843-9944",       null, null,     6260009001, null) ;  -- cleaning
INSERT INTO StoreTbl VALUES ( 62600090011029,   "Brothers Mortuary",                                        "17911 Beach Blvd",                                         "(714) 842-7771",       null, null,     6260009001, null) ;
INSERT INTO StoreTbl VALUES ( 62600090011030,   "Original Fumigations",                                     "21554 Newland St",                                         "(714) 969-3003",       null, null,     6260009001, null) ;
INSERT INTO StoreTbl VALUES ( 62600090011031,   "Take Ctrl",                                                "412 Olive Ave",                                            "(949) 229-5279",       null, null,     6260009001, null) ;
INSERT INTO StoreTbl VALUES ( 62600090011032,   "Datalink Networks",                                        "Huntington Beach, CA 92646",                               "(714) 378-5848",       null, null,     6260009001, null) ;
INSERT INTO StoreTbl VALUES ( 62600090011033,   "All Coast Termite Company",                                "Huntington Beach, CA 92646",                               "(714) 848-1552",       null, null,     6260009001, null) ;
INSERT INTO StoreTbl VALUES ( 62600090011034,   "Envisiontech",                                             "Huntington Beach, CA 92646",                               "(714) 962-2444",       null, null,     6260009001, null) ;
INSERT INTO StoreTbl VALUES ( 62600090011035,   "Master Care Termite Control",                              "Huntington Beach, CA 92646",                               "(714) 374-9400",       null, null,     6260009001, null) ;
INSERT INTO StoreTbl VALUES ( 62600090011036,   "Placentia Self Storage",                                   "Huntington Beach, CA 92646",                               "(714) 842-0043",       null, null,     6260009001, null) ;
INSERT INTO StoreTbl VALUES ( 62600090011037,   "A Clark Insurance",                                        "Huntington Beach, CA 92646",                               "(714) 842-5354",       null, null,     6260009001, null) ;
INSERT INTO StoreTbl VALUES ( 62600090011038,   "Natures Sunshine",                                         "Huntington Beach, CA 92646",                               "(714) 625-3508",       null, null,     6260009001, null) ;
INSERT INTO StoreTbl VALUES ( 62600090011039,   "B T Canvas",                                               "Huntington Beach, CA 92646",                               "(714) 968-1179",       null, null,     6260009001, null) ;
INSERT INTO StoreTbl VALUES ( 62600090011040,   "Giving It Back To Kids",                                   "Huntington Beach, CA 92646",                               "(714) 593-9200",       null, null,     6260009001, null) ;
INSERT INTO StoreTbl VALUES ( 62600090011041,   "Spencers Treasures Charity Organization",                 "Huntington Beach, CA 92646",                               "(714) 962-4188",       null, null,     6260009001, null) ;
INSERT INTO StoreTbl VALUES ( 62600090011042,   "Anthony Pest Control",                                     "Huntington Beach, CA 92646",                               "(714) 963-1957",       null, null,     6260009001, null) ;
INSERT INTO StoreTbl VALUES ( 62600090011043,   "Kids First",                                               "Huntington Beach, CA 92646",                               "(714) 596-5040",       null, null,     6260009001, null) ;
INSERT INTO StoreTbl VALUES ( 62600090011044,   "A Oliver Twist Furnace & Air Duct Cleaning",               "Huntington Beach, CA 92646",                               "(714) 899-4699",       null, null,     6260009001, null) ;  -- cleaning
INSERT INTO StoreTbl VALUES ( 62600090011045,   "All Valley Honey & Bee",                                   "Huntington Beach, CA 92646",                               "(714) 374-7474",       null, null,     6260009001, null) ;
INSERT INTO StoreTbl VALUES ( 62600090011046,   "Datalink Associates",                                      "Huntington Beach, CA 92646",                               "(714) 378-5848",       null, null,     6260009001, null) ;
INSERT INTO StoreTbl VALUES ( 62600090011047,   "A A New Storage",                                          "Huntington Beach, CA 92646",                               "(949) 646-4688",       null, null,     6260009001, null) ;  -- storage
INSERT INTO StoreTbl VALUES ( 62600090011048,   "Ace Air Duct Cleaning",                                    "300 Pacific Coast Hwy Ste 400D",                           "(714) 274-4550",       null, null,     6260009001, null) ;
INSERT INTO StoreTbl VALUES ( 62600090011049,   "Axceleon",                                                 "101 Main St Ste 275",                                      "(714) 960-5200",       null, null,     6260009001, null) ;
INSERT INTO StoreTbl VALUES ( 62600090011050,   "Carpet Cleaning Pros",                                     "2120 Main St",                                             "(714) 586-9926",       null, null,     6260009001, null) ;
INSERT INTO StoreTbl VALUES ( 62600090011051,   "OC Cash for Car",                                          "Huntington Beach, CA 92647",                               "(714) 202-0211",       null, null,     6260009001, null) ;
INSERT INTO StoreTbl VALUES ( 62600090011052,   "Little Monsters Daycare",                                  "Warner Blvd and Bolsa Chica St",                           "(310) 947-4513",       null, null,     6260009001, null) ;
INSERT INTO StoreTbl VALUES ( 62600090011053,   "Fidelio Software Corporation",                             "Huntington Beach, CA 92646",                               "(714) 962-1242",       null, null,     6260009001, null) ;
INSERT INTO StoreTbl VALUES ( 62600090011054,   "T-Wave Clean",                                             "Huntington Beach, CA 92647",                               "(888) 882-3348",       null, null,     6260009001, null) ;
INSERT INTO StoreTbl VALUES ( 62600090011055,   "Rug Doctor Rents",                                         "6834 Edinger Ave",                                         "(714) 847-2003",       null, 0014,     6260009001, null) ;  -- med
INSERT INTO StoreTbl VALUES ( 62600090011056,   "California School of Notary Public",                       "18090 Beach Blvd",                                         "(714) 841-9923",       null, null,     6260009001, null) ;
INSERT INTO StoreTbl VALUES ( 62600090011057,   "SIR Speedy Printing Centers",                              "5842 McFadden Ave",                                        "(714) 898-2628",       null, null,     6260009001, null) ;
INSERT INTO StoreTbl VALUES ( 62600090011058,   "Ramen & Chanko Dining TORIZO",                             "17900 Magnolia St",                                        "(714) 377-0300",       null, null,     6260009001, null) ;
INSERT INTO StoreTbl VALUES ( 62600090011059,   "Thai Wave Restaurant",                                     "522 Main St",                                              "(714) 960-0219",       null, null,     6260009001, null) ;  -- rst
INSERT INTO StoreTbl VALUES ( 62600090011060,   "Rollrritto + Poke Bar",                                    "18581 Beach Blvd",                                         "(657) 845-4911",       null, null,     6260009001, null) ;  -- rst, seafood, jap
INSERT INTO StoreTbl VALUES ( 62600090011061,   "Slapfish",                                                 "19696 Beach Blvd",                                         "(714) 963-3900",       null, null,     6260009001, null) ;
INSERT INTO StoreTbl VALUES ( 62600090011062,   "Poki Star",                                                "16475 Bolsa Chica Rd",                                     "(714) 846-3100",       null, null,     6260009001, null) ;
INSERT INTO StoreTbl VALUES ( 62600090011063,   "25 Degrees",                                               "412 Walnut Ave",                                           "(714) 960-2525",       null, null,     6260009001, null) ;
INSERT INTO StoreTbl VALUES ( 62600090011064,   "Hol Mol",                                                "17491 Beach Blvd",                                         "(714) 841-3474",       null, null,     6260009001, null) ;
INSERT INTO StoreTbl VALUES ( 62600090011065,   "Tabu Shabu - Huntington Beach",                            "16821 Algonquin St",                                       "(714) 951-9204",       null, null,     6260009001, null) ;
INSERT INTO StoreTbl VALUES ( 62600090011066,   "Sanchos Tacos",                                           "602 Pacific Coast Hwy",                                    "(714) 536-8226",       null, null,     6260009001, null) ;
INSERT INTO StoreTbl VALUES ( 62600090011067,   "Bear Flag Fish Company",                                   "21058 Pacific Coast Hwy",                                  "(714) 374-0558",       null, null,     6260009001, null) ;
INSERT INTO StoreTbl VALUES ( 62600090011068,   "Grinderz",                                                 "7561 Center Ave",                                          "(714) 895-2800",       null, null,     6260009001, null) ;
INSERT INTO StoreTbl VALUES ( 62600090011069,   "Huntington Ramen",                                         "7391 Warner Ave",                                          "(714) 715-3631",       null, null,     6260009001, null) ;
INSERT INTO StoreTbl VALUES ( 62600090011070,   "Pho B",                                                    "9048 Adams Ave",                                           "(714) 965-1695",       null, null,     6260009001, null) ;  -- rst, pho, yup, am-viet
INSERT INTO StoreTbl VALUES ( 62600090011071,   "Thai Pepper",                                              "18023 Beach Blvd",                                         "(714) 843-9818",       null, null,     6260009001, null) ;
INSERT INTO StoreTbl VALUES ( 62600090011072,   "Ramain39 Izakaya",                                         "18583 Beach Blvd",                                         "(657) 329-1189",       null, null,     6260009001, null) ;
INSERT INTO StoreTbl VALUES ( 62600090011073,   "Ritters Steam Kettle Cooking",                            "180 5th St",                                               "(714) 536-7733",       null, null,     6260009001, null) ;
INSERT INTO StoreTbl VALUES ( 62600090011074,   "Thai Gulf Restaurant",                                     "19072 Beach Blvd",                                         "(714) 378-6003",       null, null,     6260009001, null) ;  -- rst
INSERT INTO StoreTbl VALUES ( 62600090011075,   "Fiesta Grill & Catering",                                  "418 17th St",                                              "(714) 969-7689",       null, null,     6260009001, null) ;  -- rst, grill-- rst
INSERT INTO StoreTbl VALUES ( 62600090011076,   "Romans Mexi-Cali Grill",                                  "5050 Heil Ave",                                            "(562) 592-0050",       null, null,     6260009001, null) ;  -- rst, grill-- rst
INSERT INTO StoreTbl VALUES ( 62600090011077,   "AYCE Sushi HB",                                            "5864 Edinger Ave",                                         "(714) 916-0359",       null, null,     6260009001, null) ;  -- sushi
INSERT INTO StoreTbl VALUES ( 62600090011078,   "Board & Brew - Huntington Beach",                          "19720 Beach Blvd",                                         "(714) 377-7100",       null, null,     6260009001, null) ;
INSERT INTO StoreTbl VALUES ( 62600090011079,   "Surf City Fish Grill",                                     "17965 Beach Blvd",                                         "(714) 375-4861",       null, null,     6260009001, null) ;  -- rst, grill-- rst
INSERT INTO StoreTbl VALUES ( 62600090011080,   "Fish Camp",                                                "16600 Pacific Coast Hwy",                                  "(562) 592-2267",       null, null,     6260009001, null) ;
INSERT INTO StoreTbl VALUES ( 62600090011081,   "Sushi On Fire",                                            "301 Main St",                                              "(714) 374-8885",       null, null,     6260009001, null) ;  -- sushi
INSERT INTO StoreTbl VALUES ( 62600090011082,   "Silk Noodle Bar",                                          "16334 Beach Blvd",                                         "(714) 848-1200",       null, null,     6260009001, null) ;
INSERT INTO StoreTbl VALUES ( 62600090011083,   "LSXO",                                                     "21016 Pacific Coast Hwy",                                  "(714) 374-0083",       null, null,     6260009001, null) ;
INSERT INTO StoreTbl VALUES ( 62600090011084,   "Matsu Restaurant",                                         "18035 Beach Blvd",                                         "(714) 848-4404",       null, null,     6260009001, null) ;  -- rst
INSERT INTO StoreTbl VALUES ( 62600090011085,   "Fiesta Grill 2",                                           "19484 Beach Blvd",                                         "(714) 968-0777",       null, null,     6260009001, null) ;  -- rst, grill-- rst
INSERT INTO StoreTbl VALUES ( 62600090011086,   "Las Barcas Gourmet Mexican Food",                          "21032 Beach Blvd",                                         "(714) 536-2616",       null, null,     6260009001, null) ;
INSERT INTO StoreTbl VALUES ( 62600090011087,   "Seafood Zone - Mistral Hunter",                            "6441 McFadden Ave",                                        "(714) 891-1981",       null, null,     6260009001, null) ;
INSERT INTO StoreTbl VALUES ( 62600090011088,   "Simmzys",                                                 "21028 Pacific Coast Hwy",                                  "(714) 831-1240",       null, null,     6260009001, null) ;
INSERT INTO StoreTbl VALUES ( 62600090011089,   "The American Dream",                                       "21058 Pacific Coast Hwy",                                  "(714) 374-1330",       null, null,     6260009001, null) ;
INSERT INTO StoreTbl VALUES ( 62600090011090,   "Niya Sushi",                                               "5910 Warner Ave",                                          "(714) 377-9842",       null, null,     6260009001, null) ;  -- sushi
INSERT INTO StoreTbl VALUES ( 62600090011091,   "Issara Thai Cuisine",                                      "7251 Warner Ave",                                          "(714) 847-7777",       null, null,     6260009001, null) ;
INSERT INTO StoreTbl VALUES ( 62600090011092,   "Hashigo Sushi",                                            "18685 Main St",                                            "(714) 848-1111",       null, null,     6260009001, null) ;  -- sushi
INSERT INTO StoreTbl VALUES ( 62600090011093,   "Normitas Surf City Taco",                                 "815 Indianapolis Ave",                                     "(714) 960-8730",       null, null,     6260009001, null) ;
INSERT INTO StoreTbl VALUES ( 62600090011094,   "Palmz Lounge",                                             "17823 Beach Blvd",                                         "(714) 878-9611",       null, null,     6260009001, null) ;
INSERT INTO StoreTbl VALUES ( 62600090011095,   "Saigon District Restaurant",                               "19171 Magnolia St",                                        "(657) 845-9189",       null, null,     6260009001, null) ;  -- rst
INSERT INTO StoreTbl VALUES ( 62600090011096,   "El Chavito Taco Truck",                                    "Huntington Beach, CA 92647",                               "(714) 597-3925",       null, null,     6260009001, null) ;
INSERT INTO StoreTbl VALUES ( 62600090011097,   "The Corner",                                               "8961 Adams Ave",                                           "(714) 968-6800",       null, null,     6260009001, null) ;
INSERT INTO StoreTbl VALUES ( 62600090011098,   "Mitasie 3",                                                "7636 Edinger Ave",                                         "(714) 847-5262",       null, null,     6260009001, null) ;
INSERT INTO StoreTbl VALUES ( 62600090011099,   "Bluegold",                                                 "21016 Pacific Coast Hwy",                                  "(714) 374-0038",       null, null,     6260009001, null) ;
INSERT INTO StoreTbl VALUES ( 62600090011100,   "Carlitos Diner",                                           "7451 Warner Ave",                                          "(714) 841-9966",       null, null,     6260009001, null) ;
INSERT INTO StoreTbl VALUES ( 62600090011101,   "Imola",                                                    "210 5th St",                                               "(714) 536-5001",       null, null,     6260009001, null) ;
INSERT INTO StoreTbl VALUES ( 62600090011102,   "Yamas Teriyaki",                                           "19091 Beach Blvd",                                         "(714) 596-3908",       null, null,     6260009001, null) ;
INSERT INTO StoreTbl VALUES ( 62600090011103,   "Bangkok Avenue",                                           "17221 Beach Blvd",                                         "(714) 841-9567",       null, null,     6260009001, null) ;
INSERT INTO StoreTbl VALUES ( 62600090011104,   "Capones Italian Cucina",                                   "19688 Beach Blvd",                                         "(714) 593-2888",       null, null,     6260009001, null) ;
INSERT INTO StoreTbl VALUES ( 62600090011105,   "Basil Thai Cuisine",                                       "9921 Hamilton Ave",                                        "(714) 968-2717",       null, null,     6260009001, null) ;
INSERT INTO StoreTbl VALUES ( 62600090011106,   "Eureka!",                                                  "7631 Edinger Ave",                                         "(714) 230-3955",       null, null,     6260009001, null) ;
INSERT INTO StoreTbl VALUES ( 62600090011107,   "Rancho Viejo Mexican & Seafood",                           "15471 Edwards St",                                         "(714) 893-7380",       null, null,     6260009001, null) ;
INSERT INTO StoreTbl VALUES ( 62600090011108,   "Silk Thai Cuisine",                                        "19690 Beach Blvd",                                         "(714) 964-1151",       null, null,     6260009001, null) ;
INSERT INTO StoreTbl VALUES ( 62600090011109,   "Thai Fix",                                                 "8935 Atlanta Ave",                                         "(714) 960-1008",       null, null,     6260009001, null) ;
INSERT INTO StoreTbl VALUES ( 62600090011110,   "Old Crow Smokehouse Huntington Beach",                     "21022 Pacific Coast Hwy",                                  "(714) 536-0381",       null, null,     6260009001, null) ;
INSERT INTO StoreTbl VALUES ( 62600090011111,   "Shabu On Fire",                                            "301 Main St",                                              "(714) 960-9777",       null, null,     6260009001, null) ;
INSERT INTO StoreTbl VALUES ( 62600090011112,   "Bodhi Tree Cafe",                                          "501 Main St",                                              "(714) 969-9500",       null, null,     6260009001, null) ;
INSERT INTO StoreTbl VALUES ( 62600090011113,   "Sango Sushi Japanese Restaurant",                          "7101 W Yorktown Ave",                                      "(714) 969-8548",       null, null,     6260009001, null) ;  -- rst  -- sushi
INSERT INTO StoreTbl VALUES ( 62600090011114,   "Georges Grill",                                           "300 Pacific Coast Hwy",                                    "(714) 960-0004",       null, null,     6260009001, null) ;  -- rst, grill-- rst
INSERT INTO StoreTbl VALUES ( 62600090011115,   "Mona Lisa Cucina",                                         "9017 E Adams Ave",                                         "(714) 965-9900",       null, null,     6260009001, null) ;
INSERT INTO StoreTbl VALUES ( 62600090011116,   "Big Chopsticks",                                           "19092 Beach Blvd",                                         "(714) 475-0204",       null, null,     6260009001, null) ;
INSERT INTO StoreTbl VALUES ( 62600090011117,   "Super Mex",                                                "17210 Pacific Coast Hwy",                                  "(562) 592-4849",       null, null,     6260009001, null) ;
INSERT INTO StoreTbl VALUES ( 62600090011118,   "Hangout Too Southern Bar & Grill",                         "16446 Bolsa Chica St",                                     "(657) 204-9306",       null, null,     6260009001, null) ;  -- rst, grill-- rst
INSERT INTO StoreTbl VALUES ( 62600090011119,   "Egg Roll King",                                            "10078 Adams Ave",                                          "(714) 378-8612",       null, null,     6260009001, null) ;
INSERT INTO StoreTbl VALUES ( 62600090011120,   "Minimex Everywhere",                                       "204 E Adams Ave",                                          "(714) 536-4555",       null, null,     6260009001, null) ;
INSERT INTO StoreTbl VALUES ( 62600090011121,   "Fuji Grill",                                               "19752 Beach Blvd",                                         "(714) 593-6400",       null, null,     6260009001, null) ;  -- rst, grill-- rst
INSERT INTO StoreTbl VALUES ( 62600090011122,   "BLK Earth Sea Spirits",                                    "300 Pacific Coast Hwy",                                    "(714) 960-0996",       null, null,     6260009001, null) ;
INSERT INTO StoreTbl VALUES ( 62600090011123,   "Harbour Rackhouse",                                        "16903 Algonquin St",                                       "(714) 377-3893",       null, null,     6260009001, null) ;
INSERT INTO StoreTbl VALUES ( 62600090011124,   "Hot and Spicy Thai",                                       "16561 Bolsa Chica St",                                     "(714) 840-5404",       null, null,     6260009001, null) ;
INSERT INTO StoreTbl VALUES ( 62600090011125,   "Slow Fish",                                                "16051 Bolsa Chica St",                                     "(714) 846-6951",       null, null,     6260009001, null) ;
INSERT INTO StoreTbl VALUES ( 62600090011126,   "Gs Boat House",                                           "200 Main St",                                              "(714) 969-3100",       null, null,     6260009001, null) ;
INSERT INTO StoreTbl VALUES ( 62600090011127,   "Tacos Jerez",                                              "17681 Beach Blvd",                                         "(714) 842-3240",       null, null,     6260009001, null) ;
INSERT INTO StoreTbl VALUES ( 62600090011128,   "solita Tacos & Margaritas",                                "7631 Edinger Ave",                                         "(714) 894-2792",       null, null,     6260009001, null) ;
INSERT INTO StoreTbl VALUES ( 62600090011129,   "Le Pho",                                                   "6522 Bolsa Ave",                                           "(714) 894-3784",       null, null,     6260009001, null) ;  -- rst, pho, yup, am-viet
INSERT INTO StoreTbl VALUES ( 62600090011130,   "Phuket Thai Restaurant",                                   "16612 Beach Blvd",                                         "(714) 842-1101",       null, null,     6260009001, null) ;  -- rst
INSERT INTO StoreTbl VALUES ( 62600090011131,   "NeoTsai Grill Teriyaki",                                   "15762 Springdale St",                                      "(657) 464-9799",       null, null,     6260009001, null) ;  -- rst, grill-- rst
INSERT INTO StoreTbl VALUES ( 62600090011132,   "The Speakeasy",                                            "7561 Center Ave",                                          "(714) 899-3279",       null, null,     6260009001, null) ;
INSERT INTO StoreTbl VALUES ( 62600090011133,   "Don Ramons Mexican Restaurant",                           "16961 Goldenwest St",                                      "(714) 847-4767",       null, null,     6260009001, null) ;  -- rst
INSERT INTO StoreTbl VALUES ( 62600090011134,   "Wings N Things Grill",                                    "18302 Beach Blvd",                                         "(714) 375-0022",       null, null,     6260009001, null) ;  -- rst, grill-- rst
INSERT INTO StoreTbl VALUES ( 62600090011135,   "Shanghaid Room",                                          "16391 Beach Blvd",                                         "(714) 841-8790",       null, null,     6260009001, null) ;
INSERT INTO StoreTbl VALUES ( 62600090011136,   "Molcajete Grill",                                          "19023 Bushard St",                                         "(714) 593-2829",       null, null,     6260009001, null) ;  -- rst, grill-- rst
INSERT INTO StoreTbl VALUES ( 62600090011137,   "Pick Up Stix",                                             "7041 Yorktown Ave",                                        "(714) 960-4904",       null, null,     6260009001, null) ;
INSERT INTO StoreTbl VALUES ( 62600090011138,   "Surf City Hookah Lounge",                                  "19092 Beach Blvd",                                         "(714) 274-9172",       null, null,     6260009001, null) ;
INSERT INTO StoreTbl VALUES ( 62600090011139,   "Sammys",                                                  "5171 Warner Ave",                                          "(714) 625-4305",       null, null,     6260009001, null) ;
INSERT INTO StoreTbl VALUES ( 62600090011140,   "Trejos Mexican Food",                                     "17436 Beach Blvd",                                         "(714) 842-2835",       null, null,     6260009001, null) ;
INSERT INTO StoreTbl VALUES ( 62600090011141,   "Gongs Chinese Food",                                      "6815 Warner Ave",                                          "(714) 842-6797",       null, null,     6260009001, null) ;
INSERT INTO StoreTbl VALUES ( 62600090011142,   "Lupes Taco Shop",                                         "14916 Springdale St",                                      "(714) 892-7252",       null, null,     6260009001, null) ;
INSERT INTO StoreTbl VALUES ( 62600090011143,   "Sakurai Japanese Grill",                                   "19881 Brookhurst St",                                      "(714) 968-7065",       null, null,     6260009001, null) ;  -- rst
INSERT INTO StoreTbl VALUES ( 62600090011144,   "Los Primos Cantina",                                       "10176 Adams Ave",                                          "(714) 962-7735",       null, null,     6260009001, null) ;
INSERT INTO StoreTbl VALUES ( 62600090011145,   "La Capilla Mexican Restaurant",                            "807 E Adams Ave",                                          "(714) 374-0342",       null, null,     6260009001, null) ;  -- rst
INSERT INTO StoreTbl VALUES ( 62600090011146,   "Chronic Tacos",                                            "7621 Edinger Ave",                                         "(714) 890-6100",       null, null,     6260009001, null) ;
INSERT INTO StoreTbl VALUES ( 62600090011147,   "Saint Marc Pub-Cafe, Bakery & Cheese Affinage",            "21058 Pacific Coast Hwy",                                  "(714) 374-1101",       null, null,     6260009001, null) ;
INSERT INTO StoreTbl VALUES ( 62600090011148,   "Distractions Lounge",                                      "16612 Beach Blvd",                                         "(586) 565-2089",       null, null,     6260009001, null) ;
INSERT INTO StoreTbl VALUES ( 62600090011149,   "Olive Garden Italian Restaurant",                          "16811 Beach Blvd",                                         "(714) 847-8874",       null, null,     6260009001, null) ;  -- rst
INSERT INTO StoreTbl VALUES ( 62600090011150,   "El Chavito 2 Taco Truck",                                  "7842 Sycamore Dr",                                         "(714) 597-3925",       null, null,     6260009001, null) ;
INSERT INTO StoreTbl VALUES ( 62600090011151,   "Pei Wei",                                                  "7621 Edinger Ave",                                         "(714) 230-2050",       null, null,     6260009001, null) ;
INSERT INTO StoreTbl VALUES ( 62600090011152,   "La Choza Restaurant",                                      "7402 Edinger Ave",                                         "(714) 842-7888",       null, null,     6260009001, null) ;  -- rst
INSERT INTO StoreTbl VALUES ( 62600090011153,   "3rd Generation Restaurant",                                "7311 Edinger Ave",                                         "(714) 892-1700",       null, null,     6260009001, null) ;  -- rst
INSERT INTO StoreTbl VALUES ( 62600090011154,   "Kings Fish House",                                        "7691 Edinger Ave",                                         "(714) 793-1177",       null, null,     6260009001, null) ;
INSERT INTO StoreTbl VALUES ( 62600090011155,   "Sebastianis Italian Bistro",                              "6078 Warner Ave",                                          "(714) 841-3619",       null, null,     6260009001, null) ;
INSERT INTO StoreTbl VALUES ( 62600090011156,   "KIKU Japanese Restaurant",                                 "15059 Goldenwest St",                                      "(714) 891-0401",       null, null,     6260009001, null) ;  -- rst
INSERT INTO StoreTbl VALUES ( 62600090011157,   "Rc Cafe",                                                  "8491 Atlanta Ave",                                         "(714) 860-8406",       null, null,     6260009001, null) ;
INSERT INTO StoreTbl VALUES ( 62600090011158,   "Sullivan Restaurant",                                      "21064 Beach Blvd",                                         "(714) 536-8538",       null, null,     6260009001, null) ;  -- rst
INSERT INTO StoreTbl VALUES ( 62600090011159,   "Irassae",                                                  "8841 Adams Ave",                                           "(714) 965-1904",       null, null,     6260009001, null) ;
INSERT INTO StoreTbl VALUES ( 62600090011160,   "The Bungalow Huntington Beach",                            "21058 Pacific Coast Hwy",                                  "(714) 374-0399",       null, null,     6260009001, null) ;
INSERT INTO StoreTbl VALUES ( 62600090011161,   "China Queen Express",                                      "17451 Beach Blvd",                                         "(714) 861-4088",       null, null,     6260009001, null) ;
INSERT INTO StoreTbl VALUES ( 62600090011162,   "Don The Beachcomber",                                      "16278 Pacific Coast Hwy",                                  "(562) 592-1321",       null, null,     6260009001, null) ;  -- beach
INSERT INTO StoreTbl VALUES ( 62600090011163,   "Great Wok Chinese Restaurant",                             "16883 Algonquin St",                                       "(714) 846-6588",       null, null,     6260009001, null) ;  -- rst
INSERT INTO StoreTbl VALUES ( 62600090011164,   "Quang Trung Restaurant",                                   "16931 Magnolia St",                                        "(714) 594-6460",       null, null,     6260009001, null) ;  -- rst
INSERT INTO StoreTbl VALUES ( 62600090011165,   "Frescas Mexican Grill",                                   "16062 Goldenwest St",                                      "(714) 861-1334",       null, null,     6260009001, null) ;  -- rst, grill-- rst
INSERT INTO StoreTbl VALUES ( 62600090011166,   "Tsunami Sushi",                                            "17236 Pacific Coast Hwy",                                  "(562) 592-5806",       null, null,     6260009001, null) ;  -- sushi
INSERT INTO StoreTbl VALUES ( 62600090011167,   "2nd Floor Food ART Drinks",                                "126 Main St",                                              "(714) 969-9000",       null, null,     6260009001, null) ;  -- art
INSERT INTO StoreTbl VALUES ( 62600090011168,   "Basil & Lime",                                             "7451 Edinger Ave",                                         "(714) 373-8808",       null, null,     6260009001, null) ;
INSERT INTO StoreTbl VALUES ( 62600090011169,   "Sufi Hookah Lounge",                                       "714 E Adams Ave",                                          "(657) 329-0629",       null, null,     6260009001, null) ;
INSERT INTO StoreTbl VALUES ( 62600090011170,   "Mirage Hookah & Grill",                                    "6041 Bolsa Ave",                                           "(714) 892-3200",       null, null,     6260009001, null) ;  -- rst, grill-- rst
INSERT INTO StoreTbl VALUES ( 62600090011171,   "OConnells Sports Pub & Grille",                          "19047 Bushard St",                                         "(714) 964-6741",       null, null,     6260009001, null) ;  -- rst, grill-- rst
INSERT INTO StoreTbl VALUES ( 62600090011172,   "Orange Grill",                                             "5492 McFadden Ave",                                        "(714) 893-1122",       null, null,     6260009001, null) ;  -- rst, grill-- rst
INSERT INTO StoreTbl VALUES ( 62600090011173,   "Surf Dogs Sports Grill",                                  "5932 Warner Ave",                                          "(714) 846-5700",       null, null,     6260009001, null) ;  -- rst, grill-- rst
INSERT INTO StoreTbl VALUES ( 62600090011174,   "Charo Chicken",                                            "6531 Edinger Ave",                                         "(714) 892-2900",       null, null,     6260009001, null) ;
INSERT INTO StoreTbl VALUES ( 62600090011175,   "Joes Sushi",                                              "6973 Warner Ave",                                          "(714) 375-2757",       null, null,     6260009001, null) ;
INSERT INTO StoreTbl VALUES ( 62600090011176,   "Avilas El Ranchito - Huntington Beach",                   "318 Main St",                                              "(714) 960-9696",       null, null,     6260009001, null) ;
INSERT INTO StoreTbl VALUES ( 62600090011177,   "Sushi Top",                                                "19171 Magnolia St",                                        "(714) 962-7199",       null, null,     6260009001, null) ;  -- sushi
INSERT INTO StoreTbl VALUES ( 62600090011178,   "Dos Toros Mexican Grill",                                  "221 Main St",                                              "(714) 536-3194",       null, null,     6260009001, null) ;  -- rst, grill-- rst
INSERT INTO StoreTbl VALUES ( 62600090011179,   "Kabuki Japanese Restaurant",                               "7801 Edinger Ave",                                         "(714) 898-9239",       null, null,     6260009001, null) ;
INSERT INTO StoreTbl VALUES ( 62600090011180,   "Kits Place",                                              "19476 Beach Blvd",                                         "(714) 963-0553",       null, null,     6260009001, null) ;
INSERT INTO StoreTbl VALUES ( 62600090011181,   "Islands Restaurant",                                       "7861 Edinger Ave",                                         "(714) 897-4619",       null, null,     6260009001, null) ;  -- rst
INSERT INTO StoreTbl VALUES ( 62600090011182,   "Baja Sharkeez",                                            "211 Main St",                                              "(714) 960-5282",       null, null,     6260009001, null) ;
INSERT INTO StoreTbl VALUES ( 62600090011183,   "Legends Surf City",                                        "301 Main St",                                              "(714) 374-2175",       null, null,     6260009001, null) ;
INSERT INTO StoreTbl VALUES ( 62600090011184,   "Maxs Sports Grill",                                       "18862 Beach Blvd",                                         "(714) 962-8316",       null, null,     6260009001, null) ;  -- rst, grill-- rst
INSERT INTO StoreTbl VALUES ( 62600090011185,   "Catch of the Day",                                         "6854 Edinger Ave",                                         "(714) 841-5472",       null, null,     6260009001, null) ;
INSERT INTO StoreTbl VALUES ( 62600090011186,   "Lees Lucky Wok",                                          "16576 Bolsa Chica St",                                     "(714) 377-0770",       null, null,     6260009001, null) ;
INSERT INTO StoreTbl VALUES ( 62600090011187,   "Johnnys Saloon",                                          "17428 Beach Blvd",                                         "(714) 848-0676",       null, null,     6260009001, null) ;
INSERT INTO StoreTbl VALUES ( 62600090011188,   "Photastic! Soup and Sandwiches",                           "19201 Brookhurst St",                                      "(714) 964-8373",       null, null,     6260009001, null) ;  -- rst, pho, yup, am-viet
INSERT INTO StoreTbl VALUES ( 62600090011189,   "BB Jazz",                                                  "7111 Talbert Ave",                                         "(714) 377-7574",       null, null,     6260009001, null) ;
INSERT INTO StoreTbl VALUES ( 62600090011190,   "Black Bull Chop House",                                    "300 Pacific Coast Hwy",                                    "(714) 969-6700",       null, null,     6260009001, null) ;
INSERT INTO StoreTbl VALUES ( 62600090011191,   "Don Jose Mexican Restaurant",                              "9093 Adams Ave",                                           "(714) 962-7911",       null, null,     6260009001, null) ;  -- rst
INSERT INTO StoreTbl VALUES ( 62600090011192,   "Tumbleweeds",                                              "21094 Beach Blvd",                                         "(714) 960-2776",       null, null,     6260009001, null) ;
INSERT INTO StoreTbl VALUES ( 62600090011193,   "Harrys Cafe",                                             "6041 Bolsa Ave",                                           "(714) 898-1699",       null, null,     6260009001, null) ;
INSERT INTO StoreTbl VALUES ( 62600090011194,   "Surf City Bar & Grill",                                    "19171 magnolia St",                                        "(714) 964-5926",       null, null,     6260009001, null) ;  -- rst, grill
INSERT INTO StoreTbl VALUES ( 62600090011195,   "Hurricanes Bar & Grill",                                   "200 Main St",                                              "(714) 374-0500",       null, null,     6260009001, null) ;  -- rst, grill
INSERT INTO StoreTbl VALUES ( 62600090011196,   "Gallaghers Pub & Grill",                                  "300 Pacific Coast Hwy",                                    "(714) 536-2422",       null, null,     6260009001, null) ;  -- rst, grill
INSERT INTO StoreTbl VALUES ( 62600090011197,   "New Ruby Palace",                                          "18330 Beach Blvd",                                         "(714) 842-2436",       null, null,     6260009001, null) ;
INSERT INTO StoreTbl VALUES ( 62600090011198,   "My Place Restaurant",                                      "5452 Commercial Dr",                                       "(714) 892-8706",       null, null,     6260009001, null) ;  -- rst
INSERT INTO StoreTbl VALUES ( 62600090011199,   "Ramirez Mexican Food",                                     "8000-8088 Newman Ave",                                     "(714) 206-4677",       null, null,     6260009001, null) ;
INSERT INTO StoreTbl VALUES ( 62600090011200,   "Oscar Catering",                                           "7942 Cypress St",                                          "(714) 614-2291",       null, null,     6260009001, null) ;
INSERT INTO StoreTbl VALUES ( 62600090011201,   "The Marlin Bar and Grill",                                 "5874 Edinger Ave",                                         "(714) 861-1465",       null, null,     6260009001, null) ;  -- rst, grill
INSERT INTO StoreTbl VALUES ( 62600090011202,   "The Longboard Restaurant & Pub",                           "14892 Springdale St",                                      "(714) 896-8700",       null, null,     6260009001, null) ;  -- rst
INSERT INTO StoreTbl VALUES ( 62600090011203,   "Killarney Pub & Grill",                                    "209 Main St",                                              "(714) 536-7887",       null, null,     6260009001, null) ;  -- rst, grill
INSERT INTO StoreTbl VALUES ( 62600090011204,   "Pacific Hideaway",                                         "500 Pacific Coast Hwy",                                    "(714) 960-5050",       null, null,     6260009001, null) ;
INSERT INTO StoreTbl VALUES ( 62600090011205,   "Joy Sushi",                                                "16482 Bolsa Chica St",                                     "(714) 840-0030",       null, null,     6260009001, null) ;  -- sushi
INSERT INTO StoreTbl VALUES ( 62600090011206,   "Pelican Isle",                                             "16400 Pacific Coast Hwy",                                  "(562) 592-3221",       null, null,     6260009001, null) ;
INSERT INTO StoreTbl VALUES ( 62600090011207,   "Centerfield Sports Lounge",                                "17296 Beach Blvd",                                         "(714) 848-0113",       null, null,     6260009001, null) ;
INSERT INTO StoreTbl VALUES ( 62600090011208,   "Sunday Champagne Brunch",                                  "7667 Center Ave",                                          "(714) 908-5178",       null, null,     6260009001, null) ;
INSERT INTO StoreTbl VALUES ( 62600090011209,   "Fitzgeralds Pub",                                          "19171 Magnolia St",                                        "(714) 968-4523",       null, null,     6260009001, null) ;
INSERT INTO StoreTbl VALUES ( 62600090011210,   "Shogun Restaurant",                                        "16561 Bolsa Chica St",                                     "(714) 840-0666",       null, null,     6260009001, null) ;  -- rst
INSERT INTO StoreTbl VALUES ( 62600090011211,   "Ramaneh Cafe",                                             "7561 Center Ave",                                          "(714) 812-9859",       null, null,     6260009001, null) ;
INSERT INTO StoreTbl VALUES ( 62600090011212,   "Belly Laugh Productions",                                  "7667 Center Ave",                                          "(888) 960-3997",       null, null,     6260009001, null) ;
INSERT INTO StoreTbl VALUES ( 62600090011213,   "Main Street Wine Company",                                 "301 Main St",                                              "(714) 969-7400",       null, null,     6260009001, null) ;
INSERT INTO StoreTbl VALUES ( 62600090011214,   "Super Mex Mexican Restaurant",                             "18421 Gothard St",                                         "(714) 848-4232",       null, null,     6260009001, null) ;  -- rst
INSERT INTO StoreTbl VALUES ( 62600090011215,   "The Bee Hive",                                             "6431 Edinger Ave",                                         "(714) 892-5777",       null, null,     6260009001, null) ;
INSERT INTO StoreTbl VALUES ( 62600090011216,   "Hy Roy Lounge",                                            "5050 Heil Ave",                                            "(714) 846-9750",       null, null,     6260009001, null) ;
INSERT INTO StoreTbl VALUES ( 62600090011217,   "Fully Fullwoods Live Reggae Sunday",                       "16278 Pacific Coast Hwy",                                  "(714) 274-3895",       null, null,     6260009001, null) ;
INSERT INTO StoreTbl VALUES ( 62600090011218,   "Sandys Beach Shack",                                      "315 Pacific Coast Hwy",                                    "(714) 374-7273",       null, null,     6260009001, null) ;  -- beach
INSERT INTO StoreTbl VALUES ( 62600090011219,   "Perqs",                                                    "117 Main St",                                              "(714) 960-9996",       null, null,     6260009001, null) ;
INSERT INTO StoreTbl VALUES ( 62600090011220,   "Redz Juke Joint",                                          "424 17th St",                                              "(714) 536-2223",       null, null,     6260009001, null) ;
INSERT INTO StoreTbl VALUES ( 62600090011221,   "Tailgaters Tap House and Grill",                           "8052 Adams Ave",                                           "(949) 396-1720",       null, null,     6260009001, null) ;  -- rst, grill
INSERT INTO StoreTbl VALUES ( 62600090011222,   "Mex Express",                                              "15744 Goldenwest St",                                      "(714) 673-8556",       null, null,     6260009001, null) ;
INSERT INTO StoreTbl VALUES ( 62600090011223,   "Pancho Frijoles",                                          "16635 Pacific Coast Hwy",                                  "(562) 592-6160",       null, null,     6260009001, null) ;
INSERT INTO StoreTbl VALUES ( 62600090011224,   "Shoreline Hookah Lounge",                                  "16400 Pacific Coast Hwy",                                  "(562) 592-2222",       null, null,     6260009001, null) ;
INSERT INTO StoreTbl VALUES ( 62600090011225,   "Filling Post Pub",                                         "16612 Beach Blvd",                                         "(714) 848-0669",       null, null,     6260009001, null) ;
INSERT INTO StoreTbl VALUES ( 62600090011226,   "Sultana Ultra Hookah Lounge",                              "18582 Beach Blvd",                                         "(909) 754-5611",       null, null,     6260009001, null) ;

-- NEWPORT BEACCH

INSERT INTO PlazaTbl VALUES ( 6260017001,   "Bayside Shopping Center",                    6260017) ;
INSERT INTO PlazaTbl VALUES ( 6260017002,   "Corona del Mar Plaza",                       6260017) ;
INSERT INTO PlazaTbl VALUES ( 6260017003,   "Crystal Cove Shopping Center",               6260017) ;
INSERT INTO PlazaTbl VALUES ( 6260017004,   "Eastbluff Village Center",                   6260017) ;
INSERT INTO PlazaTbl VALUES ( 6260017005,   "Harbor View Shopping Center",                6260017) ;
INSERT INTO PlazaTbl VALUES ( 6260017006,   "Newport Coast Shopping Center",             6260017) ;
INSERT INTO PlazaTbl VALUES ( 6260017007,   "Newport Hills Shopping Center",              6260017) ;
INSERT INTO PlazaTbl VALUES ( 6260017008,   "Newport North Shopping Center",              6260017) ;
INSERT INTO PlazaTbl VALUES ( 6260017009,   "The Bluffs Shopping Center",                 6260017) ;
INSERT INTO PlazaTbl VALUES ( 6260017010,   "Westcliff Plaza",                            6260017) ;
INSERT INTO PlazaTbl VALUES ( 6260017011,   "Newport + Costa Mesa Border Area",           6260017) ;

INSERT INTO StoreTbl VALUES ( 6260017001001,   "Bayside Cleaners",                                          "1056 Bayside Dr",                                          "(949) 760-0550",       null, 0006,     6260017001, 172) ;   -- cleaners
INSERT INTO StoreTbl VALUES ( 6260017001002,   "Bayside Restaurant",                                        "900 Bayside Dr",                                           "(949) 721-1222",       null, 0018,     6260017001, 173) ;   -- rst
INSERT INTO StoreTbl VALUES ( 6260017001003,   "Carol Klein Fine Jewelry",                                  "1028 Bayside Dr",                                          "(949) 760-3094",       null, 0013,     6260017001, 174) ;   -- jews
INSERT INTO StoreTbl VALUES ( 6260017001004,   "clubDetox",                                                 "1040 Bayside Dr",                                          "(949) 219-0112",       null, 0008,     6260017001, 175) ;   -- cos
INSERT INTO StoreTbl VALUES ( 6260017001005,   "Just Alterations",                                          "1032 Bayside Dr",                                          "(949) 644-5528",       null, 0004,     6260017001, 176) ;   -- bri
INSERT INTO StoreTbl VALUES ( 6260017001006,   "Newport Nails",                                             "1048 Bayside Dr",                                          "(949) 720-8394",       null, 0008,     6260017001, 177) ;   -- cos
INSERT INTO StoreTbl VALUES ( 6260017001007,   "Pizzeria Sapori",                                           "1080 Bayside Dr",                                          "(949) 644-4220",       null, 0018,     6260017001, 178) ;   -- rst
INSERT INTO StoreTbl VALUES ( 6260017001008,   "Sapori Ristorante Italiano",                                "1080 Bayside Dr",                                          "(949) 644-4220",       null, 0018,     6260017001, 179) ;   -- rst

INSERT INTO StoreTbl VALUES ( 6260017002001,   "Along Came a Spider Children's Boutique",                   "938 Avocado Ave",                                          "(949) 759-8687",       null, 0007,     6260017002, 180) ;   -- clothing, bout
INSERT INTO StoreTbl VALUES ( 6260017002002,   "Baker & Olive",                                             "928 Avocado Ave",                                          "(949) 759-1185",       null, 0018,     6260017002, 181) ;   -- rst
INSERT INTO StoreTbl VALUES ( 6260017002003,   "Classic Kids Photography",                                  "924 Avocado Ave",                                          "(949) 642-0200",       null, 0033,     6260017002, 182) ;   -- photo
INSERT INTO StoreTbl VALUES ( 6260017002004,   "Gail Jewelers",                                             "844 Avocado Ave",                                          "(714) 979-1631",       null, 0013,     6260017002, 183) ;   -- jews
INSERT INTO StoreTbl VALUES ( 6260017002005,   "GLO Nail Bar",                                              "978 Avocado Ave",                                          "(949) 287-6790",       null, 0002,     6260017002, 184) ;   -- bar
INSERT INTO StoreTbl VALUES ( 6260017002006,   "J.McLaughlin",                                              "972 Avocado Ave",                                          "(949) 706-6993",       null, 0007,     6260017002, 185) ;   -- cloth
INSERT INTO StoreTbl VALUES ( 6260017002007,   "Lucy Activewear",                                           "908A Avocado Ave",                                         "(949) 717-6751",       null, 0019,     6260017002, 186) ;   -- shoes
INSERT INTO StoreTbl VALUES ( 6260017002008,   "Marmi Shoes",                                               "964 Avocado Ave",                                          "(949) 721-1325",       null, 0019,     6260017002, 187) ;   -- shoes
INSERT INTO StoreTbl VALUES ( 6260017002009,   "McKee & Company Home",                                      "984 Avocado Ave",                                          "(949) 706-8600",       null, 0012,     6260017002, 188) ;   -- home improv, hardware
INSERT INTO StoreTbl VALUES ( 6260017002010,   "Mi Place",                                                  "916 Avocado Ave",                                          "(949) 219-9919",       null, 0007,     6260017002, 189) ;   -- clothing
INSERT INTO StoreTbl VALUES ( 6260017002011,   "Sienna Brown",                                              "936 Avocado Ave",                                          "(949) 644-5040",       null, 0014,     6260017002, 190) ;   -- medical, health
INSERT INTO StoreTbl VALUES ( 6260017002012,   "Tommy Bahama's Island Grille & Store",                      "854 Avocado Ave",                                          "(949) 760-8686",       null, 0018,     6260017002, 191) ;   -- rst, american     -- rst, grill

INSERT INTO StoreTbl VALUES ( 6260017003001,   "Z Collection",                                              "7876 East Coast Highway",                                  "(949) 715-2245",       null, 0013,     6260017003, 192) ;   -- jewlry ---------- x
INSERT INTO StoreTbl VALUES ( 6260017003002,   "At Ease for Men",                                           "8056 East Coast Highway",                                  "(949) 759-7979",       null, 0007,     6260017003, 193) ;   -- clothing
INSERT INTO StoreTbl VALUES ( 6260017003003,   "Atelier 7918",                                              "7918 East Coast Highway",                                  "(949) 715-0899",       null, 0007,     6260017003, 194) ;   -- clothing ------------ x
INSERT INTO StoreTbl VALUES ( 6260017003004,   "Babette's",                                                 "7961 East Coast Highway",                                  "(949) 715-9915",       null, 0018,     6260017003, 195) ;   -- rst
INSERT INTO StoreTbl VALUES ( 6260017003005,   "Bear Flag Fish Company",                                    "7972 East Coast Highway",                                  "(949) 673-3474",       null, 0018,     6260017003, 196) ;   -- rst, seafood ----------- x
INSERT INTO StoreTbl VALUES ( 6260017003006,   "Bellagio Spa & Salon",                                      "7932 East Coast Highway",                                  "(949) 720-9277",       null, 0008,     6260017003, 197) ;   -- cos
INSERT INTO StoreTbl VALUES ( 6260017003007,   "Bliss at The Cove",                                         "7884 East Coast Highway",                                  "(949) 494-6666",       null, 0008,     6260017003, 198) ;   -- cosm, salon -------------- x
INSERT INTO StoreTbl VALUES ( 6260017003008,   "Bluefin Restaurant",                                        "7952 East Coast Highway",                                  "(949) 715-7373",       null, 0018,     6260017003, 199) ;   -- rst, seafood
INSERT INTO StoreTbl VALUES ( 6260017003009,   "The Butchery",                                              "8058 East Coast Highway",                                  "(714) 529-6328",       null, 0026,     6260017003, 200) ;   -- zpecial, meats
INSERT INTO StoreTbl VALUES ( 6260017003010,   "Casablanca Bridal",                                         "7942 East Coast Highway",                                  "(949) 715-8228",       null, 0004,     6260017003, 201) ;   -- bridal
INSERT INTO StoreTbl VALUES ( 6260017003011,   "Coastal Cool",                                              "7986 East Coast Highway",                                  "(949) 494-4545",       null, 0007,     6260017003, 202) ;   -- clothing
INSERT INTO StoreTbl VALUES ( 6260017003012,   "Crystal Coast Optometry",                                   "7886 East Coast Highway",                                  "(949) 715-4300",       null, 0014,     6260017003, 203) ;   -- med
INSERT INTO StoreTbl VALUES ( 6260017003013,   "Javier's",                                                  "7832 East Coast Highway",                                  "(949) 494-1239",       null, 0018,     6260017003, 204) ;   -- rst, mex ------------- w
INSERT INTO StoreTbl VALUES ( 6260017003014,   "Juxtaposition Home",                                        "8021 East Coast Highway",                                  "(949) 715-1181",       null, 0030,     6260017003, 205) ;   -- crafts ---------- w
INSERT INTO StoreTbl VALUES ( 6260017003015,   "Mastro's Ocean Club",                                       "8112 East Coast Highway",                                  "(949) 376-6990",       null, 0018,     6260017003, 206) ;   -- rst, seafood, fine dining -------- x fb
INSERT INTO StoreTbl VALUES ( 6260017003016,   "Modo Mio Rustic Italian Kitchen",                           "7946 East Coast Highway",                                  "(949) 497-9770",       null, 0018,     6260017003, 207) ;   -- rst, italian
INSERT INTO StoreTbl VALUES ( 6260017003017,   "Novecento Boutique",                                        "8002 East Coast Highway",                                  "(949) 715-1700",       null, 0007,     6260017003, 208) ;   -- clothing, luxury --------- x
INSERT INTO StoreTbl VALUES ( 6260017003018,   "Novecento Sports",                                          "7988 East Coast Highway",                                  "(949) 715-6900",       null, 0007,     6260017003, 209) ;   -- clothing, luxury --------- x fb
INSERT INTO StoreTbl VALUES ( 6260017003019,   "Piajeh",                                                    "7916 East Coast Highway",                                  "(949) 715-4800",       null, 0007,     6260017003, 210) ;   -- clothing, luxyr ----- x fb
INSERT INTO StoreTbl VALUES ( 6260017003020,   "Pier 1 Imports",                                            "8072 East Coast Highway",                                  "(949) 497-7428",       null, 0007,     6260017003, 211) ;   -- clothing
INSERT INTO StoreTbl VALUES ( 6260017003021,   "Settebello Pizzeria Napoletana",                            "7864 East Coast Highway",                                  "(949) 715-2072",       null, 0018,     6260017003, 212) ;   -- rst, itl, ---- x
INSERT INTO StoreTbl VALUES ( 6260017003022,   "Williams-Sonoma",                                           "8032 East Coast Highway",                                  "(949) 464-2168",       null, 0012,     6260017003, 213) ;   -- home home applicances ------ x

INSERT INTO StoreTbl VALUES ( 6260017004001,   "Bistro Le Crillon",                                         "2523 Eastbluff Drive",                                     "(949) 640-8181",       null, 0018,     6260017004, 214) ;   -- rst, american
INSERT INTO StoreTbl VALUES ( 6260017004002,   "Newport Orthodontics & Children's Dentistry",               "2515 Eastbluff Drive",                                     "(949) 640-5050",       null, 0014,     6260017004, 215) ;   -- med, ortho ----- x
INSERT INTO StoreTbl VALUES ( 6260017004003,   "Paradise Bowls",                                            "2545 Eastbluff Drive",                                     "(949) 760-9900",       null, 0018,     6260017004, 216) ;   -- rst, amer
INSERT INTO StoreTbl VALUES ( 6260017004004,   "Provenance Restaurant",                                     "2531 Eastbluff Drive",                                     "(949) 718-0477",       null, 0018,     6260017004, 217) ;   -- rst, amer
INSERT INTO StoreTbl VALUES ( 6260017004005,   "Sunrise Martial Arts",                                      "2529 Eastbluff Drive",                                     "(949) 644-5425",       null, 0009,     6260017004, 218) ;   -- educ, martial arts ------ x fb

INSERT INTO StoreTbl VALUES ( 6260017005001,   "CDM Cleaners",                                              "1628 San Miguel Dr",                                       "(949) 720-1010",       null, 0006,     6260017005, 219) ;   -- cleaner
INSERT INTO StoreTbl VALUES ( 6260017005002,   "Michael Nusskern",                                          "1630A San Miguel Dr",                                      "(949) 759-5500",       null, 0007,     6260017005, 220) ;   -- clothing, lux ----- x fb
INSERT INTO StoreTbl VALUES ( 6260017005003,   "Newport Stationers",                                        "1640 San Miguel Dr",                                       "(949) 644-8444",       null, 0015,     6260017005, 221) ;   -- office supplies, printing ----- x

INSERT INTO StoreTbl VALUES ( 6260017006001,   "Bellagio Florist Etc.",                                     "21163 Newport Coast Drive",                                "(949) 640-4438",       null, 0031,     6260017006, 222) ;   -- flower
INSERT INTO StoreTbl VALUES ( 6260017006002,   "Blue Eyed Girl",                                            "21159 Newport Coast Drive",                                "(949) 640-2206",       null, 0018,     6260017006, 223) ;   -- rst, amer
INSERT INTO StoreTbl VALUES ( 6260017006003,   "Eyesite",                                                   "21161 Newport Coast Drive",                                "(949) 640-4733",       null, 0018,     6260017006, 224) ;   -- rst, amer
INSERT INTO StoreTbl VALUES ( 6260017006004,   "Jeanni Champagne Boutique",                                 "21111 Newport Coast Drive",                                "(949) 645-6731",       null, 0018,     6260017006, 225) ;   -- rst, amer
INSERT INTO StoreTbl VALUES ( 6260017006005,   "The Krave Kobe Burger Grill",                               "21133 Newport Coast Drive",                                "(949) 719-7770",       null, null,     6260017006, 226) ;   -- american     -- rst, grill
INSERT INTO StoreTbl VALUES ( 6260017006006,   "Living Fitness",                                            "21139 Newport Coast Drive",                                "(949) 640-2300",       null, 0011,     6260017006, 227) ;   -- gym
INSERT INTO StoreTbl VALUES ( 6260017006007,   "Newport Animal Hospital",                                   "21157 Newport Coast Drive",                                "(949) 631-2211",       null, 0025,     6260017006, 228) ;   -- vet
INSERT INTO StoreTbl VALUES ( 6260017006008,   "Newport Coast Pizzeria",                                    "21117 Newport Coast Drive",                                "(949) 644-5888",       null, 0018,     6260017006, 229) ;   -- rst, itl
INSERT INTO StoreTbl VALUES ( 6260017006009,   "Newport Fusion Sushi",                                      "21135 Newport Coast Drive",                                "(949) 721-5884",       null, 0018,     6260017006, 230) ;   -- rst, jap  -- sushi
INSERT INTO StoreTbl VALUES ( 6260017006010,   "Newport Ridge Cleaners",                                    "21141 Newport Coast Drive",                                "(949) 718-3526",       null, 0006,     6260017006, 231) ;   -- clean
INSERT INTO StoreTbl VALUES ( 6260017006011,   "Ocean Hills Dentistry",                                     "21149 Newport Coast Drive",                                "(949) 706-1711",       null, 0014,     6260017006, 232) ;   -- med
INSERT INTO StoreTbl VALUES ( 6260017006012,   "The Passionate Collector",                                  "21115 Newport Coast Drive",                                "(949) 673-0440",       null, 0013,     6260017006, 233) ;   -- jews ---- x

INSERT INTO StoreTbl VALUES ( 6260017007001,   "Coast Hills Pharmacy",                                      "2610 San Miguel Drive",                                    "(949) 720-7044",       null, 0014,     6260017007, 234) ;   -- medical, pharmacy ------- x
INSERT INTO StoreTbl VALUES ( 6260017007002,   "Dr. Michael Bold; Optometrist",                             "2628 San Miguel Drive",                                    "(949) 346-2571",       null, 0014,     6260017007, 235) ;   -- med, opt ------ x
INSERT INTO StoreTbl VALUES ( 6260017007003,   "Newport Beach Mailboxes and More",                          "2618 San Miguel Drive",                                    "(949) 544-1616",       null, 0033,     6260017007, 236) ;   -- mail ------ x
INSERT INTO StoreTbl VALUES ( 6260017007004,   "Newport Hills Animal Hospital",                             "2670 San Miguel Drive",                                    "(949) 759-1911",       null, 0025,     6260017007, 237) ;   -- vetenarian
INSERT INTO StoreTbl VALUES ( 6260017007005,   "Newport Hills Cleaners",                                    "2626 San Miguel Drive",                                    "(949) 720-1024",       null, 0006,     6260017007, 238) ;   -- cleaners --- x
INSERT INTO StoreTbl VALUES ( 6260017007006,   "Pacific Whey Cafe & Baking Company",                        "2622 San Miguel Drive",                                    "(949) 644-0303",       null, 0001,     6260017007, 239) ;   -- bakery
INSERT INTO StoreTbl VALUES ( 6260017007007,   "Scene Gallery",                                             "2620 San Miguel Drive",                                    "(949) 720-3939",       null, 0005,     6260017007, 240) ;   -- cafe
INSERT INTO StoreTbl VALUES ( 6260017007008,   "Skibby Learning Center",                                    "2674 San Miguel Drive",                                    "(949) 720-1683",       null, 0009,     6260017007, 241) ;   -- education ---- x web + fb
INSERT INTO StoreTbl VALUES ( 6260017007009,   "Taco Rosa Mexico City Cuisine",                             "2632 San Miguel Drive",                                    "(949) 720-0980",       null, 0018,     6260017007, 242) ;   -- rst, mex ----- x

INSERT INTO StoreTbl VALUES ( 6260017008001,   "Bowl of Heaven",                                            "1280B-11 Bison Avenue",                                    "(949) 706-7833",       null, 0028,     6260017008, 243) ;   -- juice/smooties ---- x fb
INSERT INTO StoreTbl VALUES ( 6260017008002,   "Champagnes Bistro & Deli",                                  "1260 Bison Avenue",                                        "(949) 640-5011",       null, 0018,     6260017008, 244) ;   -- rst, american
INSERT INTO StoreTbl VALUES ( 6260017008003,   "Elegance Family Dentistry",                                 "1220A2 Bison Avenue",                                      "(949) 640-8880",       null, 0014,     6260017008, 245) ;   -- med, dental ------ x
INSERT INTO StoreTbl VALUES ( 6260017008004,   "Holly and Hudson Nail Lounge",                              "1280 Bison Avenue B8",                                     "(949) 759-8686",       null, 0008,     6260017008, 246) ;   -- cosm ------ x yes
INSERT INTO StoreTbl VALUES ( 6260017008005,   "Li'l Baby Sprouts",                                         "1280 Bison Ave",                                           "(949) 721-1077",       null, 0008,     6260017008, 247) ;   -- cosm ------ mb
INSERT INTO StoreTbl VALUES ( 6260017008006,   "Mag's Donuts & Bakery",                                     "1280 Bison Ave B-1",                                       "(949) 786-1955",       null, 0001,     6260017008, 248) ;   -- bakery
INSERT INTO StoreTbl VALUES ( 6260017008007,   "Master Tailoring",                                          "1280 Bison Ave B-5",                                       "(949) 720-1041",       null, 0007,     6260017008, 249) ;   -- clothing ------ x
INSERT INTO StoreTbl VALUES ( 6260017008008,   "MeriEducation",                                             "1280 Bison Ave B-3",                                       "(949) 734-0081",       null, 0009,     6260017008, 250) ;   -- education, ----- x
INSERT INTO StoreTbl VALUES ( 6260017008009,   "Newport Beach Skin Care Center",                            "1220A-6 1280 Bison Ave",                                   "(949) 335-7546",       null, 0008,     6260017008, 251) ;   -- cosm
INSERT INTO StoreTbl VALUES ( 6260017008010,   "Newport North Cleaners",                                    "1280 Bison Ave B-4",                                       "(949) 644-0435",       null, 0006,     6260017008, 252) ;   -- cleaners ------ x
INSERT INTO StoreTbl VALUES ( 6260017008011,   "Pilates Plus",                                              "1280 Bison Ave A-3",                                       "(949) 554-7272",       null, 0011,     6260017008, 253) ;   -- gym, ----- no go
INSERT INTO StoreTbl VALUES ( 6260017008012,   "Pita Jungle",                                               "1200 Bison Ave",                                           "(949) 706-7711",       null, 0018,     6260017008, 254) ;   -- rst, medit, -------- fb
INSERT INTO StoreTbl VALUES ( 6260017008013,   "Royal Jewelers",                                            "1280 Bison Ave B-6",                                       "(949) 644-7804",       null, 0013,     6260017008, 255) ;   -- jews, ----- x fb
INSERT INTO StoreTbl VALUES ( 6260017008014,   "Scottrade",                                                 "1280 Bison Ave B2",                                        "(949) 644-4589",       null, 0026,     6260017008, 256) ;   -- investment remove
INSERT INTO StoreTbl VALUES ( 6260017008015,   "Sole Comfort",                                              "1280 Bison Ave A7",                                        "(949) 644-5939",       null, 0019,     6260017008, 257) ;   -- shoes, luxury, ------- x mb

INSERT INTO StoreTbl VALUES ( 6260017009001,   "Celebrity Cleaners",                                        "1336 Bison Avenue",                                        "(949) 640-5464",       null, 0006,     6260017009, 258) ;   -- cleaner
INSERT INTO StoreTbl VALUES ( 6260017009002,   "Cosmo Nail Bar",                                            "1338 Bison Avenue",                                        "(949) 287-6885",       null, 0008,     6260017009, 259) ;   -- cosm
INSERT INTO StoreTbl VALUES ( 6260017009003,   "Image Dental",                                              "1310 Bison Avenue",                                        "(949) 760-0363",       null, 0014,     6260017009, 260) ;   -- med
INSERT INTO StoreTbl VALUES ( 6260017009004,   "Islands Fine Burgers and Drinks",                           "1380 Bison Avenue",                                        "(949) 219-0445",       null, 0018,     6260017009, 261) ;   -- rst
INSERT INTO StoreTbl VALUES ( 6260017009005,   "Massage Heights",                                           "1334 Bison Avenue",                                        "(949) 644-7352",       null, 0008,     6260017009, 262) ;   -- cos
INSERT INTO StoreTbl VALUES ( 6260017009006,   "Pei Wei Asian Diner",                                       "1302 Bison Avenue",                                        "(949) 629-1000",       null, 0018,     6260017009, 263) ;   -- rst, chinese
INSERT INTO StoreTbl VALUES ( 6260017009007,   "TLT Food",                                                  "1332 Bison Avenue",                                        "(949) 873-5332",       null, 0018,     6260017009, 264) ;   -- rst, amer
INSERT INTO StoreTbl VALUES ( 6260017009008,   "Wasa Sushi",                                                "1346 Bison Avenue",                                        "(949) 760-1511",       null, 0018,     6260017009, 265) ;   -- rst, jap
INSERT INTO StoreTbl VALUES ( 6260017009009,   "Wildfish Seafood Grille",                                   "1370 Bison Avenue",                                        "(949) 720-9925",       null, 0018,     6260017009, 266) ;   -- rst, american     -- rst, grill
INSERT INTO StoreTbl VALUES ( 6260017009010,   "Wonderland Bakery",                                         "1314 Bison Avenue",                                        "(949) 640-9095",       null, 0001,     6260017009, 267) ;   -- bakery

INSERT INTO StoreTbl VALUES ( 6260017010001,   "Core Reform Pilates",                                       "1058 Irvine Avenue",                                       "(949) 646-8600",       null, 0011,     6260017010, 268) ;   -- gym
INSERT INTO StoreTbl VALUES ( 6260017010002,   "Massage Envy",                                              "1052 Irvine Avenue",                                       "(949) 200-3330",       null, 0008,     6260017010, 269) ;   -- cosm
INSERT INTO StoreTbl VALUES ( 6260017010003,   "Orangetheory Fitness",                                      "1040 Irvine Avenue",                                       "(949) 630-0555",       null, 0011,     6260017010, 270) ;   -- gym
INSERT INTO StoreTbl VALUES ( 6260017010004,   "Pandor Artisan Boulangerie & Cafe",                         "1126-A Irvine Avenue",                                     "(949) 209-5099",       null, 0005,     6260017010, 271) ;   -- cafe, american

INSERT INTO StoreTbl VALUES ( 6260017011001,   "Royal Hen",                                                 "311 Marine Ave",                                           "(949) 873-5603",       null, 0005,     6260017011, 272) ;   -- cafe
INSERT INTO StoreTbl VALUES ( 6260017011002,   "The Beach Barrel",                                          "3305 Newport Blvd",                                        "(949) 531-6222",       null, 0018,     6260017011, 273) ;   -- rst, barbeque
INSERT INTO StoreTbl VALUES ( 6260017011003,   "Zinqu",                                                    "3446 Via Oporto",                                          "(949) 612-7259",       null, 0005,     6260017011, 274) ;   -- cafe, coffee,wine
INSERT INTO StoreTbl VALUES ( 6260017011004,   "Ms Alice",                                                  "841 Baker St, Costa Mesa",                                 "(949) 630-5688",       null, 0018,     6260017011, 275) ;   -- rst, gourmet  --------- x
INSERT INTO StoreTbl VALUES ( 6260017011005,   "Park Newport Market & Cafe",                                "900 San Joaquin Hills Rd",                                 "(949) 644-6033",       null, 0005,     6260017011, 276) ;   -- cafe
INSERT INTO StoreTbl VALUES ( 6260017011006,   "Mama Ds Italian Kitchen",                                  "3012 Newport Blvd",                                        "(949) 675-6262",       null, 0018,     6260017011, 277) ;   -- rst, itl
INSERT INTO StoreTbl VALUES ( 6260017011007,   "CUCINA enoteca Newport Beach",                              "951 Newport Center Dr",                                    "(949) 706-1416",       null, 0018,     6260017011, 278) ;   -- rst, gourment ------- x
INSERT INTO StoreTbl VALUES ( 6260017011008,   "Crockers The Well Dressed Frank",                          "211 Marine Ave Ste A",                                     "(949) 572-9293",       null, 0018,     6260017011, 279) ;   -- rst, american  ------- x
INSERT INTO StoreTbl VALUES ( 6260017011009,   "Patty Macs",                                                "209 1/2 Palm St",                                          "(949) 675-3620",       null, 0018,     6260017011, 280) ;   -- rst, ameican
INSERT INTO StoreTbl VALUES ( 6260017011010,   "The Dock",                                                  "2816 Lafayette Rd Newport Beach",                          "(949) 673-3625",       null, 0018,     6260017011, 281) ;   -- rst, gourmet
INSERT INTO StoreTbl VALUES ( 6260017011011,   "Rendez Vous",                                               "3330 E Coast Hwy",                                         "(949) 791-8730",       null, 0005,     6260017011, 282) ;   -- cafe
INSERT INTO StoreTbl VALUES ( 6260017011012,   "The Lighthouse Bayview Caf",                               "1600 W Balboa Blvd Newport Beach",                         "(949) 933-1001",       null, 0005,     6260017011, 283) ;   -- cafe
INSERT INTO StoreTbl VALUES ( 6260017011013,   "Filomenas Italian Kitchen",                                "2400 Newport Blvd Costa Mesa",                             "(949) 642-3810",       null, 0018,     6260017011, 284) ;   -- rst, itl
INSERT INTO StoreTbl VALUES ( 6260017011014,   "Turnip Rose Cafe",                                          "2701 Harbor Blvd Ste E-6 Costa Mesa",                      "(714) 881-0379",       null, 0005,     6260017011, 285) ;   -- cafe
INSERT INTO StoreTbl VALUES ( 6260017011015,   "Kitakata Ramen Ban Nai",                                    "891 Baker St B21 Costa Mesa",                              "(714) 557-2947",       null, 0018,     6260017011, 800) ;   -- rst, jap
INSERT INTO StoreTbl VALUES ( 6260017011016,   "Barley Forge Brewing",                                      "2957 Randolph Ave Unit B Costa Mesa",                      "(714) 641-2084",       null, 0002,     6260017011, 287) ;   -- bar
INSERT INTO StoreTbl VALUES ( 6260017011017,   "La Caada Grill",                                           "841 W 19th St Ste A Costa Mesa",                           "(949) 722-8330",       null, 0018,     6260017011, 288) ;   -- rst, mex
INSERT INTO StoreTbl VALUES ( 6260017011018,   "Saigon Beach",                                              "2233 W Balboa Blvd  Ste 102 Costa Mesa",                   "(949) 612-8067",       null, 0018,     6260017011, 289) ;   -- rst, viet
INSERT INTO StoreTbl VALUES ( 6260017011019,   "Rincon Argentino",                                          "2346 Newport Blvd Costa Mesa",                             "(949) 642-3299",       null, 0018,     6260017011, 290) ;   -- rst, ital
INSERT INTO StoreTbl VALUES ( 6260017011020,   "My Galley",                                                 "500 W Balboa Blvd Newport Beach",                          "(949) 375-4355",       null, 0018,     6260017011, 291) ;   -- rst
INSERT INTO StoreTbl VALUES ( 6260017011021,   "Wild Taco",                                                 "407 31st St Newport Beach",                                "(949) 673-9453",       null, 0018,     6260017011, 292) ;   -- rst, am-mex
INSERT INTO StoreTbl VALUES ( 6260017011022,   "Menya Keishi",                                              "675 Paularino Ave Ste C Costa Mesa",                       "(714) 754-1844",       null, 0018,     6260017011, 293) ;   -- rst, jap
INSERT INTO StoreTbl VALUES ( 6260017011023,   "Oak Grill",                                                 "690 Newport Center Dr Newport Beach",                      "(949) 760-4920",       null, 0018,     6260017011, 294) ;   -- rst     -- rst, grill
INSERT INTO StoreTbl VALUES ( 6260017011024,   "Great Mex",                                                 "703 E Balboa Blvd Newport Beach",                          "(949) 675-0808",       null, 0018,     6260017011, 295) ;   -- rst, mex
INSERT INTO StoreTbl VALUES ( 6260017011025,   "True Food Kitchen",                                         "451 Newport Center Dr Newport Beach",                      "(949) 644-2400",       null, 0018,     6260017011, 296) ;   -- rst
INSERT INTO StoreTbl VALUES ( 6260017011026,   "Picante Martins Mexican Restaurant",                       "320 Marine Ave Ste B",                                     "(949) 675-4627",       null, 0018,     6260017011, 297) ;   -- rst, mex
INSERT INTO StoreTbl VALUES ( 6260017011027,   "The Original Sgt Pepperonis Pizza Store",                   "2300 SE Bristol St",                                       "(949) 852-9500",       null, 0018,     6260017011, 298) ;   -- rst
INSERT INTO StoreTbl VALUES ( 6260017011028,   "Pizza Nova",                                                "2601 W Paciffic Coast Hwy Newport Beach",                  "(949) 574-4099",       null, 0018,     6260017011, 299) ;   -- rst
INSERT INTO StoreTbl VALUES ( 6260017011029,   "Goodtown Doughnuts",                                        "2930 Bristol St Ste A101B Costa Mesa",                     "(714) 486-1870",       null, 0018,     6260017011, 300) ;   -- rst, donuts
INSERT INTO StoreTbl VALUES ( 6260017011030,   "Harborside Restaurant and Grand Ballroom",                  "400 Main St Newport Beach",                                "(949) 673-4633",       null, 0018,     6260017011, 301) ;   -- rst
INSERT INTO StoreTbl VALUES ( 6260017011031,   "Rusty Pelican",                                             "2735 W Coast Hwy Newport Beach",                           "(949) 642-3431",       null, 0018,     6260017011, 302) ;   -- rst
INSERT INTO StoreTbl VALUES ( 6260017011032,   "Wok-In",                                                    "2394 Newport Blvd Costa Mesa",                             "(949) 287-6785",       null, 0018,     6260017011, 303) ;   -- rst
INSERT INTO StoreTbl VALUES ( 6260017011033,   "Meiji Seimen",                                              "1113 Baker St Ste E",                                      "(714) 545-5175",       null, 0018,     6260017011, 304) ;   -- rst, jap
INSERT INTO StoreTbl VALUES ( 6260017011034,   "Anjin",                                                     "3033 Bristol St Ste N Costa Mesa",                         "(714) 979-6700",       null, 0018,     6260017011, 305) ;   -- rst, jap
INSERT INTO StoreTbl VALUES ( 6260017011035,   "Uroko Cafe",                                                "3030 Bristol St, Costa Mesa, CA 92626",                    "(714) 436-5798",       null, 0018,     6260017011, 626) ;   -- rst, jap
INSERT INTO StoreTbl VALUES ( 6260017011036,   "Jojo's Bizzare Military Weapons",                            "36969 Bristol St, Costa Mesa, CA 92626",                   "(714) 436-5798",       null, 0018,     6260017011, 626) ;  -- rst, jap

 -- random

INSERT INTO StoreSellsTbl VALUES ( 6260017011036, 72005 );
INSERT INTO StoreSellsTbl VALUES ( 6260017011036, 72066 );

 -- toy (tiger, dominos, op dolls)

INSERT INTO StoreSellsTbl VALUES ( 6260010004006, 72001 );
INSERT INTO StoreSellsTbl VALUES ( 6260010004006, 72002 );
INSERT INTO StoreSellsTbl VALUES ( 6260010004006, 72056 );
INSERT INTO StoreSellsTbl VALUES ( 6260010004006, 72021 );

INSERT INTO StoreSellsTbl VALUES ( 6260006003003, 72021 );
INSERT INTO StoreSellsTbl VALUES ( 6260006003003, 72056 );
INSERT INTO StoreSellsTbl VALUES ( 6260006003003, 72070 );

INSERT INTO StoreSellsTbl VALUES ( 6260019003034, 72056 );
INSERT INTO StoreSellsTbl VALUES ( 6260019003034, 72001 );

INSERT INTO StoreSellsTbl VALUES ( 6260002003061, 72021 );
INSERT INTO StoreSellsTbl VALUES ( 6260002003061, 72070 );

INSERT INTO StoreSellsTbl VALUES ( 6260014002102, 72056 );
INSERT INTO StoreSellsTbl VALUES ( 6260014002102, 72071 );

INSERT INTO StoreSellsTbl VALUES ( 6260006003003, 72018 );

INSERT INTO StoreSellsTbl VALUES ( 6260006003003, 72042 );




-- office (hand san, pen)

INSERT INTO StoreSellsTbl VALUES (6260007001466, 72060);

INSERT INTO StoreSellsTbl VALUES (6260007001466, 72067);

INSERT INTO StoreSellsTbl VALUES (6260007001466, 72064);


INSERT INTO StoreSellsTbl VALUES (6260007001466, 72045);
INSERT INTO StoreSellsTbl VALUES (6260007001466, 72021);

INSERT INTO StoreSellsTbl VALUES (6260026001077, 72045);
INSERT INTO StoreSellsTbl VALUES (6260026001077, 72058);

INSERT INTO StoreSellsTbl VALUES (6260013001572, 72045);
INSERT INTO StoreSellsTbl VALUES (6260013001572, 72021);

INSERT INTO StoreSellsTbl VALUES (6260017005003, 72045);
INSERT INTO StoreSellsTbl VALUES (6260017005003, 72058);


INSERT INTO StoreSellsTbl VALUES (6260007001466, 72027);

INSERT INTO StoreSellsTbl VALUES (6260026001077, 72027);

INSERT INTO StoreSellsTbl VALUES (6260013001572, 72027);

INSERT INTO StoreSellsTbl VALUES (6260017005003, 72027);

INSERT INTO StoreSellsTbl VALUES (6260017005003, 72057);

INSERT INTO StoreSellsTbl VALUES (6260017005003, 72065);




-- pharm(antibiotics, tampon)

INSERT INTO StoreSellsTbl VALUES (6260010017008, 72041);
INSERT INTO StoreSellsTbl VALUES (6260006002011, 72041);
INSERT INTO StoreSellsTbl VALUES (6260019003013, 72041);
INSERT INTO StoreSellsTbl VALUES (6260019003023, 72041);
INSERT INTO StoreSellsTbl VALUES (6260024003009, 72041);
INSERT INTO StoreSellsTbl VALUES (6260024004002, 72041);
INSERT INTO StoreSellsTbl VALUES (6260024008006, 72041);
INSERT INTO StoreSellsTbl VALUES (6260024009007, 72041);
INSERT INTO StoreSellsTbl VALUES (6260005003001, 72041);
INSERT INTO StoreSellsTbl VALUES (6260005003018, 72041);

INSERT INTO StoreSellsTbl VALUES (6260010017008, 72006);
INSERT INTO StoreSellsTbl VALUES (6260006002011, 72006);
INSERT INTO StoreSellsTbl VALUES (6260019003013, 72006);
INSERT INTO StoreSellsTbl VALUES (6260019003023, 72006);
INSERT INTO StoreSellsTbl VALUES (6260024003009, 72006);
INSERT INTO StoreSellsTbl VALUES (6260024004002, 72006);
INSERT INTO StoreSellsTbl VALUES (6260024008006, 72006);
INSERT INTO StoreSellsTbl VALUES (6260024009007, 72006);
INSERT INTO StoreSellsTbl VALUES (6260005003001, 72006);
INSERT INTO StoreSellsTbl VALUES (6260005003018, 72006);

INSERT INTO StoreSellsTbl VALUES (6260010017008, 72054);
INSERT INTO StoreSellsTbl VALUES (6260006002011, 72054);
INSERT INTO StoreSellsTbl VALUES (6260019003013, 72054);
INSERT INTO StoreSellsTbl VALUES (6260019003023, 72054);
INSERT INTO StoreSellsTbl VALUES (6260024003009, 72054);
INSERT INTO StoreSellsTbl VALUES (6260024004002, 72054);
INSERT INTO StoreSellsTbl VALUES (6260024008006, 72054);
INSERT INTO StoreSellsTbl VALUES (6260024009007, 72054);
INSERT INTO StoreSellsTbl VALUES (6260005003001, 72054);
INSERT INTO StoreSellsTbl VALUES (6260005003018, 72054);

-- apple pie

INSERT INTO StoreSellsTbl VALUES ( 6260010003002, 72007 );
INSERT INTO StoreSellsTbl VALUES ( 6260028002036, 72007 );
INSERT INTO StoreSellsTbl VALUES ( 6260014001020, 72007 );

-- bannana sundae and candy and choclate and cupcake

INSERT INTO StoreSellsTbl VALUES (6260004005007, 72008);
INSERT INTO StoreSellsTbl VALUES (6260004005009, 72008);
INSERT INTO StoreSellsTbl VALUES (6260010007006, 72008);
INSERT INTO StoreSellsTbl VALUES (6260010010009, 72008);

INSERT INTO StoreSellsTbl VALUES (6260004005007, 72013);
INSERT INTO StoreSellsTbl VALUES (6260004005009, 72013);
INSERT INTO StoreSellsTbl VALUES (6260010007006, 72013);
INSERT INTO StoreSellsTbl VALUES (6260010010009, 72013);

INSERT INTO StoreSellsTbl VALUES (6260004005007, 72016);
INSERT INTO StoreSellsTbl VALUES (6260004005009, 72016);
INSERT INTO StoreSellsTbl VALUES (6260010007006, 72016);
INSERT INTO StoreSellsTbl VALUES (6260010010009, 72016);

INSERT INTO StoreSellsTbl VALUES (6260004005009, 72017);
INSERT INTO StoreSellsTbl VALUES (6260010007006, 72017);
INSERT INTO StoreSellsTbl VALUES (6260010010009, 72017);

-- bikini and bra and hat and lingerie

INSERT INTO StoreSellsTbl VALUES (6260010019008, 72047);
INSERT INTO StoreSellsTbl VALUES (6260017002006, 72047);
INSERT INTO StoreSellsTbl VALUES (6260017003003, 72047);
INSERT INTO StoreSellsTbl VALUES (6260017003011, 72047);
INSERT INTO StoreSellsTbl VALUES (6260017003017, 72047);
INSERT INTO StoreSellsTbl VALUES (6260017003020, 72047);

INSERT INTO StoreSellsTbl VALUES (6260017003003, 72061);
INSERT INTO StoreSellsTbl VALUES (6260017003011, 72061);


INSERT INTO StoreSellsTbl VALUES (6260010019008, 72009);
INSERT INTO StoreSellsTbl VALUES (6260017002006, 72009);
INSERT INTO StoreSellsTbl VALUES (6260017003003, 72009);
INSERT INTO StoreSellsTbl VALUES (6260017003011, 72009);
INSERT INTO StoreSellsTbl VALUES (6260017003017, 72009);
INSERT INTO StoreSellsTbl VALUES (6260017003020, 72009);

INSERT INTO StoreSellsTbl VALUES (6260010019008, 72010);
INSERT INTO StoreSellsTbl VALUES (6260017002006, 72010);
INSERT INTO StoreSellsTbl VALUES (6260017003003, 72010);
INSERT INTO StoreSellsTbl VALUES (6260017003011, 72010);
INSERT INTO StoreSellsTbl VALUES (6260017003017, 72010);
INSERT INTO StoreSellsTbl VALUES (6260017003020, 72010);

INSERT INTO StoreSellsTbl VALUES (6260010019008, 72035);
INSERT INTO StoreSellsTbl VALUES (6260017002006, 72035);
INSERT INTO StoreSellsTbl VALUES (6260017003003, 72035);
INSERT INTO StoreSellsTbl VALUES (6260017003011, 72035);
INSERT INTO StoreSellsTbl VALUES (6260017003017, 72035);
INSERT INTO StoreSellsTbl VALUES (6260017003020, 72035);

INSERT INTO StoreSellsTbl VALUES (6260010019008, 72036);
INSERT INTO StoreSellsTbl VALUES (6260017002006, 72036);
INSERT INTO StoreSellsTbl VALUES (6260017003003, 72036);
INSERT INTO StoreSellsTbl VALUES (6260017003011, 72036);
INSERT INTO StoreSellsTbl VALUES (6260017003017, 72036);
INSERT INTO StoreSellsTbl VALUES (6260017003020, 72036);















INSERT INTO StoreSellsTbl VALUES (6260010019008, 72029);
INSERT INTO StoreSellsTbl VALUES (6260017002006, 72029);
INSERT INTO StoreSellsTbl VALUES (6260017003003, 72029);
INSERT INTO StoreSellsTbl VALUES (6260017003011, 72029);
INSERT INTO StoreSellsTbl VALUES (6260017003017, 72029);
INSERT INTO StoreSellsTbl VALUES (6260017003020, 72029);



-- brazillian wax

INSERT INTO StoreSellsTbl VALUES (6260010003012, 72028);
INSERT INTO StoreSellsTbl VALUES (6260010007005, 72028);
INSERT INTO StoreSellsTbl VALUES (6260010007008, 72028);
INSERT INTO StoreSellsTbl VALUES (6260010007011, 72028);
INSERT INTO StoreSellsTbl VALUES (6260010010006, 72028);
INSERT INTO StoreSellsTbl VALUES (6260010010007, 72028);
INSERT INTO StoreSellsTbl VALUES (6260010013002, 72028);
INSERT INTO StoreSellsTbl VALUES (6260010013003, 72028);
INSERT INTO StoreSellsTbl VALUES (6260010013004, 72028);
INSERT INTO StoreSellsTbl VALUES (6260010015005, 72028);
INSERT INTO StoreSellsTbl VALUES (6260010015006, 72028);
INSERT INTO StoreSellsTbl VALUES (6260010016005, 72028);
INSERT INTO StoreSellsTbl VALUES (6260010016011, 72028);
INSERT INTO StoreSellsTbl VALUES (6260010017001, 72028);
INSERT INTO StoreSellsTbl VALUES (6260010017007, 72028);
INSERT INTO StoreSellsTbl VALUES (6260010017011, 72028);
INSERT INTO StoreSellsTbl VALUES (6260010019007, 72028);
INSERT INTO StoreSellsTbl VALUES (626001800110,  72028);
INSERT INTO StoreSellsTbl VALUES (626001800303,  72028);
INSERT INTO StoreSellsTbl VALUES (6260006001008, 72028);
INSERT INTO StoreSellsTbl VALUES (6260004002008, 72028);
INSERT INTO StoreSellsTbl VALUES (6260028001004, 72028);
INSERT INTO StoreSellsTbl VALUES (6260028002062, 72028);
INSERT INTO StoreSellsTbl VALUES (6260019003051, 72028);
INSERT INTO StoreSellsTbl VALUES (6260023001001, 72028);
INSERT INTO StoreSellsTbl VALUES (6260023002008, 72028);
INSERT INTO StoreSellsTbl VALUES (6260023002013, 72028);
INSERT INTO StoreSellsTbl VALUES (6260023004033, 72028);
INSERT INTO StoreSellsTbl VALUES (6260023005035, 72028);
INSERT INTO StoreSellsTbl VALUES (6260024002003, 72028);
INSERT INTO StoreSellsTbl VALUES (6260024002004, 72028);
INSERT INTO StoreSellsTbl VALUES (6260024006007, 72028);
INSERT INTO StoreSellsTbl VALUES (6260024011002, 72028);
INSERT INTO StoreSellsTbl VALUES (6260005003016, 72028);
INSERT INTO StoreSellsTbl VALUES (6260002001002, 72028);
INSERT INTO StoreSellsTbl VALUES (6260002001004, 72028);
INSERT INTO StoreSellsTbl VALUES (6260002001017, 72028);
INSERT INTO StoreSellsTbl VALUES (6260002001020, 72028);
INSERT INTO StoreSellsTbl VALUES (6260002002005, 72028);
INSERT INTO StoreSellsTbl VALUES (6260002002019, 72028);
INSERT INTO StoreSellsTbl VALUES (6260002003054, 72028);
INSERT INTO StoreSellsTbl VALUES (6260027001019, 72028);
INSERT INTO StoreSellsTbl VALUES (6260025001039, 72028);
INSERT INTO StoreSellsTbl VALUES (6260014002074, 72028);
INSERT INTO StoreSellsTbl VALUES (6260007001380, 72028);
INSERT INTO StoreSellsTbl VALUES (6260007001485, 72028);
INSERT INTO StoreSellsTbl VALUES (6260007001486, 72028);
INSERT INTO StoreSellsTbl VALUES (6260007001489, 72028);
INSERT INTO StoreSellsTbl VALUES (6260007001490, 72028);
INSERT INTO StoreSellsTbl VALUES (6260007001492, 72028);
INSERT INTO StoreSellsTbl VALUES (6260007001500, 72028);
INSERT INTO StoreSellsTbl VALUES (6260007001503, 72028);
INSERT INTO StoreSellsTbl VALUES (6260007001505, 72028);
INSERT INTO StoreSellsTbl VALUES (6260007001507, 72028);
INSERT INTO StoreSellsTbl VALUES (6260007001511, 72028);
INSERT INTO StoreSellsTbl VALUES (6260007001515, 72028);
INSERT INTO StoreSellsTbl VALUES (6260007001522, 72028);
INSERT INTO StoreSellsTbl VALUES (6260007001523, 72028);
INSERT INTO StoreSellsTbl VALUES (6260007001524, 72028);
INSERT INTO StoreSellsTbl VALUES (6260007001525, 72028);
INSERT INTO StoreSellsTbl VALUES (6260007001526, 72028);
INSERT INTO StoreSellsTbl VALUES (6260007001527, 72028);
INSERT INTO StoreSellsTbl VALUES (6260007001528, 72028);
INSERT INTO StoreSellsTbl VALUES (6260007001530, 72028);
INSERT INTO StoreSellsTbl VALUES (6260007001531, 72028);
INSERT INTO StoreSellsTbl VALUES (6260007001535, 72028);
INSERT INTO StoreSellsTbl VALUES (6260007001539, 72028);
INSERT INTO StoreSellsTbl VALUES (6260007001541, 72028);
INSERT INTO StoreSellsTbl VALUES (6260007001550, 72028);
INSERT INTO StoreSellsTbl VALUES (6260007001552, 72028);
INSERT INTO StoreSellsTbl VALUES (6260007001563, 72028);
INSERT INTO StoreSellsTbl VALUES (6260007001564, 72028);
INSERT INTO StoreSellsTbl VALUES (6260007001566, 72028);
INSERT INTO StoreSellsTbl VALUES (6260007001581, 72028);
INSERT INTO StoreSellsTbl VALUES (6260007001583, 72028);
INSERT INTO StoreSellsTbl VALUES (6260007001585, 72028);
INSERT INTO StoreSellsTbl VALUES (6260007001589, 72028);
INSERT INTO StoreSellsTbl VALUES (6260007001592, 72028);
INSERT INTO StoreSellsTbl VALUES (6260007001593, 72028);
INSERT INTO StoreSellsTbl VALUES (6260007001594, 72028);
INSERT INTO StoreSellsTbl VALUES (6260007001603, 72028);
INSERT INTO StoreSellsTbl VALUES (6260007001608, 72028);
INSERT INTO StoreSellsTbl VALUES (6260007001612, 72028);
INSERT INTO StoreSellsTbl VALUES (6260007001613, 72028);
INSERT INTO StoreSellsTbl VALUES (6260007001614, 72028);
INSERT INTO StoreSellsTbl VALUES (6260007001615, 72028);

INSERT INTO StoreSellsTbl VALUES (6260010002002, 72028);
INSERT INTO StoreSellsTbl VALUES (6260010003006, 72028);




INSERT INTO StoreSellsTbl VALUES (6260010002002, 72038);
INSERT INTO StoreSellsTbl VALUES (6260010003006, 72038);
INSERT INTO StoreSellsTbl VALUES (6260010003012, 72038);
INSERT INTO StoreSellsTbl VALUES (6260010007005, 72038);
INSERT INTO StoreSellsTbl VALUES (6260010007008, 72038);
INSERT INTO StoreSellsTbl VALUES (6260010007011, 72038);
INSERT INTO StoreSellsTbl VALUES (6260010010006, 72038);
INSERT INTO StoreSellsTbl VALUES (6260010010007, 72038);
INSERT INTO StoreSellsTbl VALUES (6260010013002, 72038);
INSERT INTO StoreSellsTbl VALUES (6260010013003, 72038);
INSERT INTO StoreSellsTbl VALUES (6260010013004, 72038);
INSERT INTO StoreSellsTbl VALUES (6260010015005, 72038);
INSERT INTO StoreSellsTbl VALUES (6260010015006, 72038);
INSERT INTO StoreSellsTbl VALUES (6260010016005, 72038);
INSERT INTO StoreSellsTbl VALUES (6260010016011, 72038);
INSERT INTO StoreSellsTbl VALUES (6260010017001, 72038);
INSERT INTO StoreSellsTbl VALUES (6260010017007, 72038);
INSERT INTO StoreSellsTbl VALUES (6260010017011, 72038);
INSERT INTO StoreSellsTbl VALUES (6260010019007, 72038);
INSERT INTO StoreSellsTbl VALUES (626001800110,  72038);
INSERT INTO StoreSellsTbl VALUES (626001800303,  72038);
INSERT INTO StoreSellsTbl VALUES (6260006001008, 72038);
INSERT INTO StoreSellsTbl VALUES (6260004002008, 72038);
INSERT INTO StoreSellsTbl VALUES (6260028001004, 72038);
INSERT INTO StoreSellsTbl VALUES (6260028002062, 72038);
INSERT INTO StoreSellsTbl VALUES (6260019003051, 72038);
INSERT INTO StoreSellsTbl VALUES (6260023001001, 72038);
INSERT INTO StoreSellsTbl VALUES (6260023002008, 72038);
INSERT INTO StoreSellsTbl VALUES (6260023002013, 72038);
INSERT INTO StoreSellsTbl VALUES (6260023004033, 72038);
INSERT INTO StoreSellsTbl VALUES (6260023005035, 72038);
INSERT INTO StoreSellsTbl VALUES (6260024002003, 72038);
INSERT INTO StoreSellsTbl VALUES (6260024002004, 72038);
INSERT INTO StoreSellsTbl VALUES (6260024006007, 72038);
INSERT INTO StoreSellsTbl VALUES (6260024011002, 72038);
INSERT INTO StoreSellsTbl VALUES (6260005003016, 72038);
INSERT INTO StoreSellsTbl VALUES (6260002001002, 72038);
INSERT INTO StoreSellsTbl VALUES (6260002001004, 72038);
INSERT INTO StoreSellsTbl VALUES (6260002001017, 72038);
INSERT INTO StoreSellsTbl VALUES (6260002001020, 72038);
INSERT INTO StoreSellsTbl VALUES (6260002002005, 72038);
INSERT INTO StoreSellsTbl VALUES (6260002002019, 72038);
INSERT INTO StoreSellsTbl VALUES (6260002003054, 72038);
INSERT INTO StoreSellsTbl VALUES (6260027001019, 72038);
INSERT INTO StoreSellsTbl VALUES (6260025001039, 72038);
INSERT INTO StoreSellsTbl VALUES (6260014002074, 72038);
INSERT INTO StoreSellsTbl VALUES (6260007001380, 72038);
INSERT INTO StoreSellsTbl VALUES (6260007001485, 72038);
INSERT INTO StoreSellsTbl VALUES (6260007001486, 72038);
INSERT INTO StoreSellsTbl VALUES (6260007001489, 72038);
INSERT INTO StoreSellsTbl VALUES (6260007001490, 72038);
INSERT INTO StoreSellsTbl VALUES (6260007001492, 72038);
INSERT INTO StoreSellsTbl VALUES (6260007001500, 72038);
INSERT INTO StoreSellsTbl VALUES (6260007001503, 72038);
INSERT INTO StoreSellsTbl VALUES (6260007001505, 72038);
INSERT INTO StoreSellsTbl VALUES (6260007001507, 72038);
INSERT INTO StoreSellsTbl VALUES (6260007001511, 72038);
INSERT INTO StoreSellsTbl VALUES (6260007001515, 72038);
INSERT INTO StoreSellsTbl VALUES (6260007001522, 72038);
INSERT INTO StoreSellsTbl VALUES (6260007001523, 72038);
INSERT INTO StoreSellsTbl VALUES (6260007001524, 72038);
INSERT INTO StoreSellsTbl VALUES (6260007001525, 72038);
INSERT INTO StoreSellsTbl VALUES (6260007001526, 72038);
INSERT INTO StoreSellsTbl VALUES (6260007001527, 72038);
INSERT INTO StoreSellsTbl VALUES (6260007001528, 72038);
INSERT INTO StoreSellsTbl VALUES (6260007001530, 72038);
INSERT INTO StoreSellsTbl VALUES (6260007001531, 72038);
INSERT INTO StoreSellsTbl VALUES (6260007001535, 72038);
INSERT INTO StoreSellsTbl VALUES (6260007001539, 72038);
INSERT INTO StoreSellsTbl VALUES (6260007001541, 72038);
INSERT INTO StoreSellsTbl VALUES (6260007001550, 72038);
INSERT INTO StoreSellsTbl VALUES (6260007001552, 72038);
INSERT INTO StoreSellsTbl VALUES (6260007001563, 72038);
INSERT INTO StoreSellsTbl VALUES (6260007001564, 72038);
INSERT INTO StoreSellsTbl VALUES (6260007001566, 72038);
INSERT INTO StoreSellsTbl VALUES (6260007001581, 72038);
INSERT INTO StoreSellsTbl VALUES (6260007001583, 72038);
INSERT INTO StoreSellsTbl VALUES (6260007001585, 72038);
INSERT INTO StoreSellsTbl VALUES (6260007001589, 72038);
INSERT INTO StoreSellsTbl VALUES (6260007001592, 72038);
INSERT INTO StoreSellsTbl VALUES (6260007001593, 72038);
INSERT INTO StoreSellsTbl VALUES (6260007001594, 72038);
INSERT INTO StoreSellsTbl VALUES (6260007001603, 72038);
INSERT INTO StoreSellsTbl VALUES (6260007001608, 72038);
INSERT INTO StoreSellsTbl VALUES (6260007001612, 72038);
INSERT INTO StoreSellsTbl VALUES (6260007001613, 72038);
INSERT INTO StoreSellsTbl VALUES (6260007001614, 72038);
INSERT INTO StoreSellsTbl VALUES (6260007001615, 72038);
INSERT INTO StoreSellsTbl VALUES (6260007001617, 72038);
INSERT INTO StoreSellsTbl VALUES (6260007001620, 72038);
INSERT INTO StoreSellsTbl VALUES (6260007001621, 72038);
INSERT INTO StoreSellsTbl VALUES (6260007001624, 72038);
INSERT INTO StoreSellsTbl VALUES (6260007001636, 72038);
INSERT INTO StoreSellsTbl VALUES (6260007001639, 72038);
INSERT INTO StoreSellsTbl VALUES (6260007001646, 72038);
INSERT INTO StoreSellsTbl VALUES (6260007001648, 72038);
INSERT INTO StoreSellsTbl VALUES (6260007001649, 72038);
INSERT INTO StoreSellsTbl VALUES (6260007001656, 72038);
INSERT INTO StoreSellsTbl VALUES (6260007001662, 72038);
INSERT INTO StoreSellsTbl VALUES (6260007001667, 72038);

INSERT INTO StoreSellsTbl VALUES (6260010002002, 72040);
INSERT INTO StoreSellsTbl VALUES (6260010003006, 72040);
INSERT INTO StoreSellsTbl VALUES (6260010003012, 72040);
INSERT INTO StoreSellsTbl VALUES (6260010007005, 72040);
INSERT INTO StoreSellsTbl VALUES (6260010007008, 72040);
INSERT INTO StoreSellsTbl VALUES (6260010007011, 72040);
INSERT INTO StoreSellsTbl VALUES (6260010010006, 72040);
INSERT INTO StoreSellsTbl VALUES (6260010010007, 72040);
INSERT INTO StoreSellsTbl VALUES (6260010013002, 72040);
INSERT INTO StoreSellsTbl VALUES (6260010013003, 72040);
INSERT INTO StoreSellsTbl VALUES (6260010013004, 72040);
INSERT INTO StoreSellsTbl VALUES (6260010015005, 72040);
INSERT INTO StoreSellsTbl VALUES (6260010015006, 72040);
INSERT INTO StoreSellsTbl VALUES (6260010016005, 72040);
INSERT INTO StoreSellsTbl VALUES (6260010016011, 72040);
INSERT INTO StoreSellsTbl VALUES (6260010017001, 72040);
INSERT INTO StoreSellsTbl VALUES (6260010017007, 72040);
INSERT INTO StoreSellsTbl VALUES (6260010017011, 72040);
INSERT INTO StoreSellsTbl VALUES (6260010019007, 72040);
INSERT INTO StoreSellsTbl VALUES (626001800110,  72040);
INSERT INTO StoreSellsTbl VALUES (626001800303,  72040);
INSERT INTO StoreSellsTbl VALUES (6260006001008, 72040);
INSERT INTO StoreSellsTbl VALUES (6260004002008, 72040);
INSERT INTO StoreSellsTbl VALUES (6260028001004, 72040);
INSERT INTO StoreSellsTbl VALUES (6260028002062, 72040);
INSERT INTO StoreSellsTbl VALUES (6260019003051, 72040);
INSERT INTO StoreSellsTbl VALUES (6260023001001, 72040);
INSERT INTO StoreSellsTbl VALUES (6260023002008, 72040);
INSERT INTO StoreSellsTbl VALUES (6260023002013, 72040);
INSERT INTO StoreSellsTbl VALUES (6260023004033, 72040);
INSERT INTO StoreSellsTbl VALUES (6260023005035, 72040);
INSERT INTO StoreSellsTbl VALUES (6260024002003, 72040);
INSERT INTO StoreSellsTbl VALUES (6260024002004, 72040);
INSERT INTO StoreSellsTbl VALUES (6260024006007, 72040);
INSERT INTO StoreSellsTbl VALUES (6260024011002, 72040);
INSERT INTO StoreSellsTbl VALUES (6260005003016, 72040);
INSERT INTO StoreSellsTbl VALUES (6260002001002, 72040);
INSERT INTO StoreSellsTbl VALUES (6260002001004, 72040);
INSERT INTO StoreSellsTbl VALUES (6260002001017, 72040);
INSERT INTO StoreSellsTbl VALUES (6260002001020, 72040);
INSERT INTO StoreSellsTbl VALUES (6260002002005, 72040);
INSERT INTO StoreSellsTbl VALUES (6260002002019, 72040);
INSERT INTO StoreSellsTbl VALUES (6260002003054, 72040);
INSERT INTO StoreSellsTbl VALUES (6260027001019, 72040);
INSERT INTO StoreSellsTbl VALUES (6260025001039, 72040);
INSERT INTO StoreSellsTbl VALUES (6260014002074, 72040);
INSERT INTO StoreSellsTbl VALUES (6260007001380, 72040);
INSERT INTO StoreSellsTbl VALUES (6260007001485, 72040);
INSERT INTO StoreSellsTbl VALUES (6260007001486, 72040);
INSERT INTO StoreSellsTbl VALUES (6260007001489, 72040);
INSERT INTO StoreSellsTbl VALUES (6260007001490, 72040);
INSERT INTO StoreSellsTbl VALUES (6260007001492, 72040);
INSERT INTO StoreSellsTbl VALUES (6260007001500, 72040);
INSERT INTO StoreSellsTbl VALUES (6260007001503, 72040);
INSERT INTO StoreSellsTbl VALUES (6260007001505, 72040);
INSERT INTO StoreSellsTbl VALUES (6260007001507, 72040);
INSERT INTO StoreSellsTbl VALUES (6260007001511, 72040);
INSERT INTO StoreSellsTbl VALUES (6260007001515, 72040);
INSERT INTO StoreSellsTbl VALUES (6260007001522, 72040);
INSERT INTO StoreSellsTbl VALUES (6260007001523, 72040);
INSERT INTO StoreSellsTbl VALUES (6260007001524, 72040);
INSERT INTO StoreSellsTbl VALUES (6260007001525, 72040);
INSERT INTO StoreSellsTbl VALUES (6260007001526, 72040);
INSERT INTO StoreSellsTbl VALUES (6260007001527, 72040);
INSERT INTO StoreSellsTbl VALUES (6260007001528, 72040);
INSERT INTO StoreSellsTbl VALUES (6260007001530, 72040);
INSERT INTO StoreSellsTbl VALUES (6260007001531, 72040);
INSERT INTO StoreSellsTbl VALUES (6260007001535, 72040);
INSERT INTO StoreSellsTbl VALUES (6260007001539, 72040);
INSERT INTO StoreSellsTbl VALUES (6260007001541, 72040);
INSERT INTO StoreSellsTbl VALUES (6260007001550, 72040);
INSERT INTO StoreSellsTbl VALUES (6260007001552, 72040);
INSERT INTO StoreSellsTbl VALUES (6260007001563, 72040);
INSERT INTO StoreSellsTbl VALUES (6260007001564, 72040);
INSERT INTO StoreSellsTbl VALUES (6260007001566, 72040);
INSERT INTO StoreSellsTbl VALUES (6260007001581, 72040);
INSERT INTO StoreSellsTbl VALUES (6260007001583, 72040);
INSERT INTO StoreSellsTbl VALUES (6260007001585, 72040);
INSERT INTO StoreSellsTbl VALUES (6260007001589, 72040);
INSERT INTO StoreSellsTbl VALUES (6260007001592, 72040);
INSERT INTO StoreSellsTbl VALUES (6260007001593, 72040);
INSERT INTO StoreSellsTbl VALUES (6260007001594, 72040);
INSERT INTO StoreSellsTbl VALUES (6260007001603, 72040);
INSERT INTO StoreSellsTbl VALUES (6260007001608, 72040);
INSERT INTO StoreSellsTbl VALUES (6260007001612, 72040);
INSERT INTO StoreSellsTbl VALUES (6260007001613, 72040);
INSERT INTO StoreSellsTbl VALUES (6260007001614, 72040);
INSERT INTO StoreSellsTbl VALUES (6260007001615, 72040);
INSERT INTO StoreSellsTbl VALUES (6260007001617, 72040);
INSERT INTO StoreSellsTbl VALUES (6260007001620, 72040);
INSERT INTO StoreSellsTbl VALUES (6260007001621, 72040);
INSERT INTO StoreSellsTbl VALUES (6260007001624, 72040);
INSERT INTO StoreSellsTbl VALUES (6260007001636, 72040);
INSERT INTO StoreSellsTbl VALUES (6260007001639, 72040);
INSERT INTO StoreSellsTbl VALUES (6260007001646, 72040);
INSERT INTO StoreSellsTbl VALUES (6260007001648, 72040);
INSERT INTO StoreSellsTbl VALUES (6260007001649, 72040);
INSERT INTO StoreSellsTbl VALUES (6260007001656, 72040);
INSERT INTO StoreSellsTbl VALUES (6260007001662, 72040);
INSERT INTO StoreSellsTbl VALUES (6260007001667, 72040);



-- kbbq

INSERT INTO StoreSellsTbl VALUES (6260010003007, 72012);
INSERT INTO StoreSellsTbl VALUES (6260010005001, 72012);
INSERT INTO StoreSellsTbl VALUES (6260010006002, 72012);

INSERT INTO StoreSellsTbl VALUES (6260010003007, 72033);
INSERT INTO StoreSellsTbl VALUES (6260010005001, 72033);
INSERT INTO StoreSellsTbl VALUES (6260010006002, 72033);



-- bakery

INSERT INTO StoreSellsTbl VALUES (6260010003008,  72015);
INSERT INTO StoreSellsTbl VALUES (6260010018002,  72015);
INSERT INTO StoreSellsTbl VALUES (6260017007006,  72015);
INSERT INTO StoreSellsTbl VALUES (6260017008006,  72015);
INSERT INTO StoreSellsTbl VALUES (6260017009010,  72015);

-- cardigan

INSERT INTO StoreSellsTbl VALUES ( 6260017008007, 72014);
INSERT INTO StoreSellsTbl VALUES ( 6260010001003, 72014);
INSERT INTO StoreSellsTbl VALUES ( 6260010004007, 72014);
INSERT INTO StoreSellsTbl VALUES ( 6260010019008, 72014);
INSERT INTO StoreSellsTbl VALUES ( 6260017002001, 72014);
INSERT INTO StoreSellsTbl VALUES ( 6260017002006, 72014);
INSERT INTO StoreSellsTbl VALUES ( 6260017002010, 72014);
INSERT INTO StoreSellsTbl VALUES ( 6260017003002, 72014);
INSERT INTO StoreSellsTbl VALUES ( 6260017003003, 72014);
INSERT INTO StoreSellsTbl VALUES ( 6260017003011, 72014);
INSERT INTO StoreSellsTbl VALUES ( 6260017003017, 72014);
INSERT INTO StoreSellsTbl VALUES ( 6260017003018, 72014);
INSERT INTO StoreSellsTbl VALUES ( 6260017003019, 72014);
INSERT INTO StoreSellsTbl VALUES ( 6260017003020, 72014);
INSERT INTO StoreSellsTbl VALUES ( 6260017005002, 72014);

-- Donuts and Eclairs

INSERT INTO StoreSellsTbl VALUES ( 6260010009004, 72019);
INSERT INTO StoreSellsTbl VALUES ( 6260028001007, 72019);
INSERT INTO StoreSellsTbl VALUES ( 6260019002006, 72019);
INSERT INTO StoreSellsTbl VALUES ( 6260019003081, 72019);
INSERT INTO StoreSellsTbl VALUES ( 6260015001051, 72019);
INSERT INTO StoreSellsTbl VALUES ( 6260015001052, 72019);
INSERT INTO StoreSellsTbl VALUES ( 6260015001061, 72019);
INSERT INTO StoreSellsTbl VALUES ( 6260001001001, 72019);
INSERT INTO StoreSellsTbl VALUES ( 6260023002012, 72019);
INSERT INTO StoreSellsTbl VALUES ( 6260002002009, 72019);
INSERT INTO StoreSellsTbl VALUES ( 6260007001153, 72019);

INSERT INTO StoreSellsTbl VALUES ( 6260019002006, 72020);
INSERT INTO StoreSellsTbl VALUES ( 6260019003081, 72020);
INSERT INTO StoreSellsTbl VALUES ( 6260015001051, 72020);
INSERT INTO StoreSellsTbl VALUES ( 6260015001052, 72020);
INSERT INTO StoreSellsTbl VALUES ( 6260015001061, 72020);
INSERT INTO StoreSellsTbl VALUES ( 6260001001001, 72020);
INSERT INTO StoreSellsTbl VALUES ( 6260023002012, 72020);
INSERT INTO StoreSellsTbl VALUES ( 6260002002009, 72020);

-- groceries (flour ...)

INSERT INTO StoreSellsTbl VALUES (6260010003002, 72022);
INSERT INTO StoreSellsTbl VALUES (6260028002036, 72022);
INSERT INTO StoreSellsTbl VALUES (6260012001043, 72022);
INSERT INTO StoreSellsTbl VALUES (6260014001020, 72022);

INSERT INTO StoreSellsTbl VALUES (6260010003002, 72043);
INSERT INTO StoreSellsTbl VALUES (6260028002036, 72043);
INSERT INTO StoreSellsTbl VALUES (6260012001043, 72043);
INSERT INTO StoreSellsTbl VALUES (6260014001020, 72043);

INSERT INTO StoreSellsTbl VALUES (6260010003002, 72046);
INSERT INTO StoreSellsTbl VALUES (6260028002036, 72046);
INSERT INTO StoreSellsTbl VALUES (6260012001043, 72046);
INSERT INTO StoreSellsTbl VALUES (6260014001020, 72046);

INSERT INTO StoreSellsTbl VALUES (6260010003002, 72072);
INSERT INTO StoreSellsTbl VALUES (6260028002036, 72072);
INSERT INTO StoreSellsTbl VALUES (6260012001043, 72072);
INSERT INTO StoreSellsTbl VALUES (6260014001020, 72072);

-- snacks and sweets (etc etc, oreos, ...)

INSERT INTO StoreSellsTbl VALUES (6260010009004, 72039);
INSERT INTO StoreSellsTbl VALUES (6260010012012, 72039);
INSERT INTO StoreSellsTbl VALUES (6260010016003, 72039);

INSERT INTO StoreSellsTbl VALUES (6260010009004, 72023);
INSERT INTO StoreSellsTbl VALUES (6260010012012, 72023);
INSERT INTO StoreSellsTbl VALUES (6260010016003, 72023);

INSERT INTO StoreSellsTbl VALUES (6260010009004, 72024);
INSERT INTO StoreSellsTbl VALUES (6260010012012, 72024);
INSERT INTO StoreSellsTbl VALUES (6260010016003, 72024);

INSERT INTO StoreSellsTbl VALUES (6260010009004, 72025);
INSERT INTO StoreSellsTbl VALUES (6260010012012, 72025);
INSERT INTO StoreSellsTbl VALUES (6260010016003, 72025);

INSERT INTO StoreSellsTbl VALUES (6260010009004, 72031);
INSERT INTO StoreSellsTbl VALUES (6260010012012, 72031);
INSERT INTO StoreSellsTbl VALUES (6260010016003, 72031);

INSERT INTO StoreSellsTbl VALUES (6260010009004, 72032);
INSERT INTO StoreSellsTbl VALUES (6260010012012, 72032);
INSERT INTO StoreSellsTbl VALUES (6260010016003, 72032);

INSERT INTO StoreSellsTbl VALUES (6260010009004, 72034);
INSERT INTO StoreSellsTbl VALUES (6260010012012, 72034);
INSERT INTO StoreSellsTbl VALUES (6260010016003, 72034);

INSERT INTO StoreSellsTbl VALUES (6260010009004, 72037);
INSERT INTO StoreSellsTbl VALUES (6260010012012, 72037);
INSERT INTO StoreSellsTbl VALUES (6260010016003, 72037);

INSERT INTO StoreSellsTbl VALUES (6260012001043, 72044);
INSERT INTO StoreSellsTbl VALUES (6260014001020, 72044);
INSERT INTO StoreSellsTbl VALUES (6260010009004, 72044);
INSERT INTO StoreSellsTbl VALUES (6260010012012, 72044);
INSERT INTO StoreSellsTbl VALUES (6260010016003, 72044);




-- hand mirror
INSERT INTO StoreSellsTbl VALUES (6260006003003, 72026);
INSERT INTO StoreSellsTbl VALUES (6260026001077, 72026);
INSERT INTO StoreSellsTbl VALUES (6260017003002, 72026);
INSERT INTO StoreSellsTbl VALUES (6260017003003, 72026);

-- amer (hotdog, quiches)

INSERT INTO StoreSellsTbl VALUES ( 6260017006002, 72030);
INSERT INTO StoreSellsTbl VALUES ( 6260017006003, 72030);
INSERT INTO StoreSellsTbl VALUES ( 6260017006004, 72030);
INSERT INTO StoreSellsTbl VALUES ( 6260017006005, 72030);

INSERT INTO StoreSellsTbl VALUES ( 6260017006002, 72049);
INSERT INTO StoreSellsTbl VALUES ( 6260017006003, 72049);
INSERT INTO StoreSellsTbl VALUES ( 6260017006004, 72049);
INSERT INTO StoreSellsTbl VALUES ( 6260017006005, 72049);

INSERT INTO StoreSellsTbl VALUES (6260017004001, 72051);
INSERT INTO StoreSellsTbl VALUES (6260017006005, 72051);
INSERT INTO StoreSellsTbl VALUES (6260017008002, 72051);
INSERT INTO StoreSellsTbl VALUES (6260017009009, 72051);
INSERT INTO StoreSellsTbl VALUES (6260017010004, 72051);
INSERT INTO StoreSellsTbl VALUES (6260017011008, 72051);
INSERT INTO StoreSellsTbl VALUES (6260010004011, 72051);
INSERT INTO StoreSellsTbl VALUES (6260010008001, 72051);
INSERT INTO StoreSellsTbl VALUES (6260010012004, 72051);
INSERT INTO StoreSellsTbl VALUES (6260010013007, 72051);
INSERT INTO StoreSellsTbl VALUES (6260010016002, 72051);
INSERT INTO StoreSellsTbl VALUES (6260010016007, 72051);







-- jap

INSERT INTO StoreSellsTbl VALUES ( 6260010006008, 72050);
INSERT INTO StoreSellsTbl VALUES ( 6260010014008, 72050);
INSERT INTO StoreSellsTbl VALUES ( 6260010016012, 72050);
INSERT INTO StoreSellsTbl VALUES ( 626001800211,  72050);
INSERT INTO StoreSellsTbl VALUES ( 626001800432,  72050);
INSERT INTO StoreSellsTbl VALUES ( 6260004004008, 72050);
INSERT INTO StoreSellsTbl VALUES ( 6260004004014, 72050);
INSERT INTO StoreSellsTbl VALUES ( 6260004004021, 72050);
INSERT INTO StoreSellsTbl VALUES ( 6260004005006, 72050);
INSERT INTO StoreSellsTbl VALUES ( 6260004005010, 72050);
INSERT INTO StoreSellsTbl VALUES ( 6260028001017, 72050);
INSERT INTO StoreSellsTbl VALUES ( 6260028002011, 72050);
INSERT INTO StoreSellsTbl VALUES ( 6260028002021, 72050);
INSERT INTO StoreSellsTbl VALUES ( 6260028002022, 72050);
INSERT INTO StoreSellsTbl VALUES ( 6260028002046, 72050);
INSERT INTO StoreSellsTbl VALUES ( 6260028002052, 72050);
INSERT INTO StoreSellsTbl VALUES ( 6260019003061, 72050);
INSERT INTO StoreSellsTbl VALUES ( 6260019003072, 72050);
INSERT INTO StoreSellsTbl VALUES ( 6260019003084, 72050);
INSERT INTO StoreSellsTbl VALUES ( 6260015001005, 72050);
INSERT INTO StoreSellsTbl VALUES ( 6260015001068, 72050);
INSERT INTO StoreSellsTbl VALUES ( 6260012001020, 72050);
INSERT INTO StoreSellsTbl VALUES ( 6260012001057, 72050);
INSERT INTO StoreSellsTbl VALUES ( 6260023006088, 72050);
INSERT INTO StoreSellsTbl VALUES ( 6260024006013, 72050);
INSERT INTO StoreSellsTbl VALUES ( 6260024006017, 72050);
INSERT INTO StoreSellsTbl VALUES ( 6260005004003, 72050);
INSERT INTO StoreSellsTbl VALUES ( 6260005004035, 72050);
INSERT INTO StoreSellsTbl VALUES ( 6260002001018, 72050);
INSERT INTO StoreSellsTbl VALUES ( 6260002003026, 72050);
INSERT INTO StoreSellsTbl VALUES ( 6260002003046, 72050);
INSERT INTO StoreSellsTbl VALUES ( 6260027001063, 72050);
INSERT INTO StoreSellsTbl VALUES ( 6260020001003, 72050);
INSERT INTO StoreSellsTbl VALUES ( 6260020001005, 72050);
INSERT INTO StoreSellsTbl VALUES ( 6260020001025, 72050);
INSERT INTO StoreSellsTbl VALUES ( 6260020001032, 72050);
INSERT INTO StoreSellsTbl VALUES ( 6260020001058, 72050);
INSERT INTO StoreSellsTbl VALUES ( 6260014001046, 72050);
INSERT INTO StoreSellsTbl VALUES ( 6260014001063, 72050);
INSERT INTO StoreSellsTbl VALUES ( 6260007001019, 72050);
INSERT INTO StoreSellsTbl VALUES ( 6260007001200, 72050);
INSERT INTO StoreSellsTbl VALUES ( 6260007001229, 72050);
INSERT INTO StoreSellsTbl VALUES ( 6260021001392, 72050);
INSERT INTO StoreSellsTbl VALUES ( 62600090011113,72050);
INSERT INTO StoreSellsTbl VALUES ( 62600090011143,72050);
INSERT INTO StoreSellsTbl VALUES ( 62600090011156,72050);
INSERT INTO StoreSellsTbl VALUES ( 62600090011179,72050);

INSERT INTO StoreSellsTbl VALUES ( 626001800218,  72048);
INSERT INTO StoreSellsTbl VALUES ( 626001800427,  72048);
INSERT INTO StoreSellsTbl VALUES ( 6260004004001, 72048);
INSERT INTO StoreSellsTbl VALUES ( 6260004004013, 72048);
INSERT INTO StoreSellsTbl VALUES ( 6260004005001, 72048);
INSERT INTO StoreSellsTbl VALUES ( 6260028002013, 72048);

-- sunglasses

INSERT INTO StoreSellsTbl VALUES ( 6260028002084, 72052);
INSERT INTO StoreSellsTbl VALUES ( 6260005003027, 72052);
INSERT INTO StoreSellsTbl VALUES ( 6260014001018, 72052);
INSERT INTO StoreSellsTbl VALUES ( 6260007001347, 72052);
INSERT INTO StoreSellsTbl VALUES ( 62600090010855,72052);
INSERT INTO StoreSellsTbl VALUES ( 62600090010975,72052);
INSERT INTO StoreSellsTbl VALUES ( 6260017002001, 72052);
INSERT INTO StoreSellsTbl VALUES ( 6260017002006, 72052);
INSERT INTO StoreSellsTbl VALUES ( 6260017002010, 72052);
INSERT INTO StoreSellsTbl VALUES ( 6260017003002, 72052);
INSERT INTO StoreSellsTbl VALUES ( 6260017003003, 72052);
INSERT INTO StoreSellsTbl VALUES ( 6260017003011, 72052);
INSERT INTO StoreSellsTbl VALUES ( 6260017003017, 72052);
INSERT INTO StoreSellsTbl VALUES ( 6260017003018, 72052);
INSERT INTO StoreSellsTbl VALUES ( 6260017003019, 72052);
INSERT INTO StoreSellsTbl VALUES ( 6260017003020, 72052);
INSERT INTO StoreSellsTbl VALUES ( 6260017005002, 72052);

-- tacos

INSERT INTO StoreSellsTbl VALUES ( 6260028002033, 72053);
INSERT INTO StoreSellsTbl VALUES ( 6260028002036, 72053);
INSERT INTO StoreSellsTbl VALUES ( 6260028002041, 72053);
INSERT INTO StoreSellsTbl VALUES ( 6260028002050, 72053);
INSERT INTO StoreSellsTbl VALUES ( 6260028002053, 72053);
INSERT INTO StoreSellsTbl VALUES ( 6260019003052, 72053);
INSERT INTO StoreSellsTbl VALUES ( 6260019003055, 72053);
INSERT INTO StoreSellsTbl VALUES ( 6260019003076, 72053);
INSERT INTO StoreSellsTbl VALUES ( 6260019003080, 72053);
INSERT INTO StoreSellsTbl VALUES ( 6260019003082, 72053);
INSERT INTO StoreSellsTbl VALUES ( 6260019003086, 72053);
INSERT INTO StoreSellsTbl VALUES ( 6260019003092, 72053);
INSERT INTO StoreSellsTbl VALUES ( 6260015001014, 72053);
INSERT INTO StoreSellsTbl VALUES ( 6260015001081, 72053);
INSERT INTO StoreSellsTbl VALUES ( 6260012001038, 72053);
INSERT INTO StoreSellsTbl VALUES ( 6260001002046, 72053);
INSERT INTO StoreSellsTbl VALUES ( 6260001003132, 72053);
INSERT INTO StoreSellsTbl VALUES ( 6260023001003, 72053);
INSERT INTO StoreSellsTbl VALUES ( 6260023006048, 72053);
INSERT INTO StoreSellsTbl VALUES ( 6260005002005, 72053);
INSERT INTO StoreSellsTbl VALUES ( 6260002001021, 72053);
INSERT INTO StoreSellsTbl VALUES ( 6260027001068, 72053);
INSERT INTO StoreSellsTbl VALUES ( 6260020001029, 72053);
INSERT INTO StoreSellsTbl VALUES ( 6260020001046, 72053);
INSERT INTO StoreSellsTbl VALUES ( 6260020001049, 72053);
INSERT INTO StoreSellsTbl VALUES ( 6260025001047, 72053);
INSERT INTO StoreSellsTbl VALUES ( 6260007001003, 72053);
INSERT INTO StoreSellsTbl VALUES ( 6260007001013, 72053);
INSERT INTO StoreSellsTbl VALUES ( 6260007001022, 72053);
INSERT INTO StoreSellsTbl VALUES ( 6260007001045, 72053);
INSERT INTO StoreSellsTbl VALUES ( 6260007001046, 72053);
INSERT INTO StoreSellsTbl VALUES ( 6260007001051, 72053);
INSERT INTO StoreSellsTbl VALUES ( 6260007001095, 72053);
INSERT INTO StoreSellsTbl VALUES ( 6260007001096, 72053);
INSERT INTO StoreSellsTbl VALUES ( 6260007001105, 72053);
INSERT INTO StoreSellsTbl VALUES ( 6260007001119, 72053);
INSERT INTO StoreSellsTbl VALUES ( 6260007001121, 72053);
INSERT INTO StoreSellsTbl VALUES ( 6260007001130, 72053);
INSERT INTO StoreSellsTbl VALUES ( 6260007001136, 72053);
INSERT INTO StoreSellsTbl VALUES ( 6260007001143, 72053);
INSERT INTO StoreSellsTbl VALUES ( 6260007001152, 72053);
INSERT INTO StoreSellsTbl VALUES ( 6260007001154, 72053);
INSERT INTO StoreSellsTbl VALUES ( 6260007001155, 72053);
INSERT INTO StoreSellsTbl VALUES ( 6260007001191, 72053);
INSERT INTO StoreSellsTbl VALUES ( 6260007001192, 72053);
INSERT INTO StoreSellsTbl VALUES ( 6260007001252, 72053);

-- music

INSERT INTO StoreSellsTbl VALUES ( 6260010005003, 72063);
INSERT INTO StoreSellsTbl VALUES ( 6260010018004, 72063);
INSERT INTO StoreSellsTbl VALUES ( 6260010018007, 72063);
INSERT INTO StoreSellsTbl VALUES ( 6260010019011, 72063);
INSERT INTO StoreSellsTbl VALUES ( 6260006003006, 72063);
INSERT INTO StoreSellsTbl VALUES ( 6260004002002, 72063);
INSERT INTO StoreSellsTbl VALUES ( 6260004003004, 72063);
INSERT INTO StoreSellsTbl VALUES ( 6260019001002, 72063);
INSERT INTO StoreSellsTbl VALUES ( 6260001002041, 72063);
INSERT INTO StoreSellsTbl VALUES ( 6260020002041, 72063);
INSERT INTO StoreSellsTbl VALUES ( 6260014002112, 72063);
INSERT INTO StoreSellsTbl VALUES ( 6260021001138, 72063);
INSERT INTO StoreSellsTbl VALUES ( 6260021001271, 72063);
INSERT INTO StoreSellsTbl VALUES ( 6260021001356, 72063);
INSERT INTO StoreSellsTbl VALUES ( 6260021001451, 72063);
INSERT INTO StoreSellsTbl VALUES ( 6260013001347, 72063);
INSERT INTO StoreSellsTbl VALUES ( 6260013001586, 72063);
INSERT INTO StoreSellsTbl VALUES ( 6260026001083, 72063);
INSERT INTO StoreSellsTbl VALUES ( 6260026001101, 72063);
INSERT INTO StoreSellsTbl VALUES ( 6260026001197, 72063);
INSERT INTO StoreSellsTbl VALUES ( 6260026001236, 72063);
INSERT INTO StoreSellsTbl VALUES ( 6260026001256, 72063);
INSERT INTO StoreSellsTbl VALUES ( 62600090010547,72063);
INSERT INTO StoreSellsTbl VALUES ( 62600090010609,72063);

INSERT INTO StoreSellsTbl VALUES ( 6260010005003, 72068);
INSERT INTO StoreSellsTbl VALUES ( 6260010018004, 72068);
INSERT INTO StoreSellsTbl VALUES ( 6260010018007, 72068);
INSERT INTO StoreSellsTbl VALUES ( 6260010019011, 72068);
INSERT INTO StoreSellsTbl VALUES ( 6260006003006, 72068);
INSERT INTO StoreSellsTbl VALUES ( 6260004002002, 72068);
INSERT INTO StoreSellsTbl VALUES ( 6260004003004, 72068);
INSERT INTO StoreSellsTbl VALUES ( 6260019001002, 72068);
INSERT INTO StoreSellsTbl VALUES ( 6260001002041, 72068);
INSERT INTO StoreSellsTbl VALUES ( 6260020002041, 72068);
INSERT INTO StoreSellsTbl VALUES ( 6260014002112, 72068);
INSERT INTO StoreSellsTbl VALUES ( 6260021001138, 72068);
INSERT INTO StoreSellsTbl VALUES ( 6260021001271, 72068);
INSERT INTO StoreSellsTbl VALUES ( 6260021001356, 72068);
INSERT INTO StoreSellsTbl VALUES ( 6260021001451, 72068);
INSERT INTO StoreSellsTbl VALUES ( 6260013001347, 72068);
INSERT INTO StoreSellsTbl VALUES ( 6260013001586, 72068);
INSERT INTO StoreSellsTbl VALUES ( 6260026001083, 72068);
INSERT INTO StoreSellsTbl VALUES ( 6260026001101, 72068);
INSERT INTO StoreSellsTbl VALUES ( 6260026001197, 72068);
INSERT INTO StoreSellsTbl VALUES ( 6260026001236, 72068);
INSERT INTO StoreSellsTbl VALUES ( 6260026001256, 72068);
INSERT INTO StoreSellsTbl VALUES ( 62600090010547,72068);
INSERT INTO StoreSellsTbl VALUES ( 62600090010609,72068);

-- craft

INSERT INTO StoreSellsTbl VALUES ( 6260010014002,  72069);
INSERT INTO StoreSellsTbl VALUES ( 6260027002051,  72069);
INSERT INTO StoreSellsTbl VALUES ( 6260025001042,  72069);
INSERT INTO StoreSellsTbl VALUES ( 6260007001470,  72069);
INSERT INTO StoreSellsTbl VALUES ( 6260021001178,  72069);
INSERT INTO StoreSellsTbl VALUES ( 6260013001543,  72069);
INSERT INTO StoreSellsTbl VALUES ( 62600090010588, 72069);
INSERT INTO StoreSellsTbl VALUES ( 6260017003014,  72069);



INSERT INTO AcceptsPaymentTbl VALUES (6260017011034,  1, 0, 0, 0, 0, 0);
INSERT INTO AcceptsPaymentTbl VALUES (6260017011033,  0, 1, 1, 0, 0, 0);
INSERT INTO AcceptsPaymentTbl VALUES (6260017011032,  1, 1, 0, 1, 0, 0);
INSERT INTO AcceptsPaymentTbl VALUES (62600090010669, 1, 1, 0, 1, 0, 0);
INSERT INTO AcceptsPaymentTbl VALUES (6260017011035,  1, 1, 0, 1, 0, 0);
INSERT INTO AcceptsPaymentTbl VALUES (6260017003002,  1, 1, 0, 1, 0, 0);
