timeStamp,elapsed,label,responseCode,responseMessage,threadName,dataType,success,failureMessage,bytes,sentBytes,grpThreads,allThreads,Latency,IdleTime,Connect
1497156667962,2408,Login,200,,Single-Instance_HTTP_10_threads 1-1,text,true,,9781,239,10,10,2408,0,132
1497156670371,270,Search,200,,Single-Instance_HTTP_10_threads 1-1,text,true,,9206,240,10,10,270,0,130
1497156670642,147,Search,200,,Single-Instance_HTTP_10_threads 1-1,text,true,,9089,231,10,10,147,0,0
1497156670789,140,Search,200,,Single-Instance_HTTP_10_threads 1-1,text,true,,9206,240,10,10,140,0,0
1497156670930,144,Search,200,,Single-Instance_HTTP_10_threads 1-1,text,true,,9193,239,10,10,144,0,0
1497156671075,142,Search,200,,Single-Instance_HTTP_10_threads 1-1,text,true,,9193,239,10,10,142,0,0
1497156671218,185,Search,200,,Single-Instance_HTTP_10_threads 1-1,text,true,,9193,239,10,10,185,0,0
1497156668062,3342,Login,200,,Single-Instance_HTTP_10_threads 1-2,text,true,,9781,239,10,10,3300,0,145
1497156671403,150,Search,200,,Single-Instance_HTTP_10_threads 1-1,text,true,,9089,231,10,10,150,0,0
1497156671405,289,Search,200,,Single-Instance_HTTP_10_threads 1-2,text,true,,9206,240,10,10,289,0,136
1497156671554,150,Search,200,,Single-Instance_HTTP_10_threads 1-1,text,true,,9089,231,10,10,150,0,0
1497156668161,3576,Login,200,,Single-Instance_HTTP_10_threads 1-3,text,true,,9781,239,10,10,3557,0,133
1497156671695,137,Search,200,,Single-Instance_HTTP_10_threads 1-2,text,true,,9089,231,10,10,137,0,0
1497156671705,140,Search,200,,Single-Instance_HTTP_10_threads 1-1,text,true,,9089,231,10,10,140,0,0
1497156671833,138,Search,200,,Single-Instance_HTTP_10_threads 1-2,text,true,,9089,231,10,10,138,0,0
1497156671846,139,Search,200,,Single-Instance_HTTP_10_threads 1-1,text,true,,9089,231,10,10,139,0,0
1497156668264,3735,Login,200,,Single-Instance_HTTP_10_threads 1-4,text,true,,9781,239,10,10,3733,0,131
1497156671738,274,Search,200,,Single-Instance_HTTP_10_threads 1-3,text,true,,9193,239,10,10,271,0,134
1497156671972,137,Search,200,,Single-Instance_HTTP_10_threads 1-2,text,true,,9206,240,10,10,137,0,0
1497156671986,152,Search,200,,Single-Instance_HTTP_10_threads 1-1,text,true,,9089,231,10,10,151,0,0
1497156672012,140,Search,200,,Single-Instance_HTTP_10_threads 1-3,text,true,,9089,231,10,10,139,0,0
1497156668365,3792,Login,200,,Single-Instance_HTTP_10_threads 1-5,text,true,,9781,239,10,10,3792,0,139
1497156672110,141,Search,200,,Single-Instance_HTTP_10_threads 1-2,text,true,,9193,239,10,10,141,0,0
1497156668465,3804,Login,200,,Single-Instance_HTTP_10_threads 1-6,text,true,,9781,239,10,10,3804,0,132
1497156672000,275,Search,200,,Single-Instance_HTTP_10_threads 1-4,text,true,,9089,231,10,10,275,0,137
1497156672138,144,Search,200,,Single-Instance_HTTP_10_threads 1-1,text,true,,9193,239,10,10,144,0,0
1497156672152,144,Search,200,,Single-Instance_HTTP_10_threads 1-3,text,true,,9193,239,10,10,144,0,0
1497156668564,3765,Login,200,,Single-Instance_HTTP_10_threads 1-7,text,true,,9781,239,10,10,3756,0,138
1497156668666,3711,Login,200,,Single-Instance_HTTP_10_threads 1-8,text,true,,9781,239,10,10,3711,0,130
1497156672251,139,Search,200,,Single-Instance_HTTP_10_threads 1-2,text,true,,9089,231,10,10,139,0,0
1497156668765,3631,Login,200,,Single-Instance_HTTP_10_threads 1-9,text,true,,9781,239,10,10,3630,0,134
1497156668864,3547,Login,200,,Single-Instance_HTTP_10_threads 1-10,text,true,,9781,239,10,10,3546,0,135
1497156672275,140,Search,200,,Single-Instance_HTTP_10_threads 1-4,text,true,,9089,231,10,10,139,0,0
1497156672283,138,Search,200,,Single-Instance_HTTP_10_threads 1-1,text,true,,9206,240,10,10,138,0,0
1497156672296,143,Search,200,,Single-Instance_HTTP_10_threads 1-3,text,true,,9193,239,10,10,143,0,0
1497156672158,298,Search,200,,Single-Instance_HTTP_10_threads 1-5,text,true,,9193,239,10,10,298,0,146
1497156672390,146,Search,200,,Single-Instance_HTTP_10_threads 1-2,text,true,,9089,231,10,10,146,0,0
1497156672415,145,Search,200,,Single-Instance_HTTP_10_threads 1-4,text,true,,9193,239,10,10,145,0,0
1497156672270,295,Search,200,,Single-Instance_HTTP_10_threads 1-6,text,true,,9193,239,10,10,295,0,135
1497156672439,147,Search,200,,Single-Instance_HTTP_10_threads 1-3,text,true,,9193,239,10,10,147,0,0
1497156672330,271,Search,200,,Single-Instance_HTTP_10_threads 1-7,text,true,,9089,231,10,10,271,0,133
1497156672457,152,Search,200,,Single-Instance_HTTP_10_threads 1-5,text,true,,9206,240,10,10,152,0,0
1497156672378,287,Search,200,,Single-Instance_HTTP_10_threads 1-8,text,true,,9193,239,10,10,287,0,138
1497156672537,142,Search,200,,Single-Instance_HTTP_10_threads 1-2,text,true,,9193,239,10,10,142,0,0
1497156672397,289,Search,200,,Single-Instance_HTTP_10_threads 1-9,text,true,,9193,239,10,10,289,0,139
1497156672412,277,Search,200,,Single-Instance_HTTP_10_threads 1-10,text,true,,9193,239,10,10,277,0,134
1497156672560,142,Search,200,,Single-Instance_HTTP_10_threads 1-4,text,true,,9193,239,10,10,142,0,0
1497156672565,152,Search,200,,Single-Instance_HTTP_10_threads 1-6,text,true,,9206,240,10,10,152,0,0
1497156672421,296,Search,200,,Single-Instance_HTTP_10_threads 1-1,text,true,,9206,240,10,10,296,0,144
1497156672587,147,Search,200,,Single-Instance_HTTP_10_threads 1-3,text,true,,9206,240,10,10,147,0,0
1497156672602,153,Search,200,,Single-Instance_HTTP_10_threads 1-7,text,true,,9089,231,10,10,153,0,0
1497156672609,148,Search,200,,Single-Instance_HTTP_10_threads 1-5,text,true,,9193,239,10,10,148,0,0
1497156672665,149,Search,200,,Single-Instance_HTTP_10_threads 1-8,text,true,,9089,231,10,10,149,0,0
1497156672680,142,Search,200,,Single-Instance_HTTP_10_threads 1-2,text,true,,9193,239,10,10,142,0,0
1497156672686,141,Search,200,,Single-Instance_HTTP_10_threads 1-9,text,true,,9089,231,10,10,141,0,0
1497156672690,147,Search,200,,Single-Instance_HTTP_10_threads 1-10,text,true,,9206,240,10,10,147,0,0
1497156672703,143,Search,200,,Single-Instance_HTTP_10_threads 1-4,text,true,,9193,239,10,10,139,0,0
1497156672718,149,Search,200,,Single-Instance_HTTP_10_threads 1-1,text,true,,9193,239,10,10,149,0,0
1497156672718,154,Search,200,,Single-Instance_HTTP_10_threads 1-6,text,true,,9193,239,10,10,154,0,0
1497156672734,149,Search,200,,Single-Instance_HTTP_10_threads 1-3,text,true,,9206,240,10,10,149,0,0
1497156672757,177,Search,200,,Single-Instance_HTTP_10_threads 1-5,text,true,,9089,231,10,10,177,0,0
1497156672756,184,Search,200,,Single-Instance_HTTP_10_threads 1-7,text,true,,9089,231,10,10,184,0,0
1497156672815,142,Search,200,,Single-Instance_HTTP_10_threads 1-8,text,true,,9206,240,10,10,142,0,0
1497156672822,139,Search,200,,Single-Instance_HTTP_10_threads 1-2,text,true,,9193,239,10,10,139,0,0
1497156672827,142,Search,200,,Single-Instance_HTTP_10_threads 1-9,text,true,,9193,239,10,10,142,0,0
1497156672838,137,Search,200,,Single-Instance_HTTP_10_threads 1-10,text,true,,9206,240,10,10,137,0,0
1497156672847,143,Search,200,,Single-Instance_HTTP_10_threads 1-4,text,true,,9206,240,10,10,143,0,0
1497156672867,144,Search,200,,Single-Instance_HTTP_10_threads 1-1,text,true,,9089,231,10,10,144,0,0
1497156672873,147,Search,200,,Single-Instance_HTTP_10_threads 1-6,text,true,,9206,240,10,10,147,0,0
1497156672884,143,Search,200,,Single-Instance_HTTP_10_threads 1-3,text,true,,9089,231,10,10,143,0,0
1497156672940,139,Search,200,,Single-Instance_HTTP_10_threads 1-7,text,true,,9089,231,10,10,139,0,0
1497156672935,153,Search,200,,Single-Instance_HTTP_10_threads 1-5,text,true,,9206,240,10,10,153,0,0
1497156672958,140,Search,200,,Single-Instance_HTTP_10_threads 1-8,text,true,,9206,240,10,10,139,0,0
1497156672961,142,Search,200,,Single-Instance_HTTP_10_threads 1-2,text,true,,9206,240,10,10,142,0,0
1497156672975,138,Search,200,,Single-Instance_HTTP_10_threads 1-10,text,true,,9089,231,10,10,138,0,0
1497156672969,145,Search,200,,Single-Instance_HTTP_10_threads 1-9,text,true,,9206,240,10,10,145,0,0
1497156672990,139,Search,200,,Single-Instance_HTTP_10_threads 1-4,text,true,,9193,239,10,10,139,0,0
1497156673012,143,Search,200,,Single-Instance_HTTP_10_threads 1-1,text,true,,9193,239,10,10,143,0,0
1497156673021,139,Search,200,,Single-Instance_HTTP_10_threads 1-6,text,true,,9089,231,10,10,139,0,0
1497156673156,138,Search,200,,Single-Instance_HTTP_10_threads 1-1,text,true,,9193,239,10,10,138,0,0
1497156673129,139,Search,200,,Single-Instance_HTTP_10_threads 1-4,text,true,,9089,231,10,10,139,0,0
1497156673114,150,Search,200,,Single-Instance_HTTP_10_threads 1-10,text,true,,9206,240,10,10,150,0,0
1497156673115,148,Search,200,,Single-Instance_HTTP_10_threads 1-9,text,true,,9089,231,10,10,144,0,0
1497156673104,144,Search,200,,Single-Instance_HTTP_10_threads 1-2,text,true,,9089,231,10,10,144,0,0
1497156673089,152,Search,200,,Single-Instance_HTTP_10_threads 1-5,text,true,,9089,231,10,10,152,0,0
1497156673080,157,Search,200,,Single-Instance_HTTP_10_threads 1-7,text,true,,9193,239,10,10,157,0,0
1497156673098,137,Search,200,,Single-Instance_HTTP_10_threads 1-8,text,true,,9089,231,10,10,137,0,0
1497156673027,147,Search,200,,Single-Instance_HTTP_10_threads 1-3,text,true,,9193,239,10,10,136,0,0
1497156674882,278,Search,200,,Single-Instance_HTTP_10_threads 1-6,text,true,,9206,240,10,10,278,0,134
1497156674882,290,Search,200,,Single-Instance_HTTP_10_threads 1-4,text,true,,9206,240,10,10,290,0,141
1497156674884,309,Search,200,,Single-Instance_HTTP_10_threads 1-5,text,true,,9193,239,10,10,309,0,150
1497156674884,309,Search,200,,Single-Instance_HTTP_10_threads 1-7,text,true,,9089,231,10,10,309,0,150
1497156674883,316,Search,200,,Single-Instance_HTTP_10_threads 1-10,text,true,,9206,240,10,10,315,0,141
1497156674883,320,Search,200,,Single-Instance_HTTP_10_threads 1-2,text,true,,9206,240,10,10,320,0,141
1497156674884,319,Search,200,,Single-Instance_HTTP_10_threads 1-9,text,true,,9193,239,10,10,319,0,140
1497156674885,325,Search,200,,Single-Instance_HTTP_10_threads 1-3,text,true,,9193,239,10,10,325,0,149
1497156674885,325,Search,200,,Single-Instance_HTTP_10_threads 1-8,text,true,,9193,239,10,10,325,0,149
1497156674882,329,Search,200,,Single-Instance_HTTP_10_threads 1-1,text,true,,9089,231,10,10,329,0,142
1497156675161,140,Search,200,,Single-Instance_HTTP_10_threads 1-6,text,true,,9206,240,10,10,140,0,0
1497156675173,141,Search,200,,Single-Instance_HTTP_10_threads 1-4,text,true,,9206,240,10,10,141,0,0
1497156675195,157,Search,200,,Single-Instance_HTTP_10_threads 1-5,text,true,,9089,231,10,10,157,0,0
1497156675200,155,Search,200,,Single-Instance_HTTP_10_threads 1-10,text,true,,9206,240,10,10,155,0,0
1497156675204,159,Search,200,,Single-Instance_HTTP_10_threads 1-9,text,true,,9193,239,10,10,159,0,0
1497156675212,161,Search,200,,Single-Instance_HTTP_10_threads 1-1,text,true,,9206,240,10,10,158,0,0
1497156675212,161,Search,200,,Single-Instance_HTTP_10_threads 1-8,text,true,,9206,240,10,10,161,0,0
1497156675195,184,Search,200,,Single-Instance_HTTP_10_threads 1-7,text,true,,9206,240,10,10,183,0,0
1497156675211,171,Search,200,,Single-Instance_HTTP_10_threads 1-3,text,true,,9206,240,10,10,171,0,0
1497156675204,180,Search,200,,Single-Instance_HTTP_10_threads 1-2,text,true,,9206,240,10,10,180,0,0
1497156675301,144,Search,200,,Single-Instance_HTTP_10_threads 1-6,text,true,,9193,239,10,10,144,0,0
1497156675314,137,Search,200,,Single-Instance_HTTP_10_threads 1-4,text,true,,9089,231,10,10,137,0,0
1497156675353,152,Search,200,,Single-Instance_HTTP_10_threads 1-5,text,true,,9089,231,10,10,152,0,0
1497156675355,150,Search,200,,Single-Instance_HTTP_10_threads 1-10,text,true,,9206,240,10,10,150,0,0
1497156675363,145,Search,200,,Single-Instance_HTTP_10_threads 1-9,text,true,,9089,231,10,10,145,0,0
1497156675373,147,Search,200,,Single-Instance_HTTP_10_threads 1-8,text,true,,9193,239,10,10,147,0,0
1497156675382,148,Search,200,,Single-Instance_HTTP_10_threads 1-3,text,true,,9193,239,10,10,148,0,0
1497156675384,146,Search,200,,Single-Instance_HTTP_10_threads 1-2,text,true,,9206,240,10,10,146,0,0
1497156675373,159,Search,200,,Single-Instance_HTTP_10_threads 1-1,text,true,,9206,240,10,10,159,0,0
1497156675379,154,Search,200,,Single-Instance_HTTP_10_threads 1-7,text,true,,9089,231,10,10,154,0,0
1497156675446,145,Search,200,,Single-Instance_HTTP_10_threads 1-6,text,true,,9089,231,10,10,145,0,0
1497156675452,144,Search,200,,Single-Instance_HTTP_10_threads 1-4,text,true,,9206,240,10,10,141,0,0
1497156675505,150,Search,200,,Single-Instance_HTTP_10_threads 1-5,text,true,,9206,240,10,10,148,0,0
1497156675505,150,Search,200,,Single-Instance_HTTP_10_threads 1-10,text,true,,9193,239,10,10,150,0,0
1497156675521,138,Search,200,,Single-Instance_HTTP_10_threads 1-8,text,true,,9089,231,10,10,138,0,0
1497156675508,161,Search,200,,Single-Instance_HTTP_10_threads 1-9,text,true,,9193,239,10,10,161,0,0
1497156675532,146,Search,200,,Single-Instance_HTTP_10_threads 1-1,text,true,,9206,240,10,10,146,0,0
1497156675530,155,Search,200,,Single-Instance_HTTP_10_threads 1-2,text,true,,9206,240,10,10,155,0,0
1497156675530,160,Search,200,,Single-Instance_HTTP_10_threads 1-3,text,true,,9089,231,10,10,160,0,0
1497156675533,160,Search,200,,Single-Instance_HTTP_10_threads 1-7,text,true,,9193,239,10,10,160,0,0
1497156675591,142,Search,200,,Single-Instance_HTTP_10_threads 1-6,text,true,,9089,231,10,10,142,0,0
1497156675596,142,Search,200,,Single-Instance_HTTP_10_threads 1-4,text,true,,9206,240,10,10,142,0,0
1497156675655,143,Search,200,,Single-Instance_HTTP_10_threads 1-5,text,true,,9206,240,10,10,143,0,0
1497156675655,154,Search,200,,Single-Instance_HTTP_10_threads 1-10,text,true,,9206,240,10,10,154,0,0
1497156675660,168,Search,200,,Single-Instance_HTTP_10_threads 1-8,text,true,,9089,231,10,10,168,0,0
1497156675669,168,Search,200,,Single-Instance_HTTP_10_threads 1-9,text,true,,9206,240,10,10,167,0,0
1497156675694,147,Search,200,,Single-Instance_HTTP_10_threads 1-7,text,true,,9193,239,10,10,145,0,0
1497156675690,152,Search,200,,Single-Instance_HTTP_10_threads 1-3,text,true,,9089,231,10,10,151,0,0
1497156675685,159,Search,200,,Single-Instance_HTTP_10_threads 1-2,text,true,,9089,231,10,10,159,0,0
1497156675679,179,Search,200,,Single-Instance_HTTP_10_threads 1-1,text,true,,9193,239,10,10,179,0,0
1497156675733,144,Search,200,,Single-Instance_HTTP_10_threads 1-6,text,true,,9193,239,10,10,143,0,0
1497156675738,144,Search,200,,Single-Instance_HTTP_10_threads 1-4,text,true,,9206,240,10,10,144,0,0
1497156675799,139,Search,200,,Single-Instance_HTTP_10_threads 1-5,text,true,,9193,239,10,10,139,0,0
1497156675809,151,Search,200,,Single-Instance_HTTP_10_threads 1-10,text,true,,9089,231,10,10,151,0,0
1497156675829,141,Search,200,,Single-Instance_HTTP_10_threads 1-8,text,true,,9193,239,10,10,141,0,0
1497156675842,148,Search,200,,Single-Instance_HTTP_10_threads 1-7,text,true,,9193,239,10,10,148,0,0
1497156675843,150,Search,200,,Single-Instance_HTTP_10_threads 1-3,text,true,,9193,239,10,10,150,0,0
1497156675837,156,Search,200,,Single-Instance_HTTP_10_threads 1-9,text,true,,9089,231,10,10,156,0,0
1497156675844,152,Search,200,,Single-Instance_HTTP_10_threads 1-2,text,true,,9206,240,10,10,152,0,0
1497156675858,140,Search,200,,Single-Instance_HTTP_10_threads 1-1,text,true,,9193,239,10,10,140,0,0
1497156675877,141,Search,200,,Single-Instance_HTTP_10_threads 1-6,text,true,,9206,240,10,10,140,0,0
1497156675882,143,Search,200,,Single-Instance_HTTP_10_threads 1-4,text,true,,9193,239,10,10,143,0,0
1497156675938,138,Search,200,,Single-Instance_HTTP_10_threads 1-5,text,true,,9193,239,10,10,138,0,0
1497156675960,140,Search,200,,Single-Instance_HTTP_10_threads 1-10,text,true,,9089,231,10,10,140,0,0
1497156675971,144,Search,200,,Single-Instance_HTTP_10_threads 1-8,text,true,,9193,239,10,10,144,0,0
1497156675996,147,Search,200,,Single-Instance_HTTP_10_threads 1-2,text,true,,9089,231,10,10,147,0,0
1497156675993,156,Search,200,,Single-Instance_HTTP_10_threads 1-9,text,true,,9206,240,10,10,156,0,0
1497156675993,156,Search,200,,Single-Instance_HTTP_10_threads 1-3,text,true,,9089,231,10,10,156,0,0
1497156675998,153,Search,200,,Single-Instance_HTTP_10_threads 1-1,text,true,,9089,231,10,10,153,0,0
1497156675990,162,Search,200,,Single-Instance_HTTP_10_threads 1-7,text,true,,9193,239,10,10,162,0,0
1497156676018,145,Search,200,,Single-Instance_HTTP_10_threads 1-6,text,true,,9089,231,10,10,145,0,0
1497156676026,145,Search,200,,Single-Instance_HTTP_10_threads 1-4,text,true,,9206,240,10,10,145,0,0
1497156676076,147,Search,200,,Single-Instance_HTTP_10_threads 1-5,text,true,,9089,231,10,10,146,0,0
1497156676101,145,Search,200,,Single-Instance_HTTP_10_threads 1-10,text,true,,9193,239,10,10,145,0,0
1497156676115,149,Search,200,,Single-Instance_HTTP_10_threads 1-8,text,true,,9206,240,10,10,149,0,0
1497156676144,140,Search,200,,Single-Instance_HTTP_10_threads 1-2,text,true,,9089,231,10,10,140,0,0
1497156676150,161,Search,200,,Single-Instance_HTTP_10_threads 1-3,text,true,,9193,239,10,10,161,0,0
1497156676150,170,Search,200,,Single-Instance_HTTP_10_threads 1-9,text,true,,9089,231,10,10,170,0,0
1497156676172,153,Search,200,,Single-Instance_HTTP_10_threads 1-4,text,true,,9193,239,10,10,153,0,0
1497156676163,165,Search,200,,Single-Instance_HTTP_10_threads 1-6,text,true,,9193,239,10,10,165,0,0
1497156676152,185,Search,200,,Single-Instance_HTTP_10_threads 1-1,text,true,,9206,240,10,10,185,0,0
1497156676153,186,Search,200,,Single-Instance_HTTP_10_threads 1-7,text,true,,9193,239,10,10,186,0,0
1497156676223,141,Search,200,,Single-Instance_HTTP_10_threads 1-5,text,true,,9193,239,10,10,141,0,0
1497156676246,140,Search,200,,Single-Instance_HTTP_10_threads 1-10,text,true,,9193,239,10,10,140,0,0
1497156676264,144,Search,200,,Single-Instance_HTTP_10_threads 1-8,text,true,,9089,231,10,10,144,0,0
1497156676284,141,Search,200,,Single-Instance_HTTP_10_threads 1-2,text,true,,9193,239,10,10,141,0,0
1497156676321,139,Search,200,,Single-Instance_HTTP_10_threads 1-9,text,true,,9089,231,10,10,138,0,0
1497156676311,158,Search,200,,Single-Instance_HTTP_10_threads 1-3,text,true,,9089,231,10,10,158,0,0
1497156676325,144,Search,200,,Single-Instance_HTTP_10_threads 1-4,text,true,,9089,231,10,10,144,0,0
1497156676328,146,Search,200,,Single-Instance_HTTP_10_threads 1-6,text,true,,9089,231,10,10,146,0,0
1497156676337,141,Search,200,,Single-Instance_HTTP_10_threads 1-1,text,true,,9206,240,10,10,140,0,0
1497156676339,144,Search,200,,Single-Instance_HTTP_10_threads 1-7,text,true,,9193,239,10,10,144,0,0
1497156676365,138,Search,200,,Single-Instance_HTTP_10_threads 1-5,text,true,,9193,239,10,10,138,0,0
1497156676387,139,Search,200,,Single-Instance_HTTP_10_threads 1-10,text,true,,9089,231,10,10,139,0,0
1497156676409,142,Search,200,,Single-Instance_HTTP_10_threads 1-8,text,true,,9193,239,10,10,142,0,0
1497156676426,142,Search,200,,Single-Instance_HTTP_10_threads 1-2,text,true,,9206,240,10,10,142,0,0
1497156676460,146,Search,200,,Single-Instance_HTTP_10_threads 1-9,text,true,,9089,231,10,10,146,0,0
1497156676474,140,Search,200,,Single-Instance_HTTP_10_threads 1-6,text,true,,9193,239,10,10,139,0,0
1497156676478,145,Search,200,,Single-Instance_HTTP_10_threads 1-1,text,true,,9206,240,10,10,144,0,0
1497156676470,156,Search,200,,Single-Instance_HTTP_10_threads 1-3,text,true,,9193,239,10,10,153,0,0
1497156676470,162,Search,200,,Single-Instance_HTTP_10_threads 1-4,text,true,,9089,231,10,10,162,0,0
1497156676483,151,Search,200,,Single-Instance_HTTP_10_threads 1-7,text,true,,9089,231,10,10,151,0,0
1497156676503,138,Search,200,,Single-Instance_HTTP_10_threads 1-5,text,true,,9193,239,10,10,138,0,0
1497156676527,147,Search,200,,Single-Instance_HTTP_10_threads 1-10,text,true,,9206,240,10,10,147,0,0
1497156676552,136,Search,200,,Single-Instance_HTTP_10_threads 1-8,text,true,,9193,239,10,10,136,0,0
1497156676568,140,Search,200,,Single-Instance_HTTP_10_threads 1-2,text,true,,9089,231,10,10,140,0,0
1497156676606,141,Search,200,,Single-Instance_HTTP_10_threads 1-9,text,true,,9089,231,10,10,141,0,0
1497156676614,142,Search,200,,Single-Instance_HTTP_10_threads 1-6,text,true,,9206,240,10,10,136,0,0
1497156676626,140,Search,200,,Single-Instance_HTTP_10_threads 1-3,text,true,,9206,240,10,10,139,0,0
1497156676623,153,Search,200,,Single-Instance_HTTP_10_threads 1-1,text,true,,9193,239,10,10,153,0,0
1497156676642,138,Search,200,,Single-Instance_HTTP_10_threads 1-5,text,true,,9193,239,10,10,138,0,0
1497156676632,150,Search,200,,Single-Instance_HTTP_10_threads 1-4,text,true,,9193,239,10,10,149,0,0
1497156676634,150,Search,200,,Single-Instance_HTTP_10_threads 1-7,text,true,,9206,240,10,10,150,0,0
1497156676674,139,Search,200,,Single-Instance_HTTP_10_threads 1-10,text,true,,9193,239,10,10,139,0,0
1497156676689,137,Search,200,,Single-Instance_HTTP_10_threads 1-8,text,true,,9206,240,10,10,137,0,0
1497156676708,143,Search,200,,Single-Instance_HTTP_10_threads 1-2,text,true,,9193,239,10,10,136,0,0
1497156676748,140,Search,200,,Single-Instance_HTTP_10_threads 1-9,text,true,,9089,231,10,10,140,0,0
1497156676756,137,Search,200,,Single-Instance_HTTP_10_threads 1-6,text,true,,9206,240,10,10,137,0,0
1497156676766,137,Search,200,,Single-Instance_HTTP_10_threads 1-3,text,true,,9193,239,10,10,137,0,0
1497156676776,138,Search,200,,Single-Instance_HTTP_10_threads 1-1,text,true,,9193,239,10,10,138,0,0
1497156676782,139,Search,200,,Single-Instance_HTTP_10_threads 1-4,text,true,,9089,231,10,10,139,0,0
1497156676780,150,Search,200,,Single-Instance_HTTP_10_threads 1-5,text,true,,9206,240,10,10,149,0,0
1497156676784,146,Search,200,,Single-Instance_HTTP_10_threads 1-7,text,true,,9206,240,10,10,145,0,0
1497156676813,139,Search,200,,Single-Instance_HTTP_10_threads 1-10,text,true,,9193,239,10,10,139,0,0
1497156676827,139,Search,200,,Single-Instance_HTTP_10_threads 1-8,text,true,,9193,239,10,10,139,0,0
1497156676851,138,Search,200,,Single-Instance_HTTP_10_threads 1-2,text,true,,9089,231,10,10,137,0,0
1497156676888,271,Search,200,,Single-Instance_HTTP_10_threads 1-9,text,true,,9089,231,10,10,271,0,131
1497156676893,270,Search,200,,Single-Instance_HTTP_10_threads 1-6,text,true,,9089,231,10,10,270,0,130
1497156676903,329,Search,200,,Single-Instance_HTTP_10_threads 1-3,text,true,,9089,231,10,10,329,0,139
1497156676914,320,Search,200,,Single-Instance_HTTP_10_threads 1-1,text,true,,9206,240,10,10,318,0,133
1497156676921,314,Search,200,,Single-Instance_HTTP_10_threads 1-4,text,true,,9089,231,10,10,313,0,132
1497156676930,309,Search,200,,Single-Instance_HTTP_10_threads 1-7,text,true,,9206,240,10,10,309,0,135
1497156676930,310,Search,200,,Single-Instance_HTTP_10_threads 1-5,text,true,,9206,240,10,10,310,0,135
1497156676952,288,Search,200,,Single-Instance_HTTP_10_threads 1-10,text,true,,9089,231,10,10,288,0,130
1497156676966,279,Search,200,,Single-Instance_HTTP_10_threads 1-8,text,true,,9089,231,10,10,275,0,131
1497156676989,280,Search,200,,Single-Instance_HTTP_10_threads 1-2,text,true,,9193,239,10,10,280,0,130
1497156677159,156,Search,200,,Single-Instance_HTTP_10_threads 1-9,text,true,,9193,239,10,10,156,0,0
1497156677163,158,Search,200,,Single-Instance_HTTP_10_threads 1-6,text,true,,9206,240,10,10,158,0,0
1497156677240,152,Search,200,,Single-Instance_HTTP_10_threads 1-5,text,true,,9206,240,10,10,152,0,0
1497156677235,161,Search,200,,Single-Instance_HTTP_10_threads 1-4,text,true,,9193,239,10,10,161,0,0
1497156677239,158,Search,200,,Single-Instance_HTTP_10_threads 1-7,text,true,,9206,240,10,10,158,0,0
1497156677236,164,Search,200,,Single-Instance_HTTP_10_threads 1-1,text,true,,9206,240,10,10,164,0,0
1497156677245,158,Search,200,,Single-Instance_HTTP_10_threads 1-8,text,true,,9193,239,10,10,158,0,0
1497156677240,172,Search,200,,Single-Instance_HTTP_10_threads 1-10,text,true,,9089,231,10,10,172,0,0
1497156677270,147,Search,200,,Single-Instance_HTTP_10_threads 1-2,text,true,,9089,231,10,10,147,0,0
1497156677233,185,Search,200,,Single-Instance_HTTP_10_threads 1-3,text,true,,9193,239,10,10,185,0,0
1497156677315,141,Search,200,,Single-Instance_HTTP_10_threads 1-9,text,true,,9089,231,10,10,141,0,0
1497156677321,138,Search,200,,Single-Instance_HTTP_10_threads 1-6,text,true,,9206,240,10,10,138,0,0
1497156677396,148,Search,200,,Single-Instance_HTTP_10_threads 1-4,text,true,,9193,239,10,10,148,0,0
1497156677400,150,Search,200,,Single-Instance_HTTP_10_threads 1-1,text,true,,9206,240,10,10,148,0,0
1497156677393,157,Search,200,,Single-Instance_HTTP_10_threads 1-5,text,true,,9206,240,10,10,157,0,0
1497156677403,153,Search,200,,Single-Instance_HTTP_10_threads 1-8,text,true,,9193,239,10,10,153,0,0
1497156677398,158,Search,200,,Single-Instance_HTTP_10_threads 1-7,text,true,,9193,239,10,10,158,0,0
1497156677413,146,Search,200,,Single-Instance_HTTP_10_threads 1-10,text,true,,9193,239,10,10,146,0,0
1497156677418,144,Search,200,,Single-Instance_HTTP_10_threads 1-3,text,true,,9206,240,10,10,144,0,0
1497156677417,150,Search,200,,Single-Instance_HTTP_10_threads 1-2,text,true,,9206,240,10,10,150,0,0
1497156677459,141,Search,200,,Single-Instance_HTTP_10_threads 1-6,text,true,,9206,240,10,10,140,0,0
1497156677456,145,Search,200,,Single-Instance_HTTP_10_threads 1-9,text,true,,9193,239,10,10,145,0,0
1497156677550,152,Search,200,,Single-Instance_HTTP_10_threads 1-5,text,true,,9089,231,10,10,152,0,0
1497156677559,147,Search,200,,Single-Instance_HTTP_10_threads 1-10,text,true,,9193,239,10,10,147,0,0
1497156677563,146,Search,200,,Single-Instance_HTTP_10_threads 1-3,text,true,,9206,240,10,10,145,0,0
1497156677567,145,Search,200,,Single-Instance_HTTP_10_threads 1-2,text,true,,9089,231,10,10,144,0,0
1497156677557,161,Search,200,,Single-Instance_HTTP_10_threads 1-7,text,true,,9206,240,10,10,161,0,0
1497156677556,167,Search,200,,Single-Instance_HTTP_10_threads 1-8,text,true,,9206,240,10,10,167,0,0
1497156677545,178,Search,200,,Single-Instance_HTTP_10_threads 1-4,text,true,,9206,240,10,10,178,0,0
1497156677550,181,Search,200,,Single-Instance_HTTP_10_threads 1-1,text,true,,9193,239,10,10,181,0,0
1497156677600,142,Search,200,,Single-Instance_HTTP_10_threads 1-6,text,true,,9089,231,10,10,138,0,0
1497156677602,145,Search,200,,Single-Instance_HTTP_10_threads 1-9,text,true,,9206,240,10,10,145,0,0
1497156677709,140,Search,200,,Single-Instance_HTTP_10_threads 1-3,text,true,,9089,231,10,10,140,0,0
1497156677706,145,Search,200,,Single-Instance_HTTP_10_threads 1-10,text,true,,9089,231,10,10,145,0,0
1497156677703,155,Search,200,,Single-Instance_HTTP_10_threads 1-5,text,true,,9193,239,10,10,155,0,0
1497156677713,146,Search,200,,Single-Instance_HTTP_10_threads 1-2,text,true,,9089,231,10,10,146,0,0
1497156677723,148,Search,200,,Single-Instance_HTTP_10_threads 1-8,text,true,,9089,231,10,10,148,0,0
1497156677723,151,Search,200,,Single-Instance_HTTP_10_threads 1-4,text,true,,9089,231,10,10,151,0,0
1497156677731,151,Search,200,,Single-Instance_HTTP_10_threads 1-1,text,true,,9193,239,10,10,151,0,0
1497156677718,167,Search,200,,Single-Instance_HTTP_10_threads 1-7,text,true,,9206,240,10,10,167,0,0
1497156677747,144,Search,200,,Single-Instance_HTTP_10_threads 1-9,text,true,,9089,231,10,10,144,0,0
1497156677742,149,Search,200,,Single-Instance_HTTP_10_threads 1-6,text,true,,9193,239,10,10,149,0,0
1497156677858,148,Search,200,,Single-Instance_HTTP_10_threads 1-5,text,true,,9193,239,10,10,148,0,0
1497156677860,146,Search,200,,Single-Instance_HTTP_10_threads 1-2,text,true,,9089,231,10,10,146,0,0
1497156677852,163,Search,200,,Single-Instance_HTTP_10_threads 1-10,text,true,,9089,231,10,10,155,0,0
1497156677850,165,Search,200,,Single-Instance_HTTP_10_threads 1-3,text,true,,9206,240,10,10,165,0,0
1497156677875,140,Search,200,,Single-Instance_HTTP_10_threads 1-4,text,true,,9089,231,10,10,140,0,0
1497156677871,152,Search,200,,Single-Instance_HTTP_10_threads 1-8,text,true,,9193,239,10,10,152,0,0
1497156677891,151,Search,200,,Single-Instance_HTTP_10_threads 1-9,text,true,,9206,240,10,10,151,0,0
1497156677891,157,Search,200,,Single-Instance_HTTP_10_threads 1-6,text,true,,9193,239,10,10,156,0,0
1497156677882,168,Search,200,,Single-Instance_HTTP_10_threads 1-1,text,true,,9206,240,10,10,168,0,0
1497156677885,174,Search,200,,Single-Instance_HTTP_10_threads 1-7,text,true,,9206,240,10,10,174,0,0
1497156678007,140,Search,200,,Single-Instance_HTTP_10_threads 1-2,text,true,,9089,231,10,10,140,0,0
1497156678007,144,Search,200,,Single-Instance_HTTP_10_threads 1-5,text,true,,9206,240,10,10,143,0,0
1497156678015,148,Search,200,,Single-Instance_HTTP_10_threads 1-4,text,true,,9193,239,10,10,147,0,0
1497156678015,149,Search,200,,Single-Instance_HTTP_10_threads 1-3,text,true,,9193,239,10,10,149,0,0
1497156678015,154,Search,200,,Single-Instance_HTTP_10_threads 1-10,text,true,,9193,239,10,10,154,0,0
1497156678024,151,Search,200,,Single-Instance_HTTP_10_threads 1-8,text,true,,9206,240,10,10,151,0,0
1497156678048,142,Search,200,,Single-Instance_HTTP_10_threads 1-6,text,true,,9206,240,10,10,142,0,0
1497156678042,149,Search,200,,Single-Instance_HTTP_10_threads 1-9,text,true,,9193,239,10,10,149,0,0
1497156678050,167,Search,200,,Single-Instance_HTTP_10_threads 1-1,text,true,,9089,231,10,10,149,0,0
1497156678059,158,Search,200,,Single-Instance_HTTP_10_threads 1-7,text,true,,9089,231,10,10,158,0,0
1497156678148,146,Search,200,,Single-Instance_HTTP_10_threads 1-2,text,true,,9193,239,10,10,146,0,0
1497156678151,143,Search,200,,Single-Instance_HTTP_10_threads 1-5,text,true,,9206,240,10,10,143,0,0
1497156678164,137,Search,200,,Single-Instance_HTTP_10_threads 1-3,text,true,,9089,231,10,10,137,0,0
1497156678163,148,Search,200,,Single-Instance_HTTP_10_threads 1-4,text,true,,9089,231,10,10,148,0,0
1497156678170,146,Search,200,,Single-Instance_HTTP_10_threads 1-10,text,true,,9206,240,10,10,141,0,0
1497156678176,140,Search,200,,Single-Instance_HTTP_10_threads 1-8,text,true,,9206,240,10,10,140,0,0
1497156678192,135,Search,200,,Single-Instance_HTTP_10_threads 1-9,text,true,,9089,231,10,10,135,0,0
1497156678190,155,Search,200,,Single-Instance_HTTP_10_threads 1-6,text,true,,9206,240,10,10,155,0,0
1497156678218,136,Search,200,,Single-Instance_HTTP_10_threads 1-7,text,true,,9206,240,10,10,135,0,0
1497156678217,144,Search,200,,Single-Instance_HTTP_10_threads 1-1,text,true,,9193,239,10,10,144,0,0
1497156678294,145,Search,200,,Single-Instance_HTTP_10_threads 1-5,text,true,,9089,231,10,10,145,0,0
1497156678302,152,Search,200,,Single-Instance_HTTP_10_threads 1-3,text,true,,9193,239,10,10,152,0,0
1497156678294,169,Search,200,,Single-Instance_HTTP_10_threads 1-2,text,true,,9193,239,10,10,160,0,0
1497156678316,149,Search,200,,Single-Instance_HTTP_10_threads 1-8,text,true,,9089,231,10,10,149,0,0
1497156678328,142,Search,200,,Single-Instance_HTTP_10_threads 1-9,text,true,,9089,231,10,10,142,0,0
1497156678316,157,Search,200,,Single-Instance_HTTP_10_threads 1-10,text,true,,9206,240,10,10,157,0,0
1497156678312,165,Search,200,,Single-Instance_HTTP_10_threads 1-4,text,true,,9089,231,10,10,165,0,0
1497156678354,143,Search,200,,Single-Instance_HTTP_10_threads 1-7,text,true,,9089,231,10,10,143,0,0
1497156678345,159,Search,200,,Single-Instance_HTTP_10_threads 1-6,text,true,,9089,231,10,10,159,0,0
1497156678361,143,Search,200,,Single-Instance_HTTP_10_threads 1-1,text,true,,9206,240,10,10,143,0,0
1497156678440,153,Search,200,,Single-Instance_HTTP_10_threads 1-5,text,true,,9206,240,10,10,153,0,0
1497156678454,146,Search,200,,Single-Instance_HTTP_10_threads 1-3,text,true,,9193,239,10,10,146,0,0
1497156678465,143,Search,200,,Single-Instance_HTTP_10_threads 1-8,text,true,,9193,239,10,10,143,0,0
1497156678463,158,Search,200,,Single-Instance_HTTP_10_threads 1-2,text,true,,9206,240,10,10,158,0,0
1497156678470,151,Search,200,,Single-Instance_HTTP_10_threads 1-9,text,true,,9089,231,10,10,151,0,0
1497156678473,150,Search,200,,Single-Instance_HTTP_10_threads 1-10,text,true,,9089,231,10,10,150,0,0
1497156678498,147,Search,200,,Single-Instance_HTTP_10_threads 1-7,text,true,,9193,239,10,10,147,0,0
1497156678477,168,Search,200,,Single-Instance_HTTP_10_threads 1-4,text,true,,9193,239,10,10,168,0,0
1497156678504,152,Search,200,,Single-Instance_HTTP_10_threads 1-1,text,true,,9206,240,10,10,152,0,0
1497156678504,158,Search,200,,Single-Instance_HTTP_10_threads 1-6,text,true,,9193,239,10,10,157,0,0
1497156678594,152,Search,200,,Single-Instance_HTTP_10_threads 1-5,text,true,,9206,240,10,10,152,0,0
1497156678600,153,Search,200,,Single-Instance_HTTP_10_threads 1-3,text,true,,9193,239,10,10,153,0,0
1497156678608,146,Search,200,,Single-Instance_HTTP_10_threads 1-8,text,true,,9193,239,10,10,146,0,0
1497156678624,146,Search,200,,Single-Instance_HTTP_10_threads 1-10,text,true,,9193,239,10,10,143,0,0
1497156678621,151,Search,200,,Single-Instance_HTTP_10_threads 1-9,text,true,,9089,231,10,10,151,0,0
1497156678621,157,Search,200,,Single-Instance_HTTP_10_threads 1-2,text,true,,9193,239,10,10,156,0,0
1497156678645,145,Search,200,,Single-Instance_HTTP_10_threads 1-4,text,true,,9089,231,10,10,145,0,0
1497156678657,140,Search,200,,Single-Instance_HTTP_10_threads 1-1,text,true,,9193,239,10,10,140,0,0
1497156678645,154,Search,200,,Single-Instance_HTTP_10_threads 1-7,text,true,,9193,239,10,10,154,0,0
1497156678662,143,Search,200,,Single-Instance_HTTP_10_threads 1-6,text,true,,9193,239,10,10,143,0,0
1497156678755,138,Search,200,,Single-Instance_HTTP_10_threads 1-8,text,true,,9193,239,10,10,137,0,0
1497156678747,155,Search,200,,Single-Instance_HTTP_10_threads 1-5,text,true,,9206,240,10,10,153,0,0
1497156678753,149,Search,200,,Single-Instance_HTTP_10_threads 1-3,text,true,,9206,240,10,10,149,0,0
1497156678771,154,Search,200,,Single-Instance_HTTP_10_threads 1-10,text,true,,9089,231,10,10,154,0,0
1497156678778,150,Search,200,,Single-Instance_HTTP_10_threads 1-2,text,true,,9089,231,10,10,150,0,0
1497156678772,156,Search,200,,Single-Instance_HTTP_10_threads 1-9,text,true,,9089,231,10,10,156,0,0
1497156678791,143,Search,200,,Single-Instance_HTTP_10_threads 1-4,text,true,,9089,231,10,10,142,0,0
1497156678805,143,Search,200,,Single-Instance_HTTP_10_threads 1-6,text,true,,9193,239,10,10,143,0,0
1497156678799,150,Search,200,,Single-Instance_HTTP_10_threads 1-7,text,true,,9193,239,10,10,150,0,0
1497156678798,156,Search,200,,Single-Instance_HTTP_10_threads 1-1,text,true,,9089,231,10,10,156,0,0
1497156678893,140,Search,200,,Single-Instance_HTTP_10_threads 1-8,text,true,,9193,239,10,10,140,0,0
1497156678902,178,Search,200,,Single-Instance_HTTP_10_threads 1-5,text,true,,9089,231,10,10,178,0,0
1497156678902,178,Search,200,,Single-Instance_HTTP_10_threads 1-3,text,true,,9089,231,10,10,178,0,0
1497156678925,155,Search,200,,Single-Instance_HTTP_10_threads 1-10,text,true,,9089,231,10,10,155,0,0
1497156678928,161,Search,200,,Single-Instance_HTTP_10_threads 1-2,text,true,,9193,239,10,10,161,0,0
1497156678928,294,Search,200,,Single-Instance_HTTP_10_threads 1-9,text,true,,9206,240,10,10,293,0,152
1497156678934,303,Search,200,,Single-Instance_HTTP_10_threads 1-4,text,true,,9089,231,10,10,303,0,155
1497156678948,289,Search,200,,Single-Instance_HTTP_10_threads 1-6,text,true,,9206,240,10,10,289,0,141
1497156678950,291,Search,200,,Single-Instance_HTTP_10_threads 1-7,text,true,,9206,240,10,10,291,0,147
1497156678955,289,Search,200,,Single-Instance_HTTP_10_threads 1-1,text,true,,9089,231,10,10,289,0,142
1497156679033,276,Search,200,,Single-Instance_HTTP_10_threads 1-8,text,true,,9206,240,10,10,276,0,131
1497156679080,291,Search,200,,Single-Instance_HTTP_10_threads 1-3,text,true,,9089,231,10,10,291,0,140
1497156679080,291,Search,200,,Single-Instance_HTTP_10_threads 1-10,text,true,,9089,231,10,10,291,0,138
1497156679222,152,Search,200,,Single-Instance_HTTP_10_threads 1-9,text,true,,9089,231,10,10,152,0,0
1497156679237,145,Search,200,,Single-Instance_HTTP_10_threads 1-6,text,true,,9193,239,10,10,145,0,0
1497156679089,301,Search,200,,Single-Instance_HTTP_10_threads 1-2,text,true,,9206,240,10,10,298,0,148
1497156679241,151,Search,200,,Single-Instance_HTTP_10_threads 1-7,text,true,,9089,231,10,10,151,0,0
1497156679237,159,Search,200,,Single-Instance_HTTP_10_threads 1-4,text,true,,9089,231,10,10,159,0,0
1497156679245,160,Search,200,,Single-Instance_HTTP_10_threads 1-1,text,true,,9206,240,10,10,159,0,0
1497156679080,324,Search,200,,Single-Instance_HTTP_10_threads 1-5,text,true,,9206,240,10,10,324,0,138
1497156679309,145,Search,200,,Single-Instance_HTTP_10_threads 1-8,text,true,,9206,240,10,10,144,0,0
1497156679382,144,Search,200,,Single-Instance_HTTP_10_threads 1-6,text,true,,9089,231,10,10,144,0,0
1497156679371,159,Search,200,,Single-Instance_HTTP_10_threads 1-10,text,true,,9089,231,10,10,159,0,0
1497156679390,150,Search,200,,Single-Instance_HTTP_10_threads 1-2,text,true,,9193,239,10,10,150,0,0
1497156679375,165,Search,200,,Single-Instance_HTTP_10_threads 1-9,text,true,,9089,231,10,10,165,0,0
1497156679371,169,Search,200,,Single-Instance_HTTP_10_threads 1-3,text,true,,9089,231,10,10,169,0,0
1497156679396,150,Search,200,,Single-Instance_HTTP_10_threads 1-4,text,true,,9206,240,10,10,150,0,0
1497156679393,156,Search,200,,Single-Instance_HTTP_10_threads 1-7,text,true,,9193,239,10,10,156,0,0
1497156679405,146,Search,200,,Single-Instance_HTTP_10_threads 1-1,text,true,,9193,239,10,10,146,0,0
1497156679405,151,Search,200,,Single-Instance_HTTP_10_threads 1-5,text,true,,9206,240,10,10,149,0,0
1497156679455,140,Search,200,,Single-Instance_HTTP_10_threads 1-8,text,true,,9193,239,10,10,140,0,0
1497156679530,140,Search,200,,Single-Instance_HTTP_10_threads 1-10,text,true,,9193,239,10,10,140,0,0
1497156679527,148,Search,200,,Single-Instance_HTTP_10_threads 1-6,text,true,,9206,240,10,10,148,0,0
1497156679540,139,Search,200,,Single-Instance_HTTP_10_threads 1-9,text,true,,9089,231,10,10,139,0,0
1497156679540,148,Search,200,,Single-Instance_HTTP_10_threads 1-2,text,true,,9089,231,10,10,141,0,0
1497156679549,153,Search,200,,Single-Instance_HTTP_10_threads 1-7,text,true,,9089,231,10,10,153,0,0
1497156679547,158,Search,200,,Single-Instance_HTTP_10_threads 1-4,text,true,,9206,240,10,10,158,0,0
1497156679552,159,Search,200,,Single-Instance_HTTP_10_threads 1-1,text,true,,9193,239,10,10,159,0,0
1497156679541,174,Search,200,,Single-Instance_HTTP_10_threads 1-3,text,true,,9193,239,10,10,174,0,0
1497156679557,158,Search,200,,Single-Instance_HTTP_10_threads 1-5,text,true,,9193,239,10,10,158,0,0
1497156679595,138,Search,200,,Single-Instance_HTTP_10_threads 1-8,text,true,,9206,240,10,10,138,0,0
1497156679675,143,Search,200,,Single-Instance_HTTP_10_threads 1-6,text,true,,9193,239,10,10,143,0,0
1497156679670,150,Search,200,,Single-Instance_HTTP_10_threads 1-10,text,true,,9206,240,10,10,150,0,0
1497156679689,144,Search,200,,Single-Instance_HTTP_10_threads 1-2,text,true,,9206,240,10,10,144,0,0
1497156679679,154,Search,200,,Single-Instance_HTTP_10_threads 1-9,text,true,,9206,240,10,10,154,0,0
1497156679702,144,Search,200,,Single-Instance_HTTP_10_threads 1-7,text,true,,9089,231,10,10,144,0,0
1497156679715,143,Search,200,,Single-Instance_HTTP_10_threads 1-3,text,true,,9089,231,10,10,139,0,0
1497156679715,146,Search,200,,Single-Instance_HTTP_10_threads 1-5,text,true,,9193,239,10,10,146,0,0
1497156679711,151,Search,200,,Single-Instance_HTTP_10_threads 1-1,text,true,,9206,240,10,10,151,0,0
1497156679705,165,Search,200,,Single-Instance_HTTP_10_threads 1-4,text,true,,9089,231,10,10,165,0,0
1497156679734,148,Search,200,,Single-Instance_HTTP_10_threads 1-8,text,true,,9193,239,10,10,148,0,0
1497156679820,148,Search,200,,Single-Instance_HTTP_10_threads 1-10,text,true,,9206,240,10,10,148,0,0
1497156679833,138,Search,200,,Single-Instance_HTTP_10_threads 1-2,text,true,,9206,240,10,10,138,0,0
1497156679819,155,Search,200,,Single-Instance_HTTP_10_threads 1-6,text,true,,9193,239,10,10,155,0,0
1497156679833,150,Search,200,,Single-Instance_HTTP_10_threads 1-9,text,true,,9193,239,10,10,150,0,0
1497156679847,138,Search,200,,Single-Instance_HTTP_10_threads 1-7,text,true,,9206,240,10,10,138,0,0
1497156679859,148,Search,200,,Single-Instance_HTTP_10_threads 1-3,text,true,,9193,239,10,10,148,0,0
1497156679861,146,Search,200,,Single-Instance_HTTP_10_threads 1-5,text,true,,9193,239,10,10,146,0,0
1497156679870,142,Search,200,,Single-Instance_HTTP_10_threads 1-4,text,true,,9206,240,10,10,142,0,0
1497156679862,158,Search,200,,Single-Instance_HTTP_10_threads 1-1,text,true,,9206,240,10,10,158,0,0
1497156679882,151,Search,200,,Single-Instance_HTTP_10_threads 1-8,text,true,,9206,240,10,10,151,0,0
1497156679968,139,Search,200,,Single-Instance_HTTP_10_threads 1-10,text,true,,9089,231,10,10,139,0,0
1497156679972,146,Search,200,,Single-Instance_HTTP_10_threads 1-2,text,true,,9089,231,10,10,146,0,0
1497156679985,159,Search,200,,Single-Instance_HTTP_10_threads 1-7,text,true,,9193,239,10,10,159,0,0
1497156679974,170,Search,200,,Single-Instance_HTTP_10_threads 1-6,text,true,,9193,239,10,10,170,0,0
1497156679983,162,Search,200,,Single-Instance_HTTP_10_threads 1-9,text,true,,9206,240,10,10,162,0,0
1497156680007,154,Search,200,,Single-Instance_HTTP_10_threads 1-5,text,true,,9206,240,10,10,154,0,0
1497156680007,158,Search,200,,Single-Instance_HTTP_10_threads 1-3,text,true,,9206,240,10,10,158,0,0
1497156680012,153,Search,200,,Single-Instance_HTTP_10_threads 1-4,text,true,,9206,240,10,10,153,0,0
1497156680020,152,Search,200,,Single-Instance_HTTP_10_threads 1-1,text,true,,9193,239,10,10,152,0,0
1497156680033,149,Search,200,,Single-Instance_HTTP_10_threads 1-8,text,true,,9193,239,10,10,149,0,0
1497156680108,139,Search,200,,Single-Instance_HTTP_10_threads 1-10,text,true,,9206,240,10,10,139,0,0
1497156680118,139,Search,200,,Single-Instance_HTTP_10_threads 1-2,text,true,,9089,231,10,10,139,0,0
1497156680145,156,Search,200,,Single-Instance_HTTP_10_threads 1-9,text,true,,9206,240,10,10,155,0,0
1497156680144,158,Search,200,,Single-Instance_HTTP_10_threads 1-7,text,true,,9206,240,10,10,158,0,0
1497156680165,143,Search,200,,Single-Instance_HTTP_10_threads 1-3,text,true,,9089,231,10,10,142,0,0
1497156680144,171,Search,200,,Single-Instance_HTTP_10_threads 1-6,text,true,,9206,240,10,10,170,0,0
1497156680161,158,Search,200,,Single-Instance_HTTP_10_threads 1-5,text,true,,9193,239,10,10,153,0,0
1497156680165,154,Search,200,,Single-Instance_HTTP_10_threads 1-4,text,true,,9089,231,10,10,154,0,0
1497156680182,148,Search,200,,Single-Instance_HTTP_10_threads 1-8,text,true,,9206,240,10,10,148,0,0
1497156680172,160,Search,200,,Single-Instance_HTTP_10_threads 1-1,text,true,,9193,239,10,10,160,0,0
1497156680247,149,Search,200,,Single-Instance_HTTP_10_threads 1-10,text,true,,9206,240,10,10,149,0,0
1497156680257,140,Search,200,,Single-Instance_HTTP_10_threads 1-2,text,true,,9089,231,10,10,140,0,0
1497156680301,149,Search,200,,Single-Instance_HTTP_10_threads 1-9,text,true,,9206,240,10,10,149,0,0
1497156680308,244,Search,200,,Single-Instance_HTTP_10_threads 1-3,text,true,,9089,231,10,10,243,0,0
1497156680332,220,Search,200,,Single-Instance_HTTP_10_threads 1-1,text,true,,9206,240,10,10,220,0,0
1497156680330,224,Search,200,,Single-Instance_HTTP_10_threads 1-8,text,true,,9206,240,10,10,224,0,0
1497156680315,239,Search,200,,Single-Instance_HTTP_10_threads 1-6,text,true,,9206,240,10,10,239,0,0
1497156680319,247,Search,200,,Single-Instance_HTTP_10_threads 1-5,text,true,,9193,239,10,10,247,0,0
1497156680320,246,Search,200,,Single-Instance_HTTP_10_threads 1-4,text,true,,9089,231,10,10,246,0,0
1497156680397,176,Search,200,,Single-Instance_HTTP_10_threads 1-2,text,true,,9206,240,10,10,169,0,0
1497156680303,270,Search,200,,Single-Instance_HTTP_10_threads 1-7,text,true,,9206,240,10,10,270,0,0
1497156680396,177,Search,200,,Single-Instance_HTTP_10_threads 1-10,text,true,,9206,240,10,10,177,0,0
1497156680450,144,Search,200,,Single-Instance_HTTP_10_threads 1-9,text,true,,9089,231,10,10,144,0,0
1497156680554,168,Search,200,,Single-Instance_HTTP_10_threads 1-8,text,true,,9089,231,10,10,168,0,0
1497156680554,168,Search,200,,Single-Instance_HTTP_10_threads 1-6,text,true,,9089,231,10,10,168,0,0
1497156680552,183,Search,200,,Single-Instance_HTTP_10_threads 1-1,text,true,,9193,239,10,10,183,0,0
1497156680552,184,Search,200,,Single-Instance_HTTP_10_threads 1-3,text,true,,9193,239,10,10,183,0,0
1497156680573,167,Search,200,,Single-Instance_HTTP_10_threads 1-10,text,true,,9193,239,10,10,167,0,0
1497156680566,177,Search,200,,Single-Instance_HTTP_10_threads 1-5,text,true,,9089,231,10,10,177,0,0
1497156680595,161,Search,200,,Single-Instance_HTTP_10_threads 1-9,text,true,,9206,240,10,10,161,0,0
1497156680566,190,Search,200,,Single-Instance_HTTP_10_threads 1-4,text,true,,9193,239,10,10,190,0,0
1497156680573,184,Search,200,,Single-Instance_HTTP_10_threads 1-2,text,true,,9089,231,10,10,183,0,0
1497156680573,186,Search,200,,Single-Instance_HTTP_10_threads 1-7,text,true,,9193,239,10,10,186,0,0
1497156680722,189,Search,200,,Single-Instance_HTTP_10_threads 1-8,text,true,,9193,239,10,10,189,0,0
1497156680722,189,Search,200,,Single-Instance_HTTP_10_threads 1-6,text,true,,9193,239,10,10,189,0,0
1497156680736,175,Search,200,,Single-Instance_HTTP_10_threads 1-3,text,true,,9193,239,10,10,175,0,0
1497156680740,174,Search,200,,Single-Instance_HTTP_10_threads 1-10,text,true,,9089,231,10,10,174,0,0
1497156680736,180,Search,200,,Single-Instance_HTTP_10_threads 1-1,text,true,,9193,239,10,10,178,0,0
1497156680744,172,Search,200,,Single-Instance_HTTP_10_threads 1-5,text,true,,9193,239,10,10,172,0,0
1497156680756,160,Search,200,,Single-Instance_HTTP_10_threads 1-9,text,true,,9206,240,10,10,160,0,0
1497156680759,161,Search,200,,Single-Instance_HTTP_10_threads 1-7,text,true,,9193,239,10,10,161,0,0
1497156680756,165,Search,200,,Single-Instance_HTTP_10_threads 1-4,text,true,,9206,240,10,10,165,0,0
1497156680757,171,Search,200,,Single-Instance_HTTP_10_threads 1-2,text,true,,9193,239,10,10,171,0,0
1497156680914,164,Search,200,,Single-Instance_HTTP_10_threads 1-10,text,true,,9206,240,10,10,164,0,0
1497156680916,169,Search,200,,Single-Instance_HTTP_10_threads 1-5,text,true,,9193,239,10,10,169,0,0
1497156680920,171,Search,200,,Single-Instance_HTTP_10_threads 1-7,text,true,,9089,231,10,10,171,0,0
1497156680921,174,Search,200,,Single-Instance_HTTP_10_threads 1-4,text,true,,9193,239,10,10,174,0,0
1497156680929,181,Search,200,,Single-Instance_HTTP_10_threads 1-2,text,true,,9206,240,10,10,170,0,0
1497156680911,199,Search,200,,Single-Instance_HTTP_10_threads 1-6,text,true,,9193,239,10,10,199,0,0
1497156680911,199,Search,200,,Single-Instance_HTTP_10_threads 1-8,text,true,,9206,240,10,10,199,0,0
1497156680917,200,Search,200,,Single-Instance_HTTP_10_threads 1-9,text,true,,9206,240,10,10,200,0,0
1497156680916,202,Search,200,,Single-Instance_HTTP_10_threads 1-1,text,true,,9193,239,10,10,201,0,0
1497156680912,206,Search,200,,Single-Instance_HTTP_10_threads 1-3,text,true,,9193,239,10,10,206,0,0
1497156681079,163,Search,200,,Single-Instance_HTTP_10_threads 1-10,text,true,,9089,231,10,10,163,0,0
1497156681091,295,Search,200,,Single-Instance_HTTP_10_threads 1-7,text,true,,9206,240,10,10,295,0,152
1497156681086,304,Search,200,,Single-Instance_HTTP_10_threads 1-5,text,true,,9089,231,10,10,303,0,156
1497156681110,287,Search,200,,Single-Instance_HTTP_10_threads 1-8,text,true,,9193,239,10,10,287,0,143
1497156681096,310,Search,200,,Single-Instance_HTTP_10_threads 1-4,text,true,,9206,240,10,10,310,0,149
1497156681110,307,Search,200,,Single-Instance_HTTP_10_threads 1-6,text,true,,9089,231,10,10,307,0,143
1497156681117,303,Search,200,,Single-Instance_HTTP_10_threads 1-9,text,true,,9206,240,10,10,303,0,146
1497156681110,310,Search,200,,Single-Instance_HTTP_10_threads 1-2,text,true,,9206,240,10,10,310,0,145
1497156681118,311,Search,200,,Single-Instance_HTTP_10_threads 1-3,text,true,,9206,240,10,10,311,0,147
1497156681118,311,Search,200,,Single-Instance_HTTP_10_threads 1-1,text,true,,9193,239,10,10,311,0,147
1497156681243,294,Search,200,,Single-Instance_HTTP_10_threads 1-10,text,true,,9206,240,10,10,294,0,143
1497156681387,156,Search,200,,Single-Instance_HTTP_10_threads 1-7,text,true,,9089,231,10,10,155,0,0
1497156681390,168,Search,200,,Single-Instance_HTTP_10_threads 1-5,text,true,,9089,231,10,10,168,0,0
1497156681398,163,Search,200,,Single-Instance_HTTP_10_threads 1-8,text,true,,9089,231,10,10,163,0,0
1497156681406,165,Search,200,,Single-Instance_HTTP_10_threads 1-4,text,true,,9206,240,10,10,165,0,0
1497156681418,175,Search,200,,Single-Instance_HTTP_10_threads 1-6,text,true,,9206,240,10,10,175,0,0
1497156681430,166,Search,200,,Single-Instance_HTTP_10_threads 1-1,text,true,,9193,239,10,10,166,0,0
1497156681430,169,Search,200,,Single-Instance_HTTP_10_threads 1-3,text,true,,9206,240,10,10,169,0,0
1497156681421,188,Search,200,,Single-Instance_HTTP_10_threads 1-9,text,true,,9206,240,10,10,184,0,0
1497156681421,188,Search,200,,Single-Instance_HTTP_10_threads 1-2,text,true,,9089,231,10,10,188,0,0
1497156681537,139,Search,200,,Single-Instance_HTTP_10_threads 1-10,text,true,,9193,239,10,10,139,0,0
1497156681543,147,Search,200,,Single-Instance_HTTP_10_threads 1-7,text,true,,9193,239,10,10,147,0,0
1497156681559,141,Search,200,,Single-Instance_HTTP_10_threads 1-5,text,true,,9206,240,10,10,141,0,0
1497156681562,161,Search,200,,Single-Instance_HTTP_10_threads 1-8,text,true,,9089,231,10,10,161,0,0
1497156681571,170,Search,200,,Single-Instance_HTTP_10_threads 1-4,text,true,,9089,231,10,10,170,0,0
1497156681593,158,Search,200,,Single-Instance_HTTP_10_threads 1-6,text,true,,9089,231,10,10,158,0,0
1497156681596,167,Search,200,,Single-Instance_HTTP_10_threads 1-1,text,true,,9193,239,10,10,164,0,0
1497156681610,175,Search,200,,Single-Instance_HTTP_10_threads 1-2,text,true,,9193,239,10,10,164,0,0
1497156681610,175,Search,200,,Single-Instance_HTTP_10_threads 1-9,text,true,,9193,239,10,10,175,0,0
1497156681599,186,Search,200,,Single-Instance_HTTP_10_threads 1-3,text,true,,9206,240,10,10,186,0,0
1497156681690,138,Search,200,,Single-Instance_HTTP_10_threads 1-7,text,true,,9206,240,10,10,138,0,0
1497156681676,155,Search,200,,Single-Instance_HTTP_10_threads 1-10,text,true,,9206,240,10,10,154,0,0
1497156681700,138,Search,200,,Single-Instance_HTTP_10_threads 1-5,text,true,,9193,239,10,10,138,0,0
1497156681723,139,Search,200,,Single-Instance_HTTP_10_threads 1-8,text,true,,9206,240,10,10,139,0,0
1497156681741,159,Search,200,,Single-Instance_HTTP_10_threads 1-4,text,true,,9206,240,10,10,159,0,0
1497156681751,176,Search,200,,Single-Instance_HTTP_10_threads 1-6,text,true,,9193,239,10,10,176,0,0
1497156681785,152,Search,200,,Single-Instance_HTTP_10_threads 1-3,text,true,,9206,240,10,10,152,0,0
1497156681785,166,Search,200,,Single-Instance_HTTP_10_threads 1-2,text,true,,9206,240,10,10,166,0,0
1497156681785,168,Search,200,,Single-Instance_HTTP_10_threads 1-9,text,true,,9089,231,10,10,168,0,0
1497156681764,190,Search,200,,Single-Instance_HTTP_10_threads 1-1,text,true,,9206,240,10,10,190,0,0
1497156681831,139,Search,200,,Single-Instance_HTTP_10_threads 1-10,text,true,,9193,239,9,9,139,0,0
1497156681828,159,Search,200,,Single-Instance_HTTP_10_threads 1-7,text,true,,9206,240,8,8,159,0,0
1497156681838,165,Search,200,,Single-Instance_HTTP_10_threads 1-5,text,true,,9206,240,7,7,165,0,0
1497156681863,144,Search,200,,Single-Instance_HTTP_10_threads 1-8,text,true,,9089,231,6,6,144,0,0
1497156681901,142,Search,200,,Single-Instance_HTTP_10_threads 1-4,text,true,,9206,240,5,5,142,0,0
1497156681928,159,Search,200,,Single-Instance_HTTP_10_threads 1-6,text,true,,9089,231,4,4,159,0,0
1497156681952,160,Search,200,,Single-Instance_HTTP_10_threads 1-2,text,true,,9206,240,3,3,160,0,0
1497156681937,183,Search,200,,Single-Instance_HTTP_10_threads 1-3,text,true,,9193,239,2,2,183,0,0
1497156681954,179,Search,200,,Single-Instance_HTTP_10_threads 1-9,text,true,,9193,239,1,1,179,0,0
