timeStamp,elapsed,label,responseCode,responseMessage,threadName,dataType,success,failureMessage,bytes,sentBytes,grpThreads,allThreads,Latency,IdleTime,Connect
1497156390745,670,Login,200,,Single-Instance_HTTP_1_thread 1-1,text,true,,9781,239,1,1,670,0,131
1497156391416,138,Search,200,,Single-Instance_HTTP_1_thread 1-1,text,true,,9206,240,1,1,137,0,0
1497156391555,141,Search,200,,Single-Instance_HTTP_1_thread 1-1,text,true,,9206,240,1,1,141,0,0
1497156391697,141,Search,200,,Single-Instance_HTTP_1_thread 1-1,text,true,,9193,239,1,1,141,0,0
1497156391839,137,Search,200,,Single-Instance_HTTP_1_thread 1-1,text,true,,9089,231,1,1,137,0,0
1497156391977,140,Search,200,,Single-Instance_HTTP_1_thread 1-1,text,true,,9193,239,1,1,137,0,0
1497156392118,139,Search,200,,Single-Instance_HTTP_1_thread 1-1,text,true,,9193,239,1,1,137,0,0
1497156392258,145,Search,200,,Single-Instance_HTTP_1_thread 1-1,text,true,,9089,231,1,1,145,0,0
1497156392404,151,Search,200,,Single-Instance_HTTP_1_thread 1-1,text,true,,9193,239,1,1,151,0,0
1497156392557,138,Search,200,,Single-Instance_HTTP_1_thread 1-1,text,true,,9193,239,1,1,137,0,0
1497156392696,140,Search,200,,Single-Instance_HTTP_1_thread 1-1,text,true,,9193,239,1,1,140,0,0
1497156392837,276,Search,200,,Single-Instance_HTTP_1_thread 1-1,text,true,,9089,231,1,1,274,0,131
1497156393114,139,Search,200,,Single-Instance_HTTP_1_thread 1-1,text,true,,9206,240,1,1,139,0,0
1497156393254,139,Search,200,,Single-Instance_HTTP_1_thread 1-1,text,true,,9193,239,1,1,139,0,0
1497156393394,146,Search,200,,Single-Instance_HTTP_1_thread 1-1,text,true,,9193,239,1,1,146,0,0
1497156393541,139,Search,200,,Single-Instance_HTTP_1_thread 1-1,text,true,,9193,239,1,1,139,0,0
1497156393681,140,Search,200,,Single-Instance_HTTP_1_thread 1-1,text,true,,9089,231,1,1,140,0,0
1497156393822,138,Search,200,,Single-Instance_HTTP_1_thread 1-1,text,true,,9089,231,1,1,138,0,0
1497156393961,144,Search,200,,Single-Instance_HTTP_1_thread 1-1,text,true,,9089,231,1,1,144,0,0
1497156394106,140,Search,200,,Single-Instance_HTTP_1_thread 1-1,text,true,,9089,231,1,1,140,0,0
1497156394247,146,Search,200,,Single-Instance_HTTP_1_thread 1-1,text,true,,9089,231,1,1,146,0,0
1497156394394,138,Search,200,,Single-Instance_HTTP_1_thread 1-1,text,true,,9089,231,1,1,138,0,0
1497156394533,139,Search,200,,Single-Instance_HTTP_1_thread 1-1,text,true,,9206,240,1,1,139,0,0
1497156394673,141,Search,200,,Single-Instance_HTTP_1_thread 1-1,text,true,,9089,231,1,1,141,0,0
1497156394815,141,Search,200,,Single-Instance_HTTP_1_thread 1-1,text,true,,9089,231,1,1,140,0,0
1497156394957,278,Search,200,,Single-Instance_HTTP_1_thread 1-1,text,true,,9193,239,1,1,278,0,137
1497156395236,137,Search,200,,Single-Instance_HTTP_1_thread 1-1,text,true,,9193,239,1,1,137,0,0
1497156395374,145,Search,200,,Single-Instance_HTTP_1_thread 1-1,text,true,,9193,239,1,1,144,0,0
1497156395519,141,Search,200,,Single-Instance_HTTP_1_thread 1-1,text,true,,9089,231,1,1,141,0,0
1497156395661,138,Search,200,,Single-Instance_HTTP_1_thread 1-1,text,true,,9089,231,1,1,138,0,0
1497156395800,138,Search,200,,Single-Instance_HTTP_1_thread 1-1,text,true,,9206,240,1,1,138,0,0
1497156395939,137,Search,200,,Single-Instance_HTTP_1_thread 1-1,text,true,,9193,239,1,1,136,0,0
1497156396076,143,Search,200,,Single-Instance_HTTP_1_thread 1-1,text,true,,9089,231,1,1,143,0,0
1497156396220,140,Search,200,,Single-Instance_HTTP_1_thread 1-1,text,true,,9193,239,1,1,140,0,0
1497156396361,155,Search,200,,Single-Instance_HTTP_1_thread 1-1,text,true,,9206,240,1,1,154,0,0
1497156396516,142,Search,200,,Single-Instance_HTTP_1_thread 1-1,text,true,,9193,239,1,1,141,0,0
1497156396658,141,Search,200,,Single-Instance_HTTP_1_thread 1-1,text,true,,9206,240,1,1,141,0,0
1497156396799,138,Search,200,,Single-Instance_HTTP_1_thread 1-1,text,true,,9193,239,1,1,138,0,0
1497156396938,139,Search,200,,Single-Instance_HTTP_1_thread 1-1,text,true,,9193,239,1,1,139,0,0
1497156397078,286,Search,200,,Single-Instance_HTTP_1_thread 1-1,text,true,,9206,240,1,1,286,0,138
1497156397365,151,Search,200,,Single-Instance_HTTP_1_thread 1-1,text,true,,9206,240,1,1,151,0,0
1497156397517,145,Search,200,,Single-Instance_HTTP_1_thread 1-1,text,true,,9089,231,1,1,145,0,0
1497156397663,144,Search,200,,Single-Instance_HTTP_1_thread 1-1,text,true,,9193,239,1,1,144,0,0
1497156397808,143,Search,200,,Single-Instance_HTTP_1_thread 1-1,text,true,,9089,231,1,1,143,0,0
1497156397952,143,Search,200,,Single-Instance_HTTP_1_thread 1-1,text,true,,9193,239,1,1,143,0,0
1497156398096,140,Search,200,,Single-Instance_HTTP_1_thread 1-1,text,true,,9089,231,1,1,140,0,0
1497156398237,142,Search,200,,Single-Instance_HTTP_1_thread 1-1,text,true,,9206,240,1,1,142,0,0
1497156398380,150,Search,200,,Single-Instance_HTTP_1_thread 1-1,text,true,,9193,239,1,1,150,0,0
1497156398531,143,Search,200,,Single-Instance_HTTP_1_thread 1-1,text,true,,9193,239,1,1,143,0,0
1497156398675,141,Search,200,,Single-Instance_HTTP_1_thread 1-1,text,true,,9193,239,1,1,141,0,0
1497156398817,138,Search,200,,Single-Instance_HTTP_1_thread 1-1,text,true,,9206,240,1,1,138,0,0
1497156398956,139,Search,200,,Single-Instance_HTTP_1_thread 1-1,text,true,,9089,231,1,1,139,0,0
1497156399096,289,Search,200,,Single-Instance_HTTP_1_thread 1-1,text,true,,9089,231,1,1,289,0,148
1497156399386,149,Search,200,,Single-Instance_HTTP_1_thread 1-1,text,true,,9206,240,1,1,149,0,0
1497156399536,148,Search,200,,Single-Instance_HTTP_1_thread 1-1,text,true,,9193,239,1,1,148,0,0
1497156399685,144,Search,200,,Single-Instance_HTTP_1_thread 1-1,text,true,,9193,239,1,1,144,0,0
1497156399830,141,Search,200,,Single-Instance_HTTP_1_thread 1-1,text,true,,9206,240,1,1,141,0,0
1497156399972,140,Search,200,,Single-Instance_HTTP_1_thread 1-1,text,true,,9206,240,1,1,140,0,0
1497156400113,150,Search,200,,Single-Instance_HTTP_1_thread 1-1,text,true,,9089,231,1,1,147,0,0
1497156400264,146,Search,200,,Single-Instance_HTTP_1_thread 1-1,text,true,,9206,240,1,1,146,0,0
1497156400411,146,Search,200,,Single-Instance_HTTP_1_thread 1-1,text,true,,9089,231,1,1,145,0,0
1497156400557,143,Search,200,,Single-Instance_HTTP_1_thread 1-1,text,true,,9206,240,1,1,142,0,0
1497156400700,145,Search,200,,Single-Instance_HTTP_1_thread 1-1,text,true,,9089,231,1,1,144,0,0
1497156400846,141,Search,200,,Single-Instance_HTTP_1_thread 1-1,text,true,,9206,240,1,1,141,0,0
1497156400988,138,Search,200,,Single-Instance_HTTP_1_thread 1-1,text,true,,9206,240,1,1,138,0,0
1497156401127,279,Search,200,,Single-Instance_HTTP_1_thread 1-1,text,true,,9206,240,1,1,279,0,133
1497156401407,138,Search,200,,Single-Instance_HTTP_1_thread 1-1,text,true,,9089,231,1,1,138,0,0
1497156401546,145,Search,200,,Single-Instance_HTTP_1_thread 1-1,text,true,,9193,239,1,1,141,0,0
1497156401692,143,Search,200,,Single-Instance_HTTP_1_thread 1-1,text,true,,9193,239,1,1,143,0,0
1497156401836,138,Search,200,,Single-Instance_HTTP_1_thread 1-1,text,true,,9089,231,1,1,138,0,0
1497156401975,151,Search,200,,Single-Instance_HTTP_1_thread 1-1,text,true,,9193,239,1,1,151,0,0
1497156402127,142,Search,200,,Single-Instance_HTTP_1_thread 1-1,text,true,,9193,239,1,1,142,0,0
1497156402270,137,Search,200,,Single-Instance_HTTP_1_thread 1-1,text,true,,9089,231,1,1,137,0,0
1497156402408,155,Search,200,,Single-Instance_HTTP_1_thread 1-1,text,true,,9089,231,1,1,155,0,0
1497156402564,175,Search,200,,Single-Instance_HTTP_1_thread 1-1,text,true,,9089,231,1,1,175,0,0
1497156402740,145,Search,200,,Single-Instance_HTTP_1_thread 1-1,text,true,,9206,240,1,1,145,0,0
1497156402886,146,Search,200,,Single-Instance_HTTP_1_thread 1-1,text,true,,9089,231,1,1,145,0,0
1497156403033,138,Search,200,,Single-Instance_HTTP_1_thread 1-1,text,true,,9089,231,1,1,138,0,0
1497156403172,286,Search,200,,Single-Instance_HTTP_1_thread 1-1,text,true,,9193,239,1,1,286,0,131
1497156403459,149,Search,200,,Single-Instance_HTTP_1_thread 1-1,text,true,,9206,240,1,1,149,0,0
1497156403609,147,Search,200,,Single-Instance_HTTP_1_thread 1-1,text,true,,9089,231,1,1,146,0,0
1497156403756,144,Search,200,,Single-Instance_HTTP_1_thread 1-1,text,true,,9206,240,1,1,143,0,0
1497156403900,139,Search,200,,Single-Instance_HTTP_1_thread 1-1,text,true,,9206,240,1,1,139,0,0
1497156404040,151,Search,200,,Single-Instance_HTTP_1_thread 1-1,text,true,,9193,239,1,1,151,0,0
1497156404192,155,Search,200,,Single-Instance_HTTP_1_thread 1-1,text,true,,9206,240,1,1,155,0,0
1497156404348,155,Search,200,,Single-Instance_HTTP_1_thread 1-1,text,true,,9193,239,1,1,154,0,0
1497156404503,155,Search,200,,Single-Instance_HTTP_1_thread 1-1,text,true,,9089,231,1,1,154,0,0
1497156404658,153,Search,200,,Single-Instance_HTTP_1_thread 1-1,text,true,,9193,239,1,1,153,0,0
1497156404812,149,Search,200,,Single-Instance_HTTP_1_thread 1-1,text,true,,9193,239,1,1,148,0,0
1497156404961,151,Search,200,,Single-Instance_HTTP_1_thread 1-1,text,true,,9206,240,1,1,151,0,0
1497156405113,145,Search,200,,Single-Instance_HTTP_1_thread 1-1,text,true,,9206,240,1,1,145,0,0
1497156405259,297,Search,200,,Single-Instance_HTTP_1_thread 1-1,text,true,,9089,231,1,1,297,0,159
1497156405557,141,Search,200,,Single-Instance_HTTP_1_thread 1-1,text,true,,9206,240,1,1,141,0,0
1497156405699,138,Search,200,,Single-Instance_HTTP_1_thread 1-1,text,true,,9206,240,1,1,138,0,0
1497156405838,137,Search,200,,Single-Instance_HTTP_1_thread 1-1,text,true,,9206,240,1,1,136,0,0
1497156405975,144,Search,200,,Single-Instance_HTTP_1_thread 1-1,text,true,,9193,239,1,1,143,0,0
1497156406119,140,Search,200,,Single-Instance_HTTP_1_thread 1-1,text,true,,9206,240,1,1,140,0,0
1497156406260,142,Search,200,,Single-Instance_HTTP_1_thread 1-1,text,true,,9206,240,1,1,142,0,0
1497156406403,142,Search,200,,Single-Instance_HTTP_1_thread 1-1,text,true,,9206,240,1,1,142,0,0
1497156406546,144,Search,200,,Single-Instance_HTTP_1_thread 1-1,text,true,,9193,239,1,1,144,0,0
1497156406691,139,Search,200,,Single-Instance_HTTP_1_thread 1-1,text,true,,9089,231,1,1,139,0,0
1497156406831,137,Search,200,,Single-Instance_HTTP_1_thread 1-1,text,true,,9089,231,1,1,137,0,0
1497156406969,141,Search,200,,Single-Instance_HTTP_1_thread 1-1,text,true,,9206,240,1,1,141,0,0
1497156407111,138,Search,200,,Single-Instance_HTTP_1_thread 1-1,text,true,,9089,231,1,1,138,0,0
1497156407250,145,Search,200,,Single-Instance_HTTP_1_thread 1-1,text,true,,9206,240,1,1,140,0,0
1497156407396,286,Search,200,,Single-Instance_HTTP_1_thread 1-1,text,true,,9193,239,1,1,285,0,138
1497156407683,146,Search,200,,Single-Instance_HTTP_1_thread 1-1,text,true,,9089,231,1,1,146,0,0
1497156407830,149,Search,200,,Single-Instance_HTTP_1_thread 1-1,text,true,,9193,239,1,1,149,0,0
1497156407980,144,Search,200,,Single-Instance_HTTP_1_thread 1-1,text,true,,9206,240,1,1,144,0,0
1497156408125,146,Search,200,,Single-Instance_HTTP_1_thread 1-1,text,true,,9089,231,1,1,146,0,0
1497156408272,143,Search,200,,Single-Instance_HTTP_1_thread 1-1,text,true,,9206,240,1,1,143,0,0
1497156408415,160,Search,200,,Single-Instance_HTTP_1_thread 1-1,text,true,,9206,240,1,1,160,0,0
1497156408576,158,Search,200,,Single-Instance_HTTP_1_thread 1-1,text,true,,9193,239,1,1,158,0,0
1497156408735,147,Search,200,,Single-Instance_HTTP_1_thread 1-1,text,true,,9193,239,1,1,147,0,0
1497156408883,153,Search,200,,Single-Instance_HTTP_1_thread 1-1,text,true,,9089,231,1,1,153,0,0
1497156409037,152,Search,200,,Single-Instance_HTTP_1_thread 1-1,text,true,,9089,231,1,1,152,0,0
1497156409190,154,Search,200,,Single-Instance_HTTP_1_thread 1-1,text,true,,9206,240,1,1,154,0,0
1497156409344,152,Search,200,,Single-Instance_HTTP_1_thread 1-1,text,true,,9206,240,1,1,152,0,0
1497156409497,277,Search,200,,Single-Instance_HTTP_1_thread 1-1,text,true,,9193,239,1,1,276,0,133
1497156409775,140,Search,200,,Single-Instance_HTTP_1_thread 1-1,text,true,,9089,231,1,1,140,0,0
1497156409916,146,Search,200,,Single-Instance_HTTP_1_thread 1-1,text,true,,9206,240,1,1,145,0,0
1497156410062,142,Search,200,,Single-Instance_HTTP_1_thread 1-1,text,true,,9206,240,1,1,142,0,0
1497156410206,140,Search,200,,Single-Instance_HTTP_1_thread 1-1,text,true,,9206,240,1,1,140,0,0
1497156410347,144,Search,200,,Single-Instance_HTTP_1_thread 1-1,text,true,,9089,231,1,1,144,0,0
1497156410492,140,Search,200,,Single-Instance_HTTP_1_thread 1-1,text,true,,9206,240,1,1,137,0,0
1497156410633,144,Search,200,,Single-Instance_HTTP_1_thread 1-1,text,true,,9193,239,1,1,144,0,0
1497156410778,138,Search,200,,Single-Instance_HTTP_1_thread 1-1,text,true,,9089,231,1,1,138,0,0
1497156410918,139,Search,200,,Single-Instance_HTTP_1_thread 1-1,text,true,,9089,231,1,1,139,0,0
1497156411058,139,Search,200,,Single-Instance_HTTP_1_thread 1-1,text,true,,9193,239,1,1,137,0,0
1497156411197,142,Search,200,,Single-Instance_HTTP_1_thread 1-1,text,true,,9193,239,1,1,142,0,0
1497156411340,138,Search,200,,Single-Instance_HTTP_1_thread 1-1,text,true,,9206,240,1,1,137,0,0
1497156411479,138,Search,200,,Single-Instance_HTTP_1_thread 1-1,text,true,,9193,239,1,1,138,0,0
1497156411618,273,Search,200,,Single-Instance_HTTP_1_thread 1-1,text,true,,9089,231,1,1,267,0,131
1497156411891,242,Search,200,,Single-Instance_HTTP_1_thread 1-1,text,true,,9193,239,1,1,242,0,0
1497156412134,261,Search,200,,Single-Instance_HTTP_1_thread 1-1,text,true,,9089,231,1,1,261,0,0
1497156412396,159,Search,200,,Single-Instance_HTTP_1_thread 1-1,text,true,,9193,239,1,1,159,0,0
1497156412556,140,Search,200,,Single-Instance_HTTP_1_thread 1-1,text,true,,9193,239,1,1,139,0,0
1497156412697,151,Search,200,,Single-Instance_HTTP_1_thread 1-1,text,true,,9206,240,1,1,151,0,0
1497156412849,138,Search,200,,Single-Instance_HTTP_1_thread 1-1,text,true,,9193,239,1,1,138,0,0
1497156412988,143,Search,200,,Single-Instance_HTTP_1_thread 1-1,text,true,,9206,240,1,1,143,0,0
1497156413132,138,Search,200,,Single-Instance_HTTP_1_thread 1-1,text,true,,9193,239,1,1,138,0,0
1497156413271,141,Search,200,,Single-Instance_HTTP_1_thread 1-1,text,true,,9193,239,1,1,141,0,0
1497156413413,138,Search,200,,Single-Instance_HTTP_1_thread 1-1,text,true,,9089,231,1,1,138,0,0
1497156413553,142,Search,200,,Single-Instance_HTTP_1_thread 1-1,text,true,,9193,239,1,1,142,0,0
1497156413696,268,Search,200,,Single-Instance_HTTP_1_thread 1-1,text,true,,9193,239,1,1,268,0,131
1497156413965,142,Search,200,,Single-Instance_HTTP_1_thread 1-1,text,true,,9089,231,1,1,141,0,0
1497156414108,143,Search,200,,Single-Instance_HTTP_1_thread 1-1,text,true,,9206,240,1,1,143,0,0
1497156414252,138,Search,200,,Single-Instance_HTTP_1_thread 1-1,text,true,,9089,231,1,1,138,0,0
1497156414391,142,Search,200,,Single-Instance_HTTP_1_thread 1-1,text,true,,9089,231,1,1,142,0,0
1497156414534,140,Search,200,,Single-Instance_HTTP_1_thread 1-1,text,true,,9089,231,1,1,140,0,0
1497156414675,139,Search,200,,Single-Instance_HTTP_1_thread 1-1,text,true,,9206,240,1,1,139,0,0
1497156414815,142,Search,200,,Single-Instance_HTTP_1_thread 1-1,text,true,,9089,231,1,1,141,0,0
1497156414958,141,Search,200,,Single-Instance_HTTP_1_thread 1-1,text,true,,9193,239,1,1,141,0,0
1497156415099,139,Search,200,,Single-Instance_HTTP_1_thread 1-1,text,true,,9206,240,1,1,139,0,0
1497156415239,146,Search,200,,Single-Instance_HTTP_1_thread 1-1,text,true,,9089,231,1,1,146,0,0
1497156415386,139,Search,200,,Single-Instance_HTTP_1_thread 1-1,text,true,,9089,231,1,1,139,0,0
1497156415526,139,Search,200,,Single-Instance_HTTP_1_thread 1-1,text,true,,9193,239,1,1,139,0,0
1497156415666,140,Search,200,,Single-Instance_HTTP_1_thread 1-1,text,true,,9206,240,1,1,140,0,0
1497156415807,304,Search,200,,Single-Instance_HTTP_1_thread 1-1,text,true,,9193,239,1,1,304,0,146
1497156416112,166,Search,200,,Single-Instance_HTTP_1_thread 1-1,text,true,,9193,239,1,1,166,0,0
1497156416279,163,Search,200,,Single-Instance_HTTP_1_thread 1-1,text,true,,9193,239,1,1,163,0,0
1497156416443,140,Search,200,,Single-Instance_HTTP_1_thread 1-1,text,true,,9193,239,1,1,139,0,0
1497156416583,142,Search,200,,Single-Instance_HTTP_1_thread 1-1,text,true,,9193,239,1,1,142,0,0
1497156416726,143,Search,200,,Single-Instance_HTTP_1_thread 1-1,text,true,,9089,231,1,1,143,0,0
1497156416870,145,Search,200,,Single-Instance_HTTP_1_thread 1-1,text,true,,9193,239,1,1,145,0,0
1497156417016,162,Search,200,,Single-Instance_HTTP_1_thread 1-1,text,true,,9089,231,1,1,159,0,0
1497156417178,145,Search,200,,Single-Instance_HTTP_1_thread 1-1,text,true,,9089,231,1,1,145,0,0
1497156417324,157,Search,200,,Single-Instance_HTTP_1_thread 1-1,text,true,,9089,231,1,1,152,0,0
1497156417482,156,Search,200,,Single-Instance_HTTP_1_thread 1-1,text,true,,9089,231,1,1,156,0,0
1497156417638,145,Search,200,,Single-Instance_HTTP_1_thread 1-1,text,true,,9206,240,1,1,145,0,0
1497156417784,141,Search,200,,Single-Instance_HTTP_1_thread 1-1,text,true,,9193,239,1,1,141,0,0
1497156417926,296,Search,200,,Single-Instance_HTTP_1_thread 1-1,text,true,,9193,239,1,1,296,0,144
1497156418223,139,Search,200,,Single-Instance_HTTP_1_thread 1-1,text,true,,9089,231,1,1,139,0,0
1497156418363,144,Search,200,,Single-Instance_HTTP_1_thread 1-1,text,true,,9193,239,1,1,144,0,0
1497156418508,142,Search,200,,Single-Instance_HTTP_1_thread 1-1,text,true,,9206,240,1,1,142,0,0
1497156418651,141,Search,200,,Single-Instance_HTTP_1_thread 1-1,text,true,,9089,231,1,1,141,0,0
1497156418793,145,Search,200,,Single-Instance_HTTP_1_thread 1-1,text,true,,9193,239,1,1,145,0,0
1497156418939,139,Search,200,,Single-Instance_HTTP_1_thread 1-1,text,true,,9089,231,1,1,139,0,0
1497156419079,147,Search,200,,Single-Instance_HTTP_1_thread 1-1,text,true,,9193,239,1,1,147,0,0
1497156419227,143,Search,200,,Single-Instance_HTTP_1_thread 1-1,text,true,,9206,240,1,1,142,0,0
1497156419370,148,Search,200,,Single-Instance_HTTP_1_thread 1-1,text,true,,9089,231,1,1,148,0,0
1497156419519,144,Search,200,,Single-Instance_HTTP_1_thread 1-1,text,true,,9193,239,1,1,144,0,0
1497156419664,143,Search,200,,Single-Instance_HTTP_1_thread 1-1,text,true,,9206,240,1,1,143,0,0
1497156419808,150,Search,200,,Single-Instance_HTTP_1_thread 1-1,text,true,,9193,239,1,1,150,0,0
1497156419959,275,Search,200,,Single-Instance_HTTP_1_thread 1-1,text,true,,9089,231,1,1,275,0,134
1497156420235,144,Search,200,,Single-Instance_HTTP_1_thread 1-1,text,true,,9089,231,1,1,144,0,0
1497156420380,148,Search,200,,Single-Instance_HTTP_1_thread 1-1,text,true,,9206,240,1,1,148,0,0
1497156420528,138,Search,200,,Single-Instance_HTTP_1_thread 1-1,text,true,,9193,239,1,1,138,0,0
1497156420667,145,Search,200,,Single-Instance_HTTP_1_thread 1-1,text,true,,9206,240,1,1,145,0,0
1497156420813,142,Search,200,,Single-Instance_HTTP_1_thread 1-1,text,true,,9193,239,1,1,142,0,0
1497156420956,138,Search,200,,Single-Instance_HTTP_1_thread 1-1,text,true,,9206,240,1,1,137,0,0
1497156421094,146,Search,200,,Single-Instance_HTTP_1_thread 1-1,text,true,,9193,239,1,1,146,0,0
1497156421241,143,Search,200,,Single-Instance_HTTP_1_thread 1-1,text,true,,9193,239,1,1,143,0,0
1497156421385,139,Search,200,,Single-Instance_HTTP_1_thread 1-1,text,true,,9206,240,1,1,139,0,0
1497156421525,145,Search,200,,Single-Instance_HTTP_1_thread 1-1,text,true,,9193,239,1,1,145,0,0
1497156421671,138,Search,200,,Single-Instance_HTTP_1_thread 1-1,text,true,,9089,231,1,1,138,0,0
1497156421810,148,Search,200,,Single-Instance_HTTP_1_thread 1-1,text,true,,9206,240,1,1,148,0,0
1497156421959,298,Search,200,,Single-Instance_HTTP_1_thread 1-1,text,true,,9193,239,1,1,297,0,140
1497156422257,158,Search,200,,Single-Instance_HTTP_1_thread 1-1,text,true,,9193,239,1,1,158,0,0
1497156422416,158,Search,200,,Single-Instance_HTTP_1_thread 1-1,text,true,,9206,240,1,1,158,0,0
1497156422575,149,Search,200,,Single-Instance_HTTP_1_thread 1-1,text,true,,9089,231,1,1,149,0,0
1497156422725,142,Search,200,,Single-Instance_HTTP_1_thread 1-1,text,true,,9206,240,1,1,142,0,0
1497156422868,142,Search,200,,Single-Instance_HTTP_1_thread 1-1,text,true,,9193,239,1,1,142,0,0
1497156423010,141,Search,200,,Single-Instance_HTTP_1_thread 1-1,text,true,,9193,239,1,1,141,0,0
1497156423152,141,Search,200,,Single-Instance_HTTP_1_thread 1-1,text,true,,9089,231,1,1,141,0,0
1497156423294,145,Search,200,,Single-Instance_HTTP_1_thread 1-1,text,true,,9089,231,1,1,145,0,0
1497156423439,147,Search,200,,Single-Instance_HTTP_1_thread 1-1,text,true,,9089,231,1,1,147,0,0
1497156423586,144,Search,200,,Single-Instance_HTTP_1_thread 1-1,text,true,,9089,231,1,1,143,0,0
1497156423731,139,Search,200,,Single-Instance_HTTP_1_thread 1-1,text,true,,9206,240,1,1,139,0,0
1497156423871,148,Search,200,,Single-Instance_HTTP_1_thread 1-1,text,true,,9089,231,1,1,147,0,0
1497156424019,274,Search,200,,Single-Instance_HTTP_1_thread 1-1,text,true,,9206,240,1,1,274,0,137
1497156424294,140,Search,200,,Single-Instance_HTTP_1_thread 1-1,text,true,,9206,240,1,1,139,0,0
1497156424435,143,Search,200,,Single-Instance_HTTP_1_thread 1-1,text,true,,9089,231,1,1,143,0,0
1497156424579,144,Search,200,,Single-Instance_HTTP_1_thread 1-1,text,true,,9089,231,1,1,143,0,0
1497156424723,141,Search,200,,Single-Instance_HTTP_1_thread 1-1,text,true,,9193,239,1,1,140,0,0
1497156424864,147,Search,200,,Single-Instance_HTTP_1_thread 1-1,text,true,,9193,239,1,1,147,0,0
1497156425011,151,Search,200,,Single-Instance_HTTP_1_thread 1-1,text,true,,9206,240,1,1,151,0,0
1497156425163,140,Search,200,,Single-Instance_HTTP_1_thread 1-1,text,true,,9193,239,1,1,140,0,0
1497156425304,140,Search,200,,Single-Instance_HTTP_1_thread 1-1,text,true,,9206,240,1,1,138,0,0
1497156425445,144,Search,200,,Single-Instance_HTTP_1_thread 1-1,text,true,,9193,239,1,1,143,0,0
1497156425589,139,Search,200,,Single-Instance_HTTP_1_thread 1-1,text,true,,9206,240,1,1,139,0,0
1497156425729,141,Search,200,,Single-Instance_HTTP_1_thread 1-1,text,true,,9206,240,1,1,141,0,0
1497156425871,142,Search,200,,Single-Instance_HTTP_1_thread 1-1,text,true,,9089,231,1,1,142,0,0
1497156426014,143,Search,200,,Single-Instance_HTTP_1_thread 1-1,text,true,,9193,239,1,1,143,0,0
1497156426158,310,Search,200,,Single-Instance_HTTP_1_thread 1-1,text,true,,9089,231,1,1,310,0,166
1497156426469,148,Search,200,,Single-Instance_HTTP_1_thread 1-1,text,true,,9089,231,1,1,148,0,0
1497156426618,137,Search,200,,Single-Instance_HTTP_1_thread 1-1,text,true,,9206,240,1,1,137,0,0
1497156426756,140,Search,200,,Single-Instance_HTTP_1_thread 1-1,text,true,,9206,240,1,1,140,0,0
1497156426897,141,Search,200,,Single-Instance_HTTP_1_thread 1-1,text,true,,9193,239,1,1,141,0,0
1497156427039,144,Search,200,,Single-Instance_HTTP_1_thread 1-1,text,true,,9193,239,1,1,144,0,0
1497156427184,138,Search,200,,Single-Instance_HTTP_1_thread 1-1,text,true,,9206,240,1,1,138,0,0
1497156427323,171,Search,200,,Single-Instance_HTTP_1_thread 1-1,text,true,,9193,239,1,1,171,0,0
1497156427494,145,Search,200,,Single-Instance_HTTP_1_thread 1-1,text,true,,9193,239,1,1,144,0,0
1497156427639,143,Search,200,,Single-Instance_HTTP_1_thread 1-1,text,true,,9206,240,1,1,143,0,0
1497156427783,148,Search,200,,Single-Instance_HTTP_1_thread 1-1,text,true,,9206,240,1,1,148,0,0
1497156427932,148,Search,200,,Single-Instance_HTTP_1_thread 1-1,text,true,,9193,239,1,1,148,0,0
1497156428081,146,Search,200,,Single-Instance_HTTP_1_thread 1-1,text,true,,9206,240,1,1,146,0,0
1497156428228,273,Search,200,,Single-Instance_HTTP_1_thread 1-1,text,true,,9206,240,1,1,273,0,135
1497156428502,139,Search,200,,Single-Instance_HTTP_1_thread 1-1,text,true,,9193,239,1,1,139,0,0
1497156428641,139,Search,200,,Single-Instance_HTTP_1_thread 1-1,text,true,,9089,231,1,1,138,0,0
1497156428780,142,Search,200,,Single-Instance_HTTP_1_thread 1-1,text,true,,9206,240,1,1,142,0,0
1497156428923,149,Search,200,,Single-Instance_HTTP_1_thread 1-1,text,true,,9206,240,1,1,149,0,0
1497156429073,142,Search,200,,Single-Instance_HTTP_1_thread 1-1,text,true,,9193,239,1,1,141,0,0
1497156429216,137,Search,200,,Single-Instance_HTTP_1_thread 1-1,text,true,,9206,240,1,1,136,0,0
1497156429353,143,Search,200,,Single-Instance_HTTP_1_thread 1-1,text,true,,9089,231,1,1,143,0,0
1497156429497,142,Search,200,,Single-Instance_HTTP_1_thread 1-1,text,true,,9089,231,1,1,142,0,0
1497156429640,139,Search,200,,Single-Instance_HTTP_1_thread 1-1,text,true,,9206,240,1,1,138,0,0
1497156429780,140,Search,200,,Single-Instance_HTTP_1_thread 1-1,text,true,,9193,239,1,1,140,0,0
1497156429921,142,Search,200,,Single-Instance_HTTP_1_thread 1-1,text,true,,9089,231,1,1,142,0,0
1497156430065,138,Search,200,,Single-Instance_HTTP_1_thread 1-1,text,true,,9089,231,1,1,138,0,0
1497156430204,138,Search,200,,Single-Instance_HTTP_1_thread 1-1,text,true,,9089,231,1,1,138,0,0
1497156430343,272,Search,200,,Single-Instance_HTTP_1_thread 1-1,text,true,,9206,240,1,1,272,0,130
1497156430616,138,Search,200,,Single-Instance_HTTP_1_thread 1-1,text,true,,9089,231,1,1,138,0,0
1497156430755,143,Search,200,,Single-Instance_HTTP_1_thread 1-1,text,true,,9089,231,1,1,143,0,0
1497156430899,141,Search,200,,Single-Instance_HTTP_1_thread 1-1,text,true,,9193,239,1,1,140,0,0
1497156431040,158,Search,200,,Single-Instance_HTTP_1_thread 1-1,text,true,,9193,239,1,1,158,0,0
1497156431199,142,Search,200,,Single-Instance_HTTP_1_thread 1-1,text,true,,9089,231,1,1,142,0,0
1497156431342,140,Search,200,,Single-Instance_HTTP_1_thread 1-1,text,true,,9206,240,1,1,140,0,0
1497156431483,140,Search,200,,Single-Instance_HTTP_1_thread 1-1,text,true,,9089,231,1,1,140,0,0
1497156431624,147,Search,200,,Single-Instance_HTTP_1_thread 1-1,text,true,,9193,239,1,1,147,0,0
1497156431772,141,Search,200,,Single-Instance_HTTP_1_thread 1-1,text,true,,9089,231,1,1,141,0,0
1497156431913,139,Search,200,,Single-Instance_HTTP_1_thread 1-1,text,true,,9193,239,1,1,139,0,0
1497156432053,137,Search,200,,Single-Instance_HTTP_1_thread 1-1,text,true,,9089,231,1,1,137,0,0
1497156432190,145,Search,200,,Single-Instance_HTTP_1_thread 1-1,text,true,,9206,240,1,1,145,0,0
1497156432336,140,Search,200,,Single-Instance_HTTP_1_thread 1-1,text,true,,9206,240,1,1,140,0,0
1497156432476,288,Search,200,,Single-Instance_HTTP_1_thread 1-1,text,true,,9206,240,1,1,288,0,141
1497156432765,150,Search,200,,Single-Instance_HTTP_1_thread 1-1,text,true,,9193,239,1,1,150,0,0
1497156432916,149,Search,200,,Single-Instance_HTTP_1_thread 1-1,text,true,,9089,231,1,1,149,0,0
1497156433066,146,Search,200,,Single-Instance_HTTP_1_thread 1-1,text,true,,9206,240,1,1,146,0,0
1497156433213,145,Search,200,,Single-Instance_HTTP_1_thread 1-1,text,true,,9193,239,1,1,145,0,0
1497156433359,142,Search,200,,Single-Instance_HTTP_1_thread 1-1,text,true,,9193,239,1,1,141,0,0
1497156433502,147,Search,200,,Single-Instance_HTTP_1_thread 1-1,text,true,,9193,239,1,1,147,0,0
1497156433650,147,Search,200,,Single-Instance_HTTP_1_thread 1-1,text,true,,9206,240,1,1,146,0,0
1497156433797,148,Search,200,,Single-Instance_HTTP_1_thread 1-1,text,true,,9193,239,1,1,147,0,0
1497156433945,146,Search,200,,Single-Instance_HTTP_1_thread 1-1,text,true,,9206,240,1,1,146,0,0
1497156434091,141,Search,200,,Single-Instance_HTTP_1_thread 1-1,text,true,,9089,231,1,1,141,0,0
1497156434233,138,Search,200,,Single-Instance_HTTP_1_thread 1-1,text,true,,9089,231,1,1,137,0,0
1497156434371,137,Search,200,,Single-Instance_HTTP_1_thread 1-1,text,true,,9193,239,1,1,137,0,0
1497156434508,272,Search,200,,Single-Instance_HTTP_1_thread 1-1,text,true,,9206,240,1,1,272,0,132
1497156434780,137,Search,200,,Single-Instance_HTTP_1_thread 1-1,text,true,,9089,231,1,1,137,0,0
1497156434918,139,Search,200,,Single-Instance_HTTP_1_thread 1-1,text,true,,9089,231,1,1,139,0,0
1497156435058,141,Search,200,,Single-Instance_HTTP_1_thread 1-1,text,true,,9206,240,1,1,141,0,0
1497156435200,137,Search,200,,Single-Instance_HTTP_1_thread 1-1,text,true,,9206,240,1,1,137,0,0
1497156435337,143,Search,200,,Single-Instance_HTTP_1_thread 1-1,text,true,,9206,240,1,1,143,0,0
1497156435480,137,Search,200,,Single-Instance_HTTP_1_thread 1-1,text,true,,9089,231,1,1,137,0,0
1497156435618,180,Search,200,,Single-Instance_HTTP_1_thread 1-1,text,true,,9193,239,1,1,180,0,0
1497156435798,145,Search,200,,Single-Instance_HTTP_1_thread 1-1,text,true,,9206,240,1,1,145,0,0
1497156435943,174,Search,200,,Single-Instance_HTTP_1_thread 1-1,text,true,,9089,231,1,1,174,0,0
1497156436117,141,Search,200,,Single-Instance_HTTP_1_thread 1-1,text,true,,9193,239,1,1,141,0,0
1497156436258,142,Search,200,,Single-Instance_HTTP_1_thread 1-1,text,true,,9193,239,1,1,142,0,0
1497156436401,137,Search,200,,Single-Instance_HTTP_1_thread 1-1,text,true,,9089,231,1,1,137,0,0
1497156436538,273,Search,200,,Single-Instance_HTTP_1_thread 1-1,text,true,,9206,240,1,1,273,0,136
1497156436812,143,Search,200,,Single-Instance_HTTP_1_thread 1-1,text,true,,9089,231,1,1,143,0,0
1497156436956,136,Search,200,,Single-Instance_HTTP_1_thread 1-1,text,true,,9089,231,1,1,136,0,0
1497156437093,144,Search,200,,Single-Instance_HTTP_1_thread 1-1,text,true,,9089,231,1,1,144,0,0
1497156437238,142,Search,200,,Single-Instance_HTTP_1_thread 1-1,text,true,,9089,231,1,1,141,0,0
1497156437380,141,Search,200,,Single-Instance_HTTP_1_thread 1-1,text,true,,9206,240,1,1,139,0,0
1497156437522,136,Search,200,,Single-Instance_HTTP_1_thread 1-1,text,true,,9206,240,1,1,136,0,0
1497156437659,149,Search,200,,Single-Instance_HTTP_1_thread 1-1,text,true,,9193,239,1,1,149,0,0
1497156437808,139,Search,200,,Single-Instance_HTTP_1_thread 1-1,text,true,,9206,240,1,1,139,0,0
1497156437947,145,Search,200,,Single-Instance_HTTP_1_thread 1-1,text,true,,9193,239,1,1,145,0,0
1497156438092,138,Search,200,,Single-Instance_HTTP_1_thread 1-1,text,true,,9089,231,1,1,138,0,0
1497156438230,143,Search,200,,Single-Instance_HTTP_1_thread 1-1,text,true,,9089,231,1,1,142,0,0
1497156438373,139,Search,200,,Single-Instance_HTTP_1_thread 1-1,text,true,,9193,239,1,1,139,0,0
1497156438513,150,Search,200,,Single-Instance_HTTP_1_thread 1-1,text,true,,9193,239,1,1,150,0,0
1497156438664,275,Search,200,,Single-Instance_HTTP_1_thread 1-1,text,true,,9193,239,1,1,275,0,134
1497156438939,149,Search,200,,Single-Instance_HTTP_1_thread 1-1,text,true,,9206,240,1,1,149,0,0
1497156439088,140,Search,200,,Single-Instance_HTTP_1_thread 1-1,text,true,,9206,240,1,1,140,0,0
1497156439228,138,Search,200,,Single-Instance_HTTP_1_thread 1-1,text,true,,9193,239,1,1,138,0,0
1497156439367,147,Search,200,,Single-Instance_HTTP_1_thread 1-1,text,true,,9193,239,1,1,141,0,0
1497156439514,144,Search,200,,Single-Instance_HTTP_1_thread 1-1,text,true,,9193,239,1,1,144,0,0
1497156439658,138,Search,200,,Single-Instance_HTTP_1_thread 1-1,text,true,,9089,231,1,1,138,0,0
1497156439796,137,Search,200,,Single-Instance_HTTP_1_thread 1-1,text,true,,9193,239,1,1,137,0,0
1497156439934,148,Search,200,,Single-Instance_HTTP_1_thread 1-1,text,true,,9193,239,1,1,145,0,0
1497156440083,141,Search,200,,Single-Instance_HTTP_1_thread 1-1,text,true,,9089,231,1,1,141,0,0
1497156440224,149,Search,200,,Single-Instance_HTTP_1_thread 1-1,text,true,,9193,239,1,1,149,0,0
1497156440373,141,Search,200,,Single-Instance_HTTP_1_thread 1-1,text,true,,9193,239,1,1,141,0,0
1497156440515,135,Search,200,,Single-Instance_HTTP_1_thread 1-1,text,true,,9206,240,1,1,135,0,0
1497156440651,148,Search,200,,Single-Instance_HTTP_1_thread 1-1,text,true,,9206,240,1,1,148,0,0
1497156440800,270,Search,200,,Single-Instance_HTTP_1_thread 1-1,text,true,,9193,239,1,1,270,0,132
1497156441071,146,Search,200,,Single-Instance_HTTP_1_thread 1-1,text,true,,9089,231,1,1,144,0,0
1497156441217,146,Search,200,,Single-Instance_HTTP_1_thread 1-1,text,true,,9089,231,1,1,146,0,0
1497156441363,138,Search,200,,Single-Instance_HTTP_1_thread 1-1,text,true,,9089,231,1,1,138,0,0
1497156441502,156,Search,200,,Single-Instance_HTTP_1_thread 1-1,text,true,,9089,231,1,1,156,0,0
1497156441659,144,Search,200,,Single-Instance_HTTP_1_thread 1-1,text,true,,9089,231,1,1,144,0,0
1497156441803,139,Search,200,,Single-Instance_HTTP_1_thread 1-1,text,true,,9193,239,1,1,139,0,0
1497156441942,142,Search,200,,Single-Instance_HTTP_1_thread 1-1,text,true,,9193,239,1,1,142,0,0
1497156442084,148,Search,200,,Single-Instance_HTTP_1_thread 1-1,text,true,,9193,239,1,1,148,0,0
1497156442232,137,Search,200,,Single-Instance_HTTP_1_thread 1-1,text,true,,9089,231,1,1,137,0,0
1497156442370,142,Search,200,,Single-Instance_HTTP_1_thread 1-1,text,true,,9089,231,1,1,142,0,0
1497156442512,140,Search,200,,Single-Instance_HTTP_1_thread 1-1,text,true,,9089,231,1,1,140,0,0
1497156442652,149,Search,200,,Single-Instance_HTTP_1_thread 1-1,text,true,,9193,239,1,1,148,0,0
1497156442801,272,Search,200,,Single-Instance_HTTP_1_thread 1-1,text,true,,9206,240,1,1,272,0,132
1497156443074,136,Search,200,,Single-Instance_HTTP_1_thread 1-1,text,true,,9089,231,1,1,136,0,0
1497156443211,137,Search,200,,Single-Instance_HTTP_1_thread 1-1,text,true,,9206,240,1,1,137,0,0
1497156443348,145,Search,200,,Single-Instance_HTTP_1_thread 1-1,text,true,,9206,240,1,1,145,0,0
1497156443493,145,Search,200,,Single-Instance_HTTP_1_thread 1-1,text,true,,9089,231,1,1,145,0,0
1497156443638,151,Search,200,,Single-Instance_HTTP_1_thread 1-1,text,true,,9206,240,1,1,151,0,0
1497156443790,142,Search,200,,Single-Instance_HTTP_1_thread 1-1,text,true,,9089,231,1,1,142,0,0
1497156443933,146,Search,200,,Single-Instance_HTTP_1_thread 1-1,text,true,,9206,240,1,1,146,0,0
1497156444080,138,Search,200,,Single-Instance_HTTP_1_thread 1-1,text,true,,9089,231,1,1,138,0,0
1497156444219,144,Search,200,,Single-Instance_HTTP_1_thread 1-1,text,true,,9206,240,1,1,144,0,0
1497156444363,143,Search,200,,Single-Instance_HTTP_1_thread 1-1,text,true,,9089,231,1,1,143,0,0
1497156444507,170,Search,200,,Single-Instance_HTTP_1_thread 1-1,text,true,,9089,231,1,1,169,0,0
1497156444678,138,Search,200,,Single-Instance_HTTP_1_thread 1-1,text,true,,9193,239,1,1,138,0,0
1497156444817,284,Search,200,,Single-Instance_HTTP_1_thread 1-1,text,true,,9089,231,1,1,284,0,140
1497156445103,139,Search,200,,Single-Instance_HTTP_1_thread 1-1,text,true,,9206,240,1,1,138,0,0
1497156445243,148,Search,200,,Single-Instance_HTTP_1_thread 1-1,text,true,,9206,240,1,1,147,0,0
1497156445392,140,Search,200,,Single-Instance_HTTP_1_thread 1-1,text,true,,9089,231,1,1,140,0,0
1497156445533,158,Search,200,,Single-Instance_HTTP_1_thread 1-1,text,true,,9089,231,1,1,158,0,0
1497156445692,146,Search,200,,Single-Instance_HTTP_1_thread 1-1,text,true,,9089,231,1,1,146,0,0
1497156445839,142,Search,200,,Single-Instance_HTTP_1_thread 1-1,text,true,,9089,231,1,1,142,0,0
1497156445982,146,Search,200,,Single-Instance_HTTP_1_thread 1-1,text,true,,9193,239,1,1,146,0,0
1497156446129,147,Search,200,,Single-Instance_HTTP_1_thread 1-1,text,true,,9193,239,1,1,147,0,0
1497156446277,141,Search,200,,Single-Instance_HTTP_1_thread 1-1,text,true,,9206,240,1,1,141,0,0
1497156446419,139,Search,200,,Single-Instance_HTTP_1_thread 1-1,text,true,,9193,239,1,1,139,0,0
1497156446559,142,Search,200,,Single-Instance_HTTP_1_thread 1-1,text,true,,9206,240,1,1,142,0,0
1497156446702,145,Search,200,,Single-Instance_HTTP_1_thread 1-1,text,true,,9193,239,1,1,145,0,0
1497156446848,284,Search,200,,Single-Instance_HTTP_1_thread 1-1,text,true,,9206,240,1,1,283,0,136
1497156447132,191,Search,200,,Single-Instance_HTTP_1_thread 1-1,text,true,,9193,239,1,1,191,0,0
1497156447324,197,Search,200,,Single-Instance_HTTP_1_thread 1-1,text,true,,9089,231,1,1,196,0,0
1497156447522,156,Search,200,,Single-Instance_HTTP_1_thread 1-1,text,true,,9089,231,1,1,156,0,0
1497156447679,150,Search,200,,Single-Instance_HTTP_1_thread 1-1,text,true,,9193,239,1,1,149,0,0
1497156447829,161,Search,200,,Single-Instance_HTTP_1_thread 1-1,text,true,,9206,240,1,1,161,0,0
1497156447990,157,Search,200,,Single-Instance_HTTP_1_thread 1-1,text,true,,9089,231,1,1,156,0,0
1497156448147,144,Search,200,,Single-Instance_HTTP_1_thread 1-1,text,true,,9193,239,1,1,144,0,0
1497156448292,148,Search,200,,Single-Instance_HTTP_1_thread 1-1,text,true,,9193,239,1,1,148,0,0
1497156448441,158,Search,200,,Single-Instance_HTTP_1_thread 1-1,text,true,,9206,240,1,1,149,0,0
1497156448600,140,Search,200,,Single-Instance_HTTP_1_thread 1-1,text,true,,9206,240,1,1,140,0,0
1497156448740,140,Search,200,,Single-Instance_HTTP_1_thread 1-1,text,true,,9193,239,1,1,139,0,0
1497156448880,286,Search,200,,Single-Instance_HTTP_1_thread 1-1,text,true,,9206,240,1,1,284,0,136
1497156449167,148,Search,200,,Single-Instance_HTTP_1_thread 1-1,text,true,,9206,240,1,1,148,0,0
1497156449316,148,Search,200,,Single-Instance_HTTP_1_thread 1-1,text,true,,9089,231,1,1,148,0,0
1497156449465,143,Search,200,,Single-Instance_HTTP_1_thread 1-1,text,true,,9089,231,1,1,143,0,0
1497156449608,151,Search,200,,Single-Instance_HTTP_1_thread 1-1,text,true,,9206,240,1,1,151,0,0
1497156449760,157,Search,200,,Single-Instance_HTTP_1_thread 1-1,text,true,,9089,231,1,1,157,0,0
1497156449918,149,Search,200,,Single-Instance_HTTP_1_thread 1-1,text,true,,9193,239,1,1,149,0,0
1497156450067,145,Search,200,,Single-Instance_HTTP_1_thread 1-1,text,true,,9193,239,1,1,145,0,0
1497156450213,144,Search,200,,Single-Instance_HTTP_1_thread 1-1,text,true,,9193,239,1,1,144,0,0
1497156450358,145,Search,200,,Single-Instance_HTTP_1_thread 1-1,text,true,,9206,240,1,1,140,0,0
1497156450504,141,Search,200,,Single-Instance_HTTP_1_thread 1-1,text,true,,9206,240,1,1,141,0,0
1497156450646,140,Search,200,,Single-Instance_HTTP_1_thread 1-1,text,true,,9193,239,1,1,140,0,0
1497156450787,142,Search,200,,Single-Instance_HTTP_1_thread 1-1,text,true,,9206,240,1,1,142,0,0
1497156450930,276,Search,200,,Single-Instance_HTTP_1_thread 1-1,text,true,,9193,239,1,1,276,0,132
1497156451207,143,Search,200,,Single-Instance_HTTP_1_thread 1-1,text,true,,9193,239,1,1,143,0,0
1497156451351,150,Search,200,,Single-Instance_HTTP_1_thread 1-1,text,true,,9206,240,1,1,150,0,0
1497156451502,141,Search,200,,Single-Instance_HTTP_1_thread 1-1,text,true,,9206,240,1,1,141,0,0
1497156451643,145,Search,200,,Single-Instance_HTTP_1_thread 1-1,text,true,,9206,240,1,1,145,0,0
1497156451789,145,Search,200,,Single-Instance_HTTP_1_thread 1-1,text,true,,9089,231,1,1,145,0,0
1497156451935,151,Search,200,,Single-Instance_HTTP_1_thread 1-1,text,true,,9089,231,1,1,151,0,0
1497156452087,145,Search,200,,Single-Instance_HTTP_1_thread 1-1,text,true,,9193,239,1,1,145,0,0
1497156452233,144,Search,200,,Single-Instance_HTTP_1_thread 1-1,text,true,,9206,240,1,1,144,0,0
1497156452378,143,Search,200,,Single-Instance_HTTP_1_thread 1-1,text,true,,9193,239,1,1,143,0,0
1497156452521,144,Search,200,,Single-Instance_HTTP_1_thread 1-1,text,true,,9206,240,1,1,144,0,0
1497156452666,145,Search,200,,Single-Instance_HTTP_1_thread 1-1,text,true,,9206,240,1,1,145,0,0
1497156452812,145,Search,200,,Single-Instance_HTTP_1_thread 1-1,text,true,,9206,240,1,1,145,0,0
1497156452958,285,Search,200,,Single-Instance_HTTP_1_thread 1-1,text,true,,9193,239,1,1,285,0,134
1497156453245,142,Search,200,,Single-Instance_HTTP_1_thread 1-1,text,true,,9193,239,1,1,142,0,0
1497156453388,145,Search,200,,Single-Instance_HTTP_1_thread 1-1,text,true,,9206,240,1,1,145,0,0
1497156453534,143,Search,200,,Single-Instance_HTTP_1_thread 1-1,text,true,,9089,231,1,1,143,0,0
1497156453678,140,Search,200,,Single-Instance_HTTP_1_thread 1-1,text,true,,9206,240,1,1,139,0,0
1497156453818,145,Search,200,,Single-Instance_HTTP_1_thread 1-1,text,true,,9206,240,1,1,145,0,0
1497156453964,139,Search,200,,Single-Instance_HTTP_1_thread 1-1,text,true,,9206,240,1,1,139,0,0
1497156454104,146,Search,200,,Single-Instance_HTTP_1_thread 1-1,text,true,,9193,239,1,1,146,0,0
1497156454251,139,Search,200,,Single-Instance_HTTP_1_thread 1-1,text,true,,9089,231,1,1,139,0,0
1497156454391,140,Search,200,,Single-Instance_HTTP_1_thread 1-1,text,true,,9089,231,1,1,139,0,0
1497156454532,141,Search,200,,Single-Instance_HTTP_1_thread 1-1,text,true,,9193,239,1,1,141,0,0
1497156454674,141,Search,200,,Single-Instance_HTTP_1_thread 1-1,text,true,,9206,240,1,1,141,0,0
1497156454816,137,Search,200,,Single-Instance_HTTP_1_thread 1-1,text,true,,9206,240,1,1,137,0,0
1497156454954,139,Search,200,,Single-Instance_HTTP_1_thread 1-1,text,true,,9089,231,1,1,139,0,0
1497156455092,286,Search,200,,Single-Instance_HTTP_1_thread 1-1,text,true,,9206,240,1,1,286,0,141
1497156455378,144,Search,200,,Single-Instance_HTTP_1_thread 1-1,text,true,,9206,240,1,1,144,0,0
1497156455523,145,Search,200,,Single-Instance_HTTP_1_thread 1-1,text,true,,9089,231,1,1,145,0,0
1497156455669,145,Search,200,,Single-Instance_HTTP_1_thread 1-1,text,true,,9206,240,1,1,145,0,0
1497156455814,142,Search,200,,Single-Instance_HTTP_1_thread 1-1,text,true,,9193,239,1,1,142,0,0
1497156455956,147,Search,200,,Single-Instance_HTTP_1_thread 1-1,text,true,,9089,231,1,1,147,0,0
1497156456104,143,Search,200,,Single-Instance_HTTP_1_thread 1-1,text,true,,9206,240,1,1,143,0,0
1497156456248,137,Search,200,,Single-Instance_HTTP_1_thread 1-1,text,true,,9206,240,1,1,137,0,0
1497156456386,144,Search,200,,Single-Instance_HTTP_1_thread 1-1,text,true,,9206,240,1,1,144,0,0
1497156456530,142,Search,200,,Single-Instance_HTTP_1_thread 1-1,text,true,,9206,240,1,1,142,0,0
1497156456673,140,Search,200,,Single-Instance_HTTP_1_thread 1-1,text,true,,9089,231,1,1,140,0,0
1497156456814,147,Search,200,,Single-Instance_HTTP_1_thread 1-1,text,true,,9193,239,1,1,147,0,0
1497156456961,142,Search,200,,Single-Instance_HTTP_1_thread 1-1,text,true,,9193,239,1,1,141,0,0
1497156457103,275,Search,200,,Single-Instance_HTTP_1_thread 1-1,text,true,,9089,231,1,1,275,0,135
1497156457379,142,Search,200,,Single-Instance_HTTP_1_thread 1-1,text,true,,9089,231,1,1,142,0,0
1497156457522,146,Search,200,,Single-Instance_HTTP_1_thread 1-1,text,true,,9089,231,1,1,146,0,0
1497156457668,146,Search,200,,Single-Instance_HTTP_1_thread 1-1,text,true,,9193,239,1,1,146,0,0
1497156457815,140,Search,200,,Single-Instance_HTTP_1_thread 1-1,text,true,,9089,231,1,1,139,0,0
1497156457956,138,Search,200,,Single-Instance_HTTP_1_thread 1-1,text,true,,9193,239,1,1,138,0,0
1497156458095,144,Search,200,,Single-Instance_HTTP_1_thread 1-1,text,true,,9193,239,1,1,143,0,0
1497156458239,140,Search,200,,Single-Instance_HTTP_1_thread 1-1,text,true,,9206,240,1,1,140,0,0
1497156458380,137,Search,200,,Single-Instance_HTTP_1_thread 1-1,text,true,,9193,239,1,1,137,0,0
1497156458518,136,Search,200,,Single-Instance_HTTP_1_thread 1-1,text,true,,9193,239,1,1,136,0,0
1497156458654,137,Search,200,,Single-Instance_HTTP_1_thread 1-1,text,true,,9193,239,1,1,137,0,0
1497156458792,141,Search,200,,Single-Instance_HTTP_1_thread 1-1,text,true,,9193,239,1,1,141,0,0
1497156458934,141,Search,200,,Single-Instance_HTTP_1_thread 1-1,text,true,,9089,231,1,1,141,0,0
1497156459075,146,Search,200,,Single-Instance_HTTP_1_thread 1-1,text,true,,9193,239,1,1,146,0,0
1497156459222,288,Search,200,,Single-Instance_HTTP_1_thread 1-1,text,true,,9206,240,1,1,288,0,140
1497156459511,161,Search,200,,Single-Instance_HTTP_1_thread 1-1,text,true,,9206,240,1,1,160,0,0
1497156459673,148,Search,200,,Single-Instance_HTTP_1_thread 1-1,text,true,,9193,239,1,1,148,0,0
1497156459822,159,Search,200,,Single-Instance_HTTP_1_thread 1-1,text,true,,9193,239,1,1,159,0,0
1497156459982,158,Search,200,,Single-Instance_HTTP_1_thread 1-1,text,true,,9206,240,1,1,158,0,0
1497156460140,162,Search,200,,Single-Instance_HTTP_1_thread 1-1,text,true,,9193,239,1,1,162,0,0
1497156460303,148,Search,200,,Single-Instance_HTTP_1_thread 1-1,text,true,,9193,239,1,1,148,0,0
1497156460452,144,Search,200,,Single-Instance_HTTP_1_thread 1-1,text,true,,9206,240,1,1,144,0,0
1497156460596,144,Search,200,,Single-Instance_HTTP_1_thread 1-1,text,true,,9193,239,1,1,144,0,0
1497156460740,149,Search,200,,Single-Instance_HTTP_1_thread 1-1,text,true,,9193,239,1,1,149,0,0
1497156460889,144,Search,200,,Single-Instance_HTTP_1_thread 1-1,text,true,,9206,240,1,1,144,0,0
1497156461034,144,Search,200,,Single-Instance_HTTP_1_thread 1-1,text,true,,9089,231,1,1,143,0,0
1497156461179,161,Search,200,,Single-Instance_HTTP_1_thread 1-1,text,true,,9193,239,1,1,161,0,0
1497156461341,276,Search,200,,Single-Instance_HTTP_1_thread 1-1,text,true,,9206,240,1,1,275,0,132
1497156461617,141,Search,200,,Single-Instance_HTTP_1_thread 1-1,text,true,,9089,231,1,1,140,0,0
1497156461758,144,Search,200,,Single-Instance_HTTP_1_thread 1-1,text,true,,9089,231,1,1,144,0,0
1497156461903,141,Search,200,,Single-Instance_HTTP_1_thread 1-1,text,true,,9206,240,1,1,141,0,0
1497156462045,146,Search,200,,Single-Instance_HTTP_1_thread 1-1,text,true,,9206,240,1,1,146,0,0
1497156462192,143,Search,200,,Single-Instance_HTTP_1_thread 1-1,text,true,,9206,240,1,1,143,0,0
1497156462336,151,Search,200,,Single-Instance_HTTP_1_thread 1-1,text,true,,9089,231,1,1,151,0,0
1497156462488,138,Search,200,,Single-Instance_HTTP_1_thread 1-1,text,true,,9193,239,1,1,138,0,0
1497156462627,139,Search,200,,Single-Instance_HTTP_1_thread 1-1,text,true,,9206,240,1,1,139,0,0
1497156462767,149,Search,200,,Single-Instance_HTTP_1_thread 1-1,text,true,,9193,239,1,1,145,0,0
1497156462917,140,Search,200,,Single-Instance_HTTP_1_thread 1-1,text,true,,9206,240,1,1,140,0,0
1497156463057,139,Search,200,,Single-Instance_HTTP_1_thread 1-1,text,true,,9206,240,1,1,139,0,0
1497156463197,154,Search,200,,Single-Instance_HTTP_1_thread 1-1,text,true,,9089,231,1,1,154,0,0
1497156463352,297,Search,200,,Single-Instance_HTTP_1_thread 1-1,text,true,,9089,231,1,1,297,0,151
1497156463650,144,Search,200,,Single-Instance_HTTP_1_thread 1-1,text,true,,9089,231,1,1,144,0,0
1497156463795,147,Search,200,,Single-Instance_HTTP_1_thread 1-1,text,true,,9206,240,1,1,147,0,0
1497156463943,150,Search,200,,Single-Instance_HTTP_1_thread 1-1,text,true,,9206,240,1,1,150,0,0
1497156464094,169,Search,200,,Single-Instance_HTTP_1_thread 1-1,text,true,,9206,240,1,1,169,0,0
1497156464263,150,Search,200,,Single-Instance_HTTP_1_thread 1-1,text,true,,9089,231,1,1,147,0,0
1497156464414,153,Search,200,,Single-Instance_HTTP_1_thread 1-1,text,true,,9206,240,1,1,153,0,0
1497156464568,141,Search,200,,Single-Instance_HTTP_1_thread 1-1,text,true,,9193,239,1,1,141,0,0
1497156464710,141,Search,200,,Single-Instance_HTTP_1_thread 1-1,text,true,,9193,239,1,1,141,0,0
1497156464852,144,Search,200,,Single-Instance_HTTP_1_thread 1-1,text,true,,9193,239,1,1,143,0,0
1497156464996,154,Search,200,,Single-Instance_HTTP_1_thread 1-1,text,true,,9206,240,1,1,154,0,0
1497156465152,155,Search,200,,Single-Instance_HTTP_1_thread 1-1,text,true,,9089,231,1,1,153,0,0
1497156465307,150,Search,200,,Single-Instance_HTTP_1_thread 1-1,text,true,,9089,231,1,1,150,0,0
1497156465458,302,Search,200,,Single-Instance_HTTP_1_thread 1-1,text,true,,9089,231,1,1,301,0,136
1497156465760,158,Search,200,,Single-Instance_HTTP_1_thread 1-1,text,true,,9193,239,1,1,158,0,0
1497156465919,157,Search,200,,Single-Instance_HTTP_1_thread 1-1,text,true,,9206,240,1,1,157,0,0
1497156466077,149,Search,200,,Single-Instance_HTTP_1_thread 1-1,text,true,,9193,239,1,1,149,0,0
1497156466227,144,Search,200,,Single-Instance_HTTP_1_thread 1-1,text,true,,9193,239,1,1,144,0,0
1497156466372,146,Search,200,,Single-Instance_HTTP_1_thread 1-1,text,true,,9206,240,1,1,146,0,0
1497156466519,137,Search,200,,Single-Instance_HTTP_1_thread 1-1,text,true,,9206,240,1,1,137,0,0
1497156466657,143,Search,200,,Single-Instance_HTTP_1_thread 1-1,text,true,,9193,239,1,1,142,0,0
1497156466800,147,Search,200,,Single-Instance_HTTP_1_thread 1-1,text,true,,9206,240,1,1,146,0,0
1497156466948,143,Search,200,,Single-Instance_HTTP_1_thread 1-1,text,true,,9206,240,1,1,142,0,0
1497156467092,147,Search,200,,Single-Instance_HTTP_1_thread 1-1,text,true,,9193,239,1,1,147,0,0
1497156467240,138,Search,200,,Single-Instance_HTTP_1_thread 1-1,text,true,,9206,240,1,1,138,0,0
1497156467378,145,Search,200,,Single-Instance_HTTP_1_thread 1-1,text,true,,9206,240,1,1,145,0,0
1497156467523,272,Search,200,,Single-Instance_HTTP_1_thread 1-1,text,true,,9089,231,1,1,272,0,135
1497156467796,147,Search,200,,Single-Instance_HTTP_1_thread 1-1,text,true,,9206,240,1,1,145,0,0
1497156467944,154,Search,200,,Single-Instance_HTTP_1_thread 1-1,text,true,,9206,240,1,1,154,0,0
1497156468099,144,Search,200,,Single-Instance_HTTP_1_thread 1-1,text,true,,9193,239,1,1,144,0,0
1497156468243,139,Search,200,,Single-Instance_HTTP_1_thread 1-1,text,true,,9206,240,1,1,139,0,0
1497156468383,206,Search,200,,Single-Instance_HTTP_1_thread 1-1,text,true,,9089,231,1,1,206,0,0
1497156468589,155,Search,200,,Single-Instance_HTTP_1_thread 1-1,text,true,,9206,240,1,1,155,0,0
1497156468744,143,Search,200,,Single-Instance_HTTP_1_thread 1-1,text,true,,9089,231,1,1,143,0,0
1497156468888,140,Search,200,,Single-Instance_HTTP_1_thread 1-1,text,true,,9193,239,1,1,140,0,0
1497156469029,141,Search,200,,Single-Instance_HTTP_1_thread 1-1,text,true,,9206,240,1,1,141,0,0
1497156469171,144,Search,200,,Single-Instance_HTTP_1_thread 1-1,text,true,,9193,239,1,1,144,0,0
